sequence,key_resp_4.keys,key_resp_4.rt,VegResp.keys,VegResp.rt,ConfirmResp.keys,ConfirmResp.rt,VegQuestionLoop.thisRepN,VegQuestionLoop.thisTrialN,VegQuestionLoop.thisN,VegQuestionLoop.thisIndex,VegQuestionLoop.ran,VegQuestionLoop.order,participant,date,expName,psychopyVersion,OS,frameRate,Decision.keys,Decision.rt,trials.thisRepN,trials.thisTrialN,trials.thisN,trials.thisIndex,trials.ran,trials.order,s11,s12,s13,s14,s15,s16,s17,s18,s21,s22,s23,s24,s25,s26,s27,s28,IngsInRow,IngIn1,IngIn2,Iter.thisRepN,Iter.thisTrialN,Iter.thisN,Iter.thisIndex,Iter.ran,Iter.order,key_resp_2.keys,key_resp_2.rt,slider.response,slider.rt,key_resp_3.keys,key_resp_3.rt,RatingLoop.thisRepN,RatingLoop.thisTrialN,RatingLoop.thisN,RatingLoop.thisIndex,RatingLoop.ran,RatingLoop.order,ingredientforslider,key_resp.keys,key_resp.rt
"[0,0,1,1,1,0,0,1,1,0,1,1,1,1,1,0,0,1,1,1,1,0,1,1,1,0,0,1,0,0,1,1,0,1,0,1,0,0,1,0,0,0,0,0,0,1,1,0,0,0,0,1,1,1,0,1,1,1,1,0,0,1,1,0,1,0,1,0,0,0,1,0,0,0,0,1,0,1,1,0]",space,1.757999897,n,3.638000011,p,2.868999958,100,0,100,0,1,99,39937,2020-03-11_13h03.51.631,SandwichStudy,3.2.4,MacIntel,60,,,,,,,,,,,,,,,,,,,,,,,,,,,,,,,,,,,,,,,,,,,,,,,,
,,,,,,,,,,,,,39937,2020-03-11_13h03.51.631,SandwichStudy,3.2.4,MacIntel,60,"[""l""]",[2.6500000953674316],1,0,80,32,1,79,Turkey,Ham,Bacon,Provolone cheese,Lettuce,Tomatoes,Ranch dressing,,Chicken,Cheddar cheese,Bacon,Avocado,Ranch dressing,,,,7,7,5,1000,0,1000,0,1,999,,,,,,,,,,,,,,,
,,,,,,,,,,,,,39937,2020-03-11_13h03.51.631,SandwichStudy,3.2.4,MacIntel,60,"[""a""]",[3.8970000743865967],1,0,80,78,1,79,Chicken,American cheese,Lettuce,Tomatoes,Mayonnaise,,,,Pastrami,Cheddar cheese,Mustard,Pickles,,,,,5,5,4,1000,0,1000,0,1,999,,,,,,,,,,,,,,,
,,,,,,,,,,,,,39937,2020-03-11_13h03.51.631,SandwichStudy,3.2.4,MacIntel,60,"[""a""]",[1.5239999294281006],1,0,80,29,1,79,Turkey,Garlic aioli,Bacon,Spinach,,,,,Chicken,Mayonnaise,Cheddar cheese,,,,,,4,4,3,1000,0,1000,0,1,999,,,,,,,,,,,,,,,
,,,,,,,,,,,,,39937,2020-03-11_13h03.51.631,SandwichStudy,3.2.4,MacIntel,60,"[""a""]",[1.3880000114440918],1,0,80,79,1,79,Salami,Roast beef,Turkey,Ham,Swiss cheese,Lettuce,Tomatoes,Mayonnaise,Turkey,Cheddar cheese,Mayonnaise,,,,,,8,8,3,1000,0,1000,0,1,999,,,,,,,,,,,,,,,
,,,,,,,,,,,,,39937,2020-03-11_13h03.51.631,SandwichStudy,3.2.4,MacIntel,60,"[""a""]",[1.0049998760223389],1,0,80,75,1,79,Ham,Swiss cheese,Mustard,,,,,,Ham,Swiss cheese,Mayonnaise,Mustard,Tomatoes,,,,5,3,5,1000,0,1000,0,1,999,,,,,,,,,,,,,,,
,,,,,,,,,,,,,39937,2020-03-11_13h03.51.631,SandwichStudy,3.2.4,MacIntel,60,"[""a""]",[0.45800018310546875],1,0,80,24,1,79,Steak,Onions,Bell peppers,Provolone cheese,,,,,Tuna,Lettuce,Tomatoes,Mayonnaise,,,,,4,4,4,1000,0,1000,0,1,999,,,,,,,,,,,,,,,
,,,,,,,,,,,,,39937,2020-03-11_13h03.51.631,SandwichStudy,3.2.4,MacIntel,60,"[""a""]",[1.1470000743865967],1,0,80,52,1,79,Cheddar cheese,Avocado,Onions,Tomatoes,Mayonnaise,,,,Bacon,Ham,Turkey,Mayonnaise,Cheddar cheese,Tomatoes,Spinach,Swiss cheese,8,5,8,1000,0,1000,0,1,999,,,,,,,,,,,,,,,
,,,,,,,,,,,,,39937,2020-03-11_13h03.51.631,SandwichStudy,3.2.4,MacIntel,60,"[""l""]",[0.8420000076293945],1,0,80,8,1,79,Chicken,Ham,Swiss cheese,Mayonnaise,,,,,Pepperoni,Meatballs,Marinara sauce,Provolone cheese,Mushrooms,,,,5,4,5,1000,0,1000,0,1,999,,,,,,,,,,,,,,,
,,,,,,,,,,,,,39937,2020-03-11_13h03.51.631,SandwichStudy,3.2.4,MacIntel,60,"[""a""]",[0.7860000133514404],1,0,80,19,1,79,Bacon,Ham,Turkey,Mayonnaise,Cheddar cheese,Tomatoes,Spinach,Swiss cheese,Turkey,Salami,Cheddar cheese,Mayonnaise,,,,,8,8,4,1000,0,1000,0,1,999,,,,,,,,,,,,,,,
,,,,,,,,,,,,,39937,2020-03-11_13h03.51.631,SandwichStudy,3.2.4,MacIntel,60,"[""a""]",[1.9700000286102295],1,0,80,49,1,79,Spinach,Tomatoes,Cucumbers,Onions,Bell peppers,Avocado,Mayonnaise,,Turkey,Provolone cheese,Spinach,Garlic aioli,,,,,7,7,4,1000,0,1000,0,1,999,,,,,,,,,,,,,,,
,,,,,,,,,,,,,39937,2020-03-11_13h03.51.631,SandwichStudy,3.2.4,MacIntel,60,"[""a""]",[1.0369999408721924],1,0,80,69,1,79,Chicken,Garlic aioli,Pickles,Cucumbers,Jalapenos,Basil,,,Chicken,Bacon,Cheddar cheese,Swiss cheese,Spinach,Tomatoes,Mayonnaise,Mustard,8,6,8,1000,0,1000,0,1,999,,,,,,,,,,,,,,,
,,,,,,,,,,,,,39937,2020-03-11_13h03.51.631,SandwichStudy,3.2.4,MacIntel,60,"[""l""]",[1.2120001316070557],1,0,80,12,1,79,Turkey,Cheddar cheese,Mayonnaise,,,,,,Ham,Pork,Swiss cheese,Mustard,Pickles,,,,5,3,5,1000,0,1000,0,1,999,,,,,,,,,,,,,,,
,,,,,,,,,,,,,39937,2020-03-11_13h03.51.631,SandwichStudy,3.2.4,MacIntel,60,"[""a""]",[0.1419999599456787],1,0,80,41,1,79,Bacon,Provolone cheese,Mushrooms,Parmesan cheese,,,,,Turkey,Bacon,Jalapenos,Lettuce,Avocado,Garlic aioli,Tomatoes,,7,4,7,1000,0,1000,0,1,999,,,,,,,,,,,,,,,
,,,,,,,,,,,,,39937,2020-03-11_13h03.51.631,SandwichStudy,3.2.4,MacIntel,60,"[""a""]",[0.7339999675750732],1,0,80,0,1,79,Onions,Bell peppers,Mushrooms,Jalapenos,American cheese,Steak,,,Bacon,Provolone cheese,Mushrooms,Parmesan cheese,,,,,6,6,4,1000,0,1000,0,1,999,,,,,,,,,,,,,,,
,,,,,,,,,,,,,39937,2020-03-11_13h03.51.631,SandwichStudy,3.2.4,MacIntel,60,"[""l""]",[0.4029998779296875],1,0,80,6,1,79,Chicken,Cheddar cheese,Lettuce,Garlic aioli,Swiss cheese,Tomatoes,,,Cheddar cheese,Provolone cheese,Swiss cheese,Mushrooms,Mayonnaise,Lettuce,Tomatoes,,7,6,7,1000,0,1000,0,1,999,,,,,,,,,,,,,,,
,,,,,,,,,,,,,39937,2020-03-11_13h03.51.631,SandwichStudy,3.2.4,MacIntel,60,"[""l""]",[0.009999990463256836],1,0,80,11,1,79,Pork,Ham,Swiss cheese,Pickles,Mustard,,,,Chicken,Bacon,Mustard,,,,,,5,5,3,1000,0,1000,0,1,999,,,,,,,,,,,,,,,
,,,,,,,,,,,,,39937,2020-03-11_13h03.51.631,SandwichStudy,3.2.4,MacIntel,60,"[""a""]",[0.2050001621246338],1,0,80,44,1,79,Chicken,Gouda cheese,Avocado,Basil,Bell peppers,Mayonnaise,,,Turkey,Gouda cheese,Avocado,Garlic aioli,Jalapenos,Tomatoes,Lettuce,,7,6,7,1000,0,1000,0,1,999,,,,,,,,,,,,,,,
,,,,,,,,,,,,,39937,2020-03-11_13h03.51.631,SandwichStudy,3.2.4,MacIntel,60,"[""l""]",[0.8869998455047607],1,0,80,13,1,79,Chicken,Garlic aioli,Pickles,Cucumbers,Jalapenos,Basil,,,Roast beef,Bacon,Turkey,Mayonnaise,,,,,6,6,4,1000,0,1000,0,1,999,,,,,,,,,,,,,,,
,,,,,,,,,,,,,39937,2020-03-11_13h03.51.631,SandwichStudy,3.2.4,MacIntel,60,"[""a""]",[0.3860001564025879],1,0,80,60,1,79,Chicken,Swiss cheese,Lettuce,Tomatoes,Onions,,,,Chicken,Cheddar cheese,Lettuce,Garlic aioli,Swiss cheese,Tomatoes,,,6,5,6,1000,0,1000,0,1,999,,,,,,,,,,,,,,,
,,,,,,,,,,,,,39937,2020-03-11_13h03.51.631,SandwichStudy,3.2.4,MacIntel,60,"[""a""]",[0.6449999809265137],1,0,80,17,1,79,Salami,Roast beef,Turkey,Ham,Swiss cheese,Lettuce,Tomatoes,Mayonnaise,Chicken,Gouda cheese,Avocado,Basil,Bell peppers,Mayonnaise,,,8,8,6,1000,0,1000,0,1,999,,,,,,,,,,,,,,,
,,,,,,,,,,,,,39937,2020-03-11_13h03.51.631,SandwichStudy,3.2.4,MacIntel,60,"[""a""]",[0.5190000534057617],1,0,80,71,1,79,Bacon,Ham,Turkey,Mayonnaise,Mustard,Cheddar cheese,Tomatoes,Spinach,Bacon,Lettuce,Tomatoes,Garlic aioli,Avocado,,,,8,8,5,1000,0,1000,0,1,999,,,,,,,,,,,,,,,
,,,,,,,,,,,,,39937,2020-03-11_13h03.51.631,SandwichStudy,3.2.4,MacIntel,60,"[""a""]",[0.3039999008178711],1,0,80,3,1,79,Chicken,American cheese,Coleslaw,Tomatoes,Pickles,Mayonnaise,,,Swiss cheese,Provolone cheese,Bell peppers,Tomatoes,Onions,,,,6,6,5,1000,0,1000,0,1,999,,,,,,,,,,,,,,,
,,,,,,,,,,,,,39937,2020-03-11_13h03.51.631,SandwichStudy,3.2.4,MacIntel,60,"[""l""]",[0.30099987983703613],1,0,80,54,1,79,Chicken,Bell peppers,Bacon,Provolone cheese,Ranch dressing,Lettuce,Tomatoes,,Turkey,Bacon,Pepper jack cheese,Avocado,Ranch dressing,Spinach,Tomatoes,,7,7,7,1000,0,1000,0,1,999,,,,,,,,,,,,,,,
,,,,,,,,,,,,,39937,2020-03-11_13h03.51.631,SandwichStudy,3.2.4,MacIntel,60,"[""l""]",[0.8680000305175781],1,0,80,10,1,79,Turkey,Cheddar cheese,Coleslaw,Spinach,Mustard,,,,Salami,Provolone cheese,Lettuce,Tomatoes,Mayonnaise,Mustard,,,6,5,6,1000,0,1000,0,1,999,,,,,,,,,,,,,,,
,,,,,,,,,,,,,39937,2020-03-11_13h03.51.631,SandwichStudy,3.2.4,MacIntel,60,"[""a""]",[0.020000219345092773],1,0,80,26,1,79,Turkey,Avocado,Mayonnaise,,,,,,Chicken,Mozzarella cheese,Tomatoes,Onions,Basil,Mayonnaise,,,6,3,6,1000,0,1000,0,1,999,,,,,,,,,,,,,,,
,,,,,,,,,,,,,39937,2020-03-11_13h03.51.631,SandwichStudy,3.2.4,MacIntel,60,"[""l""]",[0.8229999542236328],1,0,80,68,1,79,Tomatoes,Mozzarella cheese,Spinach,Pesto,,,,,Steak,Bacon,American cheese,Tomatoes,Onions,Pickles,,,6,4,6,1000,0,1000,0,1,999,,,,,,,,,,,,,,,
,,,,,,,,,,,,,39937,2020-03-11_13h03.51.631,SandwichStudy,3.2.4,MacIntel,60,"[""a""]",[0.28600001335144043],1,0,80,34,1,79,Avocado,Onions,Cucumbers,,,,,,Tuna,Basil,Cheddar cheese,Garlic aioli,Pickles,Onions,Tomatoes,Spinach,8,3,8,1000,0,1000,0,1,999,,,,,,,,,,,,,,,
,,,,,,,,,,,,,39937,2020-03-11_13h03.51.631,SandwichStudy,3.2.4,MacIntel,60,"[""a""]",[0.1419999599456787],1,0,80,43,1,79,Meatballs,Provolone cheese,Onions,Marinara sauce,,,,,Chicken,Mozzarella cheese,Tomatoes,Pesto,Spinach,,,,5,4,5,1000,0,1000,0,1,999,,,,,,,,,,,,,,,
,,,,,,,,,,,,,39937,2020-03-11_13h03.51.631,SandwichStudy,3.2.4,MacIntel,60,"[""a""]",[0.2220001220703125],1,0,80,72,1,79,Chicken,Mozzarella cheese,Tomatoes,Onions,Basil,Mayonnaise,,,Chicken,American cheese,Coleslaw,Tomatoes,Pickles,Mayonnaise,,,6,6,6,1000,0,1000,0,1,999,,,,,,,,,,,,,,,
,,,,,,,,,,,,,39937,2020-03-11_13h03.51.631,SandwichStudy,3.2.4,MacIntel,60,"[""a""]",[0.12599992752075195],1,0,80,73,1,79,Turkey,Avocado,Bacon,Garlic aioli,Tomatoes,Spinach,Onions,,Tuna,Lettuce,Tomatoes,Mayonnaise,,,,,7,7,4,1000,0,1000,0,1,999,,,,,,,,,,,,,,,
,,,,,,,,,,,,,39937,2020-03-11_13h03.51.631,SandwichStudy,3.2.4,MacIntel,60,"[""l""]",[0.06999993324279785],1,0,80,21,1,79,Chicken,Ham,Cheddar cheese,Mayonnaise,,,,,Turkey,Bacon,Avocado,Provolone cheese,Lettuce,Tomatoes,Onions,Ranch dressing,8,4,8,1000,0,1000,0,1,999,,,,,,,,,,,,,,,
,,,,,,,,,,,,,39937,2020-03-11_13h03.51.631,SandwichStudy,3.2.4,MacIntel,60,"[""l""]",[0.09299993515014648],1,0,80,14,1,79,Steak,Bacon,American cheese,Tomatoes,Onions,Pickles,,,Bell peppers,Provolone cheese,Cucumbers,Spinach,Tomatoes,Onions,Hummus,,7,6,7,1000,0,1000,0,1,999,,,,,,,,,,,,,,,
,,,,,,,,,,,,,39937,2020-03-11_13h03.51.631,SandwichStudy,3.2.4,MacIntel,60,"[""l""]",[0.8970000743865967],1,0,80,64,1,79,Tuna,Basil,Cheddar cheese,Garlic aioli,Pickles,Onions,Tomatoes,Spinach,Turkey,Ham,Bacon,Provolone cheese,Lettuce,Tomatoes,Ranch dressing,,8,8,7,1000,0,1000,0,1,999,,,,,,,,,,,,,,,
,,,,,,,,,,,,,39937,2020-03-11_13h03.51.631,SandwichStudy,3.2.4,MacIntel,60,"[""l""]",[0.23799991607666016],1,0,80,53,1,79,Turkey,Avocado,Mayonnaise,,,,,,Ham,Pork,Swiss cheese,Mustard,Pickles,,,,5,3,5,1000,0,1000,0,1,999,,,,,,,,,,,,,,,
,,,,,,,,,,,,,39937,2020-03-11_13h03.51.631,SandwichStudy,3.2.4,MacIntel,60,"[""l""]",[1.0939998626708984],1,0,80,55,1,79,Roast beef,Turkey,Pastrami,Mayonnaise,Provolone cheese,,,,Ham,Swiss cheese,Spinach,Mustard,,,,,5,5,4,1000,0,1000,0,1,999,,,,,,,,,,,,,,,
,,,,,,,,,,,,,39937,2020-03-11_13h03.51.631,SandwichStudy,3.2.4,MacIntel,60,"[""a""]",[0.8529999256134033],1,0,80,31,1,79,Spinach,Tomatoes,Cucumbers,Onions,Bell peppers,Avocado,Mayonnaise,,Turkey,Ham,Bacon,Swiss cheese,Lettuce,Tomatoes,Onions,,7,7,7,1000,0,1000,0,1,999,,,,,,,,,,,,,,,
,,,,,,,,,,,,,39937,2020-03-11_13h03.51.631,SandwichStudy,3.2.4,MacIntel,60,"[""a""]",[2.1029999256134033],1,0,80,58,1,79,Chicken,Mayonnaise,Cheddar cheese,,,,,,Steak,Onions,Bell peppers,Provolone cheese,,,,,4,3,4,1000,0,1000,0,1,999,,,,,,,,,,,,,,,
,,,,,,,,,,,,,39937,2020-03-11_13h03.51.631,SandwichStudy,3.2.4,MacIntel,60,"[""l""]",[0.24399995803833008],1,0,80,56,1,79,Turkey,Salami,Cheddar cheese,Mayonnaise,,,,,Turkey,Bacon,Avocado,Provolone cheese,Lettuce,Tomatoes,Onions,Ranch dressing,8,4,8,1000,0,1000,0,1,999,,,,,,,,,,,,,,,
,,,,,,,,,,,,,39937,2020-03-11_13h03.51.631,SandwichStudy,3.2.4,MacIntel,60,"[""l""]",[1.4549999237060547],1,0,80,62,1,79,Cheddar cheese,Provolone cheese,Swiss cheese,Mushrooms,Mayonnaise,Lettuce,Tomatoes,,Bacon,Turkey,Pepper jack cheese,Mustard,,,,,7,7,4,1000,0,1000,0,1,999,,,,,,,,,,,,,,,
,,,,,,,,,,,,,39937,2020-03-11_13h03.51.631,SandwichStudy,3.2.4,MacIntel,60,"[""l""]",[0.9500000476837158],1,0,80,38,1,79,Steak,Turkey,Ham,Cheddar cheese,Olives,Lettuce,Tomatoes,Onions,Chicken,Swiss cheese,Lettuce,Tomatoes,Onions,,,,8,8,5,1000,0,1000,0,1,999,,,,,,,,,,,,,,,
,,,,,,,,,,,,,39937,2020-03-11_13h03.51.631,SandwichStudy,3.2.4,MacIntel,60,"[""l""]",[1.3010001182556152],1,0,80,27,1,79,Mushrooms,Swiss cheese,Provolone cheese,Cheddar cheese,Lettuce,Tomatoes,,,Avocado,Spinach,Tomatoes,Swiss cheese,,,,,6,6,4,1000,0,1000,0,1,999,,,,,,,,,,,,,,,
,,,,,,,,,,,,,39937,2020-03-11_13h03.51.631,SandwichStudy,3.2.4,MacIntel,60,"[""l""]",[0.752000093460083],1,0,80,70,1,79,Pastrami,Swiss cheese,Coleslaw,,,,,,Chicken,Cheddar cheese,Bacon,Avocado,Ranch dressing,,,,5,3,5,1000,0,1000,0,1,999,,,,,,,,,,,,,,,
,,,,,,,,,,,,,39937,2020-03-11_13h03.51.631,SandwichStudy,3.2.4,MacIntel,60,"[""a""]",[0.7079999446868896],1,0,80,36,1,79,Chicken,Bell peppers,Bacon,Provolone cheese,Ranch dressing,Lettuce,Tomatoes,,Pastrami,Cheddar cheese,Mustard,Pickles,,,,,7,7,4,1000,0,1000,0,1,999,,,,,,,,,,,,,,,
,,,,,,,,,,,,,39937,2020-03-11_13h03.51.631,SandwichStudy,3.2.4,MacIntel,60,"[""l""]",[0.0559999942779541],1,0,80,15,1,79,Pork,Cucumbers,Pickles,Jalapenos,Basil,Mayonnaise,,,Roast beef,Pastrami,Swiss cheese,Mustard,,,,,6,6,4,1000,0,1000,0,1,999,,,,,,,,,,,,,,,
,,,,,,,,,,,,,39937,2020-03-11_13h03.51.631,SandwichStudy,3.2.4,MacIntel,60,"[""l""]",[0.26799988746643066],1,0,80,22,1,79,Bacon,Lettuce,Tomatoes,Garlic aioli,Avocado,,,,Ham,Swiss cheese,Spinach,Mustard,,,,,5,5,4,1000,0,1000,0,1,999,,,,,,,,,,,,,,,
,,,,,,,,,,,,,39937,2020-03-11_13h03.51.631,SandwichStudy,3.2.4,MacIntel,60,"[""l""]",[0.004000186920166016],1,0,80,16,1,79,Chicken,American cheese,Lettuce,Tomatoes,Mayonnaise,,,,Cheddar cheese,Avocado,Onions,Tomatoes,Mayonnaise,,,,5,5,5,1000,0,1000,0,1,999,,,,,,,,,,,,,,,
,,,,,,,,,,,,,39937,2020-03-11_13h03.51.631,SandwichStudy,3.2.4,MacIntel,60,"[""l""]",[0.0009999275207519531],1,0,80,51,1,79,Turkey,Provolone cheese,Pesto,Bell peppers,,,,,Swiss cheese,Provolone cheese,Bell peppers,Tomatoes,Onions,,,,5,4,5,1000,0,1000,0,1,999,,,,,,,,,,,,,,,
,,,,,,,,,,,,,39937,2020-03-11_13h03.51.631,SandwichStudy,3.2.4,MacIntel,60,"[""l""]",[0.7940001487731934],1,0,80,46,1,79,Turkey,Ham,Bacon,Swiss cheese,Lettuce,Tomatoes,Onions,,Chicken,Pickles,Basil,Tomatoes,Cucumbers,,,,7,7,5,1000,0,1000,0,1,999,,,,,,,,,,,,,,,
,,,,,,,,,,,,,39937,2020-03-11_13h03.51.631,SandwichStudy,3.2.4,MacIntel,60,"[""l""]",[1.1019999980926514],1,0,80,18,1,79,Turkey,Bacon,Pepper jack cheese,Avocado,Ranch dressing,Spinach,Tomatoes,,Chicken,Bacon,Cheddar cheese,Swiss cheese,Spinach,Tomatoes,Mayonnaise,Mustard,8,7,8,1000,0,1000,0,1,999,,,,,,,,,,,,,,,
,,,,,,,,,,,,,39937,2020-03-11_13h03.51.631,SandwichStudy,3.2.4,MacIntel,60,"[""a""]",[0.0009999275207519531],1,0,80,42,1,79,Chicken,Bacon,Feta cheese,Bell peppers,Basil,Garlic aioli,,,Turkey,Ham,Cheddar cheese,Mayonnaise,,,,,6,6,4,1000,0,1000,0,1,999,,,,,,,,,,,,,,,
,,,,,,,,,,,,,39937,2020-03-11_13h03.51.631,SandwichStudy,3.2.4,MacIntel,60,"[""l""]",[0.750999927520752],1,0,80,63,1,79,Onions,Bell peppers,Mushrooms,Jalapenos,American cheese,Steak,,,Turkey,Ham,Roast beef,Provolone cheese,Spinach,Tomatoes,Mayonnaise,Mustard,8,6,8,1000,0,1000,0,1,999,,,,,,,,,,,,,,,
,,,,,,,,,,,,,39937,2020-03-11_13h03.51.631,SandwichStudy,3.2.4,MacIntel,60,"[""a""]",[0.026999950408935547],1,0,80,50,1,79,Mozzarella cheese,Bell peppers,Pesto,Spinach,,,,,Chicken,Ham,Swiss cheese,Mayonnaise,,,,,4,4,4,1000,0,1000,0,1,999,,,,,,,,,,,,,,,
,,,,,,,,,,,,,39937,2020-03-11_13h03.51.631,SandwichStudy,3.2.4,MacIntel,60,"[""l""]",[0.012000083923339844],1,0,80,47,1,79,Chicken,Cheddar cheese,Mayonnaise,,,,,,Turkey,Cheddar cheese,Coleslaw,Spinach,Mustard,,,,5,3,5,1000,0,1000,0,1,999,,,,,,,,,,,,,,,
,,,,,,,,,,,,,39937,2020-03-11_13h03.51.631,SandwichStudy,3.2.4,MacIntel,60,"[""a""]",[0.7979998588562012],1,0,80,9,1,79,Bacon,Turkey,Pepper jack cheese,Mustard,,,,,Bacon,Spinach,Tomatoes,Avocado,Mayonnaise,,,,5,4,5,1000,0,1000,0,1,999,,,,,,,,,,,,,,,
,,,,,,,,,,,,,39937,2020-03-11_13h03.51.631,SandwichStudy,3.2.4,MacIntel,60,"[""a""]",[0.8700001239776611],1,0,80,5,1,79,Chicken,Cheddar cheese,Mayonnaise,,,,,,Turkey,Provolone cheese,Pesto,Bell peppers,,,,,4,3,4,1000,0,1000,0,1,999,,,,,,,,,,,,,,,
,,,,,,,,,,,,,39937,2020-03-11_13h03.51.631,SandwichStudy,3.2.4,MacIntel,60,"[""l""]",[0.7569999694824219],1,0,80,28,1,79,Chicken,Mozzarella cheese,Tomatoes,Pesto,Spinach,,,,Roast beef,Turkey,Pastrami,Mayonnaise,Provolone cheese,,,,5,5,5,1000,0,1000,0,1,999,,,,,,,,,,,,,,,
,,,,,,,,,,,,,39937,2020-03-11_13h03.51.631,SandwichStudy,3.2.4,MacIntel,60,"[""a""]",[0.7389998435974121],1,0,80,2,1,79,Turkey,Provolone cheese,Spinach,Garlic aioli,,,,,Chicken,Pickles,Basil,Tomatoes,Cucumbers,,,,5,4,5,1000,0,1000,0,1,999,,,,,,,,,,,,,,,
,,,,,,,,,,,,,39937,2020-03-11_13h03.51.631,SandwichStudy,3.2.4,MacIntel,60,"[""l""]",[0.753000020980835],1,0,80,67,1,79,Avocado,Onions,Cucumbers,,,,,,Meatballs,Provolone cheese,Marinara sauce,Parmesan cheese,,,,,4,3,4,1000,0,1000,0,1,999,,,,,,,,,,,,,,,
,,,,,,,,,,,,,39937,2020-03-11_13h03.51.631,SandwichStudy,3.2.4,MacIntel,60,"[""l""]",[0.7219998836517334],1,0,80,59,1,79,Chicken,Ham,Cheddar cheese,Mayonnaise,,,,,Turkey,Garlic aioli,Bacon,Spinach,,,,,4,4,4,1000,0,1000,0,1,999,,,,,,,,,,,,,,,
,,,,,,,,,,,,,39937,2020-03-11_13h03.51.631,SandwichStudy,3.2.4,MacIntel,60,"[""a""]",[0.8469998836517334],1,0,80,7,1,79,Mozzarella cheese,Bell peppers,Pesto,Spinach,,,,,Ham,Lettuce,Tomatoes,Mayonnaise,Mustard,,,,5,4,5,1000,0,1000,0,1,999,,,,,,,,,,,,,,,
,,,,,,,,,,,,,39937,2020-03-11_13h03.51.631,SandwichStudy,3.2.4,MacIntel,60,"[""l""]",[0.935999870300293],1,0,80,65,1,79,Chicken,Pepper jack cheese,Ranch dressing,,,,,,Salami,Provolone cheese,Lettuce,Tomatoes,Mayonnaise,Mustard,,,6,3,6,1000,0,1000,0,1,999,,,,,,,,,,,,,,,
,,,,,,,,,,,,,39937,2020-03-11_13h03.51.631,SandwichStudy,3.2.4,MacIntel,60,"[""a""]",[0.9620001316070557],1,0,80,76,1,79,Bacon,Lettuce,Tomatoes,Ranch dressing,,,,,Chicken,Bacon,Mustard,,,,,,4,4,3,1000,0,1000,0,1,999,,,,,,,,,,,,,,,
,,,,,,,,,,,,,39937,2020-03-11_13h03.51.631,SandwichStudy,3.2.4,MacIntel,60,"[""a""]",[0.21900010108947754],1,0,80,45,1,79,Bell peppers,Provolone cheese,Cucumbers,Spinach,Tomatoes,Onions,Hummus,,Roast beef,Bacon,Turkey,Mayonnaise,,,,,7,7,4,1000,0,1000,0,1,999,,,,,,,,,,,,,,,
,,,,,,,,,,,,,39937,2020-03-11_13h03.51.631,SandwichStudy,3.2.4,MacIntel,60,"[""a""]",[0.6800000667572021],1,0,80,48,1,79,Chicken,Provolone cheese,Pesto,,,,,,Ham,Lettuce,Tomatoes,Mayonnaise,Mustard,,,,5,3,5,1000,0,1000,0,1,999,,,,,,,,,,,,,,,
,,,,,,,,,,,,,39937,2020-03-11_13h03.51.631,SandwichStudy,3.2.4,MacIntel,60,"[""l""]",[0.6659998893737793],1,0,80,39,1,79,Chicken,Provolone cheese,Pesto,,,,,,Turkey,Bacon,Jalapenos,Lettuce,Avocado,Garlic aioli,Tomatoes,,7,3,7,1000,0,1000,0,1,999,,,,,,,,,,,,,,,
,,,,,,,,,,,,,39937,2020-03-11_13h03.51.631,SandwichStudy,3.2.4,MacIntel,60,"[""l""]",[0.03500008583068848],1,0,80,40,1,79,Pork,Ham,Swiss cheese,Pickles,Mustard,,,,Steak,Turkey,Ham,Cheddar cheese,Olives,Lettuce,Tomatoes,Onions,8,5,8,1000,0,1000,0,1,999,,,,,,,,,,,,,,,
,,,,,,,,,,,,,39937,2020-03-11_13h03.51.631,SandwichStudy,3.2.4,MacIntel,60,"[""a""]",[0.6579999923706055],1,0,80,4,1,79,Provolone cheese,Swiss cheese,Cheddar cheese,Parmesan cheese,Tomatoes,,,,Chicken,Lettuce,Tomatoes,Mayonnaise,,,,,5,5,4,1000,0,1000,0,1,999,,,,,,,,,,,,,,,
,,,,,,,,,,,,,39937,2020-03-11_13h03.51.631,SandwichStudy,3.2.4,MacIntel,60,"[""l""]",[0.5039999485015869],1,0,80,57,1,79,Avocado,Spinach,Tomatoes,Swiss cheese,,,,,Chicken,Ham,Swiss cheese,Mayonnaise,Mustard,,,,5,4,5,1000,0,1000,0,1,999,,,,,,,,,,,,,,,
,,,,,,,,,,,,,39937,2020-03-11_13h03.51.631,SandwichStudy,3.2.4,MacIntel,60,"[""l""]",[0.437999963760376],1,0,80,35,1,79,Bacon,Lettuce,Tomatoes,Ranch dressing,,,,,Turkey,Gouda cheese,Avocado,Garlic aioli,Jalapenos,Tomatoes,Lettuce,,7,4,7,1000,0,1000,0,1,999,,,,,,,,,,,,,,,
,,,,,,,,,,,,,39937,2020-03-11_13h03.51.631,SandwichStudy,3.2.4,MacIntel,60,"[""l""]",[0.03600001335144043],1,0,80,61,1,79,Pork,Cucumbers,Pickles,Jalapenos,Basil,Mayonnaise,,,Turkey,Cheddar cheese,Bacon,,,,,,6,6,3,1000,0,1000,0,1,999,,,,,,,,,,,,,,,
,,,,,,,,,,,,,39937,2020-03-11_13h03.51.631,SandwichStudy,3.2.4,MacIntel,60,"[""a""]",[0.6370000839233398],1,0,80,25,1,79,Meatballs,Provolone cheese,Onions,Marinara sauce,,,,,Chicken,Pepper jack cheese,Ranch dressing,,,,,,4,4,3,1000,0,1000,0,1,999,,,,,,,,,,,,,,,
,,,,,,,,,,,,,39937,2020-03-11_13h03.51.631,SandwichStudy,3.2.4,MacIntel,60,"[""l""]",[0.01699995994567871],1,0,80,74,1,79,Mushrooms,Swiss cheese,Provolone cheese,Cheddar cheese,Lettuce,Tomatoes,,,Roast beef,Pastrami,Swiss cheese,Mustard,,,,,6,6,4,1000,0,1000,0,1,999,,,,,,,,,,,,,,,
,,,,,,,,,,,,,39937,2020-03-11_13h03.51.631,SandwichStudy,3.2.4,MacIntel,60,"[""l""]",[0.3920001983642578],1,0,80,23,1,79,Meatballs,Provolone cheese,Marinara sauce,Parmesan cheese,,,,,Turkey,Cheddar cheese,Bacon,,,,,,4,4,3,1000,0,1000,0,1,999,,,,,,,,,,,,,,,
,,,,,,,,,,,,,39937,2020-03-11_13h03.51.631,SandwichStudy,3.2.4,MacIntel,60,"[""a""]",[0.7070000171661377],1,0,80,77,1,79,Chicken,Lettuce,Tomatoes,Mayonnaise,,,,,Pepperoni,Meatballs,Marinara sauce,Provolone cheese,Mushrooms,,,,5,4,5,1000,0,1000,0,1,999,,,,,,,,,,,,,,,
,,,,,,,,,,,,,39937,2020-03-11_13h03.51.631,SandwichStudy,3.2.4,MacIntel,60,"[""a""]",[1.0099999904632568],1,0,80,30,1,79,Turkey,Ham,Roast beef,Provolone cheese,Spinach,Tomatoes,Mayonnaise,Mustard,Ham,Swiss cheese,Mayonnaise,Mustard,Tomatoes,,,,8,8,5,1000,0,1000,0,1,999,,,,,,,,,,,,,,,
,,,,,,,,,,,,,39937,2020-03-11_13h03.51.631,SandwichStudy,3.2.4,MacIntel,60,"[""a""]",[0.09900021553039551],1,0,80,1,1,79,Tomatoes,Mozzarella cheese,Spinach,Pesto,,,,,Ham,Swiss cheese,Mustard,,,,,,4,4,3,1000,0,1000,0,1,999,,,,,,,,,,,,,,,
,,,,,,,,,,,,,39937,2020-03-11_13h03.51.631,SandwichStudy,3.2.4,MacIntel,60,"[""l""]",[0.11400008201599121],1,0,80,66,1,79,Bacon,Spinach,Tomatoes,Avocado,Mayonnaise,,,,Provolone cheese,Swiss cheese,Cheddar cheese,Parmesan cheese,Tomatoes,,,,5,5,5,1000,0,1000,0,1,999,,,,,,,,,,,,,,,
,,,,,,,,,,,,,39937,2020-03-11_13h03.51.631,SandwichStudy,3.2.4,MacIntel,60,"[""a""]",[0.6860001087188721],1,0,80,33,1,79,Bacon,Ham,Turkey,Mayonnaise,Mustard,Cheddar cheese,Tomatoes,Spinach,Turkey,Avocado,Bacon,Garlic aioli,Tomatoes,Spinach,Onions,,8,8,7,1000,0,1000,0,1,999,,,,,,,,,,,,,,,
,,,,,,,,,,,,,39937,2020-03-11_13h03.51.631,SandwichStudy,3.2.4,MacIntel,60,"[""a""]",[0.5740001201629639],1,0,80,37,1,79,Turkey,Ham,Cheddar cheese,Mayonnaise,,,,,Chicken,Ham,Swiss cheese,Mayonnaise,Mustard,,,,5,4,5,1000,0,1000,0,1,999,,,,,,,,,,,,,,,
,,,,,,,,,,,,,39937,2020-03-11_13h03.51.631,SandwichStudy,3.2.4,MacIntel,60,"[""l""]",[0.5450000762939453],1,0,80,20,1,79,Pastrami,Swiss cheese,Coleslaw,,,,,,Chicken,Bacon,Feta cheese,Bell peppers,Basil,Garlic aioli,,,6,3,6,1000,0,1000,0,1,999,,,,,,,,,,,,,,,
,,,,,,,,,,,,,39937,2020-03-11_13h03.51.631,SandwichStudy,3.2.4,MacIntel,60,,,,,,,,,,,,,,,,,,,,,,,,,,,,,,,,,,space,3.784000158,,,space,10.59200001,1,0,10,2,1,9,Turkey,,
,,,,,,,,,,,,,39937,2020-03-11_13h03.51.631,SandwichStudy,3.2.4,MacIntel,60,,,,,,,,,,,,,,,,,,,,,,,,,,,,,,,,,,,,,,space,4.739000082,1,0,10,9,1,9,Spinach,,
,,,,,,,,,,,,,39937,2020-03-11_13h03.51.631,SandwichStudy,3.2.4,MacIntel,60,,,,,,,,,,,,,,,,,,,,,,,,,,,,,,,,,,,,,,space,4.991999865,1,0,10,1,1,9,Mayonnaise,,
,,,,,,,,,,,,,39937,2020-03-11_13h03.51.631,SandwichStudy,3.2.4,MacIntel,60,,,,,,,,,,,,,,,,,,,,,,,,,,,,,,,,,,,,,,space,4.319000006,1,0,10,6,1,9,Swiss cheese,,
,,,,,,,,,,,,,39937,2020-03-11_13h03.51.631,SandwichStudy,3.2.4,MacIntel,60,,,,,,,,,,,,,,,,,,,,,,,,,,,,,,,,,,,,,,space,3.391000032,1,0,10,0,1,9,Tomatoes,,
,,,,,,,,,,,,,39937,2020-03-11_13h03.51.631,SandwichStudy,3.2.4,MacIntel,60,,,,,,,,,,,,,,,,,,,,,,,,,,,,,,,,,,,,,,space,1.878999949,1,0,10,4,1,9,Chicken,,
,,,,,,,,,,,,,39937,2020-03-11_13h03.51.631,SandwichStudy,3.2.4,MacIntel,60,,,,,,,,,,,,,,,,,,,,,,,,,,,,,,,,,,,,,,space,1.822999954,1,0,10,7,1,9,Lettuce,,
,,,,,,,,,,,,,39937,2020-03-11_13h03.51.631,SandwichStudy,3.2.4,MacIntel,60,,,,,,,,,,,,,,,,,,,,,,,,,,,,,,,,,,,,,,space,1.549000025,1,0,10,8,1,9,Provolone cheese,,
,,,,,,,,,,,,,39937,2020-03-11_13h03.51.631,SandwichStudy,3.2.4,MacIntel,60,,,,,,,,,,,,,,,,,,,,,,,,,,,,,,,,,,,,,,space,0.849999905,1,0,10,5,1,9,Cheddar cheese,,
,,,,,,,,,,,,,39937,2020-03-11_13h03.51.631,SandwichStudy,3.2.4,MacIntel,60,,,,,,,,,,,,,,,,,,,,,,,,,,,,,,,,,,,,,,space,2.77699995,1,0,10,3,1,9,Bacon,,
,,,,,,,,,,,,,39937,2020-03-11_13h03.51.631,SandwichStudy,3.2.4,MacIntel,60,,,,,,,,,,,,,,,,,,,,,,,,,,,,,,,,,,,,,,,,,,,,,,,return,3.657000065
