sequence,key_resp_4.keys,key_resp_4.rt,VegResp.keys,VegResp.rt,ConfirmResp.keys,ConfirmResp.rt,VegQuestionLoop.thisRepN,VegQuestionLoop.thisTrialN,VegQuestionLoop.thisN,VegQuestionLoop.thisIndex,VegQuestionLoop.ran,VegQuestionLoop.order,participant,date,expName,psychopyVersion,OS,frameRate,Decision.keys,Decision.rt,trials.thisRepN,trials.thisTrialN,trials.thisN,trials.thisIndex,trials.ran,trials.order,s11,s12,s13,s14,s15,s16,s17,s18,s21,s22,s23,s24,s25,s26,s27,s28,IngsInRow,IngIn1,IngIn2,Iter.thisRepN,Iter.thisTrialN,Iter.thisN,Iter.thisIndex,Iter.ran,Iter.order,key_resp_2.keys,key_resp_2.rt,slider.response,slider.rt,key_resp_3.keys,key_resp_3.rt,RatingLoop.thisRepN,RatingLoop.thisTrialN,RatingLoop.thisN,RatingLoop.thisIndex,RatingLoop.ran,RatingLoop.order,ingredientforslider,key_resp.keys,key_resp.rt
"[0,0,1,0,1,0,1,1,1,0,1,1,0,1,0,1,0,0,0,0,0,0,0,1,1,0,0,1,0,1,0,1,0,0,1,1,0,1,0,0,0,1,0,0,1,1,1,0,0,1,1,0,0,0,0,0,1,1,0,0,1,0,0,0,0,0,1,1,0,0,0,1,0,1,1,0,1,1,0,0]",space,3.934999943,n,3.248999834,p,4.104000092,100,0,100,0,1,99,44152,2020-02-24_12h57.14.798,SandwichStudy,3.2.4,MacIntel,60,,,,,,,,,,,,,,,,,,,,,,,,,,,,,,,,,,,,,,,,,,,,,,,,
,,,,,,,,,,,,,44152,2020-02-24_12h57.14.798,SandwichStudy,3.2.4,MacIntel,60,"[""l""]",[2.3330001831054688],1,0,80,50,1,79,Mozzarella cheese,Bell peppers,Pesto,Spinach,,,,,Chicken,Ham,Swiss cheese,Mayonnaise,,,,,4,4,4,1000,0,1000,0,1,999,,,,,,,,,,,,,,,
,,,,,,,,,,,,,44152,2020-02-24_12h57.14.798,SandwichStudy,3.2.4,MacIntel,60,"[""space""]",[1.746000051498413],1,0,80,75,1,79,Ham,Swiss cheese,Mustard,,,,,,Ham,Swiss cheese,Mayonnaise,Mustard,Tomatoes,,,,5,3,5,1000,0,1000,0,1,999,,,,,,,,,,,,,,,
,,,,,,,,,,,,,44152,2020-02-24_12h57.14.798,SandwichStudy,3.2.4,MacIntel,60,"[""space""]",[0.2799999713897705],1,0,80,75,1,79,Ham,Swiss cheese,Mustard,,,,,,Ham,Swiss cheese,Mayonnaise,Mustard,Tomatoes,,,,5,3,5,1000,0,1000,0,1,999,,,,,,,,,,,,,,,
,,,,,,,,,,,,,44152,2020-02-24_12h57.14.798,SandwichStudy,3.2.4,MacIntel,60,"[""space""]",[0.4940001964569092],1,0,80,75,1,79,Ham,Swiss cheese,Mustard,,,,,,Ham,Swiss cheese,Mayonnaise,Mustard,Tomatoes,,,,5,3,5,1000,0,1000,0,1,999,,,,,,,,,,,,,,,
,,,,,,,,,,,,,44152,2020-02-24_12h57.14.798,SandwichStudy,3.2.4,MacIntel,60,"[""space""]",[0.7219998836517334],1,0,80,75,1,79,Ham,Swiss cheese,Mustard,,,,,,Ham,Swiss cheese,Mayonnaise,Mustard,Tomatoes,,,,5,3,5,1000,0,1000,0,1,999,,,,,,,,,,,,,,,
,,,,,,,,,,,,,44152,2020-02-24_12h57.14.798,SandwichStudy,3.2.4,MacIntel,60,"[""a""]",[4.986999988555908],1,0,80,75,1,79,Ham,Swiss cheese,Mustard,,,,,,Ham,Swiss cheese,Mayonnaise,Mustard,Tomatoes,,,,5,3,5,1000,0,1000,0,1,999,,,,,,,,,,,,,,,
,,,,,,,,,,,,,44152,2020-02-24_12h57.14.798,SandwichStudy,3.2.4,MacIntel,60,"[""space""]",[1.7250001430511475],1,0,80,76,1,79,Bacon,Lettuce,Tomatoes,Ranch dressing,,,,,Chicken,Bacon,Mustard,,,,,,4,4,3,1000,0,1000,0,1,999,,,,,,,,,,,,,,,
,,,,,,,,,,,,,44152,2020-02-24_12h57.14.798,SandwichStudy,3.2.4,MacIntel,60,"[""l""]",[1.8600001335144043],1,0,80,76,1,79,Bacon,Lettuce,Tomatoes,Ranch dressing,,,,,Chicken,Bacon,Mustard,,,,,,4,4,3,1000,0,1000,0,1,999,,,,,,,,,,,,,,,
,,,,,,,,,,,,,44152,2020-02-24_12h57.14.798,SandwichStudy,3.2.4,MacIntel,60,"[""space""]",[1.1430001258850098],1,0,80,54,1,79,Chicken,Bell peppers,Bacon,Provolone cheese,Ranch dressing,Lettuce,Tomatoes,,Turkey,Bacon,Pepper jack cheese,Avocado,Ranch dressing,Spinach,Tomatoes,,7,7,7,1000,0,1000,0,1,999,,,,,,,,,,,,,,,
,,,,,,,,,,,,,44152,2020-02-24_12h57.14.798,SandwichStudy,3.2.4,MacIntel,60,"[""l""]",[1.1140000820159912],1,0,80,54,1,79,Chicken,Bell peppers,Bacon,Provolone cheese,Ranch dressing,Lettuce,Tomatoes,,Turkey,Bacon,Pepper jack cheese,Avocado,Ranch dressing,Spinach,Tomatoes,,7,7,7,1000,0,1000,0,1,999,,,,,,,,,,,,,,,
,,,,,,,,,,,,,44152,2020-02-24_12h57.14.798,SandwichStudy,3.2.4,MacIntel,60,"[""space""]",[0.24099993705749512],1,0,80,43,1,79,Meatballs,Provolone cheese,Onions,Marinara sauce,,,,,Chicken,Mozzarella cheese,Tomatoes,Pesto,Spinach,,,,5,4,5,1000,0,1000,0,1,999,,,,,,,,,,,,,,,
,,,,,,,,,,,,,44152,2020-02-24_12h57.14.798,SandwichStudy,3.2.4,MacIntel,60,"[""space""]",[0.7599999904632568],1,0,80,43,1,79,Meatballs,Provolone cheese,Onions,Marinara sauce,,,,,Chicken,Mozzarella cheese,Tomatoes,Pesto,Spinach,,,,5,4,5,1000,0,1000,0,1,999,,,,,,,,,,,,,,,
,,,,,,,,,,,,,44152,2020-02-24_12h57.14.798,SandwichStudy,3.2.4,MacIntel,60,"[""space""]",[0.20400023460388184],1,0,80,43,1,79,Meatballs,Provolone cheese,Onions,Marinara sauce,,,,,Chicken,Mozzarella cheese,Tomatoes,Pesto,Spinach,,,,5,4,5,1000,0,1000,0,1,999,,,,,,,,,,,,,,,
,,,,,,,,,,,,,44152,2020-02-24_12h57.14.798,SandwichStudy,3.2.4,MacIntel,60,"[""l""]",[2.0289998054504395],1,0,80,43,1,79,Meatballs,Provolone cheese,Onions,Marinara sauce,,,,,Chicken,Mozzarella cheese,Tomatoes,Pesto,Spinach,,,,5,4,5,1000,0,1000,0,1,999,,,,,,,,,,,,,,,
,,,,,,,,,,,,,44152,2020-02-24_12h57.14.798,SandwichStudy,3.2.4,MacIntel,60,"[""space""]",[0.6570000648498535],1,0,80,12,1,79,Turkey,Cheddar cheese,Mayonnaise,,,,,,Ham,Pork,Swiss cheese,Mustard,Pickles,,,,5,3,5,1000,0,1000,0,1,999,,,,,,,,,,,,,,,
,,,,,,,,,,,,,44152,2020-02-24_12h57.14.798,SandwichStudy,3.2.4,MacIntel,60,"[""space""]",[0.10700011253356934],1,0,80,12,1,79,Turkey,Cheddar cheese,Mayonnaise,,,,,,Ham,Pork,Swiss cheese,Mustard,Pickles,,,,5,3,5,1000,0,1000,0,1,999,,,,,,,,,,,,,,,
,,,,,,,,,,,,,44152,2020-02-24_12h57.14.798,SandwichStudy,3.2.4,MacIntel,60,"[""space""]",[0.5580000877380371],1,0,80,12,1,79,Turkey,Cheddar cheese,Mayonnaise,,,,,,Ham,Pork,Swiss cheese,Mustard,Pickles,,,,5,3,5,1000,0,1000,0,1,999,,,,,,,,,,,,,,,
,,,,,,,,,,,,,44152,2020-02-24_12h57.14.798,SandwichStudy,3.2.4,MacIntel,60,"[""space""]",[0.3230001926422119],1,0,80,12,1,79,Turkey,Cheddar cheese,Mayonnaise,,,,,,Ham,Pork,Swiss cheese,Mustard,Pickles,,,,5,3,5,1000,0,1000,0,1,999,,,,,,,,,,,,,,,
,,,,,,,,,,,,,44152,2020-02-24_12h57.14.798,SandwichStudy,3.2.4,MacIntel,60,"[""a""]",[0.5280001163482666],1,0,80,12,1,79,Turkey,Cheddar cheese,Mayonnaise,,,,,,Ham,Pork,Swiss cheese,Mustard,Pickles,,,,5,3,5,1000,0,1000,0,1,999,,,,,,,,,,,,,,,
,,,,,,,,,,,,,44152,2020-02-24_12h57.14.798,SandwichStudy,3.2.4,MacIntel,60,"[""space""]",[0.19900012016296387],1,0,80,3,1,79,Chicken,American cheese,Coleslaw,Tomatoes,Pickles,Mayonnaise,,,Swiss cheese,Provolone cheese,Bell peppers,Tomatoes,Onions,,,,6,6,5,1000,0,1000,0,1,999,,,,,,,,,,,,,,,
,,,,,,,,,,,,,44152,2020-02-24_12h57.14.798,SandwichStudy,3.2.4,MacIntel,60,"[""space""]",[1.308000087738037],1,0,80,3,1,79,Chicken,American cheese,Coleslaw,Tomatoes,Pickles,Mayonnaise,,,Swiss cheese,Provolone cheese,Bell peppers,Tomatoes,Onions,,,,6,6,5,1000,0,1000,0,1,999,,,,,,,,,,,,,,,
,,,,,,,,,,,,,44152,2020-02-24_12h57.14.798,SandwichStudy,3.2.4,MacIntel,60,"[""space""]",[1.6089999675750732],1,0,80,3,1,79,Chicken,American cheese,Coleslaw,Tomatoes,Pickles,Mayonnaise,,,Swiss cheese,Provolone cheese,Bell peppers,Tomatoes,Onions,,,,6,6,5,1000,0,1000,0,1,999,,,,,,,,,,,,,,,
,,,,,,,,,,,,,44152,2020-02-24_12h57.14.798,SandwichStudy,3.2.4,MacIntel,60,"[""space""]",[0.377000093460083],1,0,80,3,1,79,Chicken,American cheese,Coleslaw,Tomatoes,Pickles,Mayonnaise,,,Swiss cheese,Provolone cheese,Bell peppers,Tomatoes,Onions,,,,6,6,5,1000,0,1000,0,1,999,,,,,,,,,,,,,,,
,,,,,,,,,,,,,44152,2020-02-24_12h57.14.798,SandwichStudy,3.2.4,MacIntel,60,"[""space""]",[1.2150001525878906],1,0,80,3,1,79,Chicken,American cheese,Coleslaw,Tomatoes,Pickles,Mayonnaise,,,Swiss cheese,Provolone cheese,Bell peppers,Tomatoes,Onions,,,,6,6,5,1000,0,1000,0,1,999,,,,,,,,,,,,,,,
,,,,,,,,,,,,,44152,2020-02-24_12h57.14.798,SandwichStudy,3.2.4,MacIntel,60,"[""l""]",[0.5230000019073486],1,0,80,3,1,79,Chicken,American cheese,Coleslaw,Tomatoes,Pickles,Mayonnaise,,,Swiss cheese,Provolone cheese,Bell peppers,Tomatoes,Onions,,,,6,6,5,1000,0,1000,0,1,999,,,,,,,,,,,,,,,
,,,,,,,,,,,,,44152,2020-02-24_12h57.14.798,SandwichStudy,3.2.4,MacIntel,60,"[""space""]",[0.192000150680542],1,0,80,19,1,79,Bacon,Ham,Turkey,Mayonnaise,Cheddar cheese,Tomatoes,Spinach,Swiss cheese,Turkey,Salami,Cheddar cheese,Mayonnaise,,,,,8,8,4,1000,0,1000,0,1,999,,,,,,,,,,,,,,,
,,,,,,,,,,,,,44152,2020-02-24_12h57.14.798,SandwichStudy,3.2.4,MacIntel,60,"[""space""]",[0.5220000743865967],1,0,80,19,1,79,Bacon,Ham,Turkey,Mayonnaise,Cheddar cheese,Tomatoes,Spinach,Swiss cheese,Turkey,Salami,Cheddar cheese,Mayonnaise,,,,,8,8,4,1000,0,1000,0,1,999,,,,,,,,,,,,,,,
,,,,,,,,,,,,,44152,2020-02-24_12h57.14.798,SandwichStudy,3.2.4,MacIntel,60,"[""l""]",[1.5940001010894775],1,0,80,19,1,79,Bacon,Ham,Turkey,Mayonnaise,Cheddar cheese,Tomatoes,Spinach,Swiss cheese,Turkey,Salami,Cheddar cheese,Mayonnaise,,,,,8,8,4,1000,0,1000,0,1,999,,,,,,,,,,,,,,,
,,,,,,,,,,,,,44152,2020-02-24_12h57.14.798,SandwichStudy,3.2.4,MacIntel,60,"[""space""]",[0.40600013732910156],1,0,80,64,1,79,Tuna,Basil,Cheddar cheese,Garlic aioli,Pickles,Onions,Tomatoes,Spinach,Turkey,Ham,Bacon,Provolone cheese,Lettuce,Tomatoes,Ranch dressing,,8,8,7,1000,0,1000,0,1,999,,,,,,,,,,,,,,,
,,,,,,,,,,,,,44152,2020-02-24_12h57.14.798,SandwichStudy,3.2.4,MacIntel,60,"[""space""]",[0.5290000438690186],1,0,80,64,1,79,Tuna,Basil,Cheddar cheese,Garlic aioli,Pickles,Onions,Tomatoes,Spinach,Turkey,Ham,Bacon,Provolone cheese,Lettuce,Tomatoes,Ranch dressing,,8,8,7,1000,0,1000,0,1,999,,,,,,,,,,,,,,,
,,,,,,,,,,,,,44152,2020-02-24_12h57.14.798,SandwichStudy,3.2.4,MacIntel,60,"[""a""]",[0.9930000305175781],1,0,80,64,1,79,Tuna,Basil,Cheddar cheese,Garlic aioli,Pickles,Onions,Tomatoes,Spinach,Turkey,Ham,Bacon,Provolone cheese,Lettuce,Tomatoes,Ranch dressing,,8,8,7,1000,0,1000,0,1,999,,,,,,,,,,,,,,,
,,,,,,,,,,,,,44152,2020-02-24_12h57.14.798,SandwichStudy,3.2.4,MacIntel,60,"[""space""]",[0.24399995803833008],1,0,80,17,1,79,Salami,Roast beef,Turkey,Ham,Swiss cheese,Lettuce,Tomatoes,Mayonnaise,Chicken,Gouda cheese,Avocado,Basil,Bell peppers,Mayonnaise,,,8,8,6,1000,0,1000,0,1,999,,,,,,,,,,,,,,,
,,,,,,,,,,,,,44152,2020-02-24_12h57.14.798,SandwichStudy,3.2.4,MacIntel,60,"[""a""]",[0.9229998588562012],1,0,80,17,1,79,Salami,Roast beef,Turkey,Ham,Swiss cheese,Lettuce,Tomatoes,Mayonnaise,Chicken,Gouda cheese,Avocado,Basil,Bell peppers,Mayonnaise,,,8,8,6,1000,0,1000,0,1,999,,,,,,,,,,,,,,,
,,,,,,,,,,,,,44152,2020-02-24_12h57.14.798,SandwichStudy,3.2.4,MacIntel,60,"[""space""]",[0.29600000381469727],1,0,80,63,1,79,Onions,Bell peppers,Mushrooms,Jalapenos,American cheese,Steak,,,Turkey,Ham,Roast beef,Provolone cheese,Spinach,Tomatoes,Mayonnaise,Mustard,8,6,8,1000,0,1000,0,1,999,,,,,,,,,,,,,,,
,,,,,,,,,,,,,44152,2020-02-24_12h57.14.798,SandwichStudy,3.2.4,MacIntel,60,"[""space""]",[0.5239999294281006],1,0,80,63,1,79,Onions,Bell peppers,Mushrooms,Jalapenos,American cheese,Steak,,,Turkey,Ham,Roast beef,Provolone cheese,Spinach,Tomatoes,Mayonnaise,Mustard,8,6,8,1000,0,1000,0,1,999,,,,,,,,,,,,,,,
,,,,,,,,,,,,,44152,2020-02-24_12h57.14.798,SandwichStudy,3.2.4,MacIntel,60,"[""a""]",[2.065000057220459],1,0,80,63,1,79,Onions,Bell peppers,Mushrooms,Jalapenos,American cheese,Steak,,,Turkey,Ham,Roast beef,Provolone cheese,Spinach,Tomatoes,Mayonnaise,Mustard,8,6,8,1000,0,1000,0,1,999,,,,,,,,,,,,,,,
,,,,,,,,,,,,,44152,2020-02-24_12h57.14.798,SandwichStudy,3.2.4,MacIntel,60,"[""space""]",[0.22300004959106445],1,0,80,67,1,79,Avocado,Onions,Cucumbers,,,,,,Meatballs,Provolone cheese,Marinara sauce,Parmesan cheese,,,,,4,3,4,1000,0,1000,0,1,999,,,,,,,,,,,,,,,
,,,,,,,,,,,,,44152,2020-02-24_12h57.14.798,SandwichStudy,3.2.4,MacIntel,60,"[""space""]",[0.17100000381469727],1,0,80,67,1,79,Avocado,Onions,Cucumbers,,,,,,Meatballs,Provolone cheese,Marinara sauce,Parmesan cheese,,,,,4,3,4,1000,0,1000,0,1,999,,,,,,,,,,,,,,,
,,,,,,,,,,,,,44152,2020-02-24_12h57.14.798,SandwichStudy,3.2.4,MacIntel,60,"[""space""]",[0.40599989891052246],1,0,80,67,1,79,Avocado,Onions,Cucumbers,,,,,,Meatballs,Provolone cheese,Marinara sauce,Parmesan cheese,,,,,4,3,4,1000,0,1000,0,1,999,,,,,,,,,,,,,,,
,,,,,,,,,,,,,44152,2020-02-24_12h57.14.798,SandwichStudy,3.2.4,MacIntel,60,"[""a""]",[1.6130001544952393],1,0,80,67,1,79,Avocado,Onions,Cucumbers,,,,,,Meatballs,Provolone cheese,Marinara sauce,Parmesan cheese,,,,,4,3,4,1000,0,1000,0,1,999,,,,,,,,,,,,,,,
,,,,,,,,,,,,,44152,2020-02-24_12h57.14.798,SandwichStudy,3.2.4,MacIntel,60,"[""space""]",[0.21900010108947754],1,0,80,56,1,79,Turkey,Salami,Cheddar cheese,Mayonnaise,,,,,Turkey,Bacon,Avocado,Provolone cheese,Lettuce,Tomatoes,Onions,Ranch dressing,8,4,8,1000,0,1000,0,1,999,,,,,,,,,,,,,,,
,,,,,,,,,,,,,44152,2020-02-24_12h57.14.798,SandwichStudy,3.2.4,MacIntel,60,"[""space""]",[0.8570001125335693],1,0,80,56,1,79,Turkey,Salami,Cheddar cheese,Mayonnaise,,,,,Turkey,Bacon,Avocado,Provolone cheese,Lettuce,Tomatoes,Onions,Ranch dressing,8,4,8,1000,0,1000,0,1,999,,,,,,,,,,,,,,,
,,,,,,,,,,,,,44152,2020-02-24_12h57.14.798,SandwichStudy,3.2.4,MacIntel,60,"[""l""]",[0.44100022315979004],1,0,80,56,1,79,Turkey,Salami,Cheddar cheese,Mayonnaise,,,,,Turkey,Bacon,Avocado,Provolone cheese,Lettuce,Tomatoes,Onions,Ranch dressing,8,4,8,1000,0,1000,0,1,999,,,,,,,,,,,,,,,
,,,,,,,,,,,,,44152,2020-02-24_12h57.14.798,SandwichStudy,3.2.4,MacIntel,60,"[""space""]",[0.1230001449584961],1,0,80,18,1,79,Turkey,Bacon,Pepper jack cheese,Avocado,Ranch dressing,Spinach,Tomatoes,,Chicken,Bacon,Cheddar cheese,Swiss cheese,Spinach,Tomatoes,Mayonnaise,Mustard,8,7,8,1000,0,1000,0,1,999,,,,,,,,,,,,,,,
,,,,,,,,,,,,,44152,2020-02-24_12h57.14.798,SandwichStudy,3.2.4,MacIntel,60,"[""space""]",[0.4460000991821289],1,0,80,18,1,79,Turkey,Bacon,Pepper jack cheese,Avocado,Ranch dressing,Spinach,Tomatoes,,Chicken,Bacon,Cheddar cheese,Swiss cheese,Spinach,Tomatoes,Mayonnaise,Mustard,8,7,8,1000,0,1000,0,1,999,,,,,,,,,,,,,,,
,,,,,,,,,,,,,44152,2020-02-24_12h57.14.798,SandwichStudy,3.2.4,MacIntel,60,"[""space""]",[0.8489999771118164],1,0,80,18,1,79,Turkey,Bacon,Pepper jack cheese,Avocado,Ranch dressing,Spinach,Tomatoes,,Chicken,Bacon,Cheddar cheese,Swiss cheese,Spinach,Tomatoes,Mayonnaise,Mustard,8,7,8,1000,0,1000,0,1,999,,,,,,,,,,,,,,,
,,,,,,,,,,,,,44152,2020-02-24_12h57.14.798,SandwichStudy,3.2.4,MacIntel,60,"[""l""]",[0.6750001907348633],1,0,80,18,1,79,Turkey,Bacon,Pepper jack cheese,Avocado,Ranch dressing,Spinach,Tomatoes,,Chicken,Bacon,Cheddar cheese,Swiss cheese,Spinach,Tomatoes,Mayonnaise,Mustard,8,7,8,1000,0,1000,0,1,999,,,,,,,,,,,,,,,
,,,,,,,,,,,,,44152,2020-02-24_12h57.14.798,SandwichStudy,3.2.4,MacIntel,60,"[""space""]",[0.22300004959106445],1,0,80,60,1,79,Chicken,Swiss cheese,Lettuce,Tomatoes,Onions,,,,Chicken,Cheddar cheese,Lettuce,Garlic aioli,Swiss cheese,Tomatoes,,,6,5,6,1000,0,1000,0,1,999,,,,,,,,,,,,,,,
,,,,,,,,,,,,,44152,2020-02-24_12h57.14.798,SandwichStudy,3.2.4,MacIntel,60,"[""space""]",[0.625999927520752],1,0,80,60,1,79,Chicken,Swiss cheese,Lettuce,Tomatoes,Onions,,,,Chicken,Cheddar cheese,Lettuce,Garlic aioli,Swiss cheese,Tomatoes,,,6,5,6,1000,0,1000,0,1,999,,,,,,,,,,,,,,,
,,,,,,,,,,,,,44152,2020-02-24_12h57.14.798,SandwichStudy,3.2.4,MacIntel,60,"[""space""]",[0.29200005531311035],1,0,80,60,1,79,Chicken,Swiss cheese,Lettuce,Tomatoes,Onions,,,,Chicken,Cheddar cheese,Lettuce,Garlic aioli,Swiss cheese,Tomatoes,,,6,5,6,1000,0,1000,0,1,999,,,,,,,,,,,,,,,
,,,,,,,,,,,,,44152,2020-02-24_12h57.14.798,SandwichStudy,3.2.4,MacIntel,60,"[""l""]",[0.9730000495910645],1,0,80,60,1,79,Chicken,Swiss cheese,Lettuce,Tomatoes,Onions,,,,Chicken,Cheddar cheese,Lettuce,Garlic aioli,Swiss cheese,Tomatoes,,,6,5,6,1000,0,1000,0,1,999,,,,,,,,,,,,,,,
,,,,,,,,,,,,,44152,2020-02-24_12h57.14.798,SandwichStudy,3.2.4,MacIntel,60,"[""space""]",[0.10799980163574219],1,0,80,71,1,79,Bacon,Ham,Turkey,Mayonnaise,Mustard,Cheddar cheese,Tomatoes,Spinach,Bacon,Lettuce,Tomatoes,Garlic aioli,Avocado,,,,8,8,5,1000,0,1000,0,1,999,,,,,,,,,,,,,,,
,,,,,,,,,,,,,44152,2020-02-24_12h57.14.798,SandwichStudy,3.2.4,MacIntel,60,"[""space""]",[0.41299986839294434],1,0,80,71,1,79,Bacon,Ham,Turkey,Mayonnaise,Mustard,Cheddar cheese,Tomatoes,Spinach,Bacon,Lettuce,Tomatoes,Garlic aioli,Avocado,,,,8,8,5,1000,0,1000,0,1,999,,,,,,,,,,,,,,,
,,,,,,,,,,,,,44152,2020-02-24_12h57.14.798,SandwichStudy,3.2.4,MacIntel,60,"[""space""]",[0.6570000648498535],1,0,80,71,1,79,Bacon,Ham,Turkey,Mayonnaise,Mustard,Cheddar cheese,Tomatoes,Spinach,Bacon,Lettuce,Tomatoes,Garlic aioli,Avocado,,,,8,8,5,1000,0,1000,0,1,999,,,,,,,,,,,,,,,
,,,,,,,,,,,,,44152,2020-02-24_12h57.14.798,SandwichStudy,3.2.4,MacIntel,60,"[""a""]",[0.3250000476837158],1,0,80,71,1,79,Bacon,Ham,Turkey,Mayonnaise,Mustard,Cheddar cheese,Tomatoes,Spinach,Bacon,Lettuce,Tomatoes,Garlic aioli,Avocado,,,,8,8,5,1000,0,1000,0,1,999,,,,,,,,,,,,,,,
,,,,,,,,,,,,,44152,2020-02-24_12h57.14.798,SandwichStudy,3.2.4,MacIntel,60,"[""space""]",[2.0930001735687256],1,0,80,48,1,79,Chicken,Provolone cheese,Pesto,,,,,,Ham,Lettuce,Tomatoes,Mayonnaise,Mustard,,,,5,3,5,1000,0,1000,0,1,999,,,,,,,,,,,,,,,
,,,,,,,,,,,,,44152,2020-02-24_12h57.14.798,SandwichStudy,3.2.4,MacIntel,60,"[""space""]",[1.1080000400543213],1,0,80,48,1,79,Chicken,Provolone cheese,Pesto,,,,,,Ham,Lettuce,Tomatoes,Mayonnaise,Mustard,,,,5,3,5,1000,0,1000,0,1,999,,,,,,,,,,,,,,,
,,,,,,,,,,,,,44152,2020-02-24_12h57.14.798,SandwichStudy,3.2.4,MacIntel,60,"[""space""]",[0.2869999408721924],1,0,80,48,1,79,Chicken,Provolone cheese,Pesto,,,,,,Ham,Lettuce,Tomatoes,Mayonnaise,Mustard,,,,5,3,5,1000,0,1000,0,1,999,,,,,,,,,,,,,,,
,,,,,,,,,,,,,44152,2020-02-24_12h57.14.798,SandwichStudy,3.2.4,MacIntel,60,"[""space""]",[0.05800008773803711],1,0,80,48,1,79,Chicken,Provolone cheese,Pesto,,,,,,Ham,Lettuce,Tomatoes,Mayonnaise,Mustard,,,,5,3,5,1000,0,1000,0,1,999,,,,,,,,,,,,,,,
,,,,,,,,,,,,,44152,2020-02-24_12h57.14.798,SandwichStudy,3.2.4,MacIntel,60,"[""a""]",[0.2109999656677246],1,0,80,48,1,79,Chicken,Provolone cheese,Pesto,,,,,,Ham,Lettuce,Tomatoes,Mayonnaise,Mustard,,,,5,3,5,1000,0,1000,0,1,999,,,,,,,,,,,,,,,
,,,,,,,,,,,,,44152,2020-02-24_12h57.14.798,SandwichStudy,3.2.4,MacIntel,60,"[""space""]",[0.7450001239776611],1,0,80,40,1,79,Pork,Ham,Swiss cheese,Pickles,Mustard,,,,Steak,Turkey,Ham,Cheddar cheese,Olives,Lettuce,Tomatoes,Onions,8,5,8,1000,0,1000,0,1,999,,,,,,,,,,,,,,,
,,,,,,,,,,,,,44152,2020-02-24_12h57.14.798,SandwichStudy,3.2.4,MacIntel,60,"[""space""]",[0.15700006484985352],1,0,80,40,1,79,Pork,Ham,Swiss cheese,Pickles,Mustard,,,,Steak,Turkey,Ham,Cheddar cheese,Olives,Lettuce,Tomatoes,Onions,8,5,8,1000,0,1000,0,1,999,,,,,,,,,,,,,,,
,,,,,,,,,,,,,44152,2020-02-24_12h57.14.798,SandwichStudy,3.2.4,MacIntel,60,"[""l""]",[0.5499999523162842],1,0,80,40,1,79,Pork,Ham,Swiss cheese,Pickles,Mustard,,,,Steak,Turkey,Ham,Cheddar cheese,Olives,Lettuce,Tomatoes,Onions,8,5,8,1000,0,1000,0,1,999,,,,,,,,,,,,,,,
,,,,,,,,,,,,,44152,2020-02-24_12h57.14.798,SandwichStudy,3.2.4,MacIntel,60,"[""space""]",[0.37400007247924805],1,0,80,53,1,79,Turkey,Avocado,Mayonnaise,,,,,,Ham,Pork,Swiss cheese,Mustard,Pickles,,,,5,3,5,1000,0,1000,0,1,999,,,,,,,,,,,,,,,
,,,,,,,,,,,,,44152,2020-02-24_12h57.14.798,SandwichStudy,3.2.4,MacIntel,60,"[""a""]",[0.020999908447265625],1,0,80,53,1,79,Turkey,Avocado,Mayonnaise,,,,,,Ham,Pork,Swiss cheese,Mustard,Pickles,,,,5,3,5,1000,0,1000,0,1,999,,,,,,,,,,,,,,,
,,,,,,,,,,,,,44152,2020-02-24_12h57.14.798,SandwichStudy,3.2.4,MacIntel,60,"[""space""]",[0.2560000419616699],1,0,80,23,1,79,Meatballs,Provolone cheese,Marinara sauce,Parmesan cheese,,,,,Turkey,Cheddar cheese,Bacon,,,,,,4,4,3,1000,0,1000,0,1,999,,,,,,,,,,,,,,,
,,,,,,,,,,,,,44152,2020-02-24_12h57.14.798,SandwichStudy,3.2.4,MacIntel,60,"[""space""]",[0.38899993896484375],1,0,80,23,1,79,Meatballs,Provolone cheese,Marinara sauce,Parmesan cheese,,,,,Turkey,Cheddar cheese,Bacon,,,,,,4,4,3,1000,0,1000,0,1,999,,,,,,,,,,,,,,,
,,,,,,,,,,,,,44152,2020-02-24_12h57.14.798,SandwichStudy,3.2.4,MacIntel,60,"[""space""]",[0.0969998836517334],1,0,80,23,1,79,Meatballs,Provolone cheese,Marinara sauce,Parmesan cheese,,,,,Turkey,Cheddar cheese,Bacon,,,,,,4,4,3,1000,0,1000,0,1,999,,,,,,,,,,,,,,,
,,,,,,,,,,,,,44152,2020-02-24_12h57.14.798,SandwichStudy,3.2.4,MacIntel,60,"[""l""]",[1.9780001640319824],1,0,80,23,1,79,Meatballs,Provolone cheese,Marinara sauce,Parmesan cheese,,,,,Turkey,Cheddar cheese,Bacon,,,,,,4,4,3,1000,0,1000,0,1,999,,,,,,,,,,,,,,,
,,,,,,,,,,,,,44152,2020-02-24_12h57.14.798,SandwichStudy,3.2.4,MacIntel,60,"[""space""]",[0.2109999656677246],1,0,80,32,1,79,Turkey,Ham,Bacon,Provolone cheese,Lettuce,Tomatoes,Ranch dressing,,Chicken,Cheddar cheese,Bacon,Avocado,Ranch dressing,,,,7,7,5,1000,0,1000,0,1,999,,,,,,,,,,,,,,,
,,,,,,,,,,,,,44152,2020-02-24_12h57.14.798,SandwichStudy,3.2.4,MacIntel,60,"[""space""]",[0.5060000419616699],1,0,80,32,1,79,Turkey,Ham,Bacon,Provolone cheese,Lettuce,Tomatoes,Ranch dressing,,Chicken,Cheddar cheese,Bacon,Avocado,Ranch dressing,,,,7,7,5,1000,0,1000,0,1,999,,,,,,,,,,,,,,,
,,,,,,,,,,,,,44152,2020-02-24_12h57.14.798,SandwichStudy,3.2.4,MacIntel,60,"[""a""]",[0.43200016021728516],1,0,80,32,1,79,Turkey,Ham,Bacon,Provolone cheese,Lettuce,Tomatoes,Ranch dressing,,Chicken,Cheddar cheese,Bacon,Avocado,Ranch dressing,,,,7,7,5,1000,0,1000,0,1,999,,,,,,,,,,,,,,,
,,,,,,,,,,,,,44152,2020-02-24_12h57.14.798,SandwichStudy,3.2.4,MacIntel,60,"[""space""]",[0.31100010871887207],1,0,80,13,1,79,Chicken,Garlic aioli,Pickles,Cucumbers,Jalapenos,Basil,,,Roast beef,Bacon,Turkey,Mayonnaise,,,,,6,6,4,1000,0,1000,0,1,999,,,,,,,,,,,,,,,
,,,,,,,,,,,,,44152,2020-02-24_12h57.14.798,SandwichStudy,3.2.4,MacIntel,60,"[""space""]",[0.20400023460388184],1,0,80,13,1,79,Chicken,Garlic aioli,Pickles,Cucumbers,Jalapenos,Basil,,,Roast beef,Bacon,Turkey,Mayonnaise,,,,,6,6,4,1000,0,1000,0,1,999,,,,,,,,,,,,,,,
,,,,,,,,,,,,,44152,2020-02-24_12h57.14.798,SandwichStudy,3.2.4,MacIntel,60,"[""space""]",[1.4129998683929443],1,0,80,13,1,79,Chicken,Garlic aioli,Pickles,Cucumbers,Jalapenos,Basil,,,Roast beef,Bacon,Turkey,Mayonnaise,,,,,6,6,4,1000,0,1000,0,1,999,,,,,,,,,,,,,,,
,,,,,,,,,,,,,44152,2020-02-24_12h57.14.798,SandwichStudy,3.2.4,MacIntel,60,"[""space""]",[0.15700006484985352],1,0,80,13,1,79,Chicken,Garlic aioli,Pickles,Cucumbers,Jalapenos,Basil,,,Roast beef,Bacon,Turkey,Mayonnaise,,,,,6,6,4,1000,0,1000,0,1,999,,,,,,,,,,,,,,,
,,,,,,,,,,,,,44152,2020-02-24_12h57.14.798,SandwichStudy,3.2.4,MacIntel,60,"[""space""]",[0.27300000190734863],1,0,80,13,1,79,Chicken,Garlic aioli,Pickles,Cucumbers,Jalapenos,Basil,,,Roast beef,Bacon,Turkey,Mayonnaise,,,,,6,6,4,1000,0,1000,0,1,999,,,,,,,,,,,,,,,
,,,,,,,,,,,,,44152,2020-02-24_12h57.14.798,SandwichStudy,3.2.4,MacIntel,60,"[""l""]",[0.9279999732971191],1,0,80,13,1,79,Chicken,Garlic aioli,Pickles,Cucumbers,Jalapenos,Basil,,,Roast beef,Bacon,Turkey,Mayonnaise,,,,,6,6,4,1000,0,1000,0,1,999,,,,,,,,,,,,,,,
,,,,,,,,,,,,,44152,2020-02-24_12h57.14.798,SandwichStudy,3.2.4,MacIntel,60,"[""space""]",[0.17599987983703613],1,0,80,41,1,79,Bacon,Provolone cheese,Mushrooms,Parmesan cheese,,,,,Turkey,Bacon,Jalapenos,Lettuce,Avocado,Garlic aioli,Tomatoes,,7,4,7,1000,0,1000,0,1,999,,,,,,,,,,,,,,,
,,,,,,,,,,,,,44152,2020-02-24_12h57.14.798,SandwichStudy,3.2.4,MacIntel,60,"[""l""]",[0.5889999866485596],1,0,80,41,1,79,Bacon,Provolone cheese,Mushrooms,Parmesan cheese,,,,,Turkey,Bacon,Jalapenos,Lettuce,Avocado,Garlic aioli,Tomatoes,,7,4,7,1000,0,1000,0,1,999,,,,,,,,,,,,,,,
,,,,,,,,,,,,,44152,2020-02-24_12h57.14.798,SandwichStudy,3.2.4,MacIntel,60,"[""space""]",[2.620000123977661],1,0,80,78,1,79,Chicken,American cheese,Lettuce,Tomatoes,Mayonnaise,,,,Pastrami,Cheddar cheese,Mustard,Pickles,,,,,5,5,4,1000,0,1000,0,1,999,,,,,,,,,,,,,,,
,,,,,,,,,,,,,44152,2020-02-24_12h57.14.798,SandwichStudy,3.2.4,MacIntel,60,"[""space""]",[0.12800002098083496],1,0,80,78,1,79,Chicken,American cheese,Lettuce,Tomatoes,Mayonnaise,,,,Pastrami,Cheddar cheese,Mustard,Pickles,,,,,5,5,4,1000,0,1000,0,1,999,,,,,,,,,,,,,,,
,,,,,,,,,,,,,44152,2020-02-24_12h57.14.798,SandwichStudy,3.2.4,MacIntel,60,"[""space""]",[0.28100013732910156],1,0,80,78,1,79,Chicken,American cheese,Lettuce,Tomatoes,Mayonnaise,,,,Pastrami,Cheddar cheese,Mustard,Pickles,,,,,5,5,4,1000,0,1000,0,1,999,,,,,,,,,,,,,,,
,,,,,,,,,,,,,44152,2020-02-24_12h57.14.798,SandwichStudy,3.2.4,MacIntel,60,"[""l""]",[0.3259999752044678],1,0,80,78,1,79,Chicken,American cheese,Lettuce,Tomatoes,Mayonnaise,,,,Pastrami,Cheddar cheese,Mustard,Pickles,,,,,5,5,4,1000,0,1000,0,1,999,,,,,,,,,,,,,,,
,,,,,,,,,,,,,44152,2020-02-24_12h57.14.798,SandwichStudy,3.2.4,MacIntel,60,"[""space""]",[0.1230001449584961],1,0,80,66,1,79,Bacon,Spinach,Tomatoes,Avocado,Mayonnaise,,,,Provolone cheese,Swiss cheese,Cheddar cheese,Parmesan cheese,Tomatoes,,,,5,5,5,1000,0,1000,0,1,999,,,,,,,,,,,,,,,
,,,,,,,,,,,,,44152,2020-02-24_12h57.14.798,SandwichStudy,3.2.4,MacIntel,60,"[""l""]",[0.41100001335144043],1,0,80,66,1,79,Bacon,Spinach,Tomatoes,Avocado,Mayonnaise,,,,Provolone cheese,Swiss cheese,Cheddar cheese,Parmesan cheese,Tomatoes,,,,5,5,5,1000,0,1000,0,1,999,,,,,,,,,,,,,,,
,,,,,,,,,,,,,44152,2020-02-24_12h57.14.798,SandwichStudy,3.2.4,MacIntel,60,"[""space""]",[0.2760000228881836],1,0,80,31,1,79,Spinach,Tomatoes,Cucumbers,Onions,Bell peppers,Avocado,Mayonnaise,,Turkey,Ham,Bacon,Swiss cheese,Lettuce,Tomatoes,Onions,,7,7,7,1000,0,1000,0,1,999,,,,,,,,,,,,,,,
,,,,,,,,,,,,,44152,2020-02-24_12h57.14.798,SandwichStudy,3.2.4,MacIntel,60,"[""space""]",[0.3250000476837158],1,0,80,31,1,79,Spinach,Tomatoes,Cucumbers,Onions,Bell peppers,Avocado,Mayonnaise,,Turkey,Ham,Bacon,Swiss cheese,Lettuce,Tomatoes,Onions,,7,7,7,1000,0,1000,0,1,999,,,,,,,,,,,,,,,
,,,,,,,,,,,,,44152,2020-02-24_12h57.14.798,SandwichStudy,3.2.4,MacIntel,60,"[""space""]",[0.7969999313354492],1,0,80,31,1,79,Spinach,Tomatoes,Cucumbers,Onions,Bell peppers,Avocado,Mayonnaise,,Turkey,Ham,Bacon,Swiss cheese,Lettuce,Tomatoes,Onions,,7,7,7,1000,0,1000,0,1,999,,,,,,,,,,,,,,,
,,,,,,,,,,,,,44152,2020-02-24_12h57.14.798,SandwichStudy,3.2.4,MacIntel,60,"[""space""]",[2.682000160217285],1,0,80,31,1,79,Spinach,Tomatoes,Cucumbers,Onions,Bell peppers,Avocado,Mayonnaise,,Turkey,Ham,Bacon,Swiss cheese,Lettuce,Tomatoes,Onions,,7,7,7,1000,0,1000,0,1,999,,,,,,,,,,,,,,,
,,,,,,,,,,,,,44152,2020-02-24_12h57.14.798,SandwichStudy,3.2.4,MacIntel,60,"[""space""]",[0.021000146865844727],1,0,80,31,1,79,Spinach,Tomatoes,Cucumbers,Onions,Bell peppers,Avocado,Mayonnaise,,Turkey,Ham,Bacon,Swiss cheese,Lettuce,Tomatoes,Onions,,7,7,7,1000,0,1000,0,1,999,,,,,,,,,,,,,,,
,,,,,,,,,,,,,44152,2020-02-24_12h57.14.798,SandwichStudy,3.2.4,MacIntel,60,"[""l""]",[1.9790000915527344],1,0,80,31,1,79,Spinach,Tomatoes,Cucumbers,Onions,Bell peppers,Avocado,Mayonnaise,,Turkey,Ham,Bacon,Swiss cheese,Lettuce,Tomatoes,Onions,,7,7,7,1000,0,1000,0,1,999,,,,,,,,,,,,,,,
,,,,,,,,,,,,,44152,2020-02-24_12h57.14.798,SandwichStudy,3.2.4,MacIntel,60,"[""space""]",[0.3379998207092285],1,0,80,29,1,79,Turkey,Garlic aioli,Bacon,Spinach,,,,,Chicken,Mayonnaise,Cheddar cheese,,,,,,4,4,3,1000,0,1000,0,1,999,,,,,,,,,,,,,,,
,,,,,,,,,,,,,44152,2020-02-24_12h57.14.798,SandwichStudy,3.2.4,MacIntel,60,"[""space""]",[0.0560002326965332],1,0,80,29,1,79,Turkey,Garlic aioli,Bacon,Spinach,,,,,Chicken,Mayonnaise,Cheddar cheese,,,,,,4,4,3,1000,0,1000,0,1,999,,,,,,,,,,,,,,,
,,,,,,,,,,,,,44152,2020-02-24_12h57.14.798,SandwichStudy,3.2.4,MacIntel,60,"[""a""]",[0.41699981689453125],1,0,80,29,1,79,Turkey,Garlic aioli,Bacon,Spinach,,,,,Chicken,Mayonnaise,Cheddar cheese,,,,,,4,4,3,1000,0,1000,0,1,999,,,,,,,,,,,,,,,
,,,,,,,,,,,,,44152,2020-02-24_12h57.14.798,SandwichStudy,3.2.4,MacIntel,60,"[""space""]",[0.2590000629425049],1,0,80,70,1,79,Pastrami,Swiss cheese,Coleslaw,,,,,,Chicken,Cheddar cheese,Bacon,Avocado,Ranch dressing,,,,5,3,5,1000,0,1000,0,1,999,,,,,,,,,,,,,,,
,,,,,,,,,,,,,44152,2020-02-24_12h57.14.798,SandwichStudy,3.2.4,MacIntel,60,"[""space""]",[0.005000114440917969],1,0,80,70,1,79,Pastrami,Swiss cheese,Coleslaw,,,,,,Chicken,Cheddar cheese,Bacon,Avocado,Ranch dressing,,,,5,3,5,1000,0,1000,0,1,999,,,,,,,,,,,,,,,
,,,,,,,,,,,,,44152,2020-02-24_12h57.14.798,SandwichStudy,3.2.4,MacIntel,60,"[""a""]",[0.45799994468688965],1,0,80,70,1,79,Pastrami,Swiss cheese,Coleslaw,,,,,,Chicken,Cheddar cheese,Bacon,Avocado,Ranch dressing,,,,5,3,5,1000,0,1000,0,1,999,,,,,,,,,,,,,,,
,,,,,,,,,,,,,44152,2020-02-24_12h57.14.798,SandwichStudy,3.2.4,MacIntel,60,"[""space""]",[0.17100000381469727],1,0,80,0,1,79,Onions,Bell peppers,Mushrooms,Jalapenos,American cheese,Steak,,,Bacon,Provolone cheese,Mushrooms,Parmesan cheese,,,,,6,6,4,1000,0,1000,0,1,999,,,,,,,,,,,,,,,
,,,,,,,,,,,,,44152,2020-02-24_12h57.14.798,SandwichStudy,3.2.4,MacIntel,60,"[""space""]",[0.02200007438659668],1,0,80,0,1,79,Onions,Bell peppers,Mushrooms,Jalapenos,American cheese,Steak,,,Bacon,Provolone cheese,Mushrooms,Parmesan cheese,,,,,6,6,4,1000,0,1000,0,1,999,,,,,,,,,,,,,,,
,,,,,,,,,,,,,44152,2020-02-24_12h57.14.798,SandwichStudy,3.2.4,MacIntel,60,"[""space""]",[0.2070000171661377],1,0,80,0,1,79,Onions,Bell peppers,Mushrooms,Jalapenos,American cheese,Steak,,,Bacon,Provolone cheese,Mushrooms,Parmesan cheese,,,,,6,6,4,1000,0,1000,0,1,999,,,,,,,,,,,,,,,
,,,,,,,,,,,,,44152,2020-02-24_12h57.14.798,SandwichStudy,3.2.4,MacIntel,60,"[""space""]",[0.12200021743774414],1,0,80,0,1,79,Onions,Bell peppers,Mushrooms,Jalapenos,American cheese,Steak,,,Bacon,Provolone cheese,Mushrooms,Parmesan cheese,,,,,6,6,4,1000,0,1000,0,1,999,,,,,,,,,,,,,,,
,,,,,,,,,,,,,44152,2020-02-24_12h57.14.798,SandwichStudy,3.2.4,MacIntel,60,"[""space""]",[0.0559999942779541],1,0,80,0,1,79,Onions,Bell peppers,Mushrooms,Jalapenos,American cheese,Steak,,,Bacon,Provolone cheese,Mushrooms,Parmesan cheese,,,,,6,6,4,1000,0,1000,0,1,999,,,,,,,,,,,,,,,
,,,,,,,,,,,,,44152,2020-02-24_12h57.14.798,SandwichStudy,3.2.4,MacIntel,60,"[""a""]",[0.22800016403198242],1,0,80,0,1,79,Onions,Bell peppers,Mushrooms,Jalapenos,American cheese,Steak,,,Bacon,Provolone cheese,Mushrooms,Parmesan cheese,,,,,6,6,4,1000,0,1000,0,1,999,,,,,,,,,,,,,,,
,,,,,,,,,,,,,44152,2020-02-24_12h57.14.798,SandwichStudy,3.2.4,MacIntel,60,"[""space""]",[0.30500006675720215],1,0,80,58,1,79,Chicken,Mayonnaise,Cheddar cheese,,,,,,Steak,Onions,Bell peppers,Provolone cheese,,,,,4,3,4,1000,0,1000,0,1,999,,,,,,,,,,,,,,,
,,,,,,,,,,,,,44152,2020-02-24_12h57.14.798,SandwichStudy,3.2.4,MacIntel,60,"[""space""]",[0.3409998416900635],1,0,80,58,1,79,Chicken,Mayonnaise,Cheddar cheese,,,,,,Steak,Onions,Bell peppers,Provolone cheese,,,,,4,3,4,1000,0,1000,0,1,999,,,,,,,,,,,,,,,
,,,,,,,,,,,,,44152,2020-02-24_12h57.14.798,SandwichStudy,3.2.4,MacIntel,60,"[""space""]",[0.2710001468658447],1,0,80,58,1,79,Chicken,Mayonnaise,Cheddar cheese,,,,,,Steak,Onions,Bell peppers,Provolone cheese,,,,,4,3,4,1000,0,1000,0,1,999,,,,,,,,,,,,,,,
,,,,,,,,,,,,,44152,2020-02-24_12h57.14.798,SandwichStudy,3.2.4,MacIntel,60,"[""a""]",[0.47499990463256836],1,0,80,58,1,79,Chicken,Mayonnaise,Cheddar cheese,,,,,,Steak,Onions,Bell peppers,Provolone cheese,,,,,4,3,4,1000,0,1000,0,1,999,,,,,,,,,,,,,,,
,,,,,,,,,,,,,44152,2020-02-24_12h57.14.798,SandwichStudy,3.2.4,MacIntel,60,"[""space""]",[0.34599995613098145],1,0,80,11,1,79,Pork,Ham,Swiss cheese,Pickles,Mustard,,,,Chicken,Bacon,Mustard,,,,,,5,5,3,1000,0,1000,0,1,999,,,,,,,,,,,,,,,
,,,,,,,,,,,,,44152,2020-02-24_12h57.14.798,SandwichStudy,3.2.4,MacIntel,60,"[""space""]",[0.029999971389770508],1,0,80,11,1,79,Pork,Ham,Swiss cheese,Pickles,Mustard,,,,Chicken,Bacon,Mustard,,,,,,5,5,3,1000,0,1000,0,1,999,,,,,,,,,,,,,,,
,,,,,,,,,,,,,44152,2020-02-24_12h57.14.798,SandwichStudy,3.2.4,MacIntel,60,"[""space""]",[0.40400004386901855],1,0,80,11,1,79,Pork,Ham,Swiss cheese,Pickles,Mustard,,,,Chicken,Bacon,Mustard,,,,,,5,5,3,1000,0,1000,0,1,999,,,,,,,,,,,,,,,
,,,,,,,,,,,,,44152,2020-02-24_12h57.14.798,SandwichStudy,3.2.4,MacIntel,60,"[""space""]",[0.30499982833862305],1,0,80,11,1,79,Pork,Ham,Swiss cheese,Pickles,Mustard,,,,Chicken,Bacon,Mustard,,,,,,5,5,3,1000,0,1000,0,1,999,,,,,,,,,,,,,,,
,,,,,,,,,,,,,44152,2020-02-24_12h57.14.798,SandwichStudy,3.2.4,MacIntel,60,"[""space""]",[1.3100001811981201],1,0,80,11,1,79,Pork,Ham,Swiss cheese,Pickles,Mustard,,,,Chicken,Bacon,Mustard,,,,,,5,5,3,1000,0,1000,0,1,999,,,,,,,,,,,,,,,
,,,,,,,,,,,,,44152,2020-02-24_12h57.14.798,SandwichStudy,3.2.4,MacIntel,60,"[""l""]",[1.2680001258850098],1,0,80,11,1,79,Pork,Ham,Swiss cheese,Pickles,Mustard,,,,Chicken,Bacon,Mustard,,,,,,5,5,3,1000,0,1000,0,1,999,,,,,,,,,,,,,,,
,,,,,,,,,,,,,44152,2020-02-24_12h57.14.798,SandwichStudy,3.2.4,MacIntel,60,"[""space""]",[1.128999948501587],1,0,80,77,1,79,Chicken,Lettuce,Tomatoes,Mayonnaise,,,,,Pepperoni,Meatballs,Marinara sauce,Provolone cheese,Mushrooms,,,,5,4,5,1000,0,1000,0,1,999,,,,,,,,,,,,,,,
,,,,,,,,,,,,,44152,2020-02-24_12h57.14.798,SandwichStudy,3.2.4,MacIntel,60,"[""a""]",[0.312000036239624],1,0,80,77,1,79,Chicken,Lettuce,Tomatoes,Mayonnaise,,,,,Pepperoni,Meatballs,Marinara sauce,Provolone cheese,Mushrooms,,,,5,4,5,1000,0,1000,0,1,999,,,,,,,,,,,,,,,
,,,,,,,,,,,,,44152,2020-02-24_12h57.14.798,SandwichStudy,3.2.4,MacIntel,60,"[""a""]",[0.5720000267028809],1,0,80,14,1,79,Steak,Bacon,American cheese,Tomatoes,Onions,Pickles,,,Bell peppers,Provolone cheese,Cucumbers,Spinach,Tomatoes,Onions,Hummus,,7,6,7,1000,0,1000,0,1,999,,,,,,,,,,,,,,,
,,,,,,,,,,,,,44152,2020-02-24_12h57.14.798,SandwichStudy,3.2.4,MacIntel,60,"[""space""]",[2.1110000610351562],1,0,80,61,1,79,Pork,Cucumbers,Pickles,Jalapenos,Basil,Mayonnaise,,,Turkey,Cheddar cheese,Bacon,,,,,,6,6,3,1000,0,1000,0,1,999,,,,,,,,,,,,,,,
,,,,,,,,,,,,,44152,2020-02-24_12h57.14.798,SandwichStudy,3.2.4,MacIntel,60,"[""space""]",[0.3210000991821289],1,0,80,61,1,79,Pork,Cucumbers,Pickles,Jalapenos,Basil,Mayonnaise,,,Turkey,Cheddar cheese,Bacon,,,,,,6,6,3,1000,0,1000,0,1,999,,,,,,,,,,,,,,,
,,,,,,,,,,,,,44152,2020-02-24_12h57.14.798,SandwichStudy,3.2.4,MacIntel,60,"[""space""]",[0.02200007438659668],1,0,80,61,1,79,Pork,Cucumbers,Pickles,Jalapenos,Basil,Mayonnaise,,,Turkey,Cheddar cheese,Bacon,,,,,,6,6,3,1000,0,1000,0,1,999,,,,,,,,,,,,,,,
,,,,,,,,,,,,,44152,2020-02-24_12h57.14.798,SandwichStudy,3.2.4,MacIntel,60,"[""space""]",[0.3210000991821289],1,0,80,61,1,79,Pork,Cucumbers,Pickles,Jalapenos,Basil,Mayonnaise,,,Turkey,Cheddar cheese,Bacon,,,,,,6,6,3,1000,0,1000,0,1,999,,,,,,,,,,,,,,,
,,,,,,,,,,,,,44152,2020-02-24_12h57.14.798,SandwichStudy,3.2.4,MacIntel,60,"[""l""]",[0.31100010871887207],1,0,80,61,1,79,Pork,Cucumbers,Pickles,Jalapenos,Basil,Mayonnaise,,,Turkey,Cheddar cheese,Bacon,,,,,,6,6,3,1000,0,1000,0,1,999,,,,,,,,,,,,,,,
,,,,,,,,,,,,,44152,2020-02-24_12h57.14.798,SandwichStudy,3.2.4,MacIntel,60,"[""space""]",[0.5460000038146973],1,0,80,73,1,79,Turkey,Avocado,Bacon,Garlic aioli,Tomatoes,Spinach,Onions,,Tuna,Lettuce,Tomatoes,Mayonnaise,,,,,7,7,4,1000,0,1000,0,1,999,,,,,,,,,,,,,,,
,,,,,,,,,,,,,44152,2020-02-24_12h57.14.798,SandwichStudy,3.2.4,MacIntel,60,"[""space""]",[0.7390000820159912],1,0,80,73,1,79,Turkey,Avocado,Bacon,Garlic aioli,Tomatoes,Spinach,Onions,,Tuna,Lettuce,Tomatoes,Mayonnaise,,,,,7,7,4,1000,0,1000,0,1,999,,,,,,,,,,,,,,,
,,,,,,,,,,,,,44152,2020-02-24_12h57.14.798,SandwichStudy,3.2.4,MacIntel,60,"[""l""]",[0.8469998836517334],1,0,80,73,1,79,Turkey,Avocado,Bacon,Garlic aioli,Tomatoes,Spinach,Onions,,Tuna,Lettuce,Tomatoes,Mayonnaise,,,,,7,7,4,1000,0,1000,0,1,999,,,,,,,,,,,,,,,
,,,,,,,,,,,,,44152,2020-02-24_12h57.14.798,SandwichStudy,3.2.4,MacIntel,60,"[""a""]",[0.18899989128112793],1,0,80,62,1,79,Cheddar cheese,Provolone cheese,Swiss cheese,Mushrooms,Mayonnaise,Lettuce,Tomatoes,,Bacon,Turkey,Pepper jack cheese,Mustard,,,,,7,7,4,1000,0,1000,0,1,999,,,,,,,,,,,,,,,
,,,,,,,,,,,,,44152,2020-02-24_12h57.14.798,SandwichStudy,3.2.4,MacIntel,60,"[""a""]",[0.562999963760376],1,0,80,25,1,79,Meatballs,Provolone cheese,Onions,Marinara sauce,,,,,Chicken,Pepper jack cheese,Ranch dressing,,,,,,4,4,3,1000,0,1000,0,1,999,,,,,,,,,,,,,,,
,,,,,,,,,,,,,44152,2020-02-24_12h57.14.798,SandwichStudy,3.2.4,MacIntel,60,"[""space""]",[0.2070000171661377],1,0,80,45,1,79,Bell peppers,Provolone cheese,Cucumbers,Spinach,Tomatoes,Onions,Hummus,,Roast beef,Bacon,Turkey,Mayonnaise,,,,,7,7,4,1000,0,1000,0,1,999,,,,,,,,,,,,,,,
,,,,,,,,,,,,,44152,2020-02-24_12h57.14.798,SandwichStudy,3.2.4,MacIntel,60,"[""a""]",[0.3560001850128174],1,0,80,45,1,79,Bell peppers,Provolone cheese,Cucumbers,Spinach,Tomatoes,Onions,Hummus,,Roast beef,Bacon,Turkey,Mayonnaise,,,,,7,7,4,1000,0,1000,0,1,999,,,,,,,,,,,,,,,
,,,,,,,,,,,,,44152,2020-02-24_12h57.14.798,SandwichStudy,3.2.4,MacIntel,60,"[""space""]",[0.2970001697540283],1,0,80,34,1,79,Avocado,Onions,Cucumbers,,,,,,Tuna,Basil,Cheddar cheese,Garlic aioli,Pickles,Onions,Tomatoes,Spinach,8,3,8,1000,0,1000,0,1,999,,,,,,,,,,,,,,,
,,,,,,,,,,,,,44152,2020-02-24_12h57.14.798,SandwichStudy,3.2.4,MacIntel,60,"[""space""]",[0.35500001907348633],1,0,80,34,1,79,Avocado,Onions,Cucumbers,,,,,,Tuna,Basil,Cheddar cheese,Garlic aioli,Pickles,Onions,Tomatoes,Spinach,8,3,8,1000,0,1000,0,1,999,,,,,,,,,,,,,,,
,,,,,,,,,,,,,44152,2020-02-24_12h57.14.798,SandwichStudy,3.2.4,MacIntel,60,"[""space""]",[0.25500011444091797],1,0,80,34,1,79,Avocado,Onions,Cucumbers,,,,,,Tuna,Basil,Cheddar cheese,Garlic aioli,Pickles,Onions,Tomatoes,Spinach,8,3,8,1000,0,1000,0,1,999,,,,,,,,,,,,,,,
,,,,,,,,,,,,,44152,2020-02-24_12h57.14.798,SandwichStudy,3.2.4,MacIntel,60,"[""space""]",[0.28600001335144043],1,0,80,34,1,79,Avocado,Onions,Cucumbers,,,,,,Tuna,Basil,Cheddar cheese,Garlic aioli,Pickles,Onions,Tomatoes,Spinach,8,3,8,1000,0,1000,0,1,999,,,,,,,,,,,,,,,
,,,,,,,,,,,,,44152,2020-02-24_12h57.14.798,SandwichStudy,3.2.4,MacIntel,60,"[""space""]",[0.2070000171661377],1,0,80,34,1,79,Avocado,Onions,Cucumbers,,,,,,Tuna,Basil,Cheddar cheese,Garlic aioli,Pickles,Onions,Tomatoes,Spinach,8,3,8,1000,0,1000,0,1,999,,,,,,,,,,,,,,,
,,,,,,,,,,,,,44152,2020-02-24_12h57.14.798,SandwichStudy,3.2.4,MacIntel,60,"[""a""]",[1.0920000076293945],1,0,80,34,1,79,Avocado,Onions,Cucumbers,,,,,,Tuna,Basil,Cheddar cheese,Garlic aioli,Pickles,Onions,Tomatoes,Spinach,8,3,8,1000,0,1000,0,1,999,,,,,,,,,,,,,,,
,,,,,,,,,,,,,44152,2020-02-24_12h57.14.798,SandwichStudy,3.2.4,MacIntel,60,"[""space""]",[0.38899993896484375],1,0,80,8,1,79,Chicken,Ham,Swiss cheese,Mayonnaise,,,,,Pepperoni,Meatballs,Marinara sauce,Provolone cheese,Mushrooms,,,,5,4,5,1000,0,1000,0,1,999,,,,,,,,,,,,,,,
,,,,,,,,,,,,,44152,2020-02-24_12h57.14.798,SandwichStudy,3.2.4,MacIntel,60,"[""space""]",[0.3919999599456787],1,0,80,8,1,79,Chicken,Ham,Swiss cheese,Mayonnaise,,,,,Pepperoni,Meatballs,Marinara sauce,Provolone cheese,Mushrooms,,,,5,4,5,1000,0,1000,0,1,999,,,,,,,,,,,,,,,
,,,,,,,,,,,,,44152,2020-02-24_12h57.14.798,SandwichStudy,3.2.4,MacIntel,60,"[""l""]",[0.6089999675750732],1,0,80,8,1,79,Chicken,Ham,Swiss cheese,Mayonnaise,,,,,Pepperoni,Meatballs,Marinara sauce,Provolone cheese,Mushrooms,,,,5,4,5,1000,0,1000,0,1,999,,,,,,,,,,,,,,,
,,,,,,,,,,,,,44152,2020-02-24_12h57.14.798,SandwichStudy,3.2.4,MacIntel,60,"[""space""]",[1.1970000267028809],1,0,80,16,1,79,Chicken,American cheese,Lettuce,Tomatoes,Mayonnaise,,,,Cheddar cheese,Avocado,Onions,Tomatoes,Mayonnaise,,,,5,5,5,1000,0,1000,0,1,999,,,,,,,,,,,,,,,
,,,,,,,,,,,,,44152,2020-02-24_12h57.14.798,SandwichStudy,3.2.4,MacIntel,60,"[""space""]",[0.04199981689453125],1,0,80,16,1,79,Chicken,American cheese,Lettuce,Tomatoes,Mayonnaise,,,,Cheddar cheese,Avocado,Onions,Tomatoes,Mayonnaise,,,,5,5,5,1000,0,1000,0,1,999,,,,,,,,,,,,,,,
,,,,,,,,,,,,,44152,2020-02-24_12h57.14.798,SandwichStudy,3.2.4,MacIntel,60,"[""space""]",[0.004000186920166016],1,0,80,16,1,79,Chicken,American cheese,Lettuce,Tomatoes,Mayonnaise,,,,Cheddar cheese,Avocado,Onions,Tomatoes,Mayonnaise,,,,5,5,5,1000,0,1000,0,1,999,,,,,,,,,,,,,,,
,,,,,,,,,,,,,44152,2020-02-24_12h57.14.798,SandwichStudy,3.2.4,MacIntel,60,"[""a""]",[0.5299999713897705],1,0,80,16,1,79,Chicken,American cheese,Lettuce,Tomatoes,Mayonnaise,,,,Cheddar cheese,Avocado,Onions,Tomatoes,Mayonnaise,,,,5,5,5,1000,0,1000,0,1,999,,,,,,,,,,,,,,,
,,,,,,,,,,,,,44152,2020-02-24_12h57.14.798,SandwichStudy,3.2.4,MacIntel,60,"[""space""]",[0.10500001907348633],1,0,80,10,1,79,Turkey,Cheddar cheese,Coleslaw,Spinach,Mustard,,,,Salami,Provolone cheese,Lettuce,Tomatoes,Mayonnaise,Mustard,,,6,5,6,1000,0,1000,0,1,999,,,,,,,,,,,,,,,
,,,,,,,,,,,,,44152,2020-02-24_12h57.14.798,SandwichStudy,3.2.4,MacIntel,60,"[""space""]",[0.1380000114440918],1,0,80,10,1,79,Turkey,Cheddar cheese,Coleslaw,Spinach,Mustard,,,,Salami,Provolone cheese,Lettuce,Tomatoes,Mayonnaise,Mustard,,,6,5,6,1000,0,1000,0,1,999,,,,,,,,,,,,,,,
,,,,,,,,,,,,,44152,2020-02-24_12h57.14.798,SandwichStudy,3.2.4,MacIntel,60,"[""space""]",[0.04800009727478027],1,0,80,10,1,79,Turkey,Cheddar cheese,Coleslaw,Spinach,Mustard,,,,Salami,Provolone cheese,Lettuce,Tomatoes,Mayonnaise,Mustard,,,6,5,6,1000,0,1000,0,1,999,,,,,,,,,,,,,,,
,,,,,,,,,,,,,44152,2020-02-24_12h57.14.798,SandwichStudy,3.2.4,MacIntel,60,"[""space""]",[0.3249998092651367],1,0,80,10,1,79,Turkey,Cheddar cheese,Coleslaw,Spinach,Mustard,,,,Salami,Provolone cheese,Lettuce,Tomatoes,Mayonnaise,Mustard,,,6,5,6,1000,0,1000,0,1,999,,,,,,,,,,,,,,,
,,,,,,,,,,,,,44152,2020-02-24_12h57.14.798,SandwichStudy,3.2.4,MacIntel,60,"[""space""]",[0.3900001049041748],1,0,80,10,1,79,Turkey,Cheddar cheese,Coleslaw,Spinach,Mustard,,,,Salami,Provolone cheese,Lettuce,Tomatoes,Mayonnaise,Mustard,,,6,5,6,1000,0,1000,0,1,999,,,,,,,,,,,,,,,
,,,,,,,,,,,,,44152,2020-02-24_12h57.14.798,SandwichStudy,3.2.4,MacIntel,60,"[""a""]",[0.34399986267089844],1,0,80,10,1,79,Turkey,Cheddar cheese,Coleslaw,Spinach,Mustard,,,,Salami,Provolone cheese,Lettuce,Tomatoes,Mayonnaise,Mustard,,,6,5,6,1000,0,1000,0,1,999,,,,,,,,,,,,,,,
,,,,,,,,,,,,,44152,2020-02-24_12h57.14.798,SandwichStudy,3.2.4,MacIntel,60,"[""space""]",[0.20199990272521973],1,0,80,36,1,79,Chicken,Bell peppers,Bacon,Provolone cheese,Ranch dressing,Lettuce,Tomatoes,,Pastrami,Cheddar cheese,Mustard,Pickles,,,,,7,7,4,1000,0,1000,0,1,999,,,,,,,,,,,,,,,
,,,,,,,,,,,,,44152,2020-02-24_12h57.14.798,SandwichStudy,3.2.4,MacIntel,60,"[""space""]",[0.0280001163482666],1,0,80,36,1,79,Chicken,Bell peppers,Bacon,Provolone cheese,Ranch dressing,Lettuce,Tomatoes,,Pastrami,Cheddar cheese,Mustard,Pickles,,,,,7,7,4,1000,0,1000,0,1,999,,,,,,,,,,,,,,,
,,,,,,,,,,,,,44152,2020-02-24_12h57.14.798,SandwichStudy,3.2.4,MacIntel,60,"[""space""]",[0.2609999179840088],1,0,80,36,1,79,Chicken,Bell peppers,Bacon,Provolone cheese,Ranch dressing,Lettuce,Tomatoes,,Pastrami,Cheddar cheese,Mustard,Pickles,,,,,7,7,4,1000,0,1000,0,1,999,,,,,,,,,,,,,,,
,,,,,,,,,,,,,44152,2020-02-24_12h57.14.798,SandwichStudy,3.2.4,MacIntel,60,"[""a""]",[0.3730001449584961],1,0,80,36,1,79,Chicken,Bell peppers,Bacon,Provolone cheese,Ranch dressing,Lettuce,Tomatoes,,Pastrami,Cheddar cheese,Mustard,Pickles,,,,,7,7,4,1000,0,1000,0,1,999,,,,,,,,,,,,,,,
,,,,,,,,,,,,,44152,2020-02-24_12h57.14.798,SandwichStudy,3.2.4,MacIntel,60,"[""space""]",[0.10500001907348633],1,0,80,5,1,79,Chicken,Cheddar cheese,Mayonnaise,,,,,,Turkey,Provolone cheese,Pesto,Bell peppers,,,,,4,3,4,1000,0,1000,0,1,999,,,,,,,,,,,,,,,
,,,,,,,,,,,,,44152,2020-02-24_12h57.14.798,SandwichStudy,3.2.4,MacIntel,60,"[""space""]",[0.3080000877380371],1,0,80,5,1,79,Chicken,Cheddar cheese,Mayonnaise,,,,,,Turkey,Provolone cheese,Pesto,Bell peppers,,,,,4,3,4,1000,0,1000,0,1,999,,,,,,,,,,,,,,,
,,,,,,,,,,,,,44152,2020-02-24_12h57.14.798,SandwichStudy,3.2.4,MacIntel,60,"[""space""]",[0.21299982070922852],1,0,80,5,1,79,Chicken,Cheddar cheese,Mayonnaise,,,,,,Turkey,Provolone cheese,Pesto,Bell peppers,,,,,4,3,4,1000,0,1000,0,1,999,,,,,,,,,,,,,,,
,,,,,,,,,,,,,44152,2020-02-24_12h57.14.798,SandwichStudy,3.2.4,MacIntel,60,"[""a""]",[0.9470000267028809],1,0,80,5,1,79,Chicken,Cheddar cheese,Mayonnaise,,,,,,Turkey,Provolone cheese,Pesto,Bell peppers,,,,,4,3,4,1000,0,1000,0,1,999,,,,,,,,,,,,,,,
,,,,,,,,,,,,,44152,2020-02-24_12h57.14.798,SandwichStudy,3.2.4,MacIntel,60,"[""space""]",[0.23799991607666016],1,0,80,51,1,79,Turkey,Provolone cheese,Pesto,Bell peppers,,,,,Swiss cheese,Provolone cheese,Bell peppers,Tomatoes,Onions,,,,5,4,5,1000,0,1000,0,1,999,,,,,,,,,,,,,,,
,,,,,,,,,,,,,44152,2020-02-24_12h57.14.798,SandwichStudy,3.2.4,MacIntel,60,"[""space""]",[0.28999996185302734],1,0,80,51,1,79,Turkey,Provolone cheese,Pesto,Bell peppers,,,,,Swiss cheese,Provolone cheese,Bell peppers,Tomatoes,Onions,,,,5,4,5,1000,0,1000,0,1,999,,,,,,,,,,,,,,,
,,,,,,,,,,,,,44152,2020-02-24_12h57.14.798,SandwichStudy,3.2.4,MacIntel,60,"[""space""]",[0.379000186920166],1,0,80,51,1,79,Turkey,Provolone cheese,Pesto,Bell peppers,,,,,Swiss cheese,Provolone cheese,Bell peppers,Tomatoes,Onions,,,,5,4,5,1000,0,1000,0,1,999,,,,,,,,,,,,,,,
,,,,,,,,,,,,,44152,2020-02-24_12h57.14.798,SandwichStudy,3.2.4,MacIntel,60,"[""space""]",[1.1500000953674316],1,0,80,51,1,79,Turkey,Provolone cheese,Pesto,Bell peppers,,,,,Swiss cheese,Provolone cheese,Bell peppers,Tomatoes,Onions,,,,5,4,5,1000,0,1000,0,1,999,,,,,,,,,,,,,,,
,,,,,,,,,,,,,44152,2020-02-24_12h57.14.798,SandwichStudy,3.2.4,MacIntel,60,"[""l""]",[1.0440001487731934],1,0,80,51,1,79,Turkey,Provolone cheese,Pesto,Bell peppers,,,,,Swiss cheese,Provolone cheese,Bell peppers,Tomatoes,Onions,,,,5,4,5,1000,0,1000,0,1,999,,,,,,,,,,,,,,,
,,,,,,,,,,,,,44152,2020-02-24_12h57.14.798,SandwichStudy,3.2.4,MacIntel,60,"[""l""]",[0.40799999237060547],1,0,80,24,1,79,Steak,Onions,Bell peppers,Provolone cheese,,,,,Tuna,Lettuce,Tomatoes,Mayonnaise,,,,,4,4,4,1000,0,1000,0,1,999,,,,,,,,,,,,,,,
,,,,,,,,,,,,,44152,2020-02-24_12h57.14.798,SandwichStudy,3.2.4,MacIntel,60,"[""space""]",[2.1090002059936523],1,0,80,79,1,79,Salami,Roast beef,Turkey,Ham,Swiss cheese,Lettuce,Tomatoes,Mayonnaise,Turkey,Cheddar cheese,Mayonnaise,,,,,,8,8,3,1000,0,1000,0,1,999,,,,,,,,,,,,,,,
,,,,,,,,,,,,,44152,2020-02-24_12h57.14.798,SandwichStudy,3.2.4,MacIntel,60,"[""l""]",[0.3940000534057617],1,0,80,79,1,79,Salami,Roast beef,Turkey,Ham,Swiss cheese,Lettuce,Tomatoes,Mayonnaise,Turkey,Cheddar cheese,Mayonnaise,,,,,,8,8,3,1000,0,1000,0,1,999,,,,,,,,,,,,,,,
,,,,,,,,,,,,,44152,2020-02-24_12h57.14.798,SandwichStudy,3.2.4,MacIntel,60,"[""space""]",[0.2990000247955322],1,0,80,1,1,79,Tomatoes,Mozzarella cheese,Spinach,Pesto,,,,,Ham,Swiss cheese,Mustard,,,,,,4,4,3,1000,0,1000,0,1,999,,,,,,,,,,,,,,,
,,,,,,,,,,,,,44152,2020-02-24_12h57.14.798,SandwichStudy,3.2.4,MacIntel,60,"[""space""]",[0.04800009727478027],1,0,80,1,1,79,Tomatoes,Mozzarella cheese,Spinach,Pesto,,,,,Ham,Swiss cheese,Mustard,,,,,,4,4,3,1000,0,1000,0,1,999,,,,,,,,,,,,,,,
,,,,,,,,,,,,,44152,2020-02-24_12h57.14.798,SandwichStudy,3.2.4,MacIntel,60,"[""a""]",[0.0969998836517334],1,0,80,1,1,79,Tomatoes,Mozzarella cheese,Spinach,Pesto,,,,,Ham,Swiss cheese,Mustard,,,,,,4,4,3,1000,0,1000,0,1,999,,,,,,,,,,,,,,,
,,,,,,,,,,,,,44152,2020-02-24_12h57.14.798,SandwichStudy,3.2.4,MacIntel,60,"[""space""]",[0.2760000228881836],1,0,80,21,1,79,Chicken,Ham,Cheddar cheese,Mayonnaise,,,,,Turkey,Bacon,Avocado,Provolone cheese,Lettuce,Tomatoes,Onions,Ranch dressing,8,4,8,1000,0,1000,0,1,999,,,,,,,,,,,,,,,
,,,,,,,,,,,,,44152,2020-02-24_12h57.14.798,SandwichStudy,3.2.4,MacIntel,60,"[""space""]",[0.12100005149841309],1,0,80,21,1,79,Chicken,Ham,Cheddar cheese,Mayonnaise,,,,,Turkey,Bacon,Avocado,Provolone cheese,Lettuce,Tomatoes,Onions,Ranch dressing,8,4,8,1000,0,1000,0,1,999,,,,,,,,,,,,,,,
,,,,,,,,,,,,,44152,2020-02-24_12h57.14.798,SandwichStudy,3.2.4,MacIntel,60,"[""l""]",[0.07800006866455078],1,0,80,21,1,79,Chicken,Ham,Cheddar cheese,Mayonnaise,,,,,Turkey,Bacon,Avocado,Provolone cheese,Lettuce,Tomatoes,Onions,Ranch dressing,8,4,8,1000,0,1000,0,1,999,,,,,,,,,,,,,,,
,,,,,,,,,,,,,44152,2020-02-24_12h57.14.798,SandwichStudy,3.2.4,MacIntel,60,"[""space""]",[0.08699989318847656],1,0,80,68,1,79,Tomatoes,Mozzarella cheese,Spinach,Pesto,,,,,Steak,Bacon,American cheese,Tomatoes,Onions,Pickles,,,6,4,6,1000,0,1000,0,1,999,,,,,,,,,,,,,,,
,,,,,,,,,,,,,44152,2020-02-24_12h57.14.798,SandwichStudy,3.2.4,MacIntel,60,"[""space""]",[0.07400012016296387],1,0,80,68,1,79,Tomatoes,Mozzarella cheese,Spinach,Pesto,,,,,Steak,Bacon,American cheese,Tomatoes,Onions,Pickles,,,6,4,6,1000,0,1000,0,1,999,,,,,,,,,,,,,,,
,,,,,,,,,,,,,44152,2020-02-24_12h57.14.798,SandwichStudy,3.2.4,MacIntel,60,"[""a""]",[0.9270000457763672],1,0,80,68,1,79,Tomatoes,Mozzarella cheese,Spinach,Pesto,,,,,Steak,Bacon,American cheese,Tomatoes,Onions,Pickles,,,6,4,6,1000,0,1000,0,1,999,,,,,,,,,,,,,,,
,,,,,,,,,,,,,44152,2020-02-24_12h57.14.798,SandwichStudy,3.2.4,MacIntel,60,"[""space""]",[0.043000221252441406],1,0,80,47,1,79,Chicken,Cheddar cheese,Mayonnaise,,,,,,Turkey,Cheddar cheese,Coleslaw,Spinach,Mustard,,,,5,3,5,1000,0,1000,0,1,999,,,,,,,,,,,,,,,
,,,,,,,,,,,,,44152,2020-02-24_12h57.14.798,SandwichStudy,3.2.4,MacIntel,60,"[""space""]",[0.25499987602233887],1,0,80,47,1,79,Chicken,Cheddar cheese,Mayonnaise,,,,,,Turkey,Cheddar cheese,Coleslaw,Spinach,Mustard,,,,5,3,5,1000,0,1000,0,1,999,,,,,,,,,,,,,,,
,,,,,,,,,,,,,44152,2020-02-24_12h57.14.798,SandwichStudy,3.2.4,MacIntel,60,"[""a""]",[0.07800006866455078],1,0,80,47,1,79,Chicken,Cheddar cheese,Mayonnaise,,,,,,Turkey,Cheddar cheese,Coleslaw,Spinach,Mustard,,,,5,3,5,1000,0,1000,0,1,999,,,,,,,,,,,,,,,
,,,,,,,,,,,,,44152,2020-02-24_12h57.14.798,SandwichStudy,3.2.4,MacIntel,60,"[""space""]",[0.0710000991821289],1,0,80,27,1,79,Mushrooms,Swiss cheese,Provolone cheese,Cheddar cheese,Lettuce,Tomatoes,,,Avocado,Spinach,Tomatoes,Swiss cheese,,,,,6,6,4,1000,0,1000,0,1,999,,,,,,,,,,,,,,,
,,,,,,,,,,,,,44152,2020-02-24_12h57.14.798,SandwichStudy,3.2.4,MacIntel,60,"[""space""]",[0.2389998435974121],1,0,80,27,1,79,Mushrooms,Swiss cheese,Provolone cheese,Cheddar cheese,Lettuce,Tomatoes,,,Avocado,Spinach,Tomatoes,Swiss cheese,,,,,6,6,4,1000,0,1000,0,1,999,,,,,,,,,,,,,,,
,,,,,,,,,,,,,44152,2020-02-24_12h57.14.798,SandwichStudy,3.2.4,MacIntel,60,"[""l""]",[0.4570000171661377],1,0,80,27,1,79,Mushrooms,Swiss cheese,Provolone cheese,Cheddar cheese,Lettuce,Tomatoes,,,Avocado,Spinach,Tomatoes,Swiss cheese,,,,,6,6,4,1000,0,1000,0,1,999,,,,,,,,,,,,,,,
,,,,,,,,,,,,,44152,2020-02-24_12h57.14.798,SandwichStudy,3.2.4,MacIntel,60,"[""space""]",[0.09100008010864258],1,0,80,69,1,79,Chicken,Garlic aioli,Pickles,Cucumbers,Jalapenos,Basil,,,Chicken,Bacon,Cheddar cheese,Swiss cheese,Spinach,Tomatoes,Mayonnaise,Mustard,8,6,8,1000,0,1000,0,1,999,,,,,,,,,,,,,,,
,,,,,,,,,,,,,44152,2020-02-24_12h57.14.798,SandwichStudy,3.2.4,MacIntel,60,"[""space""]",[0.29000020027160645],1,0,80,69,1,79,Chicken,Garlic aioli,Pickles,Cucumbers,Jalapenos,Basil,,,Chicken,Bacon,Cheddar cheese,Swiss cheese,Spinach,Tomatoes,Mayonnaise,Mustard,8,6,8,1000,0,1000,0,1,999,,,,,,,,,,,,,,,
,,,,,,,,,,,,,44152,2020-02-24_12h57.14.798,SandwichStudy,3.2.4,MacIntel,60,"[""space""]",[0.21000003814697266],1,0,80,69,1,79,Chicken,Garlic aioli,Pickles,Cucumbers,Jalapenos,Basil,,,Chicken,Bacon,Cheddar cheese,Swiss cheese,Spinach,Tomatoes,Mayonnaise,Mustard,8,6,8,1000,0,1000,0,1,999,,,,,,,,,,,,,,,
,,,,,,,,,,,,,44152,2020-02-24_12h57.14.798,SandwichStudy,3.2.4,MacIntel,60,"[""space""]",[0.059999942779541016],1,0,80,69,1,79,Chicken,Garlic aioli,Pickles,Cucumbers,Jalapenos,Basil,,,Chicken,Bacon,Cheddar cheese,Swiss cheese,Spinach,Tomatoes,Mayonnaise,Mustard,8,6,8,1000,0,1000,0,1,999,,,,,,,,,,,,,,,
,,,,,,,,,,,,,44152,2020-02-24_12h57.14.798,SandwichStudy,3.2.4,MacIntel,60,"[""l""]",[0.15799999237060547],1,0,80,69,1,79,Chicken,Garlic aioli,Pickles,Cucumbers,Jalapenos,Basil,,,Chicken,Bacon,Cheddar cheese,Swiss cheese,Spinach,Tomatoes,Mayonnaise,Mustard,8,6,8,1000,0,1000,0,1,999,,,,,,,,,,,,,,,
,,,,,,,,,,,,,44152,2020-02-24_12h57.14.798,SandwichStudy,3.2.4,MacIntel,60,"[""space""]",[0.2909998893737793],1,0,80,72,1,79,Chicken,Mozzarella cheese,Tomatoes,Onions,Basil,Mayonnaise,,,Chicken,American cheese,Coleslaw,Tomatoes,Pickles,Mayonnaise,,,6,6,6,1000,0,1000,0,1,999,,,,,,,,,,,,,,,
,,,,,,,,,,,,,44152,2020-02-24_12h57.14.798,SandwichStudy,3.2.4,MacIntel,60,"[""space""]",[0.25500011444091797],1,0,80,72,1,79,Chicken,Mozzarella cheese,Tomatoes,Onions,Basil,Mayonnaise,,,Chicken,American cheese,Coleslaw,Tomatoes,Pickles,Mayonnaise,,,6,6,6,1000,0,1000,0,1,999,,,,,,,,,,,,,,,
,,,,,,,,,,,,,44152,2020-02-24_12h57.14.798,SandwichStudy,3.2.4,MacIntel,60,"[""space""]",[0.2720000743865967],1,0,80,72,1,79,Chicken,Mozzarella cheese,Tomatoes,Onions,Basil,Mayonnaise,,,Chicken,American cheese,Coleslaw,Tomatoes,Pickles,Mayonnaise,,,6,6,6,1000,0,1000,0,1,999,,,,,,,,,,,,,,,
,,,,,,,,,,,,,44152,2020-02-24_12h57.14.798,SandwichStudy,3.2.4,MacIntel,60,"[""space""]",[0.309999942779541],1,0,80,72,1,79,Chicken,Mozzarella cheese,Tomatoes,Onions,Basil,Mayonnaise,,,Chicken,American cheese,Coleslaw,Tomatoes,Pickles,Mayonnaise,,,6,6,6,1000,0,1000,0,1,999,,,,,,,,,,,,,,,
,,,,,,,,,,,,,44152,2020-02-24_12h57.14.798,SandwichStudy,3.2.4,MacIntel,60,"[""space""]",[0.24300003051757812],1,0,80,72,1,79,Chicken,Mozzarella cheese,Tomatoes,Onions,Basil,Mayonnaise,,,Chicken,American cheese,Coleslaw,Tomatoes,Pickles,Mayonnaise,,,6,6,6,1000,0,1000,0,1,999,,,,,,,,,,,,,,,
,,,,,,,,,,,,,44152,2020-02-24_12h57.14.798,SandwichStudy,3.2.4,MacIntel,60,"[""a""]",[1.4650001525878906],1,0,80,72,1,79,Chicken,Mozzarella cheese,Tomatoes,Onions,Basil,Mayonnaise,,,Chicken,American cheese,Coleslaw,Tomatoes,Pickles,Mayonnaise,,,6,6,6,1000,0,1000,0,1,999,,,,,,,,,,,,,,,
,,,,,,,,,,,,,44152,2020-02-24_12h57.14.798,SandwichStudy,3.2.4,MacIntel,60,"[""space""]",[0.042999982833862305],1,0,80,46,1,79,Turkey,Ham,Bacon,Swiss cheese,Lettuce,Tomatoes,Onions,,Chicken,Pickles,Basil,Tomatoes,Cucumbers,,,,7,7,5,1000,0,1000,0,1,999,,,,,,,,,,,,,,,
,,,,,,,,,,,,,44152,2020-02-24_12h57.14.798,SandwichStudy,3.2.4,MacIntel,60,"[""space""]",[0.2910001277923584],1,0,80,46,1,79,Turkey,Ham,Bacon,Swiss cheese,Lettuce,Tomatoes,Onions,,Chicken,Pickles,Basil,Tomatoes,Cucumbers,,,,7,7,5,1000,0,1000,0,1,999,,,,,,,,,,,,,,,
,,,,,,,,,,,,,44152,2020-02-24_12h57.14.798,SandwichStudy,3.2.4,MacIntel,60,"[""space""]",[0.44099998474121094],1,0,80,46,1,79,Turkey,Ham,Bacon,Swiss cheese,Lettuce,Tomatoes,Onions,,Chicken,Pickles,Basil,Tomatoes,Cucumbers,,,,7,7,5,1000,0,1000,0,1,999,,,,,,,,,,,,,,,
,,,,,,,,,,,,,44152,2020-02-24_12h57.14.798,SandwichStudy,3.2.4,MacIntel,60,"[""a""]",[1.123999834060669],1,0,80,46,1,79,Turkey,Ham,Bacon,Swiss cheese,Lettuce,Tomatoes,Onions,,Chicken,Pickles,Basil,Tomatoes,Cucumbers,,,,7,7,5,1000,0,1000,0,1,999,,,,,,,,,,,,,,,
,,,,,,,,,,,,,44152,2020-02-24_12h57.14.798,SandwichStudy,3.2.4,MacIntel,60,"[""space""]",[0.3429999351501465],1,0,80,52,1,79,Cheddar cheese,Avocado,Onions,Tomatoes,Mayonnaise,,,,Bacon,Ham,Turkey,Mayonnaise,Cheddar cheese,Tomatoes,Spinach,Swiss cheese,8,5,8,1000,0,1000,0,1,999,,,,,,,,,,,,,,,
,,,,,,,,,,,,,44152,2020-02-24_12h57.14.798,SandwichStudy,3.2.4,MacIntel,60,"[""l""]",[0.27699995040893555],1,0,80,52,1,79,Cheddar cheese,Avocado,Onions,Tomatoes,Mayonnaise,,,,Bacon,Ham,Turkey,Mayonnaise,Cheddar cheese,Tomatoes,Spinach,Swiss cheese,8,5,8,1000,0,1000,0,1,999,,,,,,,,,,,,,,,
,,,,,,,,,,,,,44152,2020-02-24_12h57.14.798,SandwichStudy,3.2.4,MacIntel,60,"[""space""]",[0.15700006484985352],1,0,80,7,1,79,Mozzarella cheese,Bell peppers,Pesto,Spinach,,,,,Ham,Lettuce,Tomatoes,Mayonnaise,Mustard,,,,5,4,5,1000,0,1000,0,1,999,,,,,,,,,,,,,,,
,,,,,,,,,,,,,44152,2020-02-24_12h57.14.798,SandwichStudy,3.2.4,MacIntel,60,"[""space""]",[0.24699997901916504],1,0,80,7,1,79,Mozzarella cheese,Bell peppers,Pesto,Spinach,,,,,Ham,Lettuce,Tomatoes,Mayonnaise,Mustard,,,,5,4,5,1000,0,1000,0,1,999,,,,,,,,,,,,,,,
,,,,,,,,,,,,,44152,2020-02-24_12h57.14.798,SandwichStudy,3.2.4,MacIntel,60,"[""space""]",[0.32899999618530273],1,0,80,7,1,79,Mozzarella cheese,Bell peppers,Pesto,Spinach,,,,,Ham,Lettuce,Tomatoes,Mayonnaise,Mustard,,,,5,4,5,1000,0,1000,0,1,999,,,,,,,,,,,,,,,
,,,,,,,,,,,,,44152,2020-02-24_12h57.14.798,SandwichStudy,3.2.4,MacIntel,60,"[""space""]",[0.11400008201599121],1,0,80,7,1,79,Mozzarella cheese,Bell peppers,Pesto,Spinach,,,,,Ham,Lettuce,Tomatoes,Mayonnaise,Mustard,,,,5,4,5,1000,0,1000,0,1,999,,,,,,,,,,,,,,,
,,,,,,,,,,,,,44152,2020-02-24_12h57.14.798,SandwichStudy,3.2.4,MacIntel,60,"[""l""]",[0.8399999141693115],1,0,80,7,1,79,Mozzarella cheese,Bell peppers,Pesto,Spinach,,,,,Ham,Lettuce,Tomatoes,Mayonnaise,Mustard,,,,5,4,5,1000,0,1000,0,1,999,,,,,,,,,,,,,,,
,,,,,,,,,,,,,44152,2020-02-24_12h57.14.798,SandwichStudy,3.2.4,MacIntel,60,"[""space""]",[0.06099987030029297],1,0,80,42,1,79,Chicken,Bacon,Feta cheese,Bell peppers,Basil,Garlic aioli,,,Turkey,Ham,Cheddar cheese,Mayonnaise,,,,,6,6,4,1000,0,1000,0,1,999,,,,,,,,,,,,,,,
,,,,,,,,,,,,,44152,2020-02-24_12h57.14.798,SandwichStudy,3.2.4,MacIntel,60,"[""space""]",[0.32700014114379883],1,0,80,42,1,79,Chicken,Bacon,Feta cheese,Bell peppers,Basil,Garlic aioli,,,Turkey,Ham,Cheddar cheese,Mayonnaise,,,,,6,6,4,1000,0,1000,0,1,999,,,,,,,,,,,,,,,
,,,,,,,,,,,,,44152,2020-02-24_12h57.14.798,SandwichStudy,3.2.4,MacIntel,60,"[""space""]",[0.21300005912780762],1,0,80,42,1,79,Chicken,Bacon,Feta cheese,Bell peppers,Basil,Garlic aioli,,,Turkey,Ham,Cheddar cheese,Mayonnaise,,,,,6,6,4,1000,0,1000,0,1,999,,,,,,,,,,,,,,,
,,,,,,,,,,,,,44152,2020-02-24_12h57.14.798,SandwichStudy,3.2.4,MacIntel,60,"[""l""]",[0.9659998416900635],1,0,80,42,1,79,Chicken,Bacon,Feta cheese,Bell peppers,Basil,Garlic aioli,,,Turkey,Ham,Cheddar cheese,Mayonnaise,,,,,6,6,4,1000,0,1000,0,1,999,,,,,,,,,,,,,,,
,,,,,,,,,,,,,44152,2020-02-24_12h57.14.798,SandwichStudy,3.2.4,MacIntel,60,"[""space""]",[0.3900001049041748],1,0,80,74,1,79,Mushrooms,Swiss cheese,Provolone cheese,Cheddar cheese,Lettuce,Tomatoes,,,Roast beef,Pastrami,Swiss cheese,Mustard,,,,,6,6,4,1000,0,1000,0,1,999,,,,,,,,,,,,,,,
,,,,,,,,,,,,,44152,2020-02-24_12h57.14.798,SandwichStudy,3.2.4,MacIntel,60,"[""l""]",[0.24500012397766113],1,0,80,74,1,79,Mushrooms,Swiss cheese,Provolone cheese,Cheddar cheese,Lettuce,Tomatoes,,,Roast beef,Pastrami,Swiss cheese,Mustard,,,,,6,6,4,1000,0,1000,0,1,999,,,,,,,,,,,,,,,
,,,,,,,,,,,,,44152,2020-02-24_12h57.14.798,SandwichStudy,3.2.4,MacIntel,60,"[""space""]",[0.0970001220703125],1,0,80,37,1,79,Turkey,Ham,Cheddar cheese,Mayonnaise,,,,,Chicken,Ham,Swiss cheese,Mayonnaise,Mustard,,,,5,4,5,1000,0,1000,0,1,999,,,,,,,,,,,,,,,
,,,,,,,,,,,,,44152,2020-02-24_12h57.14.798,SandwichStudy,3.2.4,MacIntel,60,"[""space""]",[0.37600016593933105],1,0,80,37,1,79,Turkey,Ham,Cheddar cheese,Mayonnaise,,,,,Chicken,Ham,Swiss cheese,Mayonnaise,Mustard,,,,5,4,5,1000,0,1000,0,1,999,,,,,,,,,,,,,,,
,,,,,,,,,,,,,44152,2020-02-24_12h57.14.798,SandwichStudy,3.2.4,MacIntel,60,"[""space""]",[0.27700018882751465],1,0,80,37,1,79,Turkey,Ham,Cheddar cheese,Mayonnaise,,,,,Chicken,Ham,Swiss cheese,Mayonnaise,Mustard,,,,5,4,5,1000,0,1000,0,1,999,,,,,,,,,,,,,,,
,,,,,,,,,,,,,44152,2020-02-24_12h57.14.798,SandwichStudy,3.2.4,MacIntel,60,"[""space""]",[0.05500006675720215],1,0,80,37,1,79,Turkey,Ham,Cheddar cheese,Mayonnaise,,,,,Chicken,Ham,Swiss cheese,Mayonnaise,Mustard,,,,5,4,5,1000,0,1000,0,1,999,,,,,,,,,,,,,,,
,,,,,,,,,,,,,44152,2020-02-24_12h57.14.798,SandwichStudy,3.2.4,MacIntel,60,"[""a""]",[0.30699992179870605],1,0,80,37,1,79,Turkey,Ham,Cheddar cheese,Mayonnaise,,,,,Chicken,Ham,Swiss cheese,Mayonnaise,Mustard,,,,5,4,5,1000,0,1000,0,1,999,,,,,,,,,,,,,,,
,,,,,,,,,,,,,44152,2020-02-24_12h57.14.798,SandwichStudy,3.2.4,MacIntel,60,"[""space""]",[0.14100003242492676],1,0,80,59,1,79,Chicken,Ham,Cheddar cheese,Mayonnaise,,,,,Turkey,Garlic aioli,Bacon,Spinach,,,,,4,4,4,1000,0,1000,0,1,999,,,,,,,,,,,,,,,
,,,,,,,,,,,,,44152,2020-02-24_12h57.14.798,SandwichStudy,3.2.4,MacIntel,60,"[""space""]",[0.31099987030029297],1,0,80,59,1,79,Chicken,Ham,Cheddar cheese,Mayonnaise,,,,,Turkey,Garlic aioli,Bacon,Spinach,,,,,4,4,4,1000,0,1000,0,1,999,,,,,,,,,,,,,,,
,,,,,,,,,,,,,44152,2020-02-24_12h57.14.798,SandwichStudy,3.2.4,MacIntel,60,"[""a""]",[0.006000041961669922],1,0,80,59,1,79,Chicken,Ham,Cheddar cheese,Mayonnaise,,,,,Turkey,Garlic aioli,Bacon,Spinach,,,,,4,4,4,1000,0,1000,0,1,999,,,,,,,,,,,,,,,
,,,,,,,,,,,,,44152,2020-02-24_12h57.14.798,SandwichStudy,3.2.4,MacIntel,60,"[""space""]",[0.4050002098083496],1,0,80,57,1,79,Avocado,Spinach,Tomatoes,Swiss cheese,,,,,Chicken,Ham,Swiss cheese,Mayonnaise,Mustard,,,,5,4,5,1000,0,1000,0,1,999,,,,,,,,,,,,,,,
,,,,,,,,,,,,,44152,2020-02-24_12h57.14.798,SandwichStudy,3.2.4,MacIntel,60,"[""space""]",[0.27300000190734863],1,0,80,57,1,79,Avocado,Spinach,Tomatoes,Swiss cheese,,,,,Chicken,Ham,Swiss cheese,Mayonnaise,Mustard,,,,5,4,5,1000,0,1000,0,1,999,,,,,,,,,,,,,,,
,,,,,,,,,,,,,44152,2020-02-24_12h57.14.798,SandwichStudy,3.2.4,MacIntel,60,"[""a""]",[0.09100008010864258],1,0,80,57,1,79,Avocado,Spinach,Tomatoes,Swiss cheese,,,,,Chicken,Ham,Swiss cheese,Mayonnaise,Mustard,,,,5,4,5,1000,0,1000,0,1,999,,,,,,,,,,,,,,,
,,,,,,,,,,,,,44152,2020-02-24_12h57.14.798,SandwichStudy,3.2.4,MacIntel,60,"[""space""]",[0.44899988174438477],1,0,80,38,1,79,Steak,Turkey,Ham,Cheddar cheese,Olives,Lettuce,Tomatoes,Onions,Chicken,Swiss cheese,Lettuce,Tomatoes,Onions,,,,8,8,5,1000,0,1000,0,1,999,,,,,,,,,,,,,,,
,,,,,,,,,,,,,44152,2020-02-24_12h57.14.798,SandwichStudy,3.2.4,MacIntel,60,"[""space""]",[0.054000139236450195],1,0,80,38,1,79,Steak,Turkey,Ham,Cheddar cheese,Olives,Lettuce,Tomatoes,Onions,Chicken,Swiss cheese,Lettuce,Tomatoes,Onions,,,,8,8,5,1000,0,1000,0,1,999,,,,,,,,,,,,,,,
,,,,,,,,,,,,,44152,2020-02-24_12h57.14.798,SandwichStudy,3.2.4,MacIntel,60,"[""a""]",[0.003999948501586914],1,0,80,38,1,79,Steak,Turkey,Ham,Cheddar cheese,Olives,Lettuce,Tomatoes,Onions,Chicken,Swiss cheese,Lettuce,Tomatoes,Onions,,,,8,8,5,1000,0,1000,0,1,999,,,,,,,,,,,,,,,
,,,,,,,,,,,,,44152,2020-02-24_12h57.14.798,SandwichStudy,3.2.4,MacIntel,60,"[""space""]",[0.04200005531311035],1,0,80,26,1,79,Turkey,Avocado,Mayonnaise,,,,,,Chicken,Mozzarella cheese,Tomatoes,Onions,Basil,Mayonnaise,,,6,3,6,1000,0,1000,0,1,999,,,,,,,,,,,,,,,
,,,,,,,,,,,,,44152,2020-02-24_12h57.14.798,SandwichStudy,3.2.4,MacIntel,60,"[""space""]",[0.10900020599365234],1,0,80,26,1,79,Turkey,Avocado,Mayonnaise,,,,,,Chicken,Mozzarella cheese,Tomatoes,Onions,Basil,Mayonnaise,,,6,3,6,1000,0,1000,0,1,999,,,,,,,,,,,,,,,
,,,,,,,,,,,,,44152,2020-02-24_12h57.14.798,SandwichStudy,3.2.4,MacIntel,60,"[""l""]",[1.5239999294281006],1,0,80,26,1,79,Turkey,Avocado,Mayonnaise,,,,,,Chicken,Mozzarella cheese,Tomatoes,Onions,Basil,Mayonnaise,,,6,3,6,1000,0,1000,0,1,999,,,,,,,,,,,,,,,
,,,,,,,,,,,,,44152,2020-02-24_12h57.14.798,SandwichStudy,3.2.4,MacIntel,60,"[""space""]",[0.13000011444091797],1,0,80,30,1,79,Turkey,Ham,Roast beef,Provolone cheese,Spinach,Tomatoes,Mayonnaise,Mustard,Ham,Swiss cheese,Mayonnaise,Mustard,Tomatoes,,,,8,8,5,1000,0,1000,0,1,999,,,,,,,,,,,,,,,
,,,,,,,,,,,,,44152,2020-02-24_12h57.14.798,SandwichStudy,3.2.4,MacIntel,60,"[""space""]",[0.4500000476837158],1,0,80,30,1,79,Turkey,Ham,Roast beef,Provolone cheese,Spinach,Tomatoes,Mayonnaise,Mustard,Ham,Swiss cheese,Mayonnaise,Mustard,Tomatoes,,,,8,8,5,1000,0,1000,0,1,999,,,,,,,,,,,,,,,
,,,,,,,,,,,,,44152,2020-02-24_12h57.14.798,SandwichStudy,3.2.4,MacIntel,60,"[""a""]",[0.17300009727478027],1,0,80,30,1,79,Turkey,Ham,Roast beef,Provolone cheese,Spinach,Tomatoes,Mayonnaise,Mustard,Ham,Swiss cheese,Mayonnaise,Mustard,Tomatoes,,,,8,8,5,1000,0,1000,0,1,999,,,,,,,,,,,,,,,
,,,,,,,,,,,,,44152,2020-02-24_12h57.14.798,SandwichStudy,3.2.4,MacIntel,60,"[""space""]",[0.2890000343322754],1,0,80,35,1,79,Bacon,Lettuce,Tomatoes,Ranch dressing,,,,,Turkey,Gouda cheese,Avocado,Garlic aioli,Jalapenos,Tomatoes,Lettuce,,7,4,7,1000,0,1000,0,1,999,,,,,,,,,,,,,,,
,,,,,,,,,,,,,44152,2020-02-24_12h57.14.798,SandwichStudy,3.2.4,MacIntel,60,"[""space""]",[0.32200002670288086],1,0,80,35,1,79,Bacon,Lettuce,Tomatoes,Ranch dressing,,,,,Turkey,Gouda cheese,Avocado,Garlic aioli,Jalapenos,Tomatoes,Lettuce,,7,4,7,1000,0,1000,0,1,999,,,,,,,,,,,,,,,
,,,,,,,,,,,,,44152,2020-02-24_12h57.14.798,SandwichStudy,3.2.4,MacIntel,60,"[""a""]",[0.8430001735687256],1,0,80,35,1,79,Bacon,Lettuce,Tomatoes,Ranch dressing,,,,,Turkey,Gouda cheese,Avocado,Garlic aioli,Jalapenos,Tomatoes,Lettuce,,7,4,7,1000,0,1000,0,1,999,,,,,,,,,,,,,,,
,,,,,,,,,,,,,44152,2020-02-24_12h57.14.798,SandwichStudy,3.2.4,MacIntel,60,"[""space""]",[0.2720000743865967],1,0,80,6,1,79,Chicken,Cheddar cheese,Lettuce,Garlic aioli,Swiss cheese,Tomatoes,,,Cheddar cheese,Provolone cheese,Swiss cheese,Mushrooms,Mayonnaise,Lettuce,Tomatoes,,7,6,7,1000,0,1000,0,1,999,,,,,,,,,,,,,,,
,,,,,,,,,,,,,44152,2020-02-24_12h57.14.798,SandwichStudy,3.2.4,MacIntel,60,"[""space""]",[0.3380000591278076],1,0,80,6,1,79,Chicken,Cheddar cheese,Lettuce,Garlic aioli,Swiss cheese,Tomatoes,,,Cheddar cheese,Provolone cheese,Swiss cheese,Mushrooms,Mayonnaise,Lettuce,Tomatoes,,7,6,7,1000,0,1000,0,1,999,,,,,,,,,,,,,,,
,,,,,,,,,,,,,44152,2020-02-24_12h57.14.798,SandwichStudy,3.2.4,MacIntel,60,"[""l""]",[0.8489999771118164],1,0,80,6,1,79,Chicken,Cheddar cheese,Lettuce,Garlic aioli,Swiss cheese,Tomatoes,,,Cheddar cheese,Provolone cheese,Swiss cheese,Mushrooms,Mayonnaise,Lettuce,Tomatoes,,7,6,7,1000,0,1000,0,1,999,,,,,,,,,,,,,,,
,,,,,,,,,,,,,44152,2020-02-24_12h57.14.798,SandwichStudy,3.2.4,MacIntel,60,"[""space""]",[0.2720000743865967],1,0,80,49,1,79,Spinach,Tomatoes,Cucumbers,Onions,Bell peppers,Avocado,Mayonnaise,,Turkey,Provolone cheese,Spinach,Garlic aioli,,,,,7,7,4,1000,0,1000,0,1,999,,,,,,,,,,,,,,,
,,,,,,,,,,,,,44152,2020-02-24_12h57.14.798,SandwichStudy,3.2.4,MacIntel,60,"[""space""]",[0.08799982070922852],1,0,80,49,1,79,Spinach,Tomatoes,Cucumbers,Onions,Bell peppers,Avocado,Mayonnaise,,Turkey,Provolone cheese,Spinach,Garlic aioli,,,,,7,7,4,1000,0,1000,0,1,999,,,,,,,,,,,,,,,
,,,,,,,,,,,,,44152,2020-02-24_12h57.14.798,SandwichStudy,3.2.4,MacIntel,60,"[""l""]",[1.684000015258789],1,0,80,49,1,79,Spinach,Tomatoes,Cucumbers,Onions,Bell peppers,Avocado,Mayonnaise,,Turkey,Provolone cheese,Spinach,Garlic aioli,,,,,7,7,4,1000,0,1000,0,1,999,,,,,,,,,,,,,,,
,,,,,,,,,,,,,44152,2020-02-24_12h57.14.798,SandwichStudy,3.2.4,MacIntel,60,"[""space""]",[0.2890000343322754],1,0,80,65,1,79,Chicken,Pepper jack cheese,Ranch dressing,,,,,,Salami,Provolone cheese,Lettuce,Tomatoes,Mayonnaise,Mustard,,,6,3,6,1000,0,1000,0,1,999,,,,,,,,,,,,,,,
,,,,,,,,,,,,,44152,2020-02-24_12h57.14.798,SandwichStudy,3.2.4,MacIntel,60,"[""space""]",[0.1269998550415039],1,0,80,65,1,79,Chicken,Pepper jack cheese,Ranch dressing,,,,,,Salami,Provolone cheese,Lettuce,Tomatoes,Mayonnaise,Mustard,,,6,3,6,1000,0,1000,0,1,999,,,,,,,,,,,,,,,
,,,,,,,,,,,,,44152,2020-02-24_12h57.14.798,SandwichStudy,3.2.4,MacIntel,60,"[""l""]",[0.4219999313354492],1,0,80,65,1,79,Chicken,Pepper jack cheese,Ranch dressing,,,,,,Salami,Provolone cheese,Lettuce,Tomatoes,Mayonnaise,Mustard,,,6,3,6,1000,0,1000,0,1,999,,,,,,,,,,,,,,,
,,,,,,,,,,,,,44152,2020-02-24_12h57.14.798,SandwichStudy,3.2.4,MacIntel,60,"[""space""]",[0.2390000820159912],1,0,80,22,1,79,Bacon,Lettuce,Tomatoes,Garlic aioli,Avocado,,,,Ham,Swiss cheese,Spinach,Mustard,,,,,5,5,4,1000,0,1000,0,1,999,,,,,,,,,,,,,,,
,,,,,,,,,,,,,44152,2020-02-24_12h57.14.798,SandwichStudy,3.2.4,MacIntel,60,"[""space""]",[0.26399993896484375],1,0,80,22,1,79,Bacon,Lettuce,Tomatoes,Garlic aioli,Avocado,,,,Ham,Swiss cheese,Spinach,Mustard,,,,,5,5,4,1000,0,1000,0,1,999,,,,,,,,,,,,,,,
,,,,,,,,,,,,,44152,2020-02-24_12h57.14.798,SandwichStudy,3.2.4,MacIntel,60,"[""a""]",[0.4980001449584961],1,0,80,22,1,79,Bacon,Lettuce,Tomatoes,Garlic aioli,Avocado,,,,Ham,Swiss cheese,Spinach,Mustard,,,,,5,5,4,1000,0,1000,0,1,999,,,,,,,,,,,,,,,
,,,,,,,,,,,,,44152,2020-02-24_12h57.14.798,SandwichStudy,3.2.4,MacIntel,60,"[""space""]",[0.25799989700317383],1,0,80,4,1,79,Provolone cheese,Swiss cheese,Cheddar cheese,Parmesan cheese,Tomatoes,,,,Chicken,Lettuce,Tomatoes,Mayonnaise,,,,,5,5,4,1000,0,1000,0,1,999,,,,,,,,,,,,,,,
,,,,,,,,,,,,,44152,2020-02-24_12h57.14.798,SandwichStudy,3.2.4,MacIntel,60,"[""space""]",[0.33899998664855957],1,0,80,4,1,79,Provolone cheese,Swiss cheese,Cheddar cheese,Parmesan cheese,Tomatoes,,,,Chicken,Lettuce,Tomatoes,Mayonnaise,,,,,5,5,4,1000,0,1000,0,1,999,,,,,,,,,,,,,,,
,,,,,,,,,,,,,44152,2020-02-24_12h57.14.798,SandwichStudy,3.2.4,MacIntel,60,"[""l""]",[0.16000008583068848],1,0,80,4,1,79,Provolone cheese,Swiss cheese,Cheddar cheese,Parmesan cheese,Tomatoes,,,,Chicken,Lettuce,Tomatoes,Mayonnaise,,,,,5,5,4,1000,0,1000,0,1,999,,,,,,,,,,,,,,,
,,,,,,,,,,,,,44152,2020-02-24_12h57.14.798,SandwichStudy,3.2.4,MacIntel,60,"[""space""]",[0.32700014114379883],1,0,80,15,1,79,Pork,Cucumbers,Pickles,Jalapenos,Basil,Mayonnaise,,,Roast beef,Pastrami,Swiss cheese,Mustard,,,,,6,6,4,1000,0,1000,0,1,999,,,,,,,,,,,,,,,
,,,,,,,,,,,,,44152,2020-02-24_12h57.14.798,SandwichStudy,3.2.4,MacIntel,60,"[""space""]",[0.307999849319458],1,0,80,15,1,79,Pork,Cucumbers,Pickles,Jalapenos,Basil,Mayonnaise,,,Roast beef,Pastrami,Swiss cheese,Mustard,,,,,6,6,4,1000,0,1000,0,1,999,,,,,,,,,,,,,,,
,,,,,,,,,,,,,44152,2020-02-24_12h57.14.798,SandwichStudy,3.2.4,MacIntel,60,"[""l""]",[2.3320000171661377],1,0,80,15,1,79,Pork,Cucumbers,Pickles,Jalapenos,Basil,Mayonnaise,,,Roast beef,Pastrami,Swiss cheese,Mustard,,,,,6,6,4,1000,0,1000,0,1,999,,,,,,,,,,,,,,,
,,,,,,,,,,,,,44152,2020-02-24_12h57.14.798,SandwichStudy,3.2.4,MacIntel,60,"[""space""]",[0.040000200271606445],1,0,80,9,1,79,Bacon,Turkey,Pepper jack cheese,Mustard,,,,,Bacon,Spinach,Tomatoes,Avocado,Mayonnaise,,,,5,4,5,1000,0,1000,0,1,999,,,,,,,,,,,,,,,
,,,,,,,,,,,,,44152,2020-02-24_12h57.14.798,SandwichStudy,3.2.4,MacIntel,60,"[""space""]",[0.2710001468658447],1,0,80,9,1,79,Bacon,Turkey,Pepper jack cheese,Mustard,,,,,Bacon,Spinach,Tomatoes,Avocado,Mayonnaise,,,,5,4,5,1000,0,1000,0,1,999,,,,,,,,,,,,,,,
,,,,,,,,,,,,,44152,2020-02-24_12h57.14.798,SandwichStudy,3.2.4,MacIntel,60,"[""space""]",[0.2049999237060547],1,0,80,9,1,79,Bacon,Turkey,Pepper jack cheese,Mustard,,,,,Bacon,Spinach,Tomatoes,Avocado,Mayonnaise,,,,5,4,5,1000,0,1000,0,1,999,,,,,,,,,,,,,,,
,,,,,,,,,,,,,44152,2020-02-24_12h57.14.798,SandwichStudy,3.2.4,MacIntel,60,"[""l""]",[0.053999900817871094],1,0,80,9,1,79,Bacon,Turkey,Pepper jack cheese,Mustard,,,,,Bacon,Spinach,Tomatoes,Avocado,Mayonnaise,,,,5,4,5,1000,0,1000,0,1,999,,,,,,,,,,,,,,,
,,,,,,,,,,,,,44152,2020-02-24_12h57.14.798,SandwichStudy,3.2.4,MacIntel,60,"[""space""]",[0.20599985122680664],1,0,80,33,1,79,Bacon,Ham,Turkey,Mayonnaise,Mustard,Cheddar cheese,Tomatoes,Spinach,Turkey,Avocado,Bacon,Garlic aioli,Tomatoes,Spinach,Onions,,8,8,7,1000,0,1000,0,1,999,,,,,,,,,,,,,,,
,,,,,,,,,,,,,44152,2020-02-24_12h57.14.798,SandwichStudy,3.2.4,MacIntel,60,"[""space""]",[0.16300010681152344],1,0,80,33,1,79,Bacon,Ham,Turkey,Mayonnaise,Mustard,Cheddar cheese,Tomatoes,Spinach,Turkey,Avocado,Bacon,Garlic aioli,Tomatoes,Spinach,Onions,,8,8,7,1000,0,1000,0,1,999,,,,,,,,,,,,,,,
,,,,,,,,,,,,,44152,2020-02-24_12h57.14.798,SandwichStudy,3.2.4,MacIntel,60,"[""space""]",[0.4250001907348633],1,0,80,33,1,79,Bacon,Ham,Turkey,Mayonnaise,Mustard,Cheddar cheese,Tomatoes,Spinach,Turkey,Avocado,Bacon,Garlic aioli,Tomatoes,Spinach,Onions,,8,8,7,1000,0,1000,0,1,999,,,,,,,,,,,,,,,
,,,,,,,,,,,,,44152,2020-02-24_12h57.14.798,SandwichStudy,3.2.4,MacIntel,60,"[""a""]",[0.17200016975402832],1,0,80,33,1,79,Bacon,Ham,Turkey,Mayonnaise,Mustard,Cheddar cheese,Tomatoes,Spinach,Turkey,Avocado,Bacon,Garlic aioli,Tomatoes,Spinach,Onions,,8,8,7,1000,0,1000,0,1,999,,,,,,,,,,,,,,,
,,,,,,,,,,,,,44152,2020-02-24_12h57.14.798,SandwichStudy,3.2.4,MacIntel,60,"[""space""]",[0.2090001106262207],1,0,80,55,1,79,Roast beef,Turkey,Pastrami,Mayonnaise,Provolone cheese,,,,Ham,Swiss cheese,Spinach,Mustard,,,,,5,5,4,1000,0,1000,0,1,999,,,,,,,,,,,,,,,
,,,,,,,,,,,,,44152,2020-02-24_12h57.14.798,SandwichStudy,3.2.4,MacIntel,60,"[""space""]",[0.012000083923339844],1,0,80,55,1,79,Roast beef,Turkey,Pastrami,Mayonnaise,Provolone cheese,,,,Ham,Swiss cheese,Spinach,Mustard,,,,,5,5,4,1000,0,1000,0,1,999,,,,,,,,,,,,,,,
,,,,,,,,,,,,,44152,2020-02-24_12h57.14.798,SandwichStudy,3.2.4,MacIntel,60,"[""space""]",[0.8940000534057617],1,0,80,55,1,79,Roast beef,Turkey,Pastrami,Mayonnaise,Provolone cheese,,,,Ham,Swiss cheese,Spinach,Mustard,,,,,5,5,4,1000,0,1000,0,1,999,,,,,,,,,,,,,,,
,,,,,,,,,,,,,44152,2020-02-24_12h57.14.798,SandwichStudy,3.2.4,MacIntel,60,"[""l""]",[0.3540000915527344],1,0,80,55,1,79,Roast beef,Turkey,Pastrami,Mayonnaise,Provolone cheese,,,,Ham,Swiss cheese,Spinach,Mustard,,,,,5,5,4,1000,0,1000,0,1,999,,,,,,,,,,,,,,,
,,,,,,,,,,,,,44152,2020-02-24_12h57.14.798,SandwichStudy,3.2.4,MacIntel,60,"[""space""]",[0.19300007820129395],1,0,80,20,1,79,Pastrami,Swiss cheese,Coleslaw,,,,,,Chicken,Bacon,Feta cheese,Bell peppers,Basil,Garlic aioli,,,6,3,6,1000,0,1000,0,1,999,,,,,,,,,,,,,,,
,,,,,,,,,,,,,44152,2020-02-24_12h57.14.798,SandwichStudy,3.2.4,MacIntel,60,"[""l""]",[0.8280000686645508],1,0,80,20,1,79,Pastrami,Swiss cheese,Coleslaw,,,,,,Chicken,Bacon,Feta cheese,Bell peppers,Basil,Garlic aioli,,,6,3,6,1000,0,1000,0,1,999,,,,,,,,,,,,,,,
,,,,,,,,,,,,,44152,2020-02-24_12h57.14.798,SandwichStudy,3.2.4,MacIntel,60,"[""space""]",[0.06299996376037598],1,0,80,28,1,79,Chicken,Mozzarella cheese,Tomatoes,Pesto,Spinach,,,,Roast beef,Turkey,Pastrami,Mayonnaise,Provolone cheese,,,,5,5,5,1000,0,1000,0,1,999,,,,,,,,,,,,,,,
,,,,,,,,,,,,,44152,2020-02-24_12h57.14.798,SandwichStudy,3.2.4,MacIntel,60,"[""space""]",[0.17300009727478027],1,0,80,28,1,79,Chicken,Mozzarella cheese,Tomatoes,Pesto,Spinach,,,,Roast beef,Turkey,Pastrami,Mayonnaise,Provolone cheese,,,,5,5,5,1000,0,1000,0,1,999,,,,,,,,,,,,,,,
,,,,,,,,,,,,,44152,2020-02-24_12h57.14.798,SandwichStudy,3.2.4,MacIntel,60,"[""l""]",[0.15600013732910156],1,0,80,28,1,79,Chicken,Mozzarella cheese,Tomatoes,Pesto,Spinach,,,,Roast beef,Turkey,Pastrami,Mayonnaise,Provolone cheese,,,,5,5,5,1000,0,1000,0,1,999,,,,,,,,,,,,,,,
,,,,,,,,,,,,,44152,2020-02-24_12h57.14.798,SandwichStudy,3.2.4,MacIntel,60,"[""space""]",[0.4419999122619629],1,0,80,39,1,79,Chicken,Provolone cheese,Pesto,,,,,,Turkey,Bacon,Jalapenos,Lettuce,Avocado,Garlic aioli,Tomatoes,,7,3,7,1000,0,1000,0,1,999,,,,,,,,,,,,,,,
,,,,,,,,,,,,,44152,2020-02-24_12h57.14.798,SandwichStudy,3.2.4,MacIntel,60,"[""a""]",[7.020999908447266],1,0,80,39,1,79,Chicken,Provolone cheese,Pesto,,,,,,Turkey,Bacon,Jalapenos,Lettuce,Avocado,Garlic aioli,Tomatoes,,7,3,7,1000,0,1000,0,1,999,,,,,,,,,,,,,,,
,,,,,,,,,,,,,44152,2020-02-24_12h57.14.798,SandwichStudy,3.2.4,MacIntel,60,"[""space""]",[0.47299981117248535],1,0,80,2,1,79,Turkey,Provolone cheese,Spinach,Garlic aioli,,,,,Chicken,Pickles,Basil,Tomatoes,Cucumbers,,,,5,4,5,1000,0,1000,0,1,999,,,,,,,,,,,,,,,
,,,,,,,,,,,,,44152,2020-02-24_12h57.14.798,SandwichStudy,3.2.4,MacIntel,60,"[""space""]",[0.023000001907348633],1,0,80,2,1,79,Turkey,Provolone cheese,Spinach,Garlic aioli,,,,,Chicken,Pickles,Basil,Tomatoes,Cucumbers,,,,5,4,5,1000,0,1000,0,1,999,,,,,,,,,,,,,,,
,,,,,,,,,,,,,44152,2020-02-24_12h57.14.798,SandwichStudy,3.2.4,MacIntel,60,"[""l""]",[0.059999942779541016],1,0,80,2,1,79,Turkey,Provolone cheese,Spinach,Garlic aioli,,,,,Chicken,Pickles,Basil,Tomatoes,Cucumbers,,,,5,4,5,1000,0,1000,0,1,999,,,,,,,,,,,,,,,
,,,,,,,,,,,,,44152,2020-02-24_12h57.14.798,SandwichStudy,3.2.4,MacIntel,60,"[""space""]",[0.07800006866455078],1,0,80,44,1,79,Chicken,Gouda cheese,Avocado,Basil,Bell peppers,Mayonnaise,,,Turkey,Gouda cheese,Avocado,Garlic aioli,Jalapenos,Tomatoes,Lettuce,,7,6,7,1000,0,1000,0,1,999,,,,,,,,,,,,,,,
,,,,,,,,,,,,,44152,2020-02-24_12h57.14.798,SandwichStudy,3.2.4,MacIntel,60,"[""space""]",[0.12100005149841309],1,0,80,44,1,79,Chicken,Gouda cheese,Avocado,Basil,Bell peppers,Mayonnaise,,,Turkey,Gouda cheese,Avocado,Garlic aioli,Jalapenos,Tomatoes,Lettuce,,7,6,7,1000,0,1000,0,1,999,,,,,,,,,,,,,,,
,,,,,,,,,,,,,44152,2020-02-24_12h57.14.798,SandwichStudy,3.2.4,MacIntel,60,"[""space""]",[0.35899996757507324],1,0,80,44,1,79,Chicken,Gouda cheese,Avocado,Basil,Bell peppers,Mayonnaise,,,Turkey,Gouda cheese,Avocado,Garlic aioli,Jalapenos,Tomatoes,Lettuce,,7,6,7,1000,0,1000,0,1,999,,,,,,,,,,,,,,,
,,,,,,,,,,,,,44152,2020-02-24_12h57.14.798,SandwichStudy,3.2.4,MacIntel,60,"[""l""]",[0.5469999313354492],1,0,80,44,1,79,Chicken,Gouda cheese,Avocado,Basil,Bell peppers,Mayonnaise,,,Turkey,Gouda cheese,Avocado,Garlic aioli,Jalapenos,Tomatoes,Lettuce,,7,6,7,1000,0,1000,0,1,999,,,,,,,,,,,,,,,
,,,,,,,,,,,,,44152,2020-02-24_12h57.14.798,SandwichStudy,3.2.4,MacIntel,60,,,,,,,,,,,,,,,,,,,,,,,,,,,,,,,,,,space,2.102999926,5,7.835000038,space,8.132000208,1,0,10,0,1,9,Tomatoes,,
,,,,,,,,,,,,,44152,2020-02-24_12h57.14.798,SandwichStudy,3.2.4,MacIntel,60,,,,,,,,,,,,,,,,,,,,,,,,,,,,,,,,,,,,7,2.274999857,space,3.027000189,1,0,10,3,1,9,Bacon,,
,,,,,,,,,,,,,44152,2020-02-24_12h57.14.798,SandwichStudy,3.2.4,MacIntel,60,,,,,,,,,,,,,,,,,,,,,,,,,,,,,,,,,,,,5,2.263000011,space,2.75999999,1,0,10,7,1,9,Lettuce,,
,,,,,,,,,,,,,44152,2020-02-24_12h57.14.798,SandwichStudy,3.2.4,MacIntel,60,,,,,,,,,,,,,,,,,,,,,,,,,,,,,,,,,,,,1,1.375,space,1.674000025,1,0,10,6,1,9,Swiss cheese,,
,,,,,,,,,,,,,44152,2020-02-24_12h57.14.798,SandwichStudy,3.2.4,MacIntel,60,,,,,,,,,,,,,,,,,,,,,,,,,,,,,,,,,,,,4,3.020999908,space,3.076999903,1,0,10,4,1,9,Chicken,,
,,,,,,,,,,,,,44152,2020-02-24_12h57.14.798,SandwichStudy,3.2.4,MacIntel,60,,,,,,,,,,,,,,,,,,,,,,,,,,,,,,,,,,,,1,1.211999893,space,1.505000114,1,0,10,5,1,9,Cheddar cheese,,
,,,,,,,,,,,,,44152,2020-02-24_12h57.14.798,SandwichStudy,3.2.4,MacIntel,60,,,,,,,,,,,,,,,,,,,,,,,,,,,,,,,,,,,,6,2.580999851,space,2.943000078,1,0,10,2,1,9,Turkey,,
,,,,,,,,,,,,,44152,2020-02-24_12h57.14.798,SandwichStudy,3.2.4,MacIntel,60,,,,,,,,,,,,,,,,,,,,,,,,,,,,,,,,,,,,7,2.366999865,space,2.690000057,1,0,10,9,1,9,Spinach,,
,,,,,,,,,,,,,44152,2020-02-24_12h57.14.798,SandwichStudy,3.2.4,MacIntel,60,,,,,,,,,,,,,,,,,,,,,,,,,,,,,,,,,,,,2,1.794999838,space,2.075000048,1,0,10,1,1,9,Mayonnaise,,
,,,,,,,,,,,,,44152,2020-02-24_12h57.14.798,SandwichStudy,3.2.4,MacIntel,60,,,,,,,,,,,,,,,,,,,,,,,,,,,,,,,,,,,,1,2.434999943,space,3.400000095,1,0,10,8,1,9,Provolone cheese,,
,,,,,,,,,,,,,44152,2020-02-24_12h57.14.798,SandwichStudy,3.2.4,MacIntel,60,,,,,,,,,,,,,,,,,,,,,,,,,,,,,,,,,,,,,,,,,,,,,,,return,7.157000065
