sequence,key_resp_4.keys,key_resp_4.rt,VegResp.keys,VegResp.rt,ConfirmResp.keys,ConfirmResp.rt,VegQuestionLoop.thisRepN,VegQuestionLoop.thisTrialN,VegQuestionLoop.thisN,VegQuestionLoop.thisIndex,VegQuestionLoop.ran,VegQuestionLoop.order,participant,date,expName,psychopyVersion,OS,frameRate,Decision.keys,Decision.rt,trials.thisRepN,trials.thisTrialN,trials.thisN,trials.thisIndex,trials.ran,trials.order,s11,s12,s13,s14,s15,s16,s17,s18,s21,s22,s23,s24,s25,s26,s27,s28,IngsInRow,IngIn1,IngIn2,Iter.thisRepN,Iter.thisTrialN,Iter.thisN,Iter.thisIndex,Iter.ran,Iter.order,key_resp_2.keys,key_resp_2.rt,slider.response,slider.rt,key_resp_3.keys,key_resp_3.rt,RatingLoop.thisRepN,RatingLoop.thisTrialN,RatingLoop.thisN,RatingLoop.thisIndex,RatingLoop.ran,RatingLoop.order,ingredientforslider,key_resp.keys,key_resp.rt
"[0,0,0,1,1,1,1,0,0,0,1,0,0,1,1,1,1,0,0,1,1,0,0,0,0,0,0,0,1,1,1,1,1,0,0,1,0,1,1,1,0,1,0,1,0,1,1,0,1,1,0,1,1,1,1,1,1,1,0,1,0,0,0,0,0,0,0,1,1,1,1,0,1,1,0,0,1,0,0,1]",space,2.190999985,n,4.845999718,p,3.253999949,100,0,100,0,1,99,44497,2020-03-03_14h48.34.221,SandwichStudy,3.2.4,MacIntel,60,,,,,,,,,,,,,,,,,,,,,,,,,,,,,,,,,,,,,,,,,,,,,,,,
,,,,,,,,,,,,,44497,2020-03-03_14h48.34.221,SandwichStudy,3.2.4,MacIntel,60,"[""l""]",[8.855999946594238],1,0,80,41,1,79,Bacon,Provolone cheese,Mushrooms,Parmesan cheese,,,,,Turkey,Bacon,Jalapenos,Lettuce,Avocado,Garlic aioli,Tomatoes,,7,4,7,1000,0,1000,0,1,999,,,,,,,,,,,,,,,
,,,,,,,,,,,,,44497,2020-03-03_14h48.34.221,SandwichStudy,3.2.4,MacIntel,60,"[""l""]",[1.7179999351501465],1,0,80,30,1,79,Turkey,Ham,Roast beef,Provolone cheese,Spinach,Tomatoes,Mayonnaise,Mustard,Ham,Swiss cheese,Mayonnaise,Mustard,Tomatoes,,,,8,8,5,1000,0,1000,0,1,999,,,,,,,,,,,,,,,
,,,,,,,,,,,,,44497,2020-03-03_14h48.34.221,SandwichStudy,3.2.4,MacIntel,60,"[""l""]",[0.8190000057220459],1,0,80,26,1,79,Turkey,Avocado,Mayonnaise,,,,,,Chicken,Mozzarella cheese,Tomatoes,Onions,Basil,Mayonnaise,,,6,3,6,1000,0,1000,0,1,999,,,,,,,,,,,,,,,
,,,,,,,,,,,,,44497,2020-03-03_14h48.34.221,SandwichStudy,3.2.4,MacIntel,60,"[""a""]",[5.917999982833862],1,0,80,50,1,79,Mozzarella cheese,Bell peppers,Pesto,Spinach,,,,,Chicken,Ham,Swiss cheese,Mayonnaise,,,,,4,4,4,1000,0,1000,0,1,999,,,,,,,,,,,,,,,
,,,,,,,,,,,,,44497,2020-03-03_14h48.34.221,SandwichStudy,3.2.4,MacIntel,60,"[""l""]",[0.7439999580383301],1,0,80,32,1,79,Turkey,Ham,Bacon,Provolone cheese,Lettuce,Tomatoes,Ranch dressing,,Chicken,Cheddar cheese,Bacon,Avocado,Ranch dressing,,,,7,7,5,1000,0,1000,0,1,999,,,,,,,,,,,,,,,
,,,,,,,,,,,,,44497,2020-03-03_14h48.34.221,SandwichStudy,3.2.4,MacIntel,60,"[""l""]",[1.2750000953674316],1,0,80,68,1,79,Tomatoes,Mozzarella cheese,Spinach,Pesto,,,,,Steak,Bacon,American cheese,Tomatoes,Onions,Pickles,,,6,4,6,1000,0,1000,0,1,999,,,,,,,,,,,,,,,
,,,,,,,,,,,,,44497,2020-03-03_14h48.34.221,SandwichStudy,3.2.4,MacIntel,60,"[""space""]",[1.7339999675750732],1,0,80,75,1,79,Ham,Swiss cheese,Mustard,,,,,,Ham,Swiss cheese,Mayonnaise,Mustard,Tomatoes,,,,5,3,5,1000,0,1000,0,1,999,,,,,,,,,,,,,,,
,,,,,,,,,,,,,44497,2020-03-03_14h48.34.221,SandwichStudy,3.2.4,MacIntel,60,"[""space""]",[3.503000020980835],1,0,80,75,1,79,Ham,Swiss cheese,Mustard,,,,,,Ham,Swiss cheese,Mayonnaise,Mustard,Tomatoes,,,,5,3,5,1000,0,1000,0,1,999,,,,,,,,,,,,,,,
,,,,,,,,,,,,,44497,2020-03-03_14h48.34.221,SandwichStudy,3.2.4,MacIntel,60,"[""space""]",[1.0679998397827148],1,0,80,75,1,79,Ham,Swiss cheese,Mustard,,,,,,Ham,Swiss cheese,Mayonnaise,Mustard,Tomatoes,,,,5,3,5,1000,0,1000,0,1,999,,,,,,,,,,,,,,,
,,,,,,,,,,,,,44497,2020-03-03_14h48.34.221,SandwichStudy,3.2.4,MacIntel,60,"[""space""]",[0.27699995040893555],1,0,80,75,1,79,Ham,Swiss cheese,Mustard,,,,,,Ham,Swiss cheese,Mayonnaise,Mustard,Tomatoes,,,,5,3,5,1000,0,1000,0,1,999,,,,,,,,,,,,,,,
,,,,,,,,,,,,,44497,2020-03-03_14h48.34.221,SandwichStudy,3.2.4,MacIntel,60,"[""a""]",[10.979999780654907],1,0,80,75,1,79,Ham,Swiss cheese,Mustard,,,,,,Ham,Swiss cheese,Mayonnaise,Mustard,Tomatoes,,,,5,3,5,1000,0,1000,0,1,999,,,,,,,,,,,,,,,
,,,,,,,,,,,,,44497,2020-03-03_14h48.34.221,SandwichStudy,3.2.4,MacIntel,60,"[""l""]",[0.21700000762939453],1,0,80,61,1,79,Pork,Cucumbers,Pickles,Jalapenos,Basil,Mayonnaise,,,Turkey,Cheddar cheese,Bacon,,,,,,6,6,3,1000,0,1000,0,1,999,,,,,,,,,,,,,,,
,,,,,,,,,,,,,44497,2020-03-03_14h48.34.221,SandwichStudy,3.2.4,MacIntel,60,"[""l""]",[1.2630000114440918],1,0,80,31,1,79,Spinach,Tomatoes,Cucumbers,Onions,Bell peppers,Avocado,Mayonnaise,,Turkey,Ham,Bacon,Swiss cheese,Lettuce,Tomatoes,Onions,,7,7,7,1000,0,1000,0,1,999,,,,,,,,,,,,,,,
,,,,,,,,,,,,,44497,2020-03-03_14h48.34.221,SandwichStudy,3.2.4,MacIntel,60,"[""l""]",[0.08800005912780762],1,0,80,79,1,79,Salami,Roast beef,Turkey,Ham,Swiss cheese,Lettuce,Tomatoes,Mayonnaise,Turkey,Cheddar cheese,Mayonnaise,,,,,,8,8,3,1000,0,1000,0,1,999,,,,,,,,,,,,,,,
,,,,,,,,,,,,,44497,2020-03-03_14h48.34.221,SandwichStudy,3.2.4,MacIntel,60,"[""a""]",[1.9629998207092285],1,0,80,34,1,79,Avocado,Onions,Cucumbers,,,,,,Tuna,Basil,Cheddar cheese,Garlic aioli,Pickles,Onions,Tomatoes,Spinach,8,3,8,1000,0,1000,0,1,999,,,,,,,,,,,,,,,
,,,,,,,,,,,,,44497,2020-03-03_14h48.34.221,SandwichStudy,3.2.4,MacIntel,60,"[""l""]",[0.19499993324279785],1,0,80,47,1,79,Chicken,Cheddar cheese,Mayonnaise,,,,,,Turkey,Cheddar cheese,Coleslaw,Spinach,Mustard,,,,5,3,5,1000,0,1000,0,1,999,,,,,,,,,,,,,,,
,,,,,,,,,,,,,44497,2020-03-03_14h48.34.221,SandwichStudy,3.2.4,MacIntel,60,"[""l""]",[2.010999917984009],1,0,80,22,1,79,Bacon,Lettuce,Tomatoes,Garlic aioli,Avocado,,,,Ham,Swiss cheese,Spinach,Mustard,,,,,5,5,4,1000,0,1000,0,1,999,,,,,,,,,,,,,,,
,,,,,,,,,,,,,44497,2020-03-03_14h48.34.221,SandwichStudy,3.2.4,MacIntel,60,"[""a""]",[0.3680000305175781],1,0,80,5,1,79,Chicken,Cheddar cheese,Mayonnaise,,,,,,Turkey,Provolone cheese,Pesto,Bell peppers,,,,,4,3,4,1000,0,1000,0,1,999,,,,,,,,,,,,,,,
,,,,,,,,,,,,,44497,2020-03-03_14h48.34.221,SandwichStudy,3.2.4,MacIntel,60,"[""space""]",[2.321000099182129],1,0,80,66,1,79,Bacon,Spinach,Tomatoes,Avocado,Mayonnaise,,,,Provolone cheese,Swiss cheese,Cheddar cheese,Parmesan cheese,Tomatoes,,,,5,5,5,1000,0,1000,0,1,999,,,,,,,,,,,,,,,
,,,,,,,,,,,,,44497,2020-03-03_14h48.34.221,SandwichStudy,3.2.4,MacIntel,60,"[""space""]",[0.2689998149871826],1,0,80,66,1,79,Bacon,Spinach,Tomatoes,Avocado,Mayonnaise,,,,Provolone cheese,Swiss cheese,Cheddar cheese,Parmesan cheese,Tomatoes,,,,5,5,5,1000,0,1000,0,1,999,,,,,,,,,,,,,,,
,,,,,,,,,,,,,44497,2020-03-03_14h48.34.221,SandwichStudy,3.2.4,MacIntel,60,"[""l""]",[0.5610001087188721],1,0,80,66,1,79,Bacon,Spinach,Tomatoes,Avocado,Mayonnaise,,,,Provolone cheese,Swiss cheese,Cheddar cheese,Parmesan cheese,Tomatoes,,,,5,5,5,1000,0,1000,0,1,999,,,,,,,,,,,,,,,
,,,,,,,,,,,,,44497,2020-03-03_14h48.34.221,SandwichStudy,3.2.4,MacIntel,60,"[""a""]",[1.1039998531341553],1,0,80,27,1,79,Mushrooms,Swiss cheese,Provolone cheese,Cheddar cheese,Lettuce,Tomatoes,,,Avocado,Spinach,Tomatoes,Swiss cheese,,,,,6,6,4,1000,0,1000,0,1,999,,,,,,,,,,,,,,,
,,,,,,,,,,,,,44497,2020-03-03_14h48.34.221,SandwichStudy,3.2.4,MacIntel,60,"[""a""]",[0.25799989700317383],1,0,80,19,1,79,Bacon,Ham,Turkey,Mayonnaise,Cheddar cheese,Tomatoes,Spinach,Swiss cheese,Turkey,Salami,Cheddar cheese,Mayonnaise,,,,,8,8,4,1000,0,1000,0,1,999,,,,,,,,,,,,,,,
,,,,,,,,,,,,,44497,2020-03-03_14h48.34.221,SandwichStudy,3.2.4,MacIntel,60,"[""a""]",[0.5220000743865967],1,0,80,58,1,79,Chicken,Mayonnaise,Cheddar cheese,,,,,,Steak,Onions,Bell peppers,Provolone cheese,,,,,4,3,4,1000,0,1000,0,1,999,,,,,,,,,,,,,,,
,,,,,,,,,,,,,44497,2020-03-03_14h48.34.221,SandwichStudy,3.2.4,MacIntel,60,"[""a""]",[0.0709998607635498],1,0,80,16,1,79,Chicken,American cheese,Lettuce,Tomatoes,Mayonnaise,,,,Cheddar cheese,Avocado,Onions,Tomatoes,Mayonnaise,,,,5,5,5,1000,0,1000,0,1,999,,,,,,,,,,,,,,,
,,,,,,,,,,,,,44497,2020-03-03_14h48.34.221,SandwichStudy,3.2.4,MacIntel,60,"[""a""]",[0.0019998550415039062],1,0,80,25,1,79,Meatballs,Provolone cheese,Onions,Marinara sauce,,,,,Chicken,Pepper jack cheese,Ranch dressing,,,,,,4,4,3,1000,0,1000,0,1,999,,,,,,,,,,,,,,,
,,,,,,,,,,,,,44497,2020-03-03_14h48.34.221,SandwichStudy,3.2.4,MacIntel,60,"[""a""]",[0.11800003051757812],1,0,80,33,1,79,Bacon,Ham,Turkey,Mayonnaise,Mustard,Cheddar cheese,Tomatoes,Spinach,Turkey,Avocado,Bacon,Garlic aioli,Tomatoes,Spinach,Onions,,8,8,7,1000,0,1000,0,1,999,,,,,,,,,,,,,,,
,,,,,,,,,,,,,44497,2020-03-03_14h48.34.221,SandwichStudy,3.2.4,MacIntel,60,"[""l""]",[0.13400006294250488],1,0,80,11,1,79,Pork,Ham,Swiss cheese,Pickles,Mustard,,,,Chicken,Bacon,Mustard,,,,,,5,5,3,1000,0,1000,0,1,999,,,,,,,,,,,,,,,
,,,,,,,,,,,,,44497,2020-03-03_14h48.34.221,SandwichStudy,3.2.4,MacIntel,60,"[""space""]",[1.0520000457763672],1,0,80,40,1,79,Pork,Ham,Swiss cheese,Pickles,Mustard,,,,Steak,Turkey,Ham,Cheddar cheese,Olives,Lettuce,Tomatoes,Onions,8,5,8,1000,0,1000,0,1,999,,,,,,,,,,,,,,,
,,,,,,,,,,,,,44497,2020-03-03_14h48.34.221,SandwichStudy,3.2.4,MacIntel,60,"[""l""]",[0.37799978256225586],1,0,80,40,1,79,Pork,Ham,Swiss cheese,Pickles,Mustard,,,,Steak,Turkey,Ham,Cheddar cheese,Olives,Lettuce,Tomatoes,Onions,8,5,8,1000,0,1000,0,1,999,,,,,,,,,,,,,,,
,,,,,,,,,,,,,44497,2020-03-03_14h48.34.221,SandwichStudy,3.2.4,MacIntel,60,"[""a""]",[1.3599998950958252],1,0,80,28,1,79,Chicken,Mozzarella cheese,Tomatoes,Pesto,Spinach,,,,Roast beef,Turkey,Pastrami,Mayonnaise,Provolone cheese,,,,5,5,5,1000,0,1000,0,1,999,,,,,,,,,,,,,,,
,,,,,,,,,,,,,44497,2020-03-03_14h48.34.221,SandwichStudy,3.2.4,MacIntel,60,"[""l""]",[1.4620001316070557],1,0,80,21,1,79,Chicken,Ham,Cheddar cheese,Mayonnaise,,,,,Turkey,Bacon,Avocado,Provolone cheese,Lettuce,Tomatoes,Onions,Ranch dressing,8,4,8,1000,0,1000,0,1,999,,,,,,,,,,,,,,,
,,,,,,,,,,,,,44497,2020-03-03_14h48.34.221,SandwichStudy,3.2.4,MacIntel,60,"[""space""]",[0.26999998092651367],1,0,80,48,1,79,Chicken,Provolone cheese,Pesto,,,,,,Ham,Lettuce,Tomatoes,Mayonnaise,Mustard,,,,5,3,5,1000,0,1000,0,1,999,,,,,,,,,,,,,,,
,,,,,,,,,,,,,44497,2020-03-03_14h48.34.221,SandwichStudy,3.2.4,MacIntel,60,"[""space""]",[0.25099992752075195],1,0,80,48,1,79,Chicken,Provolone cheese,Pesto,,,,,,Ham,Lettuce,Tomatoes,Mayonnaise,Mustard,,,,5,3,5,1000,0,1000,0,1,999,,,,,,,,,,,,,,,
,,,,,,,,,,,,,44497,2020-03-03_14h48.34.221,SandwichStudy,3.2.4,MacIntel,60,"[""a""]",[1.188999891281128],1,0,80,48,1,79,Chicken,Provolone cheese,Pesto,,,,,,Ham,Lettuce,Tomatoes,Mayonnaise,Mustard,,,,5,3,5,1000,0,1000,0,1,999,,,,,,,,,,,,,,,
,,,,,,,,,,,,,44497,2020-03-03_14h48.34.221,SandwichStudy,3.2.4,MacIntel,60,"[""a""]",[0.5779998302459717],1,0,80,74,1,79,Mushrooms,Swiss cheese,Provolone cheese,Cheddar cheese,Lettuce,Tomatoes,,,Roast beef,Pastrami,Swiss cheese,Mustard,,,,,6,6,4,1000,0,1000,0,1,999,,,,,,,,,,,,,,,
,,,,,,,,,,,,,44497,2020-03-03_14h48.34.221,SandwichStudy,3.2.4,MacIntel,60,"[""a""]",[0.4719998836517334],1,0,80,53,1,79,Turkey,Avocado,Mayonnaise,,,,,,Ham,Pork,Swiss cheese,Mustard,Pickles,,,,5,3,5,1000,0,1000,0,1,999,,,,,,,,,,,,,,,
,,,,,,,,,,,,,44497,2020-03-03_14h48.34.221,SandwichStudy,3.2.4,MacIntel,60,"[""space""]",[1.3050000667572021],1,0,80,62,1,79,Cheddar cheese,Provolone cheese,Swiss cheese,Mushrooms,Mayonnaise,Lettuce,Tomatoes,,Bacon,Turkey,Pepper jack cheese,Mustard,,,,,7,7,4,1000,0,1000,0,1,999,,,,,,,,,,,,,,,
,,,,,,,,,,,,,44497,2020-03-03_14h48.34.221,SandwichStudy,3.2.4,MacIntel,60,"[""a""]",[0.1549999713897705],1,0,80,62,1,79,Cheddar cheese,Provolone cheese,Swiss cheese,Mushrooms,Mayonnaise,Lettuce,Tomatoes,,Bacon,Turkey,Pepper jack cheese,Mustard,,,,,7,7,4,1000,0,1000,0,1,999,,,,,,,,,,,,,,,
,,,,,,,,,,,,,44497,2020-03-03_14h48.34.221,SandwichStudy,3.2.4,MacIntel,60,"[""space""]",[0.9369997978210449],1,0,80,45,1,79,Bell peppers,Provolone cheese,Cucumbers,Spinach,Tomatoes,Onions,Hummus,,Roast beef,Bacon,Turkey,Mayonnaise,,,,,7,7,4,1000,0,1000,0,1,999,,,,,,,,,,,,,,,
,,,,,,,,,,,,,44497,2020-03-03_14h48.34.221,SandwichStudy,3.2.4,MacIntel,60,"[""space""]",[1.1459999084472656],1,0,80,45,1,79,Bell peppers,Provolone cheese,Cucumbers,Spinach,Tomatoes,Onions,Hummus,,Roast beef,Bacon,Turkey,Mayonnaise,,,,,7,7,4,1000,0,1000,0,1,999,,,,,,,,,,,,,,,
,,,,,,,,,,,,,44497,2020-03-03_14h48.34.221,SandwichStudy,3.2.4,MacIntel,60,"[""space""]",[0.937999963760376],1,0,80,45,1,79,Bell peppers,Provolone cheese,Cucumbers,Spinach,Tomatoes,Onions,Hummus,,Roast beef,Bacon,Turkey,Mayonnaise,,,,,7,7,4,1000,0,1000,0,1,999,,,,,,,,,,,,,,,
,,,,,,,,,,,,,44497,2020-03-03_14h48.34.221,SandwichStudy,3.2.4,MacIntel,60,"[""a""]",[2.8529999256134033],1,0,80,45,1,79,Bell peppers,Provolone cheese,Cucumbers,Spinach,Tomatoes,Onions,Hummus,,Roast beef,Bacon,Turkey,Mayonnaise,,,,,7,7,4,1000,0,1000,0,1,999,,,,,,,,,,,,,,,
,,,,,,,,,,,,,44497,2020-03-03_14h48.34.221,SandwichStudy,3.2.4,MacIntel,60,"[""space""]",[0.5789999961853027],1,0,80,0,1,79,Onions,Bell peppers,Mushrooms,Jalapenos,American cheese,Steak,,,Bacon,Provolone cheese,Mushrooms,Parmesan cheese,,,,,6,6,4,1000,0,1000,0,1,999,,,,,,,,,,,,,,,
,,,,,,,,,,,,,44497,2020-03-03_14h48.34.221,SandwichStudy,3.2.4,MacIntel,60,"[""space""]",[0.7669997215270996],1,0,80,0,1,79,Onions,Bell peppers,Mushrooms,Jalapenos,American cheese,Steak,,,Bacon,Provolone cheese,Mushrooms,Parmesan cheese,,,,,6,6,4,1000,0,1000,0,1,999,,,,,,,,,,,,,,,
,,,,,,,,,,,,,44497,2020-03-03_14h48.34.221,SandwichStudy,3.2.4,MacIntel,60,"[""a""]",[0.8919999599456787],1,0,80,0,1,79,Onions,Bell peppers,Mushrooms,Jalapenos,American cheese,Steak,,,Bacon,Provolone cheese,Mushrooms,Parmesan cheese,,,,,6,6,4,1000,0,1000,0,1,999,,,,,,,,,,,,,,,
,,,,,,,,,,,,,44497,2020-03-03_14h48.34.221,SandwichStudy,3.2.4,MacIntel,60,"[""a""]",[0.17699980735778809],1,0,80,2,1,79,Turkey,Provolone cheese,Spinach,Garlic aioli,,,,,Chicken,Pickles,Basil,Tomatoes,Cucumbers,,,,5,4,5,1000,0,1000,0,1,999,,,,,,,,,,,,,,,
,,,,,,,,,,,,,44497,2020-03-03_14h48.34.221,SandwichStudy,3.2.4,MacIntel,60,"[""l""]",[1.2219998836517334],1,0,80,36,1,79,Chicken,Bell peppers,Bacon,Provolone cheese,Ranch dressing,Lettuce,Tomatoes,,Pastrami,Cheddar cheese,Mustard,Pickles,,,,,7,7,4,1000,0,1000,0,1,999,,,,,,,,,,,,,,,
,,,,,,,,,,,,,44497,2020-03-03_14h48.34.221,SandwichStudy,3.2.4,MacIntel,60,"[""l""]",[0.06299996376037598],1,0,80,38,1,79,Steak,Turkey,Ham,Cheddar cheese,Olives,Lettuce,Tomatoes,Onions,Chicken,Swiss cheese,Lettuce,Tomatoes,Onions,,,,8,8,5,1000,0,1000,0,1,999,,,,,,,,,,,,,,,
,,,,,,,,,,,,,44497,2020-03-03_14h48.34.221,SandwichStudy,3.2.4,MacIntel,60,"[""a""]",[0.9769999980926514],1,0,80,6,1,79,Chicken,Cheddar cheese,Lettuce,Garlic aioli,Swiss cheese,Tomatoes,,,Cheddar cheese,Provolone cheese,Swiss cheese,Mushrooms,Mayonnaise,Lettuce,Tomatoes,,7,6,7,1000,0,1000,0,1,999,,,,,,,,,,,,,,,
,,,,,,,,,,,,,44497,2020-03-03_14h48.34.221,SandwichStudy,3.2.4,MacIntel,60,"[""l""]",[0.5920000076293945],1,0,80,18,1,79,Turkey,Bacon,Pepper jack cheese,Avocado,Ranch dressing,Spinach,Tomatoes,,Chicken,Bacon,Cheddar cheese,Swiss cheese,Spinach,Tomatoes,Mayonnaise,Mustard,8,7,8,1000,0,1000,0,1,999,,,,,,,,,,,,,,,
,,,,,,,,,,,,,44497,2020-03-03_14h48.34.221,SandwichStudy,3.2.4,MacIntel,60,"[""space""]",[0.7829999923706055],1,0,80,55,1,79,Roast beef,Turkey,Pastrami,Mayonnaise,Provolone cheese,,,,Ham,Swiss cheese,Spinach,Mustard,,,,,5,5,4,1000,0,1000,0,1,999,,,,,,,,,,,,,,,
,,,,,,,,,,,,,44497,2020-03-03_14h48.34.221,SandwichStudy,3.2.4,MacIntel,60,"[""space""]",[0.9760000705718994],1,0,80,55,1,79,Roast beef,Turkey,Pastrami,Mayonnaise,Provolone cheese,,,,Ham,Swiss cheese,Spinach,Mustard,,,,,5,5,4,1000,0,1000,0,1,999,,,,,,,,,,,,,,,
,,,,,,,,,,,,,44497,2020-03-03_14h48.34.221,SandwichStudy,3.2.4,MacIntel,60,"[""space""]",[0.14299988746643066],1,0,80,55,1,79,Roast beef,Turkey,Pastrami,Mayonnaise,Provolone cheese,,,,Ham,Swiss cheese,Spinach,Mustard,,,,,5,5,4,1000,0,1000,0,1,999,,,,,,,,,,,,,,,
,,,,,,,,,,,,,44497,2020-03-03_14h48.34.221,SandwichStudy,3.2.4,MacIntel,60,"[""l""]",[3.169999837875366],1,0,80,55,1,79,Roast beef,Turkey,Pastrami,Mayonnaise,Provolone cheese,,,,Ham,Swiss cheese,Spinach,Mustard,,,,,5,5,4,1000,0,1000,0,1,999,,,,,,,,,,,,,,,
,,,,,,,,,,,,,44497,2020-03-03_14h48.34.221,SandwichStudy,3.2.4,MacIntel,60,"[""l""]",[0.5169997215270996],1,0,80,29,1,79,Turkey,Garlic aioli,Bacon,Spinach,,,,,Chicken,Mayonnaise,Cheddar cheese,,,,,,4,4,3,1000,0,1000,0,1,999,,,,,,,,,,,,,,,
,,,,,,,,,,,,,44497,2020-03-03_14h48.34.221,SandwichStudy,3.2.4,MacIntel,60,"[""l""]",[0.5409998893737793],1,0,80,46,1,79,Turkey,Ham,Bacon,Swiss cheese,Lettuce,Tomatoes,Onions,,Chicken,Pickles,Basil,Tomatoes,Cucumbers,,,,7,7,5,1000,0,1000,0,1,999,,,,,,,,,,,,,,,
,,,,,,,,,,,,,44497,2020-03-03_14h48.34.221,SandwichStudy,3.2.4,MacIntel,60,"[""a""]",[0.6109998226165771],1,0,80,64,1,79,Tuna,Basil,Cheddar cheese,Garlic aioli,Pickles,Onions,Tomatoes,Spinach,Turkey,Ham,Bacon,Provolone cheese,Lettuce,Tomatoes,Ranch dressing,,8,8,7,1000,0,1000,0,1,999,,,,,,,,,,,,,,,
,,,,,,,,,,,,,44497,2020-03-03_14h48.34.221,SandwichStudy,3.2.4,MacIntel,60,"[""space""]",[1.057999849319458],1,0,80,71,1,79,Bacon,Ham,Turkey,Mayonnaise,Mustard,Cheddar cheese,Tomatoes,Spinach,Bacon,Lettuce,Tomatoes,Garlic aioli,Avocado,,,,8,8,5,1000,0,1000,0,1,999,,,,,,,,,,,,,,,
,,,,,,,,,,,,,44497,2020-03-03_14h48.34.221,SandwichStudy,3.2.4,MacIntel,60,"[""space""]",[0.3299999237060547],1,0,80,71,1,79,Bacon,Ham,Turkey,Mayonnaise,Mustard,Cheddar cheese,Tomatoes,Spinach,Bacon,Lettuce,Tomatoes,Garlic aioli,Avocado,,,,8,8,5,1000,0,1000,0,1,999,,,,,,,,,,,,,,,
,,,,,,,,,,,,,44497,2020-03-03_14h48.34.221,SandwichStudy,3.2.4,MacIntel,60,"[""a""]",[0.1549999713897705],1,0,80,71,1,79,Bacon,Ham,Turkey,Mayonnaise,Mustard,Cheddar cheese,Tomatoes,Spinach,Bacon,Lettuce,Tomatoes,Garlic aioli,Avocado,,,,8,8,5,1000,0,1000,0,1,999,,,,,,,,,,,,,,,
,,,,,,,,,,,,,44497,2020-03-03_14h48.34.221,SandwichStudy,3.2.4,MacIntel,60,"[""space""]",[0.4099998474121094],1,0,80,3,1,79,Chicken,American cheese,Coleslaw,Tomatoes,Pickles,Mayonnaise,,,Swiss cheese,Provolone cheese,Bell peppers,Tomatoes,Onions,,,,6,6,5,1000,0,1000,0,1,999,,,,,,,,,,,,,,,
,,,,,,,,,,,,,44497,2020-03-03_14h48.34.221,SandwichStudy,3.2.4,MacIntel,60,"[""l""]",[0.4719998836517334],1,0,80,3,1,79,Chicken,American cheese,Coleslaw,Tomatoes,Pickles,Mayonnaise,,,Swiss cheese,Provolone cheese,Bell peppers,Tomatoes,Onions,,,,6,6,5,1000,0,1000,0,1,999,,,,,,,,,,,,,,,
,,,,,,,,,,,,,44497,2020-03-03_14h48.34.221,SandwichStudy,3.2.4,MacIntel,60,"[""space""]",[0.09999990463256836],1,0,80,20,1,79,Pastrami,Swiss cheese,Coleslaw,,,,,,Chicken,Bacon,Feta cheese,Bell peppers,Basil,Garlic aioli,,,6,3,6,1000,0,1000,0,1,999,,,,,,,,,,,,,,,
,,,,,,,,,,,,,44497,2020-03-03_14h48.34.221,SandwichStudy,3.2.4,MacIntel,60,"[""space""]",[0.742999792098999],1,0,80,20,1,79,Pastrami,Swiss cheese,Coleslaw,,,,,,Chicken,Bacon,Feta cheese,Bell peppers,Basil,Garlic aioli,,,6,3,6,1000,0,1000,0,1,999,,,,,,,,,,,,,,,
,,,,,,,,,,,,,44497,2020-03-03_14h48.34.221,SandwichStudy,3.2.4,MacIntel,60,"[""l""]",[0.3019998073577881],1,0,80,20,1,79,Pastrami,Swiss cheese,Coleslaw,,,,,,Chicken,Bacon,Feta cheese,Bell peppers,Basil,Garlic aioli,,,6,3,6,1000,0,1000,0,1,999,,,,,,,,,,,,,,,
,,,,,,,,,,,,,44497,2020-03-03_14h48.34.221,SandwichStudy,3.2.4,MacIntel,60,"[""space""]",[0.5199997425079346],1,0,80,70,1,79,Pastrami,Swiss cheese,Coleslaw,,,,,,Chicken,Cheddar cheese,Bacon,Avocado,Ranch dressing,,,,5,3,5,1000,0,1000,0,1,999,,,,,,,,,,,,,,,
,,,,,,,,,,,,,44497,2020-03-03_14h48.34.221,SandwichStudy,3.2.4,MacIntel,60,"[""space""]",[0.11699986457824707],1,0,80,70,1,79,Pastrami,Swiss cheese,Coleslaw,,,,,,Chicken,Cheddar cheese,Bacon,Avocado,Ranch dressing,,,,5,3,5,1000,0,1000,0,1,999,,,,,,,,,,,,,,,
,,,,,,,,,,,,,44497,2020-03-03_14h48.34.221,SandwichStudy,3.2.4,MacIntel,60,"[""space""]",[0.4629998207092285],1,0,80,70,1,79,Pastrami,Swiss cheese,Coleslaw,,,,,,Chicken,Cheddar cheese,Bacon,Avocado,Ranch dressing,,,,5,3,5,1000,0,1000,0,1,999,,,,,,,,,,,,,,,
,,,,,,,,,,,,,44497,2020-03-03_14h48.34.221,SandwichStudy,3.2.4,MacIntel,60,"[""a""]",[0.437999963760376],1,0,80,70,1,79,Pastrami,Swiss cheese,Coleslaw,,,,,,Chicken,Cheddar cheese,Bacon,Avocado,Ranch dressing,,,,5,3,5,1000,0,1000,0,1,999,,,,,,,,,,,,,,,
,,,,,,,,,,,,,44497,2020-03-03_14h48.34.221,SandwichStudy,3.2.4,MacIntel,60,"[""l""]",[0.4089999198913574],1,0,80,59,1,79,Chicken,Ham,Cheddar cheese,Mayonnaise,,,,,Turkey,Garlic aioli,Bacon,Spinach,,,,,4,4,4,1000,0,1000,0,1,999,,,,,,,,,,,,,,,
,,,,,,,,,,,,,44497,2020-03-03_14h48.34.221,SandwichStudy,3.2.4,MacIntel,60,"[""l""]",[2.4860000610351562],1,0,80,13,1,79,Chicken,Garlic aioli,Pickles,Cucumbers,Jalapenos,Basil,,,Roast beef,Bacon,Turkey,Mayonnaise,,,,,6,6,4,1000,0,1000,0,1,999,,,,,,,,,,,,,,,
,,,,,,,,,,,,,44497,2020-03-03_14h48.34.221,SandwichStudy,3.2.4,MacIntel,60,"[""a""]",[0.9879999160766602],1,0,80,43,1,79,Meatballs,Provolone cheese,Onions,Marinara sauce,,,,,Chicken,Mozzarella cheese,Tomatoes,Pesto,Spinach,,,,5,4,5,1000,0,1000,0,1,999,,,,,,,,,,,,,,,
,,,,,,,,,,,,,44497,2020-03-03_14h48.34.221,SandwichStudy,3.2.4,MacIntel,60,"[""space""]",[0.9129998683929443],1,0,80,72,1,79,Chicken,Mozzarella cheese,Tomatoes,Onions,Basil,Mayonnaise,,,Chicken,American cheese,Coleslaw,Tomatoes,Pickles,Mayonnaise,,,6,6,6,1000,0,1000,0,1,999,,,,,,,,,,,,,,,
,,,,,,,,,,,,,44497,2020-03-03_14h48.34.221,SandwichStudy,3.2.4,MacIntel,60,"[""space""]",[0.4099998474121094],1,0,80,72,1,79,Chicken,Mozzarella cheese,Tomatoes,Onions,Basil,Mayonnaise,,,Chicken,American cheese,Coleslaw,Tomatoes,Pickles,Mayonnaise,,,6,6,6,1000,0,1000,0,1,999,,,,,,,,,,,,,,,
,,,,,,,,,,,,,44497,2020-03-03_14h48.34.221,SandwichStudy,3.2.4,MacIntel,60,"[""a""]",[0.27499985694885254],1,0,80,72,1,79,Chicken,Mozzarella cheese,Tomatoes,Onions,Basil,Mayonnaise,,,Chicken,American cheese,Coleslaw,Tomatoes,Pickles,Mayonnaise,,,6,6,6,1000,0,1000,0,1,999,,,,,,,,,,,,,,,
,,,,,,,,,,,,,44497,2020-03-03_14h48.34.221,SandwichStudy,3.2.4,MacIntel,60,"[""a""]",[0.9119999408721924],1,0,80,4,1,79,Provolone cheese,Swiss cheese,Cheddar cheese,Parmesan cheese,Tomatoes,,,,Chicken,Lettuce,Tomatoes,Mayonnaise,,,,,5,5,4,1000,0,1000,0,1,999,,,,,,,,,,,,,,,
,,,,,,,,,,,,,44497,2020-03-03_14h48.34.221,SandwichStudy,3.2.4,MacIntel,60,"[""l""]",[0.2199997901916504],1,0,80,67,1,79,Avocado,Onions,Cucumbers,,,,,,Meatballs,Provolone cheese,Marinara sauce,Parmesan cheese,,,,,4,3,4,1000,0,1000,0,1,999,,,,,,,,,,,,,,,
,,,,,,,,,,,,,44497,2020-03-03_14h48.34.221,SandwichStudy,3.2.4,MacIntel,60,"[""l""]",[0.25799989700317383],1,0,80,17,1,79,Salami,Roast beef,Turkey,Ham,Swiss cheese,Lettuce,Tomatoes,Mayonnaise,Chicken,Gouda cheese,Avocado,Basil,Bell peppers,Mayonnaise,,,8,8,6,1000,0,1000,0,1,999,,,,,,,,,,,,,,,
,,,,,,,,,,,,,44497,2020-03-03_14h48.34.221,SandwichStudy,3.2.4,MacIntel,60,"[""space""]",[1.1449999809265137],1,0,80,7,1,79,Mozzarella cheese,Bell peppers,Pesto,Spinach,,,,,Ham,Lettuce,Tomatoes,Mayonnaise,Mustard,,,,5,4,5,1000,0,1000,0,1,999,,,,,,,,,,,,,,,
,,,,,,,,,,,,,44497,2020-03-03_14h48.34.221,SandwichStudy,3.2.4,MacIntel,60,"[""space""]",[0.01900005340576172],1,0,80,7,1,79,Mozzarella cheese,Bell peppers,Pesto,Spinach,,,,,Ham,Lettuce,Tomatoes,Mayonnaise,Mustard,,,,5,4,5,1000,0,1000,0,1,999,,,,,,,,,,,,,,,
,,,,,,,,,,,,,44497,2020-03-03_14h48.34.221,SandwichStudy,3.2.4,MacIntel,60,"[""space""]",[0.026999950408935547],1,0,80,7,1,79,Mozzarella cheese,Bell peppers,Pesto,Spinach,,,,,Ham,Lettuce,Tomatoes,Mayonnaise,Mustard,,,,5,4,5,1000,0,1000,0,1,999,,,,,,,,,,,,,,,
,,,,,,,,,,,,,44497,2020-03-03_14h48.34.221,SandwichStudy,3.2.4,MacIntel,60,"[""space""]",[2.6049997806549072],1,0,80,7,1,79,Mozzarella cheese,Bell peppers,Pesto,Spinach,,,,,Ham,Lettuce,Tomatoes,Mayonnaise,Mustard,,,,5,4,5,1000,0,1000,0,1,999,,,,,,,,,,,,,,,
,,,,,,,,,,,,,44497,2020-03-03_14h48.34.221,SandwichStudy,3.2.4,MacIntel,60,"[""a""]",[0.37199997901916504],1,0,80,7,1,79,Mozzarella cheese,Bell peppers,Pesto,Spinach,,,,,Ham,Lettuce,Tomatoes,Mayonnaise,Mustard,,,,5,4,5,1000,0,1000,0,1,999,,,,,,,,,,,,,,,
,,,,,,,,,,,,,44497,2020-03-03_14h48.34.221,SandwichStudy,3.2.4,MacIntel,60,"[""l""]",[1.5889997482299805],1,0,80,1,1,79,Tomatoes,Mozzarella cheese,Spinach,Pesto,,,,,Ham,Swiss cheese,Mustard,,,,,,4,4,3,1000,0,1000,0,1,999,,,,,,,,,,,,,,,
,,,,,,,,,,,,,44497,2020-03-03_14h48.34.221,SandwichStudy,3.2.4,MacIntel,60,"[""l""]",[0.045999765396118164],1,0,80,51,1,79,Turkey,Provolone cheese,Pesto,Bell peppers,,,,,Swiss cheese,Provolone cheese,Bell peppers,Tomatoes,Onions,,,,5,4,5,1000,0,1000,0,1,999,,,,,,,,,,,,,,,
,,,,,,,,,,,,,44497,2020-03-03_14h48.34.221,SandwichStudy,3.2.4,MacIntel,60,"[""a""]",[0.5559999942779541],1,0,80,42,1,79,Chicken,Bacon,Feta cheese,Bell peppers,Basil,Garlic aioli,,,Turkey,Ham,Cheddar cheese,Mayonnaise,,,,,6,6,4,1000,0,1000,0,1,999,,,,,,,,,,,,,,,
,,,,,,,,,,,,,44497,2020-03-03_14h48.34.221,SandwichStudy,3.2.4,MacIntel,60,"[""a""]",[0.6419999599456787],1,0,80,23,1,79,Meatballs,Provolone cheese,Marinara sauce,Parmesan cheese,,,,,Turkey,Cheddar cheese,Bacon,,,,,,4,4,3,1000,0,1000,0,1,999,,,,,,,,,,,,,,,
,,,,,,,,,,,,,44497,2020-03-03_14h48.34.221,SandwichStudy,3.2.4,MacIntel,60,"[""l""]",[0.05099987983703613],1,0,80,12,1,79,Turkey,Cheddar cheese,Mayonnaise,,,,,,Ham,Pork,Swiss cheese,Mustard,Pickles,,,,5,3,5,1000,0,1000,0,1,999,,,,,,,,,,,,,,,
,,,,,,,,,,,,,44497,2020-03-03_14h48.34.221,SandwichStudy,3.2.4,MacIntel,60,"[""space""]",[0.31100010871887207],1,0,80,60,1,79,Chicken,Swiss cheese,Lettuce,Tomatoes,Onions,,,,Chicken,Cheddar cheese,Lettuce,Garlic aioli,Swiss cheese,Tomatoes,,,6,5,6,1000,0,1000,0,1,999,,,,,,,,,,,,,,,
,,,,,,,,,,,,,44497,2020-03-03_14h48.34.221,SandwichStudy,3.2.4,MacIntel,60,"[""space""]",[0.3059999942779541],1,0,80,60,1,79,Chicken,Swiss cheese,Lettuce,Tomatoes,Onions,,,,Chicken,Cheddar cheese,Lettuce,Garlic aioli,Swiss cheese,Tomatoes,,,6,5,6,1000,0,1000,0,1,999,,,,,,,,,,,,,,,
,,,,,,,,,,,,,44497,2020-03-03_14h48.34.221,SandwichStudy,3.2.4,MacIntel,60,"[""space""]",[0.23399972915649414],1,0,80,60,1,79,Chicken,Swiss cheese,Lettuce,Tomatoes,Onions,,,,Chicken,Cheddar cheese,Lettuce,Garlic aioli,Swiss cheese,Tomatoes,,,6,5,6,1000,0,1000,0,1,999,,,,,,,,,,,,,,,
,,,,,,,,,,,,,44497,2020-03-03_14h48.34.221,SandwichStudy,3.2.4,MacIntel,60,"[""l""]",[2.2249999046325684],1,0,80,60,1,79,Chicken,Swiss cheese,Lettuce,Tomatoes,Onions,,,,Chicken,Cheddar cheese,Lettuce,Garlic aioli,Swiss cheese,Tomatoes,,,6,5,6,1000,0,1000,0,1,999,,,,,,,,,,,,,,,
,,,,,,,,,,,,,44497,2020-03-03_14h48.34.221,SandwichStudy,3.2.4,MacIntel,60,"[""a""]",[0.3919999599456787],1,0,80,10,1,79,Turkey,Cheddar cheese,Coleslaw,Spinach,Mustard,,,,Salami,Provolone cheese,Lettuce,Tomatoes,Mayonnaise,Mustard,,,6,5,6,1000,0,1000,0,1,999,,,,,,,,,,,,,,,
,,,,,,,,,,,,,44497,2020-03-03_14h48.34.221,SandwichStudy,3.2.4,MacIntel,60,"[""l""]",[0.39499998092651367],1,0,80,37,1,79,Turkey,Ham,Cheddar cheese,Mayonnaise,,,,,Chicken,Ham,Swiss cheese,Mayonnaise,Mustard,,,,5,4,5,1000,0,1000,0,1,999,,,,,,,,,,,,,,,
,,,,,,,,,,,,,44497,2020-03-03_14h48.34.221,SandwichStudy,3.2.4,MacIntel,60,"[""space""]",[0.9839999675750732],1,0,80,56,1,79,Turkey,Salami,Cheddar cheese,Mayonnaise,,,,,Turkey,Bacon,Avocado,Provolone cheese,Lettuce,Tomatoes,Onions,Ranch dressing,8,4,8,1000,0,1000,0,1,999,,,,,,,,,,,,,,,
,,,,,,,,,,,,,44497,2020-03-03_14h48.34.221,SandwichStudy,3.2.4,MacIntel,60,"[""space""]",[0.252000093460083],1,0,80,56,1,79,Turkey,Salami,Cheddar cheese,Mayonnaise,,,,,Turkey,Bacon,Avocado,Provolone cheese,Lettuce,Tomatoes,Onions,Ranch dressing,8,4,8,1000,0,1000,0,1,999,,,,,,,,,,,,,,,
,,,,,,,,,,,,,44497,2020-03-03_14h48.34.221,SandwichStudy,3.2.4,MacIntel,60,"[""l""]",[1.125999927520752],1,0,80,56,1,79,Turkey,Salami,Cheddar cheese,Mayonnaise,,,,,Turkey,Bacon,Avocado,Provolone cheese,Lettuce,Tomatoes,Onions,Ranch dressing,8,4,8,1000,0,1000,0,1,999,,,,,,,,,,,,,,,
,,,,,,,,,,,,,44497,2020-03-03_14h48.34.221,SandwichStudy,3.2.4,MacIntel,60,"[""space""]",[1.4739997386932373],1,0,80,14,1,79,Steak,Bacon,American cheese,Tomatoes,Onions,Pickles,,,Bell peppers,Provolone cheese,Cucumbers,Spinach,Tomatoes,Onions,Hummus,,7,6,7,1000,0,1000,0,1,999,,,,,,,,,,,,,,,
,,,,,,,,,,,,,44497,2020-03-03_14h48.34.221,SandwichStudy,3.2.4,MacIntel,60,"[""space""]",[0.30299973487854004],1,0,80,14,1,79,Steak,Bacon,American cheese,Tomatoes,Onions,Pickles,,,Bell peppers,Provolone cheese,Cucumbers,Spinach,Tomatoes,Onions,Hummus,,7,6,7,1000,0,1000,0,1,999,,,,,,,,,,,,,,,
,,,,,,,,,,,,,44497,2020-03-03_14h48.34.221,SandwichStudy,3.2.4,MacIntel,60,"[""a""]",[0.9839999675750732],1,0,80,14,1,79,Steak,Bacon,American cheese,Tomatoes,Onions,Pickles,,,Bell peppers,Provolone cheese,Cucumbers,Spinach,Tomatoes,Onions,Hummus,,7,6,7,1000,0,1000,0,1,999,,,,,,,,,,,,,,,
,,,,,,,,,,,,,44497,2020-03-03_14h48.34.221,SandwichStudy,3.2.4,MacIntel,60,"[""a""]",[0.39299988746643066],1,0,80,24,1,79,Steak,Onions,Bell peppers,Provolone cheese,,,,,Tuna,Lettuce,Tomatoes,Mayonnaise,,,,,4,4,4,1000,0,1000,0,1,999,,,,,,,,,,,,,,,
,,,,,,,,,,,,,44497,2020-03-03_14h48.34.221,SandwichStudy,3.2.4,MacIntel,60,"[""l""]",[0.5090000629425049],1,0,80,35,1,79,Bacon,Lettuce,Tomatoes,Ranch dressing,,,,,Turkey,Gouda cheese,Avocado,Garlic aioli,Jalapenos,Tomatoes,Lettuce,,7,4,7,1000,0,1000,0,1,999,,,,,,,,,,,,,,,
,,,,,,,,,,,,,44497,2020-03-03_14h48.34.221,SandwichStudy,3.2.4,MacIntel,60,"[""l""]",[0.14399981498718262],1,0,80,54,1,79,Chicken,Bell peppers,Bacon,Provolone cheese,Ranch dressing,Lettuce,Tomatoes,,Turkey,Bacon,Pepper jack cheese,Avocado,Ranch dressing,Spinach,Tomatoes,,7,7,7,1000,0,1000,0,1,999,,,,,,,,,,,,,,,
,,,,,,,,,,,,,44497,2020-03-03_14h48.34.221,SandwichStudy,3.2.4,MacIntel,60,"[""space""]",[0.11999988555908203],1,0,80,9,1,79,Bacon,Turkey,Pepper jack cheese,Mustard,,,,,Bacon,Spinach,Tomatoes,Avocado,Mayonnaise,,,,5,4,5,1000,0,1000,0,1,999,,,,,,,,,,,,,,,
,,,,,,,,,,,,,44497,2020-03-03_14h48.34.221,SandwichStudy,3.2.4,MacIntel,60,"[""a""]",[0.7170000076293945],1,0,80,9,1,79,Bacon,Turkey,Pepper jack cheese,Mustard,,,,,Bacon,Spinach,Tomatoes,Avocado,Mayonnaise,,,,5,4,5,1000,0,1000,0,1,999,,,,,,,,,,,,,,,
,,,,,,,,,,,,,44497,2020-03-03_14h48.34.221,SandwichStudy,3.2.4,MacIntel,60,"[""space""]",[0.07199978828430176],1,0,80,15,1,79,Pork,Cucumbers,Pickles,Jalapenos,Basil,Mayonnaise,,,Roast beef,Pastrami,Swiss cheese,Mustard,,,,,6,6,4,1000,0,1000,0,1,999,,,,,,,,,,,,,,,
,,,,,,,,,,,,,44497,2020-03-03_14h48.34.221,SandwichStudy,3.2.4,MacIntel,60,"[""space""]",[0.2780001163482666],1,0,80,15,1,79,Pork,Cucumbers,Pickles,Jalapenos,Basil,Mayonnaise,,,Roast beef,Pastrami,Swiss cheese,Mustard,,,,,6,6,4,1000,0,1000,0,1,999,,,,,,,,,,,,,,,
,,,,,,,,,,,,,44497,2020-03-03_14h48.34.221,SandwichStudy,3.2.4,MacIntel,60,"[""space""]",[0.24599981307983398],1,0,80,15,1,79,Pork,Cucumbers,Pickles,Jalapenos,Basil,Mayonnaise,,,Roast beef,Pastrami,Swiss cheese,Mustard,,,,,6,6,4,1000,0,1000,0,1,999,,,,,,,,,,,,,,,
,,,,,,,,,,,,,44497,2020-03-03_14h48.34.221,SandwichStudy,3.2.4,MacIntel,60,"[""a""]",[0.5539999008178711],1,0,80,15,1,79,Pork,Cucumbers,Pickles,Jalapenos,Basil,Mayonnaise,,,Roast beef,Pastrami,Swiss cheese,Mustard,,,,,6,6,4,1000,0,1000,0,1,999,,,,,,,,,,,,,,,
,,,,,,,,,,,,,44497,2020-03-03_14h48.34.221,SandwichStudy,3.2.4,MacIntel,60,"[""a""]",[11.46399998664856],1,0,80,49,1,79,Spinach,Tomatoes,Cucumbers,Onions,Bell peppers,Avocado,Mayonnaise,,Turkey,Provolone cheese,Spinach,Garlic aioli,,,,,7,7,4,1000,0,1000,0,1,999,,,,,,,,,,,,,,,
,,,,,,,,,,,,,44497,2020-03-03_14h48.34.221,SandwichStudy,3.2.4,MacIntel,60,"[""l""]",[1.2009999752044678],1,0,80,78,1,79,Chicken,American cheese,Lettuce,Tomatoes,Mayonnaise,,,,Pastrami,Cheddar cheese,Mustard,Pickles,,,,,5,5,4,1000,0,1000,0,1,999,,,,,,,,,,,,,,,
,,,,,,,,,,,,,44497,2020-03-03_14h48.34.221,SandwichStudy,3.2.4,MacIntel,60,"[""space""]",[0.937000036239624],1,0,80,52,1,79,Cheddar cheese,Avocado,Onions,Tomatoes,Mayonnaise,,,,Bacon,Ham,Turkey,Mayonnaise,Cheddar cheese,Tomatoes,Spinach,Swiss cheese,8,5,8,1000,0,1000,0,1,999,,,,,,,,,,,,,,,
,,,,,,,,,,,,,44497,2020-03-03_14h48.34.221,SandwichStudy,3.2.4,MacIntel,60,"[""l""]",[0.10299992561340332],1,0,80,52,1,79,Cheddar cheese,Avocado,Onions,Tomatoes,Mayonnaise,,,,Bacon,Ham,Turkey,Mayonnaise,Cheddar cheese,Tomatoes,Spinach,Swiss cheese,8,5,8,1000,0,1000,0,1,999,,,,,,,,,,,,,,,
,,,,,,,,,,,,,44497,2020-03-03_14h48.34.221,SandwichStudy,3.2.4,MacIntel,60,"[""l""]",[0.05299997329711914],1,0,80,69,1,79,Chicken,Garlic aioli,Pickles,Cucumbers,Jalapenos,Basil,,,Chicken,Bacon,Cheddar cheese,Swiss cheese,Spinach,Tomatoes,Mayonnaise,Mustard,8,6,8,1000,0,1000,0,1,999,,,,,,,,,,,,,,,
,,,,,,,,,,,,,44497,2020-03-03_14h48.34.221,SandwichStudy,3.2.4,MacIntel,60,"[""l""]",[0.2759997844696045],1,0,80,39,1,79,Chicken,Provolone cheese,Pesto,,,,,,Turkey,Bacon,Jalapenos,Lettuce,Avocado,Garlic aioli,Tomatoes,,7,3,7,1000,0,1000,0,1,999,,,,,,,,,,,,,,,
,,,,,,,,,,,,,44497,2020-03-03_14h48.34.221,SandwichStudy,3.2.4,MacIntel,60,"[""space""]",[0.8840000629425049],1,0,80,76,1,79,Bacon,Lettuce,Tomatoes,Ranch dressing,,,,,Chicken,Bacon,Mustard,,,,,,4,4,3,1000,0,1000,0,1,999,,,,,,,,,,,,,,,
,,,,,,,,,,,,,44497,2020-03-03_14h48.34.221,SandwichStudy,3.2.4,MacIntel,60,"[""space""]",[0.2200000286102295],1,0,80,76,1,79,Bacon,Lettuce,Tomatoes,Ranch dressing,,,,,Chicken,Bacon,Mustard,,,,,,4,4,3,1000,0,1000,0,1,999,,,,,,,,,,,,,,,
,,,,,,,,,,,,,44497,2020-03-03_14h48.34.221,SandwichStudy,3.2.4,MacIntel,60,"[""space""]",[0.5099999904632568],1,0,80,76,1,79,Bacon,Lettuce,Tomatoes,Ranch dressing,,,,,Chicken,Bacon,Mustard,,,,,,4,4,3,1000,0,1000,0,1,999,,,,,,,,,,,,,,,
,,,,,,,,,,,,,44497,2020-03-03_14h48.34.221,SandwichStudy,3.2.4,MacIntel,60,"[""a""]",[1.6679997444152832],1,0,80,76,1,79,Bacon,Lettuce,Tomatoes,Ranch dressing,,,,,Chicken,Bacon,Mustard,,,,,,4,4,3,1000,0,1000,0,1,999,,,,,,,,,,,,,,,
,,,,,,,,,,,,,44497,2020-03-03_14h48.34.221,SandwichStudy,3.2.4,MacIntel,60,"[""l""]",[0.6459999084472656],1,0,80,77,1,79,Chicken,Lettuce,Tomatoes,Mayonnaise,,,,,Pepperoni,Meatballs,Marinara sauce,Provolone cheese,Mushrooms,,,,5,4,5,1000,0,1000,0,1,999,,,,,,,,,,,,,,,
,,,,,,,,,,,,,44497,2020-03-03_14h48.34.221,SandwichStudy,3.2.4,MacIntel,60,"[""space""]",[1.0109999179840088],1,0,80,73,1,79,Turkey,Avocado,Bacon,Garlic aioli,Tomatoes,Spinach,Onions,,Tuna,Lettuce,Tomatoes,Mayonnaise,,,,,7,7,4,1000,0,1000,0,1,999,,,,,,,,,,,,,,,
,,,,,,,,,,,,,44497,2020-03-03_14h48.34.221,SandwichStudy,3.2.4,MacIntel,60,"[""space""]",[0.4849998950958252],1,0,80,73,1,79,Turkey,Avocado,Bacon,Garlic aioli,Tomatoes,Spinach,Onions,,Tuna,Lettuce,Tomatoes,Mayonnaise,,,,,7,7,4,1000,0,1000,0,1,999,,,,,,,,,,,,,,,
,,,,,,,,,,,,,44497,2020-03-03_14h48.34.221,SandwichStudy,3.2.4,MacIntel,60,"[""space""]",[0.31999993324279785],1,0,80,73,1,79,Turkey,Avocado,Bacon,Garlic aioli,Tomatoes,Spinach,Onions,,Tuna,Lettuce,Tomatoes,Mayonnaise,,,,,7,7,4,1000,0,1000,0,1,999,,,,,,,,,,,,,,,
,,,,,,,,,,,,,44497,2020-03-03_14h48.34.221,SandwichStudy,3.2.4,MacIntel,60,"[""a""]",[2.7679998874664307],1,0,80,73,1,79,Turkey,Avocado,Bacon,Garlic aioli,Tomatoes,Spinach,Onions,,Tuna,Lettuce,Tomatoes,Mayonnaise,,,,,7,7,4,1000,0,1000,0,1,999,,,,,,,,,,,,,,,
,,,,,,,,,,,,,44497,2020-03-03_14h48.34.221,SandwichStudy,3.2.4,MacIntel,60,"[""space""]",[0.2560000419616699],1,0,80,63,1,79,Onions,Bell peppers,Mushrooms,Jalapenos,American cheese,Steak,,,Turkey,Ham,Roast beef,Provolone cheese,Spinach,Tomatoes,Mayonnaise,Mustard,8,6,8,1000,0,1000,0,1,999,,,,,,,,,,,,,,,
,,,,,,,,,,,,,44497,2020-03-03_14h48.34.221,SandwichStudy,3.2.4,MacIntel,60,"[""l""]",[1.4099998474121094],1,0,80,63,1,79,Onions,Bell peppers,Mushrooms,Jalapenos,American cheese,Steak,,,Turkey,Ham,Roast beef,Provolone cheese,Spinach,Tomatoes,Mayonnaise,Mustard,8,6,8,1000,0,1000,0,1,999,,,,,,,,,,,,,,,
,,,,,,,,,,,,,44497,2020-03-03_14h48.34.221,SandwichStudy,3.2.4,MacIntel,60,"[""a""]",[0.008999824523925781],1,0,80,44,1,79,Chicken,Gouda cheese,Avocado,Basil,Bell peppers,Mayonnaise,,,Turkey,Gouda cheese,Avocado,Garlic aioli,Jalapenos,Tomatoes,Lettuce,,7,6,7,1000,0,1000,0,1,999,,,,,,,,,,,,,,,
,,,,,,,,,,,,,44497,2020-03-03_14h48.34.221,SandwichStudy,3.2.4,MacIntel,60,"[""a""]",[0.09299993515014648],1,0,80,57,1,79,Avocado,Spinach,Tomatoes,Swiss cheese,,,,,Chicken,Ham,Swiss cheese,Mayonnaise,Mustard,,,,5,4,5,1000,0,1000,0,1,999,,,,,,,,,,,,,,,
,,,,,,,,,,,,,44497,2020-03-03_14h48.34.221,SandwichStudy,3.2.4,MacIntel,60,"[""a""]",[0.18799996376037598],1,0,80,65,1,79,Chicken,Pepper jack cheese,Ranch dressing,,,,,,Salami,Provolone cheese,Lettuce,Tomatoes,Mayonnaise,Mustard,,,6,3,6,1000,0,1000,0,1,999,,,,,,,,,,,,,,,
,,,,,,,,,,,,,44497,2020-03-03_14h48.34.221,SandwichStudy,3.2.4,MacIntel,60,"[""l""]",[0.5419998168945312],1,0,80,8,1,79,Chicken,Ham,Swiss cheese,Mayonnaise,,,,,Pepperoni,Meatballs,Marinara sauce,Provolone cheese,Mushrooms,,,,5,4,5,1000,0,1000,0,1,999,,,,,,,,,,,,,,,
,,,,,,,,,,,,,44497,2020-03-03_14h48.34.221,SandwichStudy,3.2.4,MacIntel,60,,,,,,,,,,,,,,,,,,,,,,,,,,,,,,,,,,space,8.75999999,,,space,9.003000021,1,0,10,4,1,9,Chicken,,
,,,,,,,,,,,,,44497,2020-03-03_14h48.34.221,SandwichStudy,3.2.4,MacIntel,60,,,,,,,,,,,,,,,,,,,,,,,,,,,,,,,,,,,,,,space,7.849999905,1,0,10,7,1,9,Lettuce,,
,,,,,,,,,,,,,44497,2020-03-03_14h48.34.221,SandwichStudy,3.2.4,MacIntel,60,,,,,,,,,,,,,,,,,,,,,,,,,,,,,,,,,,,,,,space,2.684999943,1,0,10,1,1,9,Mayonnaise,,
,,,,,,,,,,,,,44497,2020-03-03_14h48.34.221,SandwichStudy,3.2.4,MacIntel,60,,,,,,,,,,,,,,,,,,,,,,,,,,,,,,,,,,,,,,space,3.454999924,1,0,10,9,1,9,Spinach,,
,,,,,,,,,,,,,44497,2020-03-03_14h48.34.221,SandwichStudy,3.2.4,MacIntel,60,,,,,,,,,,,,,,,,,,,,,,,,,,,,,,,,,,,,,,space,2.404999971,1,0,10,3,1,9,Bacon,,
,,,,,,,,,,,,,44497,2020-03-03_14h48.34.221,SandwichStudy,3.2.4,MacIntel,60,,,,,,,,,,,,,,,,,,,,,,,,,,,,,,,,,,,,,,space,1.836999893,1,0,10,2,1,9,Turkey,,
,,,,,,,,,,,,,44497,2020-03-03_14h48.34.221,SandwichStudy,3.2.4,MacIntel,60,,,,,,,,,,,,,,,,,,,,,,,,,,,,,,,,,,,,,,space,3.014999866,1,0,10,8,1,9,Provolone cheese,,
,,,,,,,,,,,,,44497,2020-03-03_14h48.34.221,SandwichStudy,3.2.4,MacIntel,60,,,,,,,,,,,,,,,,,,,,,,,,,,,,,,,,,,,,,,space,2.103999853,1,0,10,6,1,9,Swiss cheese,,
,,,,,,,,,,,,,44497,2020-03-03_14h48.34.221,SandwichStudy,3.2.4,MacIntel,60,,,,,,,,,,,,,,,,,,,,,,,,,,,,,,,,,,,,,,space,2.313999891,1,0,10,5,1,9,Cheddar cheese,,
,,,,,,,,,,,,,44497,2020-03-03_14h48.34.221,SandwichStudy,3.2.4,MacIntel,60,,,,,,,,,,,,,,,,,,,,,,,,,,,,,,,,,,,,,,space,1.72699976,1,0,10,0,1,9,Tomatoes,,
,,,,,,,,,,,,,44497,2020-03-03_14h48.34.221,SandwichStudy,3.2.4,MacIntel,60,,,,,,,,,,,,,,,,,,,,,,,,,,,,,,,,,,,,,,,,,,,,,,,return,10.26299977
