sequence,key_resp_4.keys,key_resp_4.rt,VegResp.keys,VegResp.rt,ConfirmResp.keys,ConfirmResp.rt,VegQuestionLoop.thisRepN,VegQuestionLoop.thisTrialN,VegQuestionLoop.thisN,VegQuestionLoop.thisIndex,VegQuestionLoop.ran,VegQuestionLoop.order,participant,date,expName,psychopyVersion,OS,frameRate,Decision.keys,Decision.rt,trials.thisRepN,trials.thisTrialN,trials.thisN,trials.thisIndex,trials.ran,trials.order,s11,s12,s13,s14,s15,s16,s17,s18,s21,s22,s23,s24,s25,s26,s27,s28,IngsInRow,IngIn1,IngIn2,Iter.thisRepN,Iter.thisTrialN,Iter.thisN,Iter.thisIndex,Iter.ran,Iter.order,key_resp_2.keys,key_resp_2.rt,slider.response,slider.rt,key_resp_3.keys,key_resp_3.rt,RatingLoop.thisRepN,RatingLoop.thisTrialN,RatingLoop.thisN,RatingLoop.thisIndex,RatingLoop.ran,RatingLoop.order,ingredientforslider,key_resp.keys,key_resp.rt
"[0,1,0,0,0,0,1,0,1,0,0,0,0,1,1,1,1,0,0,1,0,0,0,1,0,1,0,1,0,1,0,0,0,1,1,1,0,0,0,0,0,0,0,1,1,1,1,1,0,0,0,0,0,0,0,0,0,1,0,0,1,1,0,0,0,0,0,0,0,1,0,1,0,1,0,0,0,1,1,0]",space,1.316999912,n,8.743999958,p,7.013000011,100,0,100,0,1,99,49024,2020-03-02_16h58.36.473,SandwichStudy,3.2.4,MacIntel,60,,,,,,,,,,,,,,,,,,,,,,,,,,,,,,,,,,,,,,,,,,,,,,,,
,,,,,,,,,,,,,49024,2020-03-02_16h58.36.473,SandwichStudy,3.2.4,MacIntel,60,"[""space""]",[37.817999839782715],1,0,80,70,1,79,Pastrami,Swiss cheese,Coleslaw,,,,,,Chicken,Cheddar cheese,Bacon,Avocado,Ranch dressing,,,,5,3,5,1000,0,1000,0,1,999,,,,,,,,,,,,,,,
,,,,,,,,,,,,,49024,2020-03-02_16h58.36.473,SandwichStudy,3.2.4,MacIntel,60,"[""space""]",[2.240999937057495],1,0,80,70,1,79,Pastrami,Swiss cheese,Coleslaw,,,,,,Chicken,Cheddar cheese,Bacon,Avocado,Ranch dressing,,,,5,3,5,1000,0,1000,0,1,999,,,,,,,,,,,,,,,
,,,,,,,,,,,,,49024,2020-03-02_16h58.36.473,SandwichStudy,3.2.4,MacIntel,60,"[""space""]",[9.819000005722046],1,0,80,70,1,79,Pastrami,Swiss cheese,Coleslaw,,,,,,Chicken,Cheddar cheese,Bacon,Avocado,Ranch dressing,,,,5,3,5,1000,0,1000,0,1,999,,,,,,,,,,,,,,,
,,,,,,,,,,,,,49024,2020-03-02_16h58.36.473,SandwichStudy,3.2.4,MacIntel,60,"[""space""]",[1.2349998950958252],1,0,80,70,1,79,Pastrami,Swiss cheese,Coleslaw,,,,,,Chicken,Cheddar cheese,Bacon,Avocado,Ranch dressing,,,,5,3,5,1000,0,1000,0,1,999,,,,,,,,,,,,,,,
,,,,,,,,,,,,,49024,2020-03-02_16h58.36.473,SandwichStudy,3.2.4,MacIntel,60,"[""l""]",[6.947999954223633],1,0,80,70,1,79,Pastrami,Swiss cheese,Coleslaw,,,,,,Chicken,Cheddar cheese,Bacon,Avocado,Ranch dressing,,,,5,3,5,1000,0,1000,0,1,999,,,,,,,,,,,,,,,
,,,,,,,,,,,,,49024,2020-03-02_16h58.36.473,SandwichStudy,3.2.4,MacIntel,60,"[""space""]",[3.0329999923706055],1,0,80,36,1,79,Chicken,Bell peppers,Bacon,Provolone cheese,Ranch dressing,Lettuce,Tomatoes,,Pastrami,Cheddar cheese,Mustard,Pickles,,,,,7,7,4,1000,0,1000,0,1,999,,,,,,,,,,,,,,,
,,,,,,,,,,,,,49024,2020-03-02_16h58.36.473,SandwichStudy,3.2.4,MacIntel,60,"[""space""]",[1.8609998226165771],1,0,80,36,1,79,Chicken,Bell peppers,Bacon,Provolone cheese,Ranch dressing,Lettuce,Tomatoes,,Pastrami,Cheddar cheese,Mustard,Pickles,,,,,7,7,4,1000,0,1000,0,1,999,,,,,,,,,,,,,,,
,,,,,,,,,,,,,49024,2020-03-02_16h58.36.473,SandwichStudy,3.2.4,MacIntel,60,"[""space""]",[4.431999921798706],1,0,80,36,1,79,Chicken,Bell peppers,Bacon,Provolone cheese,Ranch dressing,Lettuce,Tomatoes,,Pastrami,Cheddar cheese,Mustard,Pickles,,,,,7,7,4,1000,0,1000,0,1,999,,,,,,,,,,,,,,,
,,,,,,,,,,,,,49024,2020-03-02_16h58.36.473,SandwichStudy,3.2.4,MacIntel,60,"[""space""]",[3.1559998989105225],1,0,80,36,1,79,Chicken,Bell peppers,Bacon,Provolone cheese,Ranch dressing,Lettuce,Tomatoes,,Pastrami,Cheddar cheese,Mustard,Pickles,,,,,7,7,4,1000,0,1000,0,1,999,,,,,,,,,,,,,,,
,,,,,,,,,,,,,49024,2020-03-02_16h58.36.473,SandwichStudy,3.2.4,MacIntel,60,"[""space""]",[0.18700003623962402],1,0,80,36,1,79,Chicken,Bell peppers,Bacon,Provolone cheese,Ranch dressing,Lettuce,Tomatoes,,Pastrami,Cheddar cheese,Mustard,Pickles,,,,,7,7,4,1000,0,1000,0,1,999,,,,,,,,,,,,,,,
,,,,,,,,,,,,,49024,2020-03-02_16h58.36.473,SandwichStudy,3.2.4,MacIntel,60,"[""space""]",[0.051000118255615234],1,0,80,36,1,79,Chicken,Bell peppers,Bacon,Provolone cheese,Ranch dressing,Lettuce,Tomatoes,,Pastrami,Cheddar cheese,Mustard,Pickles,,,,,7,7,4,1000,0,1000,0,1,999,,,,,,,,,,,,,,,
,,,,,,,,,,,,,49024,2020-03-02_16h58.36.473,SandwichStudy,3.2.4,MacIntel,60,"[""a""]",[3.5969998836517334],1,0,80,36,1,79,Chicken,Bell peppers,Bacon,Provolone cheese,Ranch dressing,Lettuce,Tomatoes,,Pastrami,Cheddar cheese,Mustard,Pickles,,,,,7,7,4,1000,0,1000,0,1,999,,,,,,,,,,,,,,,
,,,,,,,,,,,,,49024,2020-03-02_16h58.36.473,SandwichStudy,3.2.4,MacIntel,60,"[""space""]",[1.244999885559082],1,0,80,73,1,79,Turkey,Avocado,Bacon,Garlic aioli,Tomatoes,Spinach,Onions,,Tuna,Lettuce,Tomatoes,Mayonnaise,,,,,7,7,4,1000,0,1000,0,1,999,,,,,,,,,,,,,,,
,,,,,,,,,,,,,49024,2020-03-02_16h58.36.473,SandwichStudy,3.2.4,MacIntel,60,"[""a""]",[2.2299997806549072],1,0,80,73,1,79,Turkey,Avocado,Bacon,Garlic aioli,Tomatoes,Spinach,Onions,,Tuna,Lettuce,Tomatoes,Mayonnaise,,,,,7,7,4,1000,0,1000,0,1,999,,,,,,,,,,,,,,,
,,,,,,,,,,,,,49024,2020-03-02_16h58.36.473,SandwichStudy,3.2.4,MacIntel,60,"[""space""]",[9.04699993133545],1,0,80,31,1,79,Spinach,Tomatoes,Cucumbers,Onions,Bell peppers,Avocado,Mayonnaise,,Turkey,Ham,Bacon,Swiss cheese,Lettuce,Tomatoes,Onions,,7,7,7,1000,0,1000,0,1,999,,,,,,,,,,,,,,,
,,,,,,,,,,,,,49024,2020-03-02_16h58.36.473,SandwichStudy,3.2.4,MacIntel,60,"[""space""]",[0.1679999828338623],1,0,80,31,1,79,Spinach,Tomatoes,Cucumbers,Onions,Bell peppers,Avocado,Mayonnaise,,Turkey,Ham,Bacon,Swiss cheese,Lettuce,Tomatoes,Onions,,7,7,7,1000,0,1000,0,1,999,,,,,,,,,,,,,,,
,,,,,,,,,,,,,49024,2020-03-02_16h58.36.473,SandwichStudy,3.2.4,MacIntel,60,"[""space""]",[0.5469999313354492],1,0,80,31,1,79,Spinach,Tomatoes,Cucumbers,Onions,Bell peppers,Avocado,Mayonnaise,,Turkey,Ham,Bacon,Swiss cheese,Lettuce,Tomatoes,Onions,,7,7,7,1000,0,1000,0,1,999,,,,,,,,,,,,,,,
,,,,,,,,,,,,,49024,2020-03-02_16h58.36.473,SandwichStudy,3.2.4,MacIntel,60,"[""l""]",[1.0980000495910645],1,0,80,31,1,79,Spinach,Tomatoes,Cucumbers,Onions,Bell peppers,Avocado,Mayonnaise,,Turkey,Ham,Bacon,Swiss cheese,Lettuce,Tomatoes,Onions,,7,7,7,1000,0,1000,0,1,999,,,,,,,,,,,,,,,
,,,,,,,,,,,,,49024,2020-03-02_16h58.36.473,SandwichStudy,3.2.4,MacIntel,60,"[""space""]",[16.98799991607666],1,0,80,79,1,79,Salami,Roast beef,Turkey,Ham,Swiss cheese,Lettuce,Tomatoes,Mayonnaise,Turkey,Cheddar cheese,Mayonnaise,,,,,,8,8,3,1000,0,1000,0,1,999,,,,,,,,,,,,,,,
,,,,,,,,,,,,,49024,2020-03-02_16h58.36.473,SandwichStudy,3.2.4,MacIntel,60,"[""space""]",[0.9300000667572021],1,0,80,79,1,79,Salami,Roast beef,Turkey,Ham,Swiss cheese,Lettuce,Tomatoes,Mayonnaise,Turkey,Cheddar cheese,Mayonnaise,,,,,,8,8,3,1000,0,1000,0,1,999,,,,,,,,,,,,,,,
,,,,,,,,,,,,,49024,2020-03-02_16h58.36.473,SandwichStudy,3.2.4,MacIntel,60,"[""space""]",[0.5869998931884766],1,0,80,79,1,79,Salami,Roast beef,Turkey,Ham,Swiss cheese,Lettuce,Tomatoes,Mayonnaise,Turkey,Cheddar cheese,Mayonnaise,,,,,,8,8,3,1000,0,1000,0,1,999,,,,,,,,,,,,,,,
,,,,,,,,,,,,,49024,2020-03-02_16h58.36.473,SandwichStudy,3.2.4,MacIntel,60,"[""a""]",[0.9679999351501465],1,0,80,79,1,79,Salami,Roast beef,Turkey,Ham,Swiss cheese,Lettuce,Tomatoes,Mayonnaise,Turkey,Cheddar cheese,Mayonnaise,,,,,,8,8,3,1000,0,1000,0,1,999,,,,,,,,,,,,,,,
,,,,,,,,,,,,,49024,2020-03-02_16h58.36.473,SandwichStudy,3.2.4,MacIntel,60,"[""space""]",[0.03099989891052246],1,0,80,12,1,79,Turkey,Cheddar cheese,Mayonnaise,,,,,,Ham,Pork,Swiss cheese,Mustard,Pickles,,,,5,3,5,1000,0,1000,0,1,999,,,,,,,,,,,,,,,
,,,,,,,,,,,,,49024,2020-03-02_16h58.36.473,SandwichStudy,3.2.4,MacIntel,60,"[""space""]",[0.01399993896484375],1,0,80,12,1,79,Turkey,Cheddar cheese,Mayonnaise,,,,,,Ham,Pork,Swiss cheese,Mustard,Pickles,,,,5,3,5,1000,0,1000,0,1,999,,,,,,,,,,,,,,,
,,,,,,,,,,,,,49024,2020-03-02_16h58.36.473,SandwichStudy,3.2.4,MacIntel,60,"[""l""]",[2.190999984741211],1,0,80,12,1,79,Turkey,Cheddar cheese,Mayonnaise,,,,,,Ham,Pork,Swiss cheese,Mustard,Pickles,,,,5,3,5,1000,0,1000,0,1,999,,,,,,,,,,,,,,,
,,,,,,,,,,,,,49024,2020-03-02_16h58.36.473,SandwichStudy,3.2.4,MacIntel,60,"[""space""]",[1.8479998111724854],1,0,80,61,1,79,Pork,Cucumbers,Pickles,Jalapenos,Basil,Mayonnaise,,,Turkey,Cheddar cheese,Bacon,,,,,,6,6,3,1000,0,1000,0,1,999,,,,,,,,,,,,,,,
,,,,,,,,,,,,,49024,2020-03-02_16h58.36.473,SandwichStudy,3.2.4,MacIntel,60,"[""space""]",[0.09599995613098145],1,0,80,61,1,79,Pork,Cucumbers,Pickles,Jalapenos,Basil,Mayonnaise,,,Turkey,Cheddar cheese,Bacon,,,,,,6,6,3,1000,0,1000,0,1,999,,,,,,,,,,,,,,,
,,,,,,,,,,,,,49024,2020-03-02_16h58.36.473,SandwichStudy,3.2.4,MacIntel,60,"[""l""]",[2.197999954223633],1,0,80,61,1,79,Pork,Cucumbers,Pickles,Jalapenos,Basil,Mayonnaise,,,Turkey,Cheddar cheese,Bacon,,,,,,6,6,3,1000,0,1000,0,1,999,,,,,,,,,,,,,,,
,,,,,,,,,,,,,49024,2020-03-02_16h58.36.473,SandwichStudy,3.2.4,MacIntel,60,"[""space""]",[0.3880000114440918],1,0,80,72,1,79,Chicken,Mozzarella cheese,Tomatoes,Onions,Basil,Mayonnaise,,,Chicken,American cheese,Coleslaw,Tomatoes,Pickles,Mayonnaise,,,6,6,6,1000,0,1000,0,1,999,,,,,,,,,,,,,,,
,,,,,,,,,,,,,49024,2020-03-02_16h58.36.473,SandwichStudy,3.2.4,MacIntel,60,"[""space""]",[0.6059999465942383],1,0,80,72,1,79,Chicken,Mozzarella cheese,Tomatoes,Onions,Basil,Mayonnaise,,,Chicken,American cheese,Coleslaw,Tomatoes,Pickles,Mayonnaise,,,6,6,6,1000,0,1000,0,1,999,,,,,,,,,,,,,,,
,,,,,,,,,,,,,49024,2020-03-02_16h58.36.473,SandwichStudy,3.2.4,MacIntel,60,"[""space""]",[1.861999750137329],1,0,80,72,1,79,Chicken,Mozzarella cheese,Tomatoes,Onions,Basil,Mayonnaise,,,Chicken,American cheese,Coleslaw,Tomatoes,Pickles,Mayonnaise,,,6,6,6,1000,0,1000,0,1,999,,,,,,,,,,,,,,,
,,,,,,,,,,,,,49024,2020-03-02_16h58.36.473,SandwichStudy,3.2.4,MacIntel,60,"[""l""]",[0.7369999885559082],1,0,80,72,1,79,Chicken,Mozzarella cheese,Tomatoes,Onions,Basil,Mayonnaise,,,Chicken,American cheese,Coleslaw,Tomatoes,Pickles,Mayonnaise,,,6,6,6,1000,0,1000,0,1,999,,,,,,,,,,,,,,,
,,,,,,,,,,,,,49024,2020-03-02_16h58.36.473,SandwichStudy,3.2.4,MacIntel,60,"[""space""]",[0.11299991607666016],1,0,80,68,1,79,Tomatoes,Mozzarella cheese,Spinach,Pesto,,,,,Steak,Bacon,American cheese,Tomatoes,Onions,Pickles,,,6,4,6,1000,0,1000,0,1,999,,,,,,,,,,,,,,,
,,,,,,,,,,,,,49024,2020-03-02_16h58.36.473,SandwichStudy,3.2.4,MacIntel,60,"[""a""]",[1.1059999465942383],1,0,80,68,1,79,Tomatoes,Mozzarella cheese,Spinach,Pesto,,,,,Steak,Bacon,American cheese,Tomatoes,Onions,Pickles,,,6,4,6,1000,0,1000,0,1,999,,,,,,,,,,,,,,,
,,,,,,,,,,,,,49024,2020-03-02_16h58.36.473,SandwichStudy,3.2.4,MacIntel,60,"[""space""]",[0.6809999942779541],1,0,80,33,1,79,Bacon,Ham,Turkey,Mayonnaise,Mustard,Cheddar cheese,Tomatoes,Spinach,Turkey,Avocado,Bacon,Garlic aioli,Tomatoes,Spinach,Onions,,8,8,7,1000,0,1000,0,1,999,,,,,,,,,,,,,,,
,,,,,,,,,,,,,49024,2020-03-02_16h58.36.473,SandwichStudy,3.2.4,MacIntel,60,"[""space""]",[2.000999927520752],1,0,80,33,1,79,Bacon,Ham,Turkey,Mayonnaise,Mustard,Cheddar cheese,Tomatoes,Spinach,Turkey,Avocado,Bacon,Garlic aioli,Tomatoes,Spinach,Onions,,8,8,7,1000,0,1000,0,1,999,,,,,,,,,,,,,,,
,,,,,,,,,,,,,49024,2020-03-02_16h58.36.473,SandwichStudy,3.2.4,MacIntel,60,"[""space""]",[1.1470000743865967],1,0,80,33,1,79,Bacon,Ham,Turkey,Mayonnaise,Mustard,Cheddar cheese,Tomatoes,Spinach,Turkey,Avocado,Bacon,Garlic aioli,Tomatoes,Spinach,Onions,,8,8,7,1000,0,1000,0,1,999,,,,,,,,,,,,,,,
,,,,,,,,,,,,,49024,2020-03-02_16h58.36.473,SandwichStudy,3.2.4,MacIntel,60,"[""space""]",[1.3310000896453857],1,0,80,33,1,79,Bacon,Ham,Turkey,Mayonnaise,Mustard,Cheddar cheese,Tomatoes,Spinach,Turkey,Avocado,Bacon,Garlic aioli,Tomatoes,Spinach,Onions,,8,8,7,1000,0,1000,0,1,999,,,,,,,,,,,,,,,
,,,,,,,,,,,,,49024,2020-03-02_16h58.36.473,SandwichStudy,3.2.4,MacIntel,60,"[""space""]",[0.5969998836517334],1,0,80,33,1,79,Bacon,Ham,Turkey,Mayonnaise,Mustard,Cheddar cheese,Tomatoes,Spinach,Turkey,Avocado,Bacon,Garlic aioli,Tomatoes,Spinach,Onions,,8,8,7,1000,0,1000,0,1,999,,,,,,,,,,,,,,,
,,,,,,,,,,,,,49024,2020-03-02_16h58.36.473,SandwichStudy,3.2.4,MacIntel,60,"[""l""]",[0.870999813079834],1,0,80,33,1,79,Bacon,Ham,Turkey,Mayonnaise,Mustard,Cheddar cheese,Tomatoes,Spinach,Turkey,Avocado,Bacon,Garlic aioli,Tomatoes,Spinach,Onions,,8,8,7,1000,0,1000,0,1,999,,,,,,,,,,,,,,,
,,,,,,,,,,,,,49024,2020-03-02_16h58.36.473,SandwichStudy,3.2.4,MacIntel,60,"[""space""]",[1.996000051498413],1,0,80,14,1,79,Steak,Bacon,American cheese,Tomatoes,Onions,Pickles,,,Bell peppers,Provolone cheese,Cucumbers,Spinach,Tomatoes,Onions,Hummus,,7,6,7,1000,0,1000,0,1,999,,,,,,,,,,,,,,,
,,,,,,,,,,,,,49024,2020-03-02_16h58.36.473,SandwichStudy,3.2.4,MacIntel,60,"[""a""]",[0.5320000648498535],1,0,80,14,1,79,Steak,Bacon,American cheese,Tomatoes,Onions,Pickles,,,Bell peppers,Provolone cheese,Cucumbers,Spinach,Tomatoes,Onions,Hummus,,7,6,7,1000,0,1000,0,1,999,,,,,,,,,,,,,,,
,,,,,,,,,,,,,49024,2020-03-02_16h58.36.473,SandwichStudy,3.2.4,MacIntel,60,"[""space""]",[0.7979998588562012],1,0,80,58,1,79,Chicken,Mayonnaise,Cheddar cheese,,,,,,Steak,Onions,Bell peppers,Provolone cheese,,,,,4,3,4,1000,0,1000,0,1,999,,,,,,,,,,,,,,,
,,,,,,,,,,,,,49024,2020-03-02_16h58.36.473,SandwichStudy,3.2.4,MacIntel,60,"[""space""]",[0.0709998607635498],1,0,80,58,1,79,Chicken,Mayonnaise,Cheddar cheese,,,,,,Steak,Onions,Bell peppers,Provolone cheese,,,,,4,3,4,1000,0,1000,0,1,999,,,,,,,,,,,,,,,
,,,,,,,,,,,,,49024,2020-03-02_16h58.36.473,SandwichStudy,3.2.4,MacIntel,60,"[""l""]",[2.440000057220459],1,0,80,58,1,79,Chicken,Mayonnaise,Cheddar cheese,,,,,,Steak,Onions,Bell peppers,Provolone cheese,,,,,4,3,4,1000,0,1000,0,1,999,,,,,,,,,,,,,,,
,,,,,,,,,,,,,49024,2020-03-02_16h58.36.473,SandwichStudy,3.2.4,MacIntel,60,"[""space""]",[0.15000009536743164],1,0,80,32,1,79,Turkey,Ham,Bacon,Provolone cheese,Lettuce,Tomatoes,Ranch dressing,,Chicken,Cheddar cheese,Bacon,Avocado,Ranch dressing,,,,7,7,5,1000,0,1000,0,1,999,,,,,,,,,,,,,,,
,,,,,,,,,,,,,49024,2020-03-02_16h58.36.473,SandwichStudy,3.2.4,MacIntel,60,"[""space""]",[0.3549997806549072],1,0,80,32,1,79,Turkey,Ham,Bacon,Provolone cheese,Lettuce,Tomatoes,Ranch dressing,,Chicken,Cheddar cheese,Bacon,Avocado,Ranch dressing,,,,7,7,5,1000,0,1000,0,1,999,,,,,,,,,,,,,,,
,,,,,,,,,,,,,49024,2020-03-02_16h58.36.473,SandwichStudy,3.2.4,MacIntel,60,"[""space""]",[0.180999755859375],1,0,80,32,1,79,Turkey,Ham,Bacon,Provolone cheese,Lettuce,Tomatoes,Ranch dressing,,Chicken,Cheddar cheese,Bacon,Avocado,Ranch dressing,,,,7,7,5,1000,0,1000,0,1,999,,,,,,,,,,,,,,,
,,,,,,,,,,,,,49024,2020-03-02_16h58.36.473,SandwichStudy,3.2.4,MacIntel,60,"[""a""]",[2.253999948501587],1,0,80,32,1,79,Turkey,Ham,Bacon,Provolone cheese,Lettuce,Tomatoes,Ranch dressing,,Chicken,Cheddar cheese,Bacon,Avocado,Ranch dressing,,,,7,7,5,1000,0,1000,0,1,999,,,,,,,,,,,,,,,
,,,,,,,,,,,,,49024,2020-03-02_16h58.36.473,SandwichStudy,3.2.4,MacIntel,60,"[""space""]",[1.0469999313354492],1,0,80,41,1,79,Bacon,Provolone cheese,Mushrooms,Parmesan cheese,,,,,Turkey,Bacon,Jalapenos,Lettuce,Avocado,Garlic aioli,Tomatoes,,7,4,7,1000,0,1000,0,1,999,,,,,,,,,,,,,,,
,,,,,,,,,,,,,49024,2020-03-02_16h58.36.473,SandwichStudy,3.2.4,MacIntel,60,"[""space""]",[0.0039997100830078125],1,0,80,41,1,79,Bacon,Provolone cheese,Mushrooms,Parmesan cheese,,,,,Turkey,Bacon,Jalapenos,Lettuce,Avocado,Garlic aioli,Tomatoes,,7,4,7,1000,0,1000,0,1,999,,,,,,,,,,,,,,,
,,,,,,,,,,,,,49024,2020-03-02_16h58.36.473,SandwichStudy,3.2.4,MacIntel,60,"[""l""]",[1.3979997634887695],1,0,80,41,1,79,Bacon,Provolone cheese,Mushrooms,Parmesan cheese,,,,,Turkey,Bacon,Jalapenos,Lettuce,Avocado,Garlic aioli,Tomatoes,,7,4,7,1000,0,1000,0,1,999,,,,,,,,,,,,,,,
,,,,,,,,,,,,,49024,2020-03-02_16h58.36.473,SandwichStudy,3.2.4,MacIntel,60,"[""space""]",[0.13899993896484375],1,0,80,38,1,79,Steak,Turkey,Ham,Cheddar cheese,Olives,Lettuce,Tomatoes,Onions,Chicken,Swiss cheese,Lettuce,Tomatoes,Onions,,,,8,8,5,1000,0,1000,0,1,999,,,,,,,,,,,,,,,
,,,,,,,,,,,,,49024,2020-03-02_16h58.36.473,SandwichStudy,3.2.4,MacIntel,60,"[""l""]",[0.3039999008178711],1,0,80,38,1,79,Steak,Turkey,Ham,Cheddar cheese,Olives,Lettuce,Tomatoes,Onions,Chicken,Swiss cheese,Lettuce,Tomatoes,Onions,,,,8,8,5,1000,0,1000,0,1,999,,,,,,,,,,,,,,,
,,,,,,,,,,,,,49024,2020-03-02_16h58.36.473,SandwichStudy,3.2.4,MacIntel,60,"[""space""]",[0.037999868392944336],1,0,80,63,1,79,Onions,Bell peppers,Mushrooms,Jalapenos,American cheese,Steak,,,Turkey,Ham,Roast beef,Provolone cheese,Spinach,Tomatoes,Mayonnaise,Mustard,8,6,8,1000,0,1000,0,1,999,,,,,,,,,,,,,,,
,,,,,,,,,,,,,49024,2020-03-02_16h58.36.473,SandwichStudy,3.2.4,MacIntel,60,"[""a""]",[0.16299986839294434],1,0,80,63,1,79,Onions,Bell peppers,Mushrooms,Jalapenos,American cheese,Steak,,,Turkey,Ham,Roast beef,Provolone cheese,Spinach,Tomatoes,Mayonnaise,Mustard,8,6,8,1000,0,1000,0,1,999,,,,,,,,,,,,,,,
,,,,,,,,,,,,,49024,2020-03-02_16h58.36.473,SandwichStudy,3.2.4,MacIntel,60,"[""space""]",[0.21300005912780762],1,0,80,37,1,79,Turkey,Ham,Cheddar cheese,Mayonnaise,,,,,Chicken,Ham,Swiss cheese,Mayonnaise,Mustard,,,,5,4,5,1000,0,1000,0,1,999,,,,,,,,,,,,,,,
,,,,,,,,,,,,,49024,2020-03-02_16h58.36.473,SandwichStudy,3.2.4,MacIntel,60,"[""space""]",[1.751999855041504],1,0,80,37,1,79,Turkey,Ham,Cheddar cheese,Mayonnaise,,,,,Chicken,Ham,Swiss cheese,Mayonnaise,Mustard,,,,5,4,5,1000,0,1000,0,1,999,,,,,,,,,,,,,,,
,,,,,,,,,,,,,49024,2020-03-02_16h58.36.473,SandwichStudy,3.2.4,MacIntel,60,"[""space""]",[2.054999828338623],1,0,80,37,1,79,Turkey,Ham,Cheddar cheese,Mayonnaise,,,,,Chicken,Ham,Swiss cheese,Mayonnaise,Mustard,,,,5,4,5,1000,0,1000,0,1,999,,,,,,,,,,,,,,,
,,,,,,,,,,,,,49024,2020-03-02_16h58.36.473,SandwichStudy,3.2.4,MacIntel,60,"[""space""]",[0.21199989318847656],1,0,80,37,1,79,Turkey,Ham,Cheddar cheese,Mayonnaise,,,,,Chicken,Ham,Swiss cheese,Mayonnaise,Mustard,,,,5,4,5,1000,0,1000,0,1,999,,,,,,,,,,,,,,,
,,,,,,,,,,,,,49024,2020-03-02_16h58.36.473,SandwichStudy,3.2.4,MacIntel,60,"[""l""]",[0.6069998741149902],1,0,80,37,1,79,Turkey,Ham,Cheddar cheese,Mayonnaise,,,,,Chicken,Ham,Swiss cheese,Mayonnaise,Mustard,,,,5,4,5,1000,0,1000,0,1,999,,,,,,,,,,,,,,,
,,,,,,,,,,,,,49024,2020-03-02_16h58.36.473,SandwichStudy,3.2.4,MacIntel,60,"[""space""]",[0.36299991607666016],1,0,80,23,1,79,Meatballs,Provolone cheese,Marinara sauce,Parmesan cheese,,,,,Turkey,Cheddar cheese,Bacon,,,,,,4,4,3,1000,0,1000,0,1,999,,,,,,,,,,,,,,,
,,,,,,,,,,,,,49024,2020-03-02_16h58.36.473,SandwichStudy,3.2.4,MacIntel,60,"[""l""]",[0.7639999389648438],1,0,80,23,1,79,Meatballs,Provolone cheese,Marinara sauce,Parmesan cheese,,,,,Turkey,Cheddar cheese,Bacon,,,,,,4,4,3,1000,0,1000,0,1,999,,,,,,,,,,,,,,,
,,,,,,,,,,,,,49024,2020-03-02_16h58.36.473,SandwichStudy,3.2.4,MacIntel,60,"[""space""]",[0.2799999713897705],1,0,80,44,1,79,Chicken,Gouda cheese,Avocado,Basil,Bell peppers,Mayonnaise,,,Turkey,Gouda cheese,Avocado,Garlic aioli,Jalapenos,Tomatoes,Lettuce,,7,6,7,1000,0,1000,0,1,999,,,,,,,,,,,,,,,
,,,,,,,,,,,,,49024,2020-03-02_16h58.36.473,SandwichStudy,3.2.4,MacIntel,60,"[""space""]",[0.4479997158050537],1,0,80,44,1,79,Chicken,Gouda cheese,Avocado,Basil,Bell peppers,Mayonnaise,,,Turkey,Gouda cheese,Avocado,Garlic aioli,Jalapenos,Tomatoes,Lettuce,,7,6,7,1000,0,1000,0,1,999,,,,,,,,,,,,,,,
,,,,,,,,,,,,,49024,2020-03-02_16h58.36.473,SandwichStudy,3.2.4,MacIntel,60,"[""l""]",[4.166999816894531],1,0,80,44,1,79,Chicken,Gouda cheese,Avocado,Basil,Bell peppers,Mayonnaise,,,Turkey,Gouda cheese,Avocado,Garlic aioli,Jalapenos,Tomatoes,Lettuce,,7,6,7,1000,0,1000,0,1,999,,,,,,,,,,,,,,,
,,,,,,,,,,,,,49024,2020-03-02_16h58.36.473,SandwichStudy,3.2.4,MacIntel,60,"[""space""]",[0.10500001907348633],1,0,80,54,1,79,Chicken,Bell peppers,Bacon,Provolone cheese,Ranch dressing,Lettuce,Tomatoes,,Turkey,Bacon,Pepper jack cheese,Avocado,Ranch dressing,Spinach,Tomatoes,,7,7,7,1000,0,1000,0,1,999,,,,,,,,,,,,,,,
,,,,,,,,,,,,,49024,2020-03-02_16h58.36.473,SandwichStudy,3.2.4,MacIntel,60,"[""space""]",[0.5810000896453857],1,0,80,54,1,79,Chicken,Bell peppers,Bacon,Provolone cheese,Ranch dressing,Lettuce,Tomatoes,,Turkey,Bacon,Pepper jack cheese,Avocado,Ranch dressing,Spinach,Tomatoes,,7,7,7,1000,0,1000,0,1,999,,,,,,,,,,,,,,,
,,,,,,,,,,,,,49024,2020-03-02_16h58.36.473,SandwichStudy,3.2.4,MacIntel,60,"[""a""]",[1.9759998321533203],1,0,80,54,1,79,Chicken,Bell peppers,Bacon,Provolone cheese,Ranch dressing,Lettuce,Tomatoes,,Turkey,Bacon,Pepper jack cheese,Avocado,Ranch dressing,Spinach,Tomatoes,,7,7,7,1000,0,1000,0,1,999,,,,,,,,,,,,,,,
,,,,,,,,,,,,,49024,2020-03-02_16h58.36.473,SandwichStudy,3.2.4,MacIntel,60,"[""space""]",[0.6630001068115234],1,0,80,35,1,79,Bacon,Lettuce,Tomatoes,Ranch dressing,,,,,Turkey,Gouda cheese,Avocado,Garlic aioli,Jalapenos,Tomatoes,Lettuce,,7,4,7,1000,0,1000,0,1,999,,,,,,,,,,,,,,,
,,,,,,,,,,,,,49024,2020-03-02_16h58.36.473,SandwichStudy,3.2.4,MacIntel,60,"[""l""]",[2.690999984741211],1,0,80,35,1,79,Bacon,Lettuce,Tomatoes,Ranch dressing,,,,,Turkey,Gouda cheese,Avocado,Garlic aioli,Jalapenos,Tomatoes,Lettuce,,7,4,7,1000,0,1000,0,1,999,,,,,,,,,,,,,,,
,,,,,,,,,,,,,49024,2020-03-02_16h58.36.473,SandwichStudy,3.2.4,MacIntel,60,"[""space""]",[0.08500003814697266],1,0,80,69,1,79,Chicken,Garlic aioli,Pickles,Cucumbers,Jalapenos,Basil,,,Chicken,Bacon,Cheddar cheese,Swiss cheese,Spinach,Tomatoes,Mayonnaise,Mustard,8,6,8,1000,0,1000,0,1,999,,,,,,,,,,,,,,,
,,,,,,,,,,,,,49024,2020-03-02_16h58.36.473,SandwichStudy,3.2.4,MacIntel,60,"[""l""]",[0.41299986839294434],1,0,80,69,1,79,Chicken,Garlic aioli,Pickles,Cucumbers,Jalapenos,Basil,,,Chicken,Bacon,Cheddar cheese,Swiss cheese,Spinach,Tomatoes,Mayonnaise,Mustard,8,6,8,1000,0,1000,0,1,999,,,,,,,,,,,,,,,
,,,,,,,,,,,,,49024,2020-03-02_16h58.36.473,SandwichStudy,3.2.4,MacIntel,60,"[""space""]",[0.7969999313354492],1,0,80,67,1,79,Avocado,Onions,Cucumbers,,,,,,Meatballs,Provolone cheese,Marinara sauce,Parmesan cheese,,,,,4,3,4,1000,0,1000,0,1,999,,,,,,,,,,,,,,,
,,,,,,,,,,,,,49024,2020-03-02_16h58.36.473,SandwichStudy,3.2.4,MacIntel,60,"[""space""]",[0.28099989891052246],1,0,80,67,1,79,Avocado,Onions,Cucumbers,,,,,,Meatballs,Provolone cheese,Marinara sauce,Parmesan cheese,,,,,4,3,4,1000,0,1000,0,1,999,,,,,,,,,,,,,,,
,,,,,,,,,,,,,49024,2020-03-02_16h58.36.473,SandwichStudy,3.2.4,MacIntel,60,"[""l""]",[1.116999864578247],1,0,80,67,1,79,Avocado,Onions,Cucumbers,,,,,,Meatballs,Provolone cheese,Marinara sauce,Parmesan cheese,,,,,4,3,4,1000,0,1000,0,1,999,,,,,,,,,,,,,,,
,,,,,,,,,,,,,49024,2020-03-02_16h58.36.473,SandwichStudy,3.2.4,MacIntel,60,"[""space""]",[0.34599971771240234],1,0,80,30,1,79,Turkey,Ham,Roast beef,Provolone cheese,Spinach,Tomatoes,Mayonnaise,Mustard,Ham,Swiss cheese,Mayonnaise,Mustard,Tomatoes,,,,8,8,5,1000,0,1000,0,1,999,,,,,,,,,,,,,,,
,,,,,,,,,,,,,49024,2020-03-02_16h58.36.473,SandwichStudy,3.2.4,MacIntel,60,"[""space""]",[116.1029999256134],1,0,80,30,1,79,Turkey,Ham,Roast beef,Provolone cheese,Spinach,Tomatoes,Mayonnaise,Mustard,Ham,Swiss cheese,Mayonnaise,Mustard,Tomatoes,,,,8,8,5,1000,0,1000,0,1,999,,,,,,,,,,,,,,,
,,,,,,,,,,,,,49024,2020-03-02_16h58.36.473,SandwichStudy,3.2.4,MacIntel,60,"[""l""]",[0.8340001106262207],1,0,80,30,1,79,Turkey,Ham,Roast beef,Provolone cheese,Spinach,Tomatoes,Mayonnaise,Mustard,Ham,Swiss cheese,Mayonnaise,Mustard,Tomatoes,,,,8,8,5,1000,0,1000,0,1,999,,,,,,,,,,,,,,,
,,,,,,,,,,,,,49024,2020-03-02_16h58.36.473,SandwichStudy,3.2.4,MacIntel,60,"[""space""]",[0.49899983406066895],1,0,80,75,1,79,Ham,Swiss cheese,Mustard,,,,,,Ham,Swiss cheese,Mayonnaise,Mustard,Tomatoes,,,,5,3,5,1000,0,1000,0,1,999,,,,,,,,,,,,,,,
,,,,,,,,,,,,,49024,2020-03-02_16h58.36.473,SandwichStudy,3.2.4,MacIntel,60,"[""space""]",[0.048999786376953125],1,0,80,75,1,79,Ham,Swiss cheese,Mustard,,,,,,Ham,Swiss cheese,Mayonnaise,Mustard,Tomatoes,,,,5,3,5,1000,0,1000,0,1,999,,,,,,,,,,,,,,,
,,,,,,,,,,,,,49024,2020-03-02_16h58.36.473,SandwichStudy,3.2.4,MacIntel,60,"[""l""]",[1.1979999542236328],1,0,80,75,1,79,Ham,Swiss cheese,Mustard,,,,,,Ham,Swiss cheese,Mayonnaise,Mustard,Tomatoes,,,,5,3,5,1000,0,1000,0,1,999,,,,,,,,,,,,,,,
,,,,,,,,,,,,,49024,2020-03-02_16h58.36.473,SandwichStudy,3.2.4,MacIntel,60,"[""space""]",[0.21200013160705566],1,0,80,46,1,79,Turkey,Ham,Bacon,Swiss cheese,Lettuce,Tomatoes,Onions,,Chicken,Pickles,Basil,Tomatoes,Cucumbers,,,,7,7,5,1000,0,1000,0,1,999,,,,,,,,,,,,,,,
,,,,,,,,,,,,,49024,2020-03-02_16h58.36.473,SandwichStudy,3.2.4,MacIntel,60,"[""a""]",[0.7390000820159912],1,0,80,46,1,79,Turkey,Ham,Bacon,Swiss cheese,Lettuce,Tomatoes,Onions,,Chicken,Pickles,Basil,Tomatoes,Cucumbers,,,,7,7,5,1000,0,1000,0,1,999,,,,,,,,,,,,,,,
,,,,,,,,,,,,,49024,2020-03-02_16h58.36.473,SandwichStudy,3.2.4,MacIntel,60,"[""space""]",[0.33099985122680664],1,0,80,4,1,79,Provolone cheese,Swiss cheese,Cheddar cheese,Parmesan cheese,Tomatoes,,,,Chicken,Lettuce,Tomatoes,Mayonnaise,,,,,5,5,4,1000,0,1000,0,1,999,,,,,,,,,,,,,,,
,,,,,,,,,,,,,49024,2020-03-02_16h58.36.473,SandwichStudy,3.2.4,MacIntel,60,"[""l""]",[1.186000108718872],1,0,80,4,1,79,Provolone cheese,Swiss cheese,Cheddar cheese,Parmesan cheese,Tomatoes,,,,Chicken,Lettuce,Tomatoes,Mayonnaise,,,,,5,5,4,1000,0,1000,0,1,999,,,,,,,,,,,,,,,
,,,,,,,,,,,,,49024,2020-03-02_16h58.36.473,SandwichStudy,3.2.4,MacIntel,60,"[""space""]",[0.7990000247955322],1,0,80,28,1,79,Chicken,Mozzarella cheese,Tomatoes,Pesto,Spinach,,,,Roast beef,Turkey,Pastrami,Mayonnaise,Provolone cheese,,,,5,5,5,1000,0,1000,0,1,999,,,,,,,,,,,,,,,
,,,,,,,,,,,,,49024,2020-03-02_16h58.36.473,SandwichStudy,3.2.4,MacIntel,60,"[""a""]",[1.7679998874664307],1,0,80,28,1,79,Chicken,Mozzarella cheese,Tomatoes,Pesto,Spinach,,,,Roast beef,Turkey,Pastrami,Mayonnaise,Provolone cheese,,,,5,5,5,1000,0,1000,0,1,999,,,,,,,,,,,,,,,
,,,,,,,,,,,,,49024,2020-03-02_16h58.36.473,SandwichStudy,3.2.4,MacIntel,60,"[""space""]",[3.197000026702881],1,0,80,20,1,79,Pastrami,Swiss cheese,Coleslaw,,,,,,Chicken,Bacon,Feta cheese,Bell peppers,Basil,Garlic aioli,,,6,3,6,1000,0,1000,0,1,999,,,,,,,,,,,,,,,
,,,,,,,,,,,,,49024,2020-03-02_16h58.36.473,SandwichStudy,3.2.4,MacIntel,60,"[""space""]",[0.5850000381469727],1,0,80,20,1,79,Pastrami,Swiss cheese,Coleslaw,,,,,,Chicken,Bacon,Feta cheese,Bell peppers,Basil,Garlic aioli,,,6,3,6,1000,0,1000,0,1,999,,,,,,,,,,,,,,,
,,,,,,,,,,,,,49024,2020-03-02_16h58.36.473,SandwichStudy,3.2.4,MacIntel,60,"[""a""]",[0.9670000076293945],1,0,80,20,1,79,Pastrami,Swiss cheese,Coleslaw,,,,,,Chicken,Bacon,Feta cheese,Bell peppers,Basil,Garlic aioli,,,6,3,6,1000,0,1000,0,1,999,,,,,,,,,,,,,,,
,,,,,,,,,,,,,49024,2020-03-02_16h58.36.473,SandwichStudy,3.2.4,MacIntel,60,"[""space""]",[0.04699993133544922],1,0,80,9,1,79,Bacon,Turkey,Pepper jack cheese,Mustard,,,,,Bacon,Spinach,Tomatoes,Avocado,Mayonnaise,,,,5,4,5,1000,0,1000,0,1,999,,,,,,,,,,,,,,,
,,,,,,,,,,,,,49024,2020-03-02_16h58.36.473,SandwichStudy,3.2.4,MacIntel,60,"[""space""]",[1.0469999313354492],1,0,80,9,1,79,Bacon,Turkey,Pepper jack cheese,Mustard,,,,,Bacon,Spinach,Tomatoes,Avocado,Mayonnaise,,,,5,4,5,1000,0,1000,0,1,999,,,,,,,,,,,,,,,
,,,,,,,,,,,,,49024,2020-03-02_16h58.36.473,SandwichStudy,3.2.4,MacIntel,60,"[""a""]",[0.8179998397827148],1,0,80,9,1,79,Bacon,Turkey,Pepper jack cheese,Mustard,,,,,Bacon,Spinach,Tomatoes,Avocado,Mayonnaise,,,,5,4,5,1000,0,1000,0,1,999,,,,,,,,,,,,,,,
,,,,,,,,,,,,,49024,2020-03-02_16h58.36.473,SandwichStudy,3.2.4,MacIntel,60,"[""space""]",[1.5739998817443848],1,0,80,57,1,79,Avocado,Spinach,Tomatoes,Swiss cheese,,,,,Chicken,Ham,Swiss cheese,Mayonnaise,Mustard,,,,5,4,5,1000,0,1000,0,1,999,,,,,,,,,,,,,,,
,,,,,,,,,,,,,49024,2020-03-02_16h58.36.473,SandwichStudy,3.2.4,MacIntel,60,"[""space""]",[0.05099987983703613],1,0,80,57,1,79,Avocado,Spinach,Tomatoes,Swiss cheese,,,,,Chicken,Ham,Swiss cheese,Mayonnaise,Mustard,,,,5,4,5,1000,0,1000,0,1,999,,,,,,,,,,,,,,,
,,,,,,,,,,,,,49024,2020-03-02_16h58.36.473,SandwichStudy,3.2.4,MacIntel,60,"[""l""]",[2.4749999046325684],1,0,80,57,1,79,Avocado,Spinach,Tomatoes,Swiss cheese,,,,,Chicken,Ham,Swiss cheese,Mayonnaise,Mustard,,,,5,4,5,1000,0,1000,0,1,999,,,,,,,,,,,,,,,
,,,,,,,,,,,,,49024,2020-03-02_16h58.36.473,SandwichStudy,3.2.4,MacIntel,60,"[""space""]",[0.07399988174438477],1,0,80,8,1,79,Chicken,Ham,Swiss cheese,Mayonnaise,,,,,Pepperoni,Meatballs,Marinara sauce,Provolone cheese,Mushrooms,,,,5,4,5,1000,0,1000,0,1,999,,,,,,,,,,,,,,,
,,,,,,,,,,,,,49024,2020-03-02_16h58.36.473,SandwichStudy,3.2.4,MacIntel,60,"[""a""]",[9.187999963760376],1,0,80,8,1,79,Chicken,Ham,Swiss cheese,Mayonnaise,,,,,Pepperoni,Meatballs,Marinara sauce,Provolone cheese,Mushrooms,,,,5,4,5,1000,0,1000,0,1,999,,,,,,,,,,,,,,,
,,,,,,,,,,,,,49024,2020-03-02_16h58.36.473,SandwichStudy,3.2.4,MacIntel,60,"[""space""]",[1.2009999752044678],1,0,80,74,1,79,Mushrooms,Swiss cheese,Provolone cheese,Cheddar cheese,Lettuce,Tomatoes,,,Roast beef,Pastrami,Swiss cheese,Mustard,,,,,6,6,4,1000,0,1000,0,1,999,,,,,,,,,,,,,,,
,,,,,,,,,,,,,49024,2020-03-02_16h58.36.473,SandwichStudy,3.2.4,MacIntel,60,"[""space""]",[0.5320000648498535],1,0,80,74,1,79,Mushrooms,Swiss cheese,Provolone cheese,Cheddar cheese,Lettuce,Tomatoes,,,Roast beef,Pastrami,Swiss cheese,Mustard,,,,,6,6,4,1000,0,1000,0,1,999,,,,,,,,,,,,,,,
,,,,,,,,,,,,,49024,2020-03-02_16h58.36.473,SandwichStudy,3.2.4,MacIntel,60,"[""space""]",[0.12899994850158691],1,0,80,74,1,79,Mushrooms,Swiss cheese,Provolone cheese,Cheddar cheese,Lettuce,Tomatoes,,,Roast beef,Pastrami,Swiss cheese,Mustard,,,,,6,6,4,1000,0,1000,0,1,999,,,,,,,,,,,,,,,
,,,,,,,,,,,,,49024,2020-03-02_16h58.36.473,SandwichStudy,3.2.4,MacIntel,60,"[""space""]",[0.1789999008178711],1,0,80,74,1,79,Mushrooms,Swiss cheese,Provolone cheese,Cheddar cheese,Lettuce,Tomatoes,,,Roast beef,Pastrami,Swiss cheese,Mustard,,,,,6,6,4,1000,0,1000,0,1,999,,,,,,,,,,,,,,,
,,,,,,,,,,,,,49024,2020-03-02_16h58.36.473,SandwichStudy,3.2.4,MacIntel,60,"[""a""]",[1.3339998722076416],1,0,80,74,1,79,Mushrooms,Swiss cheese,Provolone cheese,Cheddar cheese,Lettuce,Tomatoes,,,Roast beef,Pastrami,Swiss cheese,Mustard,,,,,6,6,4,1000,0,1000,0,1,999,,,,,,,,,,,,,,,
,,,,,,,,,,,,,49024,2020-03-02_16h58.36.473,SandwichStudy,3.2.4,MacIntel,60,"[""space""]",[0.17799973487854004],1,0,80,24,1,79,Steak,Onions,Bell peppers,Provolone cheese,,,,,Tuna,Lettuce,Tomatoes,Mayonnaise,,,,,4,4,4,1000,0,1000,0,1,999,,,,,,,,,,,,,,,
,,,,,,,,,,,,,49024,2020-03-02_16h58.36.473,SandwichStudy,3.2.4,MacIntel,60,"[""space""]",[3.697000026702881],1,0,80,24,1,79,Steak,Onions,Bell peppers,Provolone cheese,,,,,Tuna,Lettuce,Tomatoes,Mayonnaise,,,,,4,4,4,1000,0,1000,0,1,999,,,,,,,,,,,,,,,
,,,,,,,,,,,,,49024,2020-03-02_16h58.36.473,SandwichStudy,3.2.4,MacIntel,60,"[""space""]",[9.164999961853027],1,0,80,24,1,79,Steak,Onions,Bell peppers,Provolone cheese,,,,,Tuna,Lettuce,Tomatoes,Mayonnaise,,,,,4,4,4,1000,0,1000,0,1,999,,,,,,,,,,,,,,,
,,,,,,,,,,,,,49024,2020-03-02_16h58.36.473,SandwichStudy,3.2.4,MacIntel,60,"[""l""]",[1.3329999446868896],1,0,80,24,1,79,Steak,Onions,Bell peppers,Provolone cheese,,,,,Tuna,Lettuce,Tomatoes,Mayonnaise,,,,,4,4,4,1000,0,1000,0,1,999,,,,,,,,,,,,,,,
,,,,,,,,,,,,,49024,2020-03-02_16h58.36.473,SandwichStudy,3.2.4,MacIntel,60,"[""space""]",[0.018999814987182617],1,0,80,34,1,79,Avocado,Onions,Cucumbers,,,,,,Tuna,Basil,Cheddar cheese,Garlic aioli,Pickles,Onions,Tomatoes,Spinach,8,3,8,1000,0,1000,0,1,999,,,,,,,,,,,,,,,
,,,,,,,,,,,,,49024,2020-03-02_16h58.36.473,SandwichStudy,3.2.4,MacIntel,60,"[""a""]",[52.0699999332428],1,0,80,34,1,79,Avocado,Onions,Cucumbers,,,,,,Tuna,Basil,Cheddar cheese,Garlic aioli,Pickles,Onions,Tomatoes,Spinach,8,3,8,1000,0,1000,0,1,999,,,,,,,,,,,,,,,
,,,,,,,,,,,,,49024,2020-03-02_16h58.36.473,SandwichStudy,3.2.4,MacIntel,60,"[""space""]",[0.2719998359680176],1,0,80,78,1,79,Chicken,American cheese,Lettuce,Tomatoes,Mayonnaise,,,,Pastrami,Cheddar cheese,Mustard,Pickles,,,,,5,5,4,1000,0,1000,0,1,999,,,,,,,,,,,,,,,
,,,,,,,,,,,,,49024,2020-03-02_16h58.36.473,SandwichStudy,3.2.4,MacIntel,60,"[""space""]",[0.8669998645782471],1,0,80,78,1,79,Chicken,American cheese,Lettuce,Tomatoes,Mayonnaise,,,,Pastrami,Cheddar cheese,Mustard,Pickles,,,,,5,5,4,1000,0,1000,0,1,999,,,,,,,,,,,,,,,
,,,,,,,,,,,,,49024,2020-03-02_16h58.36.473,SandwichStudy,3.2.4,MacIntel,60,"[""l""]",[1.6719999313354492],1,0,80,78,1,79,Chicken,American cheese,Lettuce,Tomatoes,Mayonnaise,,,,Pastrami,Cheddar cheese,Mustard,Pickles,,,,,5,5,4,1000,0,1000,0,1,999,,,,,,,,,,,,,,,
,,,,,,,,,,,,,49024,2020-03-02_16h58.36.473,SandwichStudy,3.2.4,MacIntel,60,"[""space""]",[0.5139999389648438],1,0,80,45,1,79,Bell peppers,Provolone cheese,Cucumbers,Spinach,Tomatoes,Onions,Hummus,,Roast beef,Bacon,Turkey,Mayonnaise,,,,,7,7,4,1000,0,1000,0,1,999,,,,,,,,,,,,,,,
,,,,,,,,,,,,,49024,2020-03-02_16h58.36.473,SandwichStudy,3.2.4,MacIntel,60,"[""l""]",[3.506999969482422],1,0,80,45,1,79,Bell peppers,Provolone cheese,Cucumbers,Spinach,Tomatoes,Onions,Hummus,,Roast beef,Bacon,Turkey,Mayonnaise,,,,,7,7,4,1000,0,1000,0,1,999,,,,,,,,,,,,,,,
,,,,,,,,,,,,,49024,2020-03-02_16h58.36.473,SandwichStudy,3.2.4,MacIntel,60,"[""space""]",[0.247999906539917],1,0,80,21,1,79,Chicken,Ham,Cheddar cheese,Mayonnaise,,,,,Turkey,Bacon,Avocado,Provolone cheese,Lettuce,Tomatoes,Onions,Ranch dressing,8,4,8,1000,0,1000,0,1,999,,,,,,,,,,,,,,,
,,,,,,,,,,,,,49024,2020-03-02_16h58.36.473,SandwichStudy,3.2.4,MacIntel,60,"[""space""]",[0.4459998607635498],1,0,80,21,1,79,Chicken,Ham,Cheddar cheese,Mayonnaise,,,,,Turkey,Bacon,Avocado,Provolone cheese,Lettuce,Tomatoes,Onions,Ranch dressing,8,4,8,1000,0,1000,0,1,999,,,,,,,,,,,,,,,
,,,,,,,,,,,,,49024,2020-03-02_16h58.36.473,SandwichStudy,3.2.4,MacIntel,60,"[""l""]",[1.5230000019073486],1,0,80,21,1,79,Chicken,Ham,Cheddar cheese,Mayonnaise,,,,,Turkey,Bacon,Avocado,Provolone cheese,Lettuce,Tomatoes,Onions,Ranch dressing,8,4,8,1000,0,1000,0,1,999,,,,,,,,,,,,,,,
,,,,,,,,,,,,,49024,2020-03-02_16h58.36.473,SandwichStudy,3.2.4,MacIntel,60,"[""space""]",[0.34999990463256836],1,0,80,3,1,79,Chicken,American cheese,Coleslaw,Tomatoes,Pickles,Mayonnaise,,,Swiss cheese,Provolone cheese,Bell peppers,Tomatoes,Onions,,,,6,6,5,1000,0,1000,0,1,999,,,,,,,,,,,,,,,
,,,,,,,,,,,,,49024,2020-03-02_16h58.36.473,SandwichStudy,3.2.4,MacIntel,60,"[""a""]",[1.1410000324249268],1,0,80,3,1,79,Chicken,American cheese,Coleslaw,Tomatoes,Pickles,Mayonnaise,,,Swiss cheese,Provolone cheese,Bell peppers,Tomatoes,Onions,,,,6,6,5,1000,0,1000,0,1,999,,,,,,,,,,,,,,,
,,,,,,,,,,,,,49024,2020-03-02_16h58.36.473,SandwichStudy,3.2.4,MacIntel,60,"[""space""]",[0.16899991035461426],1,0,80,16,1,79,Chicken,American cheese,Lettuce,Tomatoes,Mayonnaise,,,,Cheddar cheese,Avocado,Onions,Tomatoes,Mayonnaise,,,,5,5,5,1000,0,1000,0,1,999,,,,,,,,,,,,,,,
,,,,,,,,,,,,,49024,2020-03-02_16h58.36.473,SandwichStudy,3.2.4,MacIntel,60,"[""a""]",[1.2850000858306885],1,0,80,16,1,79,Chicken,American cheese,Lettuce,Tomatoes,Mayonnaise,,,,Cheddar cheese,Avocado,Onions,Tomatoes,Mayonnaise,,,,5,5,5,1000,0,1000,0,1,999,,,,,,,,,,,,,,,
,,,,,,,,,,,,,49024,2020-03-02_16h58.36.473,SandwichStudy,3.2.4,MacIntel,60,"[""space""]",[0.874000072479248],1,0,80,47,1,79,Chicken,Cheddar cheese,Mayonnaise,,,,,,Turkey,Cheddar cheese,Coleslaw,Spinach,Mustard,,,,5,3,5,1000,0,1000,0,1,999,,,,,,,,,,,,,,,
,,,,,,,,,,,,,49024,2020-03-02_16h58.36.473,SandwichStudy,3.2.4,MacIntel,60,"[""space""]",[0.06399989128112793],1,0,80,47,1,79,Chicken,Cheddar cheese,Mayonnaise,,,,,,Turkey,Cheddar cheese,Coleslaw,Spinach,Mustard,,,,5,3,5,1000,0,1000,0,1,999,,,,,,,,,,,,,,,
,,,,,,,,,,,,,49024,2020-03-02_16h58.36.473,SandwichStudy,3.2.4,MacIntel,60,"[""l""]",[1.3550000190734863],1,0,80,47,1,79,Chicken,Cheddar cheese,Mayonnaise,,,,,,Turkey,Cheddar cheese,Coleslaw,Spinach,Mustard,,,,5,3,5,1000,0,1000,0,1,999,,,,,,,,,,,,,,,
,,,,,,,,,,,,,49024,2020-03-02_16h58.36.473,SandwichStudy,3.2.4,MacIntel,60,"[""space""]",[0.1959998607635498],1,0,80,60,1,79,Chicken,Swiss cheese,Lettuce,Tomatoes,Onions,,,,Chicken,Cheddar cheese,Lettuce,Garlic aioli,Swiss cheese,Tomatoes,,,6,5,6,1000,0,1000,0,1,999,,,,,,,,,,,,,,,
,,,,,,,,,,,,,49024,2020-03-02_16h58.36.473,SandwichStudy,3.2.4,MacIntel,60,"[""space""]",[0.10500001907348633],1,0,80,60,1,79,Chicken,Swiss cheese,Lettuce,Tomatoes,Onions,,,,Chicken,Cheddar cheese,Lettuce,Garlic aioli,Swiss cheese,Tomatoes,,,6,5,6,1000,0,1000,0,1,999,,,,,,,,,,,,,,,
,,,,,,,,,,,,,49024,2020-03-02_16h58.36.473,SandwichStudy,3.2.4,MacIntel,60,"[""space""]",[4.906999826431274],1,0,80,60,1,79,Chicken,Swiss cheese,Lettuce,Tomatoes,Onions,,,,Chicken,Cheddar cheese,Lettuce,Garlic aioli,Swiss cheese,Tomatoes,,,6,5,6,1000,0,1000,0,1,999,,,,,,,,,,,,,,,
,,,,,,,,,,,,,49024,2020-03-02_16h58.36.473,SandwichStudy,3.2.4,MacIntel,60,"[""l""]",[1.1479997634887695],1,0,80,60,1,79,Chicken,Swiss cheese,Lettuce,Tomatoes,Onions,,,,Chicken,Cheddar cheese,Lettuce,Garlic aioli,Swiss cheese,Tomatoes,,,6,5,6,1000,0,1000,0,1,999,,,,,,,,,,,,,,,
,,,,,,,,,,,,,49024,2020-03-02_16h58.36.473,SandwichStudy,3.2.4,MacIntel,60,"[""space""]",[51.04699993133545],1,0,80,55,1,79,Roast beef,Turkey,Pastrami,Mayonnaise,Provolone cheese,,,,Ham,Swiss cheese,Spinach,Mustard,,,,,5,5,4,1000,0,1000,0,1,999,,,,,,,,,,,,,,,
,,,,,,,,,,,,,49024,2020-03-02_16h58.36.473,SandwichStudy,3.2.4,MacIntel,60,"[""space""]",[0.7899999618530273],1,0,80,55,1,79,Roast beef,Turkey,Pastrami,Mayonnaise,Provolone cheese,,,,Ham,Swiss cheese,Spinach,Mustard,,,,,5,5,4,1000,0,1000,0,1,999,,,,,,,,,,,,,,,
,,,,,,,,,,,,,49024,2020-03-02_16h58.36.473,SandwichStudy,3.2.4,MacIntel,60,"[""space""]",[0.3119997978210449],1,0,80,55,1,79,Roast beef,Turkey,Pastrami,Mayonnaise,Provolone cheese,,,,Ham,Swiss cheese,Spinach,Mustard,,,,,5,5,4,1000,0,1000,0,1,999,,,,,,,,,,,,,,,
,,,,,,,,,,,,,49024,2020-03-02_16h58.36.473,SandwichStudy,3.2.4,MacIntel,60,"[""a""]",[0.5519998073577881],1,0,80,55,1,79,Roast beef,Turkey,Pastrami,Mayonnaise,Provolone cheese,,,,Ham,Swiss cheese,Spinach,Mustard,,,,,5,5,4,1000,0,1000,0,1,999,,,,,,,,,,,,,,,
,,,,,,,,,,,,,49024,2020-03-02_16h58.36.473,SandwichStudy,3.2.4,MacIntel,60,"[""space""]",[0.18899989128112793],1,0,80,1,1,79,Tomatoes,Mozzarella cheese,Spinach,Pesto,,,,,Ham,Swiss cheese,Mustard,,,,,,4,4,3,1000,0,1000,0,1,999,,,,,,,,,,,,,,,
,,,,,,,,,,,,,49024,2020-03-02_16h58.36.473,SandwichStudy,3.2.4,MacIntel,60,"[""a""]",[0.6959998607635498],1,0,80,1,1,79,Tomatoes,Mozzarella cheese,Spinach,Pesto,,,,,Ham,Swiss cheese,Mustard,,,,,,4,4,3,1000,0,1000,0,1,999,,,,,,,,,,,,,,,
,,,,,,,,,,,,,49024,2020-03-02_16h58.36.473,SandwichStudy,3.2.4,MacIntel,60,"[""space""]",[0.2069997787475586],1,0,80,76,1,79,Bacon,Lettuce,Tomatoes,Ranch dressing,,,,,Chicken,Bacon,Mustard,,,,,,4,4,3,1000,0,1000,0,1,999,,,,,,,,,,,,,,,
,,,,,,,,,,,,,49024,2020-03-02_16h58.36.473,SandwichStudy,3.2.4,MacIntel,60,"[""space""]",[0.05499982833862305],1,0,80,76,1,79,Bacon,Lettuce,Tomatoes,Ranch dressing,,,,,Chicken,Bacon,Mustard,,,,,,4,4,3,1000,0,1000,0,1,999,,,,,,,,,,,,,,,
,,,,,,,,,,,,,49024,2020-03-02_16h58.36.473,SandwichStudy,3.2.4,MacIntel,60,"[""l""]",[2.2290000915527344],1,0,80,76,1,79,Bacon,Lettuce,Tomatoes,Ranch dressing,,,,,Chicken,Bacon,Mustard,,,,,,4,4,3,1000,0,1000,0,1,999,,,,,,,,,,,,,,,
,,,,,,,,,,,,,49024,2020-03-02_16h58.36.473,SandwichStudy,3.2.4,MacIntel,60,"[""space""]",[0.24599981307983398],1,0,80,11,1,79,Pork,Ham,Swiss cheese,Pickles,Mustard,,,,Chicken,Bacon,Mustard,,,,,,5,5,3,1000,0,1000,0,1,999,,,,,,,,,,,,,,,
,,,,,,,,,,,,,49024,2020-03-02_16h58.36.473,SandwichStudy,3.2.4,MacIntel,60,"[""l""]",[1.051999807357788],1,0,80,11,1,79,Pork,Ham,Swiss cheese,Pickles,Mustard,,,,Chicken,Bacon,Mustard,,,,,,5,5,3,1000,0,1000,0,1,999,,,,,,,,,,,,,,,
,,,,,,,,,,,,,49024,2020-03-02_16h58.36.473,SandwichStudy,3.2.4,MacIntel,60,"[""space""]",[0.17100000381469727],1,0,80,71,1,79,Bacon,Ham,Turkey,Mayonnaise,Mustard,Cheddar cheese,Tomatoes,Spinach,Bacon,Lettuce,Tomatoes,Garlic aioli,Avocado,,,,8,8,5,1000,0,1000,0,1,999,,,,,,,,,,,,,,,
,,,,,,,,,,,,,49024,2020-03-02_16h58.36.473,SandwichStudy,3.2.4,MacIntel,60,"[""space""]",[0.7809998989105225],1,0,80,71,1,79,Bacon,Ham,Turkey,Mayonnaise,Mustard,Cheddar cheese,Tomatoes,Spinach,Bacon,Lettuce,Tomatoes,Garlic aioli,Avocado,,,,8,8,5,1000,0,1000,0,1,999,,,,,,,,,,,,,,,
,,,,,,,,,,,,,49024,2020-03-02_16h58.36.473,SandwichStudy,3.2.4,MacIntel,60,"[""l""]",[0.3209998607635498],1,0,80,71,1,79,Bacon,Ham,Turkey,Mayonnaise,Mustard,Cheddar cheese,Tomatoes,Spinach,Bacon,Lettuce,Tomatoes,Garlic aioli,Avocado,,,,8,8,5,1000,0,1000,0,1,999,,,,,,,,,,,,,,,
,,,,,,,,,,,,,49024,2020-03-02_16h58.36.473,SandwichStudy,3.2.4,MacIntel,60,"[""space""]",[0.34599995613098145],1,0,80,48,1,79,Chicken,Provolone cheese,Pesto,,,,,,Ham,Lettuce,Tomatoes,Mayonnaise,Mustard,,,,5,3,5,1000,0,1000,0,1,999,,,,,,,,,,,,,,,
,,,,,,,,,,,,,49024,2020-03-02_16h58.36.473,SandwichStudy,3.2.4,MacIntel,60,"[""a""]",[0.9679999351501465],1,0,80,48,1,79,Chicken,Provolone cheese,Pesto,,,,,,Ham,Lettuce,Tomatoes,Mayonnaise,Mustard,,,,5,3,5,1000,0,1000,0,1,999,,,,,,,,,,,,,,,
,,,,,,,,,,,,,49024,2020-03-02_16h58.36.473,SandwichStudy,3.2.4,MacIntel,60,"[""a""]",[0.002000093460083008],1,0,80,53,1,79,Turkey,Avocado,Mayonnaise,,,,,,Ham,Pork,Swiss cheese,Mustard,Pickles,,,,5,3,5,1000,0,1000,0,1,999,,,,,,,,,,,,,,,
,,,,,,,,,,,,,49024,2020-03-02_16h58.36.473,SandwichStudy,3.2.4,MacIntel,60,"[""space""]",[0.4519999027252197],1,0,80,22,1,79,Bacon,Lettuce,Tomatoes,Garlic aioli,Avocado,,,,Ham,Swiss cheese,Spinach,Mustard,,,,,5,5,4,1000,0,1000,0,1,999,,,,,,,,,,,,,,,
,,,,,,,,,,,,,49024,2020-03-02_16h58.36.473,SandwichStudy,3.2.4,MacIntel,60,"[""a""]",[0.868999719619751],1,0,80,22,1,79,Bacon,Lettuce,Tomatoes,Garlic aioli,Avocado,,,,Ham,Swiss cheese,Spinach,Mustard,,,,,5,5,4,1000,0,1000,0,1,999,,,,,,,,,,,,,,,
,,,,,,,,,,,,,49024,2020-03-02_16h58.36.473,SandwichStudy,3.2.4,MacIntel,60,"[""space""]",[0.4809999465942383],1,0,80,50,1,79,Mozzarella cheese,Bell peppers,Pesto,Spinach,,,,,Chicken,Ham,Swiss cheese,Mayonnaise,,,,,4,4,4,1000,0,1000,0,1,999,,,,,,,,,,,,,,,
,,,,,,,,,,,,,49024,2020-03-02_16h58.36.473,SandwichStudy,3.2.4,MacIntel,60,"[""l""]",[0.46399998664855957],1,0,80,50,1,79,Mozzarella cheese,Bell peppers,Pesto,Spinach,,,,,Chicken,Ham,Swiss cheese,Mayonnaise,,,,,4,4,4,1000,0,1000,0,1,999,,,,,,,,,,,,,,,
,,,,,,,,,,,,,49024,2020-03-02_16h58.36.473,SandwichStudy,3.2.4,MacIntel,60,"[""space""]",[0.7809998989105225],1,0,80,77,1,79,Chicken,Lettuce,Tomatoes,Mayonnaise,,,,,Pepperoni,Meatballs,Marinara sauce,Provolone cheese,Mushrooms,,,,5,4,5,1000,0,1000,0,1,999,,,,,,,,,,,,,,,
,,,,,,,,,,,,,49024,2020-03-02_16h58.36.473,SandwichStudy,3.2.4,MacIntel,60,"[""a""]",[0.2720000743865967],1,0,80,77,1,79,Chicken,Lettuce,Tomatoes,Mayonnaise,,,,,Pepperoni,Meatballs,Marinara sauce,Provolone cheese,Mushrooms,,,,5,4,5,1000,0,1000,0,1,999,,,,,,,,,,,,,,,
,,,,,,,,,,,,,49024,2020-03-02_16h58.36.473,SandwichStudy,3.2.4,MacIntel,60,"[""space""]",[0.5969998836517334],1,0,80,29,1,79,Turkey,Garlic aioli,Bacon,Spinach,,,,,Chicken,Mayonnaise,Cheddar cheese,,,,,,4,4,3,1000,0,1000,0,1,999,,,,,,,,,,,,,,,
,,,,,,,,,,,,,49024,2020-03-02_16h58.36.473,SandwichStudy,3.2.4,MacIntel,60,"[""l""]",[10.625],1,0,80,29,1,79,Turkey,Garlic aioli,Bacon,Spinach,,,,,Chicken,Mayonnaise,Cheddar cheese,,,,,,4,4,3,1000,0,1000,0,1,999,,,,,,,,,,,,,,,
,,,,,,,,,,,,,49024,2020-03-02_16h58.36.473,SandwichStudy,3.2.4,MacIntel,60,"[""space""]",[0.35699987411499023],1,0,80,2,1,79,Turkey,Provolone cheese,Spinach,Garlic aioli,,,,,Chicken,Pickles,Basil,Tomatoes,Cucumbers,,,,5,4,5,1000,0,1000,0,1,999,,,,,,,,,,,,,,,
,,,,,,,,,,,,,49024,2020-03-02_16h58.36.473,SandwichStudy,3.2.4,MacIntel,60,"[""l""]",[0.9750001430511475],1,0,80,2,1,79,Turkey,Provolone cheese,Spinach,Garlic aioli,,,,,Chicken,Pickles,Basil,Tomatoes,Cucumbers,,,,5,4,5,1000,0,1000,0,1,999,,,,,,,,,,,,,,,
,,,,,,,,,,,,,49024,2020-03-02_16h58.36.473,SandwichStudy,3.2.4,MacIntel,60,"[""space""]",[82.23899984359741],1,0,80,43,1,79,Meatballs,Provolone cheese,Onions,Marinara sauce,,,,,Chicken,Mozzarella cheese,Tomatoes,Pesto,Spinach,,,,5,4,5,1000,0,1000,0,1,999,,,,,,,,,,,,,,,
,,,,,,,,,,,,,49024,2020-03-02_16h58.36.473,SandwichStudy,3.2.4,MacIntel,60,"[""space""]",[0.3969998359680176],1,0,80,43,1,79,Meatballs,Provolone cheese,Onions,Marinara sauce,,,,,Chicken,Mozzarella cheese,Tomatoes,Pesto,Spinach,,,,5,4,5,1000,0,1000,0,1,999,,,,,,,,,,,,,,,
,,,,,,,,,,,,,49024,2020-03-02_16h58.36.473,SandwichStudy,3.2.4,MacIntel,60,"[""l""]",[1.3480000495910645],1,0,80,43,1,79,Meatballs,Provolone cheese,Onions,Marinara sauce,,,,,Chicken,Mozzarella cheese,Tomatoes,Pesto,Spinach,,,,5,4,5,1000,0,1000,0,1,999,,,,,,,,,,,,,,,
,,,,,,,,,,,,,49024,2020-03-02_16h58.36.473,SandwichStudy,3.2.4,MacIntel,60,"[""space""]",[0.07800006866455078],1,0,80,59,1,79,Chicken,Ham,Cheddar cheese,Mayonnaise,,,,,Turkey,Garlic aioli,Bacon,Spinach,,,,,4,4,4,1000,0,1000,0,1,999,,,,,,,,,,,,,,,
,,,,,,,,,,,,,49024,2020-03-02_16h58.36.473,SandwichStudy,3.2.4,MacIntel,60,"[""space""]",[0.37999987602233887],1,0,80,59,1,79,Chicken,Ham,Cheddar cheese,Mayonnaise,,,,,Turkey,Garlic aioli,Bacon,Spinach,,,,,4,4,4,1000,0,1000,0,1,999,,,,,,,,,,,,,,,
,,,,,,,,,,,,,49024,2020-03-02_16h58.36.473,SandwichStudy,3.2.4,MacIntel,60,"[""a""]",[0.44099998474121094],1,0,80,59,1,79,Chicken,Ham,Cheddar cheese,Mayonnaise,,,,,Turkey,Garlic aioli,Bacon,Spinach,,,,,4,4,4,1000,0,1000,0,1,999,,,,,,,,,,,,,,,
,,,,,,,,,,,,,49024,2020-03-02_16h58.36.473,SandwichStudy,3.2.4,MacIntel,60,"[""space""]",[0.06699991226196289],1,0,80,62,1,79,Cheddar cheese,Provolone cheese,Swiss cheese,Mushrooms,Mayonnaise,Lettuce,Tomatoes,,Bacon,Turkey,Pepper jack cheese,Mustard,,,,,7,7,4,1000,0,1000,0,1,999,,,,,,,,,,,,,,,
,,,,,,,,,,,,,49024,2020-03-02_16h58.36.473,SandwichStudy,3.2.4,MacIntel,60,"[""l""]",[0.806999921798706],1,0,80,62,1,79,Cheddar cheese,Provolone cheese,Swiss cheese,Mushrooms,Mayonnaise,Lettuce,Tomatoes,,Bacon,Turkey,Pepper jack cheese,Mustard,,,,,7,7,4,1000,0,1000,0,1,999,,,,,,,,,,,,,,,
,,,,,,,,,,,,,49024,2020-03-02_16h58.36.473,SandwichStudy,3.2.4,MacIntel,60,"[""space""]",[0.09599995613098145],1,0,80,27,1,79,Mushrooms,Swiss cheese,Provolone cheese,Cheddar cheese,Lettuce,Tomatoes,,,Avocado,Spinach,Tomatoes,Swiss cheese,,,,,6,6,4,1000,0,1000,0,1,999,,,,,,,,,,,,,,,
,,,,,,,,,,,,,49024,2020-03-02_16h58.36.473,SandwichStudy,3.2.4,MacIntel,60,"[""l""]",[0.6939997673034668],1,0,80,27,1,79,Mushrooms,Swiss cheese,Provolone cheese,Cheddar cheese,Lettuce,Tomatoes,,,Avocado,Spinach,Tomatoes,Swiss cheese,,,,,6,6,4,1000,0,1000,0,1,999,,,,,,,,,,,,,,,
,,,,,,,,,,,,,49024,2020-03-02_16h58.36.473,SandwichStudy,3.2.4,MacIntel,60,"[""space""]",[0.15600013732910156],1,0,80,5,1,79,Chicken,Cheddar cheese,Mayonnaise,,,,,,Turkey,Provolone cheese,Pesto,Bell peppers,,,,,4,3,4,1000,0,1000,0,1,999,,,,,,,,,,,,,,,
,,,,,,,,,,,,,49024,2020-03-02_16h58.36.473,SandwichStudy,3.2.4,MacIntel,60,"[""space""]",[108.96900010108948],1,0,80,5,1,79,Chicken,Cheddar cheese,Mayonnaise,,,,,,Turkey,Provolone cheese,Pesto,Bell peppers,,,,,4,3,4,1000,0,1000,0,1,999,,,,,,,,,,,,,,,
,,,,,,,,,,,,,49024,2020-03-02_16h58.36.473,SandwichStudy,3.2.4,MacIntel,60,"[""a""]",[1.5509998798370361],1,0,80,5,1,79,Chicken,Cheddar cheese,Mayonnaise,,,,,,Turkey,Provolone cheese,Pesto,Bell peppers,,,,,4,3,4,1000,0,1000,0,1,999,,,,,,,,,,,,,,,
,,,,,,,,,,,,,49024,2020-03-02_16h58.36.473,SandwichStudy,3.2.4,MacIntel,60,"[""l""]",[0.8860001564025879],1,0,80,13,1,79,Chicken,Garlic aioli,Pickles,Cucumbers,Jalapenos,Basil,,,Roast beef,Bacon,Turkey,Mayonnaise,,,,,6,6,4,1000,0,1000,0,1,999,,,,,,,,,,,,,,,
,,,,,,,,,,,,,49024,2020-03-02_16h58.36.473,SandwichStudy,3.2.4,MacIntel,60,"[""a""]",[0.6470000743865967],1,0,80,25,1,79,Meatballs,Provolone cheese,Onions,Marinara sauce,,,,,Chicken,Pepper jack cheese,Ranch dressing,,,,,,4,4,3,1000,0,1000,0,1,999,,,,,,,,,,,,,,,
,,,,,,,,,,,,,49024,2020-03-02_16h58.36.473,SandwichStudy,3.2.4,MacIntel,60,"[""space""]",[1.1519999504089355],1,0,80,64,1,79,Tuna,Basil,Cheddar cheese,Garlic aioli,Pickles,Onions,Tomatoes,Spinach,Turkey,Ham,Bacon,Provolone cheese,Lettuce,Tomatoes,Ranch dressing,,8,8,7,1000,0,1000,0,1,999,,,,,,,,,,,,,,,
,,,,,,,,,,,,,49024,2020-03-02_16h58.36.473,SandwichStudy,3.2.4,MacIntel,60,"[""l""]",[1.6069998741149902],1,0,80,64,1,79,Tuna,Basil,Cheddar cheese,Garlic aioli,Pickles,Onions,Tomatoes,Spinach,Turkey,Ham,Bacon,Provolone cheese,Lettuce,Tomatoes,Ranch dressing,,8,8,7,1000,0,1000,0,1,999,,,,,,,,,,,,,,,
,,,,,,,,,,,,,49024,2020-03-02_16h58.36.473,SandwichStudy,3.2.4,MacIntel,60,"[""space""]",[0.4649999141693115],1,0,80,19,1,79,Bacon,Ham,Turkey,Mayonnaise,Cheddar cheese,Tomatoes,Spinach,Swiss cheese,Turkey,Salami,Cheddar cheese,Mayonnaise,,,,,8,8,4,1000,0,1000,0,1,999,,,,,,,,,,,,,,,
,,,,,,,,,,,,,49024,2020-03-02_16h58.36.473,SandwichStudy,3.2.4,MacIntel,60,"[""a""]",[2.9689998626708984],1,0,80,19,1,79,Bacon,Ham,Turkey,Mayonnaise,Cheddar cheese,Tomatoes,Spinach,Swiss cheese,Turkey,Salami,Cheddar cheese,Mayonnaise,,,,,8,8,4,1000,0,1000,0,1,999,,,,,,,,,,,,,,,
,,,,,,,,,,,,,49024,2020-03-02_16h58.36.473,SandwichStudy,3.2.4,MacIntel,60,"[""space""]",[0.07200002670288086],1,0,80,65,1,79,Chicken,Pepper jack cheese,Ranch dressing,,,,,,Salami,Provolone cheese,Lettuce,Tomatoes,Mayonnaise,Mustard,,,6,3,6,1000,0,1000,0,1,999,,,,,,,,,,,,,,,
,,,,,,,,,,,,,49024,2020-03-02_16h58.36.473,SandwichStudy,3.2.4,MacIntel,60,"[""a""]",[1.2060000896453857],1,0,80,65,1,79,Chicken,Pepper jack cheese,Ranch dressing,,,,,,Salami,Provolone cheese,Lettuce,Tomatoes,Mayonnaise,Mustard,,,6,3,6,1000,0,1000,0,1,999,,,,,,,,,,,,,,,
,,,,,,,,,,,,,49024,2020-03-02_16h58.36.473,SandwichStudy,3.2.4,MacIntel,60,"[""l""]",[1.2690000534057617],1,0,80,40,1,79,Pork,Ham,Swiss cheese,Pickles,Mustard,,,,Steak,Turkey,Ham,Cheddar cheese,Olives,Lettuce,Tomatoes,Onions,8,5,8,1000,0,1000,0,1,999,,,,,,,,,,,,,,,
,,,,,,,,,,,,,49024,2020-03-02_16h58.36.473,SandwichStudy,3.2.4,MacIntel,60,"[""a""]",[1.2349998950958252],1,0,80,10,1,79,Turkey,Cheddar cheese,Coleslaw,Spinach,Mustard,,,,Salami,Provolone cheese,Lettuce,Tomatoes,Mayonnaise,Mustard,,,6,5,6,1000,0,1000,0,1,999,,,,,,,,,,,,,,,
,,,,,,,,,,,,,49024,2020-03-02_16h58.36.473,SandwichStudy,3.2.4,MacIntel,60,"[""a""]",[0.8840000629425049],1,0,80,26,1,79,Turkey,Avocado,Mayonnaise,,,,,,Chicken,Mozzarella cheese,Tomatoes,Onions,Basil,Mayonnaise,,,6,3,6,1000,0,1000,0,1,999,,,,,,,,,,,,,,,
,,,,,,,,,,,,,49024,2020-03-02_16h58.36.473,SandwichStudy,3.2.4,MacIntel,60,"[""a""]",[0.5349998474121094],1,0,80,18,1,79,Turkey,Bacon,Pepper jack cheese,Avocado,Ranch dressing,Spinach,Tomatoes,,Chicken,Bacon,Cheddar cheese,Swiss cheese,Spinach,Tomatoes,Mayonnaise,Mustard,8,7,8,1000,0,1000,0,1,999,,,,,,,,,,,,,,,
,,,,,,,,,,,,,49024,2020-03-02_16h58.36.473,SandwichStudy,3.2.4,MacIntel,60,"[""l""]",[0.8979997634887695],1,0,80,42,1,79,Chicken,Bacon,Feta cheese,Bell peppers,Basil,Garlic aioli,,,Turkey,Ham,Cheddar cheese,Mayonnaise,,,,,6,6,4,1000,0,1000,0,1,999,,,,,,,,,,,,,,,
,,,,,,,,,,,,,49024,2020-03-02_16h58.36.473,SandwichStudy,3.2.4,MacIntel,60,"[""space""]",[0.34599995613098145],1,0,80,17,1,79,Salami,Roast beef,Turkey,Ham,Swiss cheese,Lettuce,Tomatoes,Mayonnaise,Chicken,Gouda cheese,Avocado,Basil,Bell peppers,Mayonnaise,,,8,8,6,1000,0,1000,0,1,999,,,,,,,,,,,,,,,
,,,,,,,,,,,,,49024,2020-03-02_16h58.36.473,SandwichStudy,3.2.4,MacIntel,60,"[""l""]",[1.3919999599456787],1,0,80,17,1,79,Salami,Roast beef,Turkey,Ham,Swiss cheese,Lettuce,Tomatoes,Mayonnaise,Chicken,Gouda cheese,Avocado,Basil,Bell peppers,Mayonnaise,,,8,8,6,1000,0,1000,0,1,999,,,,,,,,,,,,,,,
,,,,,,,,,,,,,49024,2020-03-02_16h58.36.473,SandwichStudy,3.2.4,MacIntel,60,"[""a""]",[0.6349999904632568],1,0,80,51,1,79,Turkey,Provolone cheese,Pesto,Bell peppers,,,,,Swiss cheese,Provolone cheese,Bell peppers,Tomatoes,Onions,,,,5,4,5,1000,0,1000,0,1,999,,,,,,,,,,,,,,,
,,,,,,,,,,,,,49024,2020-03-02_16h58.36.473,SandwichStudy,3.2.4,MacIntel,60,"[""a""]",[0.6449999809265137],1,0,80,7,1,79,Mozzarella cheese,Bell peppers,Pesto,Spinach,,,,,Ham,Lettuce,Tomatoes,Mayonnaise,Mustard,,,,5,4,5,1000,0,1000,0,1,999,,,,,,,,,,,,,,,
,,,,,,,,,,,,,49024,2020-03-02_16h58.36.473,SandwichStudy,3.2.4,MacIntel,60,"[""l""]",[0.7889997959136963],1,0,80,52,1,79,Cheddar cheese,Avocado,Onions,Tomatoes,Mayonnaise,,,,Bacon,Ham,Turkey,Mayonnaise,Cheddar cheese,Tomatoes,Spinach,Swiss cheese,8,5,8,1000,0,1000,0,1,999,,,,,,,,,,,,,,,
,,,,,,,,,,,,,49024,2020-03-02_16h58.36.473,SandwichStudy,3.2.4,MacIntel,60,"[""a""]",[0.750999927520752],1,0,80,39,1,79,Chicken,Provolone cheese,Pesto,,,,,,Turkey,Bacon,Jalapenos,Lettuce,Avocado,Garlic aioli,Tomatoes,,7,3,7,1000,0,1000,0,1,999,,,,,,,,,,,,,,,
,,,,,,,,,,,,,49024,2020-03-02_16h58.36.473,SandwichStudy,3.2.4,MacIntel,60,"[""space""]",[0.07399988174438477],1,0,80,49,1,79,Spinach,Tomatoes,Cucumbers,Onions,Bell peppers,Avocado,Mayonnaise,,Turkey,Provolone cheese,Spinach,Garlic aioli,,,,,7,7,4,1000,0,1000,0,1,999,,,,,,,,,,,,,,,
,,,,,,,,,,,,,49024,2020-03-02_16h58.36.473,SandwichStudy,3.2.4,MacIntel,60,"[""l""]",[0.6719999313354492],1,0,80,49,1,79,Spinach,Tomatoes,Cucumbers,Onions,Bell peppers,Avocado,Mayonnaise,,Turkey,Provolone cheese,Spinach,Garlic aioli,,,,,7,7,4,1000,0,1000,0,1,999,,,,,,,,,,,,,,,
,,,,,,,,,,,,,49024,2020-03-02_16h58.36.473,SandwichStudy,3.2.4,MacIntel,60,"[""space""]",[0.04900002479553223],1,0,80,6,1,79,Chicken,Cheddar cheese,Lettuce,Garlic aioli,Swiss cheese,Tomatoes,,,Cheddar cheese,Provolone cheese,Swiss cheese,Mushrooms,Mayonnaise,Lettuce,Tomatoes,,7,6,7,1000,0,1000,0,1,999,,,,,,,,,,,,,,,
,,,,,,,,,,,,,49024,2020-03-02_16h58.36.473,SandwichStudy,3.2.4,MacIntel,60,"[""a""]",[1.3159997463226318],1,0,80,6,1,79,Chicken,Cheddar cheese,Lettuce,Garlic aioli,Swiss cheese,Tomatoes,,,Cheddar cheese,Provolone cheese,Swiss cheese,Mushrooms,Mayonnaise,Lettuce,Tomatoes,,7,6,7,1000,0,1000,0,1,999,,,,,,,,,,,,,,,
,,,,,,,,,,,,,49024,2020-03-02_16h58.36.473,SandwichStudy,3.2.4,MacIntel,60,"[""space""]",[55.710999965667725],1,0,80,56,1,79,Turkey,Salami,Cheddar cheese,Mayonnaise,,,,,Turkey,Bacon,Avocado,Provolone cheese,Lettuce,Tomatoes,Onions,Ranch dressing,8,4,8,1000,0,1000,0,1,999,,,,,,,,,,,,,,,
,,,,,,,,,,,,,49024,2020-03-02_16h58.36.473,SandwichStudy,3.2.4,MacIntel,60,"[""space""]",[0.5550000667572021],1,0,80,56,1,79,Turkey,Salami,Cheddar cheese,Mayonnaise,,,,,Turkey,Bacon,Avocado,Provolone cheese,Lettuce,Tomatoes,Onions,Ranch dressing,8,4,8,1000,0,1000,0,1,999,,,,,,,,,,,,,,,
,,,,,,,,,,,,,49024,2020-03-02_16h58.36.473,SandwichStudy,3.2.4,MacIntel,60,"[""l""]",[0.7579998970031738],1,0,80,56,1,79,Turkey,Salami,Cheddar cheese,Mayonnaise,,,,,Turkey,Bacon,Avocado,Provolone cheese,Lettuce,Tomatoes,Onions,Ranch dressing,8,4,8,1000,0,1000,0,1,999,,,,,,,,,,,,,,,
,,,,,,,,,,,,,49024,2020-03-02_16h58.36.473,SandwichStudy,3.2.4,MacIntel,60,"[""space""]",[230.15100002288818],1,0,80,15,1,79,Pork,Cucumbers,Pickles,Jalapenos,Basil,Mayonnaise,,,Roast beef,Pastrami,Swiss cheese,Mustard,,,,,6,6,4,1000,0,1000,0,1,999,,,,,,,,,,,,,,,
,,,,,,,,,,,,,49024,2020-03-02_16h58.36.473,SandwichStudy,3.2.4,MacIntel,60,"[""space""]",[1.9649999141693115],1,0,80,15,1,79,Pork,Cucumbers,Pickles,Jalapenos,Basil,Mayonnaise,,,Roast beef,Pastrami,Swiss cheese,Mustard,,,,,6,6,4,1000,0,1000,0,1,999,,,,,,,,,,,,,,,
,,,,,,,,,,,,,49024,2020-03-02_16h58.36.473,SandwichStudy,3.2.4,MacIntel,60,"[""l""]",[0.42299985885620117],1,0,80,15,1,79,Pork,Cucumbers,Pickles,Jalapenos,Basil,Mayonnaise,,,Roast beef,Pastrami,Swiss cheese,Mustard,,,,,6,6,4,1000,0,1000,0,1,999,,,,,,,,,,,,,,,
,,,,,,,,,,,,,49024,2020-03-02_16h58.36.473,SandwichStudy,3.2.4,MacIntel,60,"[""space""]",[0.23099994659423828],1,0,80,0,1,79,Onions,Bell peppers,Mushrooms,Jalapenos,American cheese,Steak,,,Bacon,Provolone cheese,Mushrooms,Parmesan cheese,,,,,6,6,4,1000,0,1000,0,1,999,,,,,,,,,,,,,,,
,,,,,,,,,,,,,49024,2020-03-02_16h58.36.473,SandwichStudy,3.2.4,MacIntel,60,"[""a""]",[1.6529998779296875],1,0,80,0,1,79,Onions,Bell peppers,Mushrooms,Jalapenos,American cheese,Steak,,,Bacon,Provolone cheese,Mushrooms,Parmesan cheese,,,,,6,6,4,1000,0,1000,0,1,999,,,,,,,,,,,,,,,
,,,,,,,,,,,,,49024,2020-03-02_16h58.36.473,SandwichStudy,3.2.4,MacIntel,60,"[""space""]",[0.21399998664855957],1,0,80,66,1,79,Bacon,Spinach,Tomatoes,Avocado,Mayonnaise,,,,Provolone cheese,Swiss cheese,Cheddar cheese,Parmesan cheese,Tomatoes,,,,5,5,5,1000,0,1000,0,1,999,,,,,,,,,,,,,,,
,,,,,,,,,,,,,49024,2020-03-02_16h58.36.473,SandwichStudy,3.2.4,MacIntel,60,"[""space""]",[0.03500008583068848],1,0,80,66,1,79,Bacon,Spinach,Tomatoes,Avocado,Mayonnaise,,,,Provolone cheese,Swiss cheese,Cheddar cheese,Parmesan cheese,Tomatoes,,,,5,5,5,1000,0,1000,0,1,999,,,,,,,,,,,,,,,
,,,,,,,,,,,,,49024,2020-03-02_16h58.36.473,SandwichStudy,3.2.4,MacIntel,60,"[""space""]",[0.3340001106262207],1,0,80,66,1,79,Bacon,Spinach,Tomatoes,Avocado,Mayonnaise,,,,Provolone cheese,Swiss cheese,Cheddar cheese,Parmesan cheese,Tomatoes,,,,5,5,5,1000,0,1000,0,1,999,,,,,,,,,,,,,,,
,,,,,,,,,,,,,49024,2020-03-02_16h58.36.473,SandwichStudy,3.2.4,MacIntel,60,"[""a""]",[0.5469999313354492],1,0,80,66,1,79,Bacon,Spinach,Tomatoes,Avocado,Mayonnaise,,,,Provolone cheese,Swiss cheese,Cheddar cheese,Parmesan cheese,Tomatoes,,,,5,5,5,1000,0,1000,0,1,999,,,,,,,,,,,,,,,
,,,,,,,,,,,,,49024,2020-03-02_16h58.36.473,SandwichStudy,3.2.4,MacIntel,60,,,,,,,,,,,,,,,,,,,,,,,,,,,,,,,,,,space,10.69000006,4,3.177000046,space,4.462999821,1,0,10,4,1,9,Chicken,,
,,,,,,,,,,,,,49024,2020-03-02_16h58.36.473,SandwichStudy,3.2.4,MacIntel,60,,,,,,,,,,,,,,,,,,,,,,,,,,,,,,,,,,,,4,1.91899991,space,2.162999868,1,0,10,5,1,9,Cheddar cheese,,
,,,,,,,,,,,,,49024,2020-03-02_16h58.36.473,SandwichStudy,3.2.4,MacIntel,60,,,,,,,,,,,,,,,,,,,,,,,,,,,,,,,,,,,,4,2.103000164,space,2.767999887,1,0,10,2,1,9,Turkey,,
,,,,,,,,,,,,,49024,2020-03-02_16h58.36.473,SandwichStudy,3.2.4,MacIntel,60,,,,,,,,,,,,,,,,,,,,,,,,,,,,,,,,,,,,4,1.069000006,space,1.338000059,1,0,10,3,1,9,Bacon,,
,,,,,,,,,,,,,49024,2020-03-02_16h58.36.473,SandwichStudy,3.2.4,MacIntel,60,,,,,,,,,,,,,,,,,,,,,,,,,,,,,,,,,,,,5,1.361999989,space,1.657000065,1,0,10,7,1,9,Lettuce,,
,,,,,,,,,,,,,49024,2020-03-02_16h58.36.473,SandwichStudy,3.2.4,MacIntel,60,,,,,,,,,,,,,,,,,,,,,,,,,,,,,,,,,,,,2,2.572000027,space,2.900999784,1,0,10,0,1,9,Tomatoes,,
,,,,,,,,,,,,,49024,2020-03-02_16h58.36.473,SandwichStudy,3.2.4,MacIntel,60,,,,,,,,,,,,,,,,,,,,,,,,,,,,,,,,,,,,4,1.496000051,space,1.676999807,1,0,10,8,1,9,Provolone cheese,,
,,,,,,,,,,,,,49024,2020-03-02_16h58.36.473,SandwichStudy,3.2.4,MacIntel,60,,,,,,,,,,,,,,,,,,,,,,,,,,,,,,,,,,,,4,1.013000011,space,1.332000017,1,0,10,1,1,9,Mayonnaise,,
,,,,,,,,,,,,,49024,2020-03-02_16h58.36.473,SandwichStudy,3.2.4,MacIntel,60,,,,,,,,,,,,,,,,,,,,,,,,,,,,,,,,,,,,4,0.937000036,space,1.828999996,1,0,10,9,1,9,Spinach,,
,,,,,,,,,,,,,49024,2020-03-02_16h58.36.473,SandwichStudy,3.2.4,MacIntel,60,,,,,,,,,,,,,,,,,,,,,,,,,,,,,,,,,,,,4,0.67200017,space,0.921000004,1,0,10,6,1,9,Swiss cheese,,
,,,,,,,,,,,,,49024,2020-03-02_16h58.36.473,SandwichStudy,3.2.4,MacIntel,60,,,,,,,,,,,,,,,,,,,,,,,,,,,,,,,,,,,,,,,,,,,,,,,return,6.835000038
