sequence,key_resp_4.keys,key_resp_4.rt,VegResp.keys,VegResp.rt,ConfirmResp.keys,ConfirmResp.rt,VegQuestionLoop.thisRepN,VegQuestionLoop.thisTrialN,VegQuestionLoop.thisN,VegQuestionLoop.thisIndex,VegQuestionLoop.ran,VegQuestionLoop.order,participant,date,expName,psychopyVersion,OS,frameRate,Decision.keys,Decision.rt,trials.thisRepN,trials.thisTrialN,trials.thisN,trials.thisIndex,trials.ran,trials.order,s11,s12,s13,s14,s15,s16,s17,s18,s21,s22,s23,s24,s25,s26,s27,s28,IngsInRow,IngIn1,IngIn2,Iter.thisRepN,Iter.thisTrialN,Iter.thisN,Iter.thisIndex,Iter.ran,Iter.order,key_resp_2.keys,key_resp_2.rt,slider.response,slider.rt,key_resp_3.keys,key_resp_3.rt,RatingLoop.thisRepN,RatingLoop.thisTrialN,RatingLoop.thisN,RatingLoop.thisIndex,RatingLoop.ran,RatingLoop.order,ingredientforslider,key_resp.keys,key_resp.rt
"[1,1,0,1,0,1,1,1,1,0,0,1,1,0,1,0,0,0,1,0,1,0,0,0,0,0,0,1,0,1,0,0,0,0,1,1,0,0,0,0,1,0,1,0,1,0,1,1,1,0,1,1,0,0,1,1,1,0,1,0,0,0,0,0,1,1,1,1,1,0,1,1,0,1,1,0,1,0,0,1]",space,104.2679999,n,30.18600011,p,4.904999971,100,0,100,0,1,99,50110,2020-03-05_16h20.53.648,SandwichStudy,3.2.4,MacIntel,60,,,,,,,,,,,,,,,,,,,,,,,,,,,,,,,,,,,,,,,,,,,,,,,,
,,,,,,,,,,,,,50110,2020-03-05_16h20.53.648,SandwichStudy,3.2.4,MacIntel,60,"[""space""]",[13.651999950408936],1,0,80,0,1,79,Onions,Bell peppers,Mushrooms,Jalapenos,American cheese,Steak,,,Bacon,Provolone cheese,Mushrooms,Parmesan cheese,,,,,6,6,4,1000,0,1000,0,1,999,,,,,,,,,,,,,,,
,,,,,,,,,,,,,50110,2020-03-05_16h20.53.648,SandwichStudy,3.2.4,MacIntel,60,"[""space""]",[0.75],1,0,80,0,1,79,Onions,Bell peppers,Mushrooms,Jalapenos,American cheese,Steak,,,Bacon,Provolone cheese,Mushrooms,Parmesan cheese,,,,,6,6,4,1000,0,1000,0,1,999,,,,,,,,,,,,,,,
,,,,,,,,,,,,,50110,2020-03-05_16h20.53.648,SandwichStudy,3.2.4,MacIntel,60,"[""space""]",[17.925999879837036],1,0,80,0,1,79,Onions,Bell peppers,Mushrooms,Jalapenos,American cheese,Steak,,,Bacon,Provolone cheese,Mushrooms,Parmesan cheese,,,,,6,6,4,1000,0,1000,0,1,999,,,,,,,,,,,,,,,
,,,,,,,,,,,,,50110,2020-03-05_16h20.53.648,SandwichStudy,3.2.4,MacIntel,60,"[""a""]",[5.24399995803833],1,0,80,0,1,79,Onions,Bell peppers,Mushrooms,Jalapenos,American cheese,Steak,,,Bacon,Provolone cheese,Mushrooms,Parmesan cheese,,,,,6,6,4,1000,0,1000,0,1,999,,,,,,,,,,,,,,,
,,,,,,,,,,,,,50110,2020-03-05_16h20.53.648,SandwichStudy,3.2.4,MacIntel,60,"[""space""]",[1.687999963760376],1,0,80,68,1,79,Tomatoes,Mozzarella cheese,Spinach,Pesto,,,,,Steak,Bacon,American cheese,Tomatoes,Onions,Pickles,,,6,4,6,1000,0,1000,0,1,999,,,,,,,,,,,,,,,
,,,,,,,,,,,,,50110,2020-03-05_16h20.53.648,SandwichStudy,3.2.4,MacIntel,60,"[""space""]",[3.5369999408721924],1,0,80,68,1,79,Tomatoes,Mozzarella cheese,Spinach,Pesto,,,,,Steak,Bacon,American cheese,Tomatoes,Onions,Pickles,,,6,4,6,1000,0,1000,0,1,999,,,,,,,,,,,,,,,
,,,,,,,,,,,,,50110,2020-03-05_16h20.53.648,SandwichStudy,3.2.4,MacIntel,60,"[""space""]",[2.2669999599456787],1,0,80,68,1,79,Tomatoes,Mozzarella cheese,Spinach,Pesto,,,,,Steak,Bacon,American cheese,Tomatoes,Onions,Pickles,,,6,4,6,1000,0,1000,0,1,999,,,,,,,,,,,,,,,
,,,,,,,,,,,,,50110,2020-03-05_16h20.53.648,SandwichStudy,3.2.4,MacIntel,60,"[""space""]",[2.2229998111724854],1,0,80,68,1,79,Tomatoes,Mozzarella cheese,Spinach,Pesto,,,,,Steak,Bacon,American cheese,Tomatoes,Onions,Pickles,,,6,4,6,1000,0,1000,0,1,999,,,,,,,,,,,,,,,
,,,,,,,,,,,,,50110,2020-03-05_16h20.53.648,SandwichStudy,3.2.4,MacIntel,60,"[""space""]",[0.8380000591278076],1,0,80,68,1,79,Tomatoes,Mozzarella cheese,Spinach,Pesto,,,,,Steak,Bacon,American cheese,Tomatoes,Onions,Pickles,,,6,4,6,1000,0,1000,0,1,999,,,,,,,,,,,,,,,
,,,,,,,,,,,,,50110,2020-03-05_16h20.53.648,SandwichStudy,3.2.4,MacIntel,60,"[""l""]",[5.6579999923706055],1,0,80,68,1,79,Tomatoes,Mozzarella cheese,Spinach,Pesto,,,,,Steak,Bacon,American cheese,Tomatoes,Onions,Pickles,,,6,4,6,1000,0,1000,0,1,999,,,,,,,,,,,,,,,
,,,,,,,,,,,,,50110,2020-03-05_16h20.53.648,SandwichStudy,3.2.4,MacIntel,60,"[""space""]",[1.0190000534057617],1,0,80,9,1,79,Bacon,Turkey,Pepper jack cheese,Mustard,,,,,Bacon,Spinach,Tomatoes,Avocado,Mayonnaise,,,,5,4,5,1000,0,1000,0,1,999,,,,,,,,,,,,,,,
,,,,,,,,,,,,,50110,2020-03-05_16h20.53.648,SandwichStudy,3.2.4,MacIntel,60,"[""space""]",[6.507000207901001],1,0,80,9,1,79,Bacon,Turkey,Pepper jack cheese,Mustard,,,,,Bacon,Spinach,Tomatoes,Avocado,Mayonnaise,,,,5,4,5,1000,0,1000,0,1,999,,,,,,,,,,,,,,,
,,,,,,,,,,,,,50110,2020-03-05_16h20.53.648,SandwichStudy,3.2.4,MacIntel,60,"[""a""]",[3.0850000381469727],1,0,80,9,1,79,Bacon,Turkey,Pepper jack cheese,Mustard,,,,,Bacon,Spinach,Tomatoes,Avocado,Mayonnaise,,,,5,4,5,1000,0,1000,0,1,999,,,,,,,,,,,,,,,
,,,,,,,,,,,,,50110,2020-03-05_16h20.53.648,SandwichStudy,3.2.4,MacIntel,60,"[""space""]",[7.152000188827515],1,0,80,58,1,79,Chicken,Mayonnaise,Cheddar cheese,,,,,,Steak,Onions,Bell peppers,Provolone cheese,,,,,4,3,4,1000,0,1000,0,1,999,,,,,,,,,,,,,,,
,,,,,,,,,,,,,50110,2020-03-05_16h20.53.648,SandwichStudy,3.2.4,MacIntel,60,"[""space""]",[1.871999979019165],1,0,80,58,1,79,Chicken,Mayonnaise,Cheddar cheese,,,,,,Steak,Onions,Bell peppers,Provolone cheese,,,,,4,3,4,1000,0,1000,0,1,999,,,,,,,,,,,,,,,
,,,,,,,,,,,,,50110,2020-03-05_16h20.53.648,SandwichStudy,3.2.4,MacIntel,60,"[""space""]",[2.615999937057495],1,0,80,58,1,79,Chicken,Mayonnaise,Cheddar cheese,,,,,,Steak,Onions,Bell peppers,Provolone cheese,,,,,4,3,4,1000,0,1000,0,1,999,,,,,,,,,,,,,,,
,,,,,,,,,,,,,50110,2020-03-05_16h20.53.648,SandwichStudy,3.2.4,MacIntel,60,"[""l""]",[4.692000150680542],1,0,80,58,1,79,Chicken,Mayonnaise,Cheddar cheese,,,,,,Steak,Onions,Bell peppers,Provolone cheese,,,,,4,3,4,1000,0,1000,0,1,999,,,,,,,,,,,,,,,
,,,,,,,,,,,,,50110,2020-03-05_16h20.53.648,SandwichStudy,3.2.4,MacIntel,60,"[""space""]",[2.5439999103546143],1,0,80,36,1,79,Chicken,Bell peppers,Bacon,Provolone cheese,Ranch dressing,Lettuce,Tomatoes,,Pastrami,Cheddar cheese,Mustard,Pickles,,,,,7,7,4,1000,0,1000,0,1,999,,,,,,,,,,,,,,,
,,,,,,,,,,,,,50110,2020-03-05_16h20.53.648,SandwichStudy,3.2.4,MacIntel,60,"[""space""]",[1.437000036239624],1,0,80,36,1,79,Chicken,Bell peppers,Bacon,Provolone cheese,Ranch dressing,Lettuce,Tomatoes,,Pastrami,Cheddar cheese,Mustard,Pickles,,,,,7,7,4,1000,0,1000,0,1,999,,,,,,,,,,,,,,,
,,,,,,,,,,,,,50110,2020-03-05_16h20.53.648,SandwichStudy,3.2.4,MacIntel,60,"[""a""]",[3.9860000610351562],1,0,80,36,1,79,Chicken,Bell peppers,Bacon,Provolone cheese,Ranch dressing,Lettuce,Tomatoes,,Pastrami,Cheddar cheese,Mustard,Pickles,,,,,7,7,4,1000,0,1000,0,1,999,,,,,,,,,,,,,,,
,,,,,,,,,,,,,50110,2020-03-05_16h20.53.648,SandwichStudy,3.2.4,MacIntel,60,"[""space""]",[2.434999942779541],1,0,80,62,1,79,Cheddar cheese,Provolone cheese,Swiss cheese,Mushrooms,Mayonnaise,Lettuce,Tomatoes,,Bacon,Turkey,Pepper jack cheese,Mustard,,,,,7,7,4,1000,0,1000,0,1,999,,,,,,,,,,,,,,,
,,,,,,,,,,,,,50110,2020-03-05_16h20.53.648,SandwichStudy,3.2.4,MacIntel,60,"[""space""]",[2.1579999923706055],1,0,80,62,1,79,Cheddar cheese,Provolone cheese,Swiss cheese,Mushrooms,Mayonnaise,Lettuce,Tomatoes,,Bacon,Turkey,Pepper jack cheese,Mustard,,,,,7,7,4,1000,0,1000,0,1,999,,,,,,,,,,,,,,,
,,,,,,,,,,,,,50110,2020-03-05_16h20.53.648,SandwichStudy,3.2.4,MacIntel,60,"[""a""]",[2.3440001010894775],1,0,80,62,1,79,Cheddar cheese,Provolone cheese,Swiss cheese,Mushrooms,Mayonnaise,Lettuce,Tomatoes,,Bacon,Turkey,Pepper jack cheese,Mustard,,,,,7,7,4,1000,0,1000,0,1,999,,,,,,,,,,,,,,,
,,,,,,,,,,,,,50110,2020-03-05_16h20.53.648,SandwichStudy,3.2.4,MacIntel,60,"[""space""]",[0.009999990463256836],1,0,80,38,1,79,Steak,Turkey,Ham,Cheddar cheese,Olives,Lettuce,Tomatoes,Onions,Chicken,Swiss cheese,Lettuce,Tomatoes,Onions,,,,8,8,5,1000,0,1000,0,1,999,,,,,,,,,,,,,,,
,,,,,,,,,,,,,50110,2020-03-05_16h20.53.648,SandwichStudy,3.2.4,MacIntel,60,"[""space""]",[3.7179999351501465],1,0,80,38,1,79,Steak,Turkey,Ham,Cheddar cheese,Olives,Lettuce,Tomatoes,Onions,Chicken,Swiss cheese,Lettuce,Tomatoes,Onions,,,,8,8,5,1000,0,1000,0,1,999,,,,,,,,,,,,,,,
,,,,,,,,,,,,,50110,2020-03-05_16h20.53.648,SandwichStudy,3.2.4,MacIntel,60,"[""space""]",[1.439000129699707],1,0,80,38,1,79,Steak,Turkey,Ham,Cheddar cheese,Olives,Lettuce,Tomatoes,Onions,Chicken,Swiss cheese,Lettuce,Tomatoes,Onions,,,,8,8,5,1000,0,1000,0,1,999,,,,,,,,,,,,,,,
,,,,,,,,,,,,,50110,2020-03-05_16h20.53.648,SandwichStudy,3.2.4,MacIntel,60,"[""space""]",[7.070000171661377],1,0,80,38,1,79,Steak,Turkey,Ham,Cheddar cheese,Olives,Lettuce,Tomatoes,Onions,Chicken,Swiss cheese,Lettuce,Tomatoes,Onions,,,,8,8,5,1000,0,1000,0,1,999,,,,,,,,,,,,,,,
,,,,,,,,,,,,,50110,2020-03-05_16h20.53.648,SandwichStudy,3.2.4,MacIntel,60,"[""a""]",[0.9030001163482666],1,0,80,38,1,79,Steak,Turkey,Ham,Cheddar cheese,Olives,Lettuce,Tomatoes,Onions,Chicken,Swiss cheese,Lettuce,Tomatoes,Onions,,,,8,8,5,1000,0,1000,0,1,999,,,,,,,,,,,,,,,
,,,,,,,,,,,,,50110,2020-03-05_16h20.53.648,SandwichStudy,3.2.4,MacIntel,60,"[""space""]",[0.2669999599456787],1,0,80,40,1,79,Pork,Ham,Swiss cheese,Pickles,Mustard,,,,Steak,Turkey,Ham,Cheddar cheese,Olives,Lettuce,Tomatoes,Onions,8,5,8,1000,0,1000,0,1,999,,,,,,,,,,,,,,,
,,,,,,,,,,,,,50110,2020-03-05_16h20.53.648,SandwichStudy,3.2.4,MacIntel,60,"[""space""]",[0.8550000190734863],1,0,80,40,1,79,Pork,Ham,Swiss cheese,Pickles,Mustard,,,,Steak,Turkey,Ham,Cheddar cheese,Olives,Lettuce,Tomatoes,Onions,8,5,8,1000,0,1000,0,1,999,,,,,,,,,,,,,,,
,,,,,,,,,,,,,50110,2020-03-05_16h20.53.648,SandwichStudy,3.2.4,MacIntel,60,"[""space""]",[1.2039999961853027],1,0,80,40,1,79,Pork,Ham,Swiss cheese,Pickles,Mustard,,,,Steak,Turkey,Ham,Cheddar cheese,Olives,Lettuce,Tomatoes,Onions,8,5,8,1000,0,1000,0,1,999,,,,,,,,,,,,,,,
,,,,,,,,,,,,,50110,2020-03-05_16h20.53.648,SandwichStudy,3.2.4,MacIntel,60,"[""space""]",[1.752000093460083],1,0,80,40,1,79,Pork,Ham,Swiss cheese,Pickles,Mustard,,,,Steak,Turkey,Ham,Cheddar cheese,Olives,Lettuce,Tomatoes,Onions,8,5,8,1000,0,1000,0,1,999,,,,,,,,,,,,,,,
,,,,,,,,,,,,,50110,2020-03-05_16h20.53.648,SandwichStudy,3.2.4,MacIntel,60,"[""space""]",[2.2709999084472656],1,0,80,40,1,79,Pork,Ham,Swiss cheese,Pickles,Mustard,,,,Steak,Turkey,Ham,Cheddar cheese,Olives,Lettuce,Tomatoes,Onions,8,5,8,1000,0,1000,0,1,999,,,,,,,,,,,,,,,
,,,,,,,,,,,,,50110,2020-03-05_16h20.53.648,SandwichStudy,3.2.4,MacIntel,60,"[""a""]",[1.2599999904632568],1,0,80,40,1,79,Pork,Ham,Swiss cheese,Pickles,Mustard,,,,Steak,Turkey,Ham,Cheddar cheese,Olives,Lettuce,Tomatoes,Onions,8,5,8,1000,0,1000,0,1,999,,,,,,,,,,,,,,,
,,,,,,,,,,,,,50110,2020-03-05_16h20.53.648,SandwichStudy,3.2.4,MacIntel,60,"[""space""]",[0.6710000038146973],1,0,80,32,1,79,Turkey,Ham,Bacon,Provolone cheese,Lettuce,Tomatoes,Ranch dressing,,Chicken,Cheddar cheese,Bacon,Avocado,Ranch dressing,,,,7,7,5,1000,0,1000,0,1,999,,,,,,,,,,,,,,,
,,,,,,,,,,,,,50110,2020-03-05_16h20.53.648,SandwichStudy,3.2.4,MacIntel,60,"[""space""]",[0.017000198364257812],1,0,80,32,1,79,Turkey,Ham,Bacon,Provolone cheese,Lettuce,Tomatoes,Ranch dressing,,Chicken,Cheddar cheese,Bacon,Avocado,Ranch dressing,,,,7,7,5,1000,0,1000,0,1,999,,,,,,,,,,,,,,,
,,,,,,,,,,,,,50110,2020-03-05_16h20.53.648,SandwichStudy,3.2.4,MacIntel,60,"[""space""]",[11.339999914169312],1,0,80,32,1,79,Turkey,Ham,Bacon,Provolone cheese,Lettuce,Tomatoes,Ranch dressing,,Chicken,Cheddar cheese,Bacon,Avocado,Ranch dressing,,,,7,7,5,1000,0,1000,0,1,999,,,,,,,,,,,,,,,
,,,,,,,,,,,,,50110,2020-03-05_16h20.53.648,SandwichStudy,3.2.4,MacIntel,60,"[""a""]",[1.3450000286102295],1,0,80,32,1,79,Turkey,Ham,Bacon,Provolone cheese,Lettuce,Tomatoes,Ranch dressing,,Chicken,Cheddar cheese,Bacon,Avocado,Ranch dressing,,,,7,7,5,1000,0,1000,0,1,999,,,,,,,,,,,,,,,
,,,,,,,,,,,,,50110,2020-03-05_16h20.53.648,SandwichStudy,3.2.4,MacIntel,60,"[""space""]",[0.18400001525878906],1,0,80,21,1,79,Chicken,Ham,Cheddar cheese,Mayonnaise,,,,,Turkey,Bacon,Avocado,Provolone cheese,Lettuce,Tomatoes,Onions,Ranch dressing,8,4,8,1000,0,1000,0,1,999,,,,,,,,,,,,,,,
,,,,,,,,,,,,,50110,2020-03-05_16h20.53.648,SandwichStudy,3.2.4,MacIntel,60,"[""space""]",[0.20199990272521973],1,0,80,21,1,79,Chicken,Ham,Cheddar cheese,Mayonnaise,,,,,Turkey,Bacon,Avocado,Provolone cheese,Lettuce,Tomatoes,Onions,Ranch dressing,8,4,8,1000,0,1000,0,1,999,,,,,,,,,,,,,,,
,,,,,,,,,,,,,50110,2020-03-05_16h20.53.648,SandwichStudy,3.2.4,MacIntel,60,"[""l""]",[1.437000036239624],1,0,80,21,1,79,Chicken,Ham,Cheddar cheese,Mayonnaise,,,,,Turkey,Bacon,Avocado,Provolone cheese,Lettuce,Tomatoes,Onions,Ranch dressing,8,4,8,1000,0,1000,0,1,999,,,,,,,,,,,,,,,
,,,,,,,,,,,,,50110,2020-03-05_16h20.53.648,SandwichStudy,3.2.4,MacIntel,60,"[""space""]",[0.1099998950958252],1,0,80,10,1,79,Turkey,Cheddar cheese,Coleslaw,Spinach,Mustard,,,,Salami,Provolone cheese,Lettuce,Tomatoes,Mayonnaise,Mustard,,,6,5,6,1000,0,1000,0,1,999,,,,,,,,,,,,,,,
,,,,,,,,,,,,,50110,2020-03-05_16h20.53.648,SandwichStudy,3.2.4,MacIntel,60,"[""space""]",[10.460000038146973],1,0,80,10,1,79,Turkey,Cheddar cheese,Coleslaw,Spinach,Mustard,,,,Salami,Provolone cheese,Lettuce,Tomatoes,Mayonnaise,Mustard,,,6,5,6,1000,0,1000,0,1,999,,,,,,,,,,,,,,,
,,,,,,,,,,,,,50110,2020-03-05_16h20.53.648,SandwichStudy,3.2.4,MacIntel,60,"[""space""]",[5.049999952316284],1,0,80,10,1,79,Turkey,Cheddar cheese,Coleslaw,Spinach,Mustard,,,,Salami,Provolone cheese,Lettuce,Tomatoes,Mayonnaise,Mustard,,,6,5,6,1000,0,1000,0,1,999,,,,,,,,,,,,,,,
,,,,,,,,,,,,,50110,2020-03-05_16h20.53.648,SandwichStudy,3.2.4,MacIntel,60,"[""space""]",[0.8059999942779541],1,0,80,10,1,79,Turkey,Cheddar cheese,Coleslaw,Spinach,Mustard,,,,Salami,Provolone cheese,Lettuce,Tomatoes,Mayonnaise,Mustard,,,6,5,6,1000,0,1000,0,1,999,,,,,,,,,,,,,,,
,,,,,,,,,,,,,50110,2020-03-05_16h20.53.648,SandwichStudy,3.2.4,MacIntel,60,"[""space""]",[0.6349999904632568],1,0,80,10,1,79,Turkey,Cheddar cheese,Coleslaw,Spinach,Mustard,,,,Salami,Provolone cheese,Lettuce,Tomatoes,Mayonnaise,Mustard,,,6,5,6,1000,0,1000,0,1,999,,,,,,,,,,,,,,,
,,,,,,,,,,,,,50110,2020-03-05_16h20.53.648,SandwichStudy,3.2.4,MacIntel,60,"[""l""]",[1.1510000228881836],1,0,80,10,1,79,Turkey,Cheddar cheese,Coleslaw,Spinach,Mustard,,,,Salami,Provolone cheese,Lettuce,Tomatoes,Mayonnaise,Mustard,,,6,5,6,1000,0,1000,0,1,999,,,,,,,,,,,,,,,
,,,,,,,,,,,,,50110,2020-03-05_16h20.53.648,SandwichStudy,3.2.4,MacIntel,60,"[""space""]",[0.1119999885559082],1,0,80,71,1,79,Bacon,Ham,Turkey,Mayonnaise,Mustard,Cheddar cheese,Tomatoes,Spinach,Bacon,Lettuce,Tomatoes,Garlic aioli,Avocado,,,,8,8,5,1000,0,1000,0,1,999,,,,,,,,,,,,,,,
,,,,,,,,,,,,,50110,2020-03-05_16h20.53.648,SandwichStudy,3.2.4,MacIntel,60,"[""space""]",[0.1529998779296875],1,0,80,71,1,79,Bacon,Ham,Turkey,Mayonnaise,Mustard,Cheddar cheese,Tomatoes,Spinach,Bacon,Lettuce,Tomatoes,Garlic aioli,Avocado,,,,8,8,5,1000,0,1000,0,1,999,,,,,,,,,,,,,,,
,,,,,,,,,,,,,50110,2020-03-05_16h20.53.648,SandwichStudy,3.2.4,MacIntel,60,"[""space""]",[1.5859999656677246],1,0,80,71,1,79,Bacon,Ham,Turkey,Mayonnaise,Mustard,Cheddar cheese,Tomatoes,Spinach,Bacon,Lettuce,Tomatoes,Garlic aioli,Avocado,,,,8,8,5,1000,0,1000,0,1,999,,,,,,,,,,,,,,,
,,,,,,,,,,,,,50110,2020-03-05_16h20.53.648,SandwichStudy,3.2.4,MacIntel,60,"[""a""]",[2.052999973297119],1,0,80,71,1,79,Bacon,Ham,Turkey,Mayonnaise,Mustard,Cheddar cheese,Tomatoes,Spinach,Bacon,Lettuce,Tomatoes,Garlic aioli,Avocado,,,,8,8,5,1000,0,1000,0,1,999,,,,,,,,,,,,,,,
,,,,,,,,,,,,,50110,2020-03-05_16h20.53.648,SandwichStudy,3.2.4,MacIntel,60,"[""space""]",[0.4179999828338623],1,0,80,14,1,79,Steak,Bacon,American cheese,Tomatoes,Onions,Pickles,,,Bell peppers,Provolone cheese,Cucumbers,Spinach,Tomatoes,Onions,Hummus,,7,6,7,1000,0,1000,0,1,999,,,,,,,,,,,,,,,
,,,,,,,,,,,,,50110,2020-03-05_16h20.53.648,SandwichStudy,3.2.4,MacIntel,60,"[""space""]",[0.11699986457824707],1,0,80,14,1,79,Steak,Bacon,American cheese,Tomatoes,Onions,Pickles,,,Bell peppers,Provolone cheese,Cucumbers,Spinach,Tomatoes,Onions,Hummus,,7,6,7,1000,0,1000,0,1,999,,,,,,,,,,,,,,,
,,,,,,,,,,,,,50110,2020-03-05_16h20.53.648,SandwichStudy,3.2.4,MacIntel,60,"[""space""]",[0.994999885559082],1,0,80,14,1,79,Steak,Bacon,American cheese,Tomatoes,Onions,Pickles,,,Bell peppers,Provolone cheese,Cucumbers,Spinach,Tomatoes,Onions,Hummus,,7,6,7,1000,0,1000,0,1,999,,,,,,,,,,,,,,,
,,,,,,,,,,,,,50110,2020-03-05_16h20.53.648,SandwichStudy,3.2.4,MacIntel,60,"[""space""]",[2.0930001735687256],1,0,80,14,1,79,Steak,Bacon,American cheese,Tomatoes,Onions,Pickles,,,Bell peppers,Provolone cheese,Cucumbers,Spinach,Tomatoes,Onions,Hummus,,7,6,7,1000,0,1000,0,1,999,,,,,,,,,,,,,,,
,,,,,,,,,,,,,50110,2020-03-05_16h20.53.648,SandwichStudy,3.2.4,MacIntel,60,"[""space""]",[0.20099997520446777],1,0,80,14,1,79,Steak,Bacon,American cheese,Tomatoes,Onions,Pickles,,,Bell peppers,Provolone cheese,Cucumbers,Spinach,Tomatoes,Onions,Hummus,,7,6,7,1000,0,1000,0,1,999,,,,,,,,,,,,,,,
,,,,,,,,,,,,,50110,2020-03-05_16h20.53.648,SandwichStudy,3.2.4,MacIntel,60,"[""a""]",[0.5580000877380371],1,0,80,14,1,79,Steak,Bacon,American cheese,Tomatoes,Onions,Pickles,,,Bell peppers,Provolone cheese,Cucumbers,Spinach,Tomatoes,Onions,Hummus,,7,6,7,1000,0,1000,0,1,999,,,,,,,,,,,,,,,
,,,,,,,,,,,,,50110,2020-03-05_16h20.53.648,SandwichStudy,3.2.4,MacIntel,60,"[""space""]",[0.31999993324279785],1,0,80,67,1,79,Avocado,Onions,Cucumbers,,,,,,Meatballs,Provolone cheese,Marinara sauce,Parmesan cheese,,,,,4,3,4,1000,0,1000,0,1,999,,,,,,,,,,,,,,,
,,,,,,,,,,,,,50110,2020-03-05_16h20.53.648,SandwichStudy,3.2.4,MacIntel,60,"[""space""]",[1.4520001411437988],1,0,80,67,1,79,Avocado,Onions,Cucumbers,,,,,,Meatballs,Provolone cheese,Marinara sauce,Parmesan cheese,,,,,4,3,4,1000,0,1000,0,1,999,,,,,,,,,,,,,,,
,,,,,,,,,,,,,50110,2020-03-05_16h20.53.648,SandwichStudy,3.2.4,MacIntel,60,"[""space""]",[1.5890002250671387],1,0,80,67,1,79,Avocado,Onions,Cucumbers,,,,,,Meatballs,Provolone cheese,Marinara sauce,Parmesan cheese,,,,,4,3,4,1000,0,1000,0,1,999,,,,,,,,,,,,,,,
,,,,,,,,,,,,,50110,2020-03-05_16h20.53.648,SandwichStudy,3.2.4,MacIntel,60,"[""a""]",[1.5520000457763672],1,0,80,67,1,79,Avocado,Onions,Cucumbers,,,,,,Meatballs,Provolone cheese,Marinara sauce,Parmesan cheese,,,,,4,3,4,1000,0,1000,0,1,999,,,,,,,,,,,,,,,
,,,,,,,,,,,,,50110,2020-03-05_16h20.53.648,SandwichStudy,3.2.4,MacIntel,60,"[""space""]",[0.46000003814697266],1,0,80,22,1,79,Bacon,Lettuce,Tomatoes,Garlic aioli,Avocado,,,,Ham,Swiss cheese,Spinach,Mustard,,,,,5,5,4,1000,0,1000,0,1,999,,,,,,,,,,,,,,,
,,,,,,,,,,,,,50110,2020-03-05_16h20.53.648,SandwichStudy,3.2.4,MacIntel,60,"[""space""]",[0.6720001697540283],1,0,80,22,1,79,Bacon,Lettuce,Tomatoes,Garlic aioli,Avocado,,,,Ham,Swiss cheese,Spinach,Mustard,,,,,5,5,4,1000,0,1000,0,1,999,,,,,,,,,,,,,,,
,,,,,,,,,,,,,50110,2020-03-05_16h20.53.648,SandwichStudy,3.2.4,MacIntel,60,"[""space""]",[0.9679999351501465],1,0,80,22,1,79,Bacon,Lettuce,Tomatoes,Garlic aioli,Avocado,,,,Ham,Swiss cheese,Spinach,Mustard,,,,,5,5,4,1000,0,1000,0,1,999,,,,,,,,,,,,,,,
,,,,,,,,,,,,,50110,2020-03-05_16h20.53.648,SandwichStudy,3.2.4,MacIntel,60,"[""l""]",[0.8040001392364502],1,0,80,22,1,79,Bacon,Lettuce,Tomatoes,Garlic aioli,Avocado,,,,Ham,Swiss cheese,Spinach,Mustard,,,,,5,5,4,1000,0,1000,0,1,999,,,,,,,,,,,,,,,
,,,,,,,,,,,,,50110,2020-03-05_16h20.53.648,SandwichStudy,3.2.4,MacIntel,60,"[""space""]",[0.621999979019165],1,0,80,4,1,79,Provolone cheese,Swiss cheese,Cheddar cheese,Parmesan cheese,Tomatoes,,,,Chicken,Lettuce,Tomatoes,Mayonnaise,,,,,5,5,4,1000,0,1000,0,1,999,,,,,,,,,,,,,,,
,,,,,,,,,,,,,50110,2020-03-05_16h20.53.648,SandwichStudy,3.2.4,MacIntel,60,"[""space""]",[11.97000002861023],1,0,80,4,1,79,Provolone cheese,Swiss cheese,Cheddar cheese,Parmesan cheese,Tomatoes,,,,Chicken,Lettuce,Tomatoes,Mayonnaise,,,,,5,5,4,1000,0,1000,0,1,999,,,,,,,,,,,,,,,
,,,,,,,,,,,,,50110,2020-03-05_16h20.53.648,SandwichStudy,3.2.4,MacIntel,60,"[""space""]",[0.6840000152587891],1,0,80,4,1,79,Provolone cheese,Swiss cheese,Cheddar cheese,Parmesan cheese,Tomatoes,,,,Chicken,Lettuce,Tomatoes,Mayonnaise,,,,,5,5,4,1000,0,1000,0,1,999,,,,,,,,,,,,,,,
,,,,,,,,,,,,,50110,2020-03-05_16h20.53.648,SandwichStudy,3.2.4,MacIntel,60,"[""space""]",[0.6610000133514404],1,0,80,4,1,79,Provolone cheese,Swiss cheese,Cheddar cheese,Parmesan cheese,Tomatoes,,,,Chicken,Lettuce,Tomatoes,Mayonnaise,,,,,5,5,4,1000,0,1000,0,1,999,,,,,,,,,,,,,,,
,,,,,,,,,,,,,50110,2020-03-05_16h20.53.648,SandwichStudy,3.2.4,MacIntel,60,"[""l""]",[0.690000057220459],1,0,80,4,1,79,Provolone cheese,Swiss cheese,Cheddar cheese,Parmesan cheese,Tomatoes,,,,Chicken,Lettuce,Tomatoes,Mayonnaise,,,,,5,5,4,1000,0,1000,0,1,999,,,,,,,,,,,,,,,
,,,,,,,,,,,,,50110,2020-03-05_16h20.53.648,SandwichStudy,3.2.4,MacIntel,60,"[""space""]",[0.0989999771118164],1,0,80,73,1,79,Turkey,Avocado,Bacon,Garlic aioli,Tomatoes,Spinach,Onions,,Tuna,Lettuce,Tomatoes,Mayonnaise,,,,,7,7,4,1000,0,1000,0,1,999,,,,,,,,,,,,,,,
,,,,,,,,,,,,,50110,2020-03-05_16h20.53.648,SandwichStudy,3.2.4,MacIntel,60,"[""space""]",[1.184999942779541],1,0,80,73,1,79,Turkey,Avocado,Bacon,Garlic aioli,Tomatoes,Spinach,Onions,,Tuna,Lettuce,Tomatoes,Mayonnaise,,,,,7,7,4,1000,0,1000,0,1,999,,,,,,,,,,,,,,,
,,,,,,,,,,,,,50110,2020-03-05_16h20.53.648,SandwichStudy,3.2.4,MacIntel,60,"[""space""]",[0.5269999504089355],1,0,80,73,1,79,Turkey,Avocado,Bacon,Garlic aioli,Tomatoes,Spinach,Onions,,Tuna,Lettuce,Tomatoes,Mayonnaise,,,,,7,7,4,1000,0,1000,0,1,999,,,,,,,,,,,,,,,
,,,,,,,,,,,,,50110,2020-03-05_16h20.53.648,SandwichStudy,3.2.4,MacIntel,60,"[""space""]",[1.2260000705718994],1,0,80,73,1,79,Turkey,Avocado,Bacon,Garlic aioli,Tomatoes,Spinach,Onions,,Tuna,Lettuce,Tomatoes,Mayonnaise,,,,,7,7,4,1000,0,1000,0,1,999,,,,,,,,,,,,,,,
,,,,,,,,,,,,,50110,2020-03-05_16h20.53.648,SandwichStudy,3.2.4,MacIntel,60,"[""l""]",[5.786999940872192],1,0,80,73,1,79,Turkey,Avocado,Bacon,Garlic aioli,Tomatoes,Spinach,Onions,,Tuna,Lettuce,Tomatoes,Mayonnaise,,,,,7,7,4,1000,0,1000,0,1,999,,,,,,,,,,,,,,,
,,,,,,,,,,,,,50110,2020-03-05_16h20.53.648,SandwichStudy,3.2.4,MacIntel,60,"[""space""]",[0.36700010299682617],1,0,80,75,1,79,Ham,Swiss cheese,Mustard,,,,,,Ham,Swiss cheese,Mayonnaise,Mustard,Tomatoes,,,,5,3,5,1000,0,1000,0,1,999,,,,,,,,,,,,,,,
,,,,,,,,,,,,,50110,2020-03-05_16h20.53.648,SandwichStudy,3.2.4,MacIntel,60,"[""space""]",[0.570000171661377],1,0,80,75,1,79,Ham,Swiss cheese,Mustard,,,,,,Ham,Swiss cheese,Mayonnaise,Mustard,Tomatoes,,,,5,3,5,1000,0,1000,0,1,999,,,,,,,,,,,,,,,
,,,,,,,,,,,,,50110,2020-03-05_16h20.53.648,SandwichStudy,3.2.4,MacIntel,60,"[""space""]",[0.7419998645782471],1,0,80,75,1,79,Ham,Swiss cheese,Mustard,,,,,,Ham,Swiss cheese,Mayonnaise,Mustard,Tomatoes,,,,5,3,5,1000,0,1000,0,1,999,,,,,,,,,,,,,,,
,,,,,,,,,,,,,50110,2020-03-05_16h20.53.648,SandwichStudy,3.2.4,MacIntel,60,"[""space""]",[0.32200002670288086],1,0,80,75,1,79,Ham,Swiss cheese,Mustard,,,,,,Ham,Swiss cheese,Mayonnaise,Mustard,Tomatoes,,,,5,3,5,1000,0,1000,0,1,999,,,,,,,,,,,,,,,
,,,,,,,,,,,,,50110,2020-03-05_16h20.53.648,SandwichStudy,3.2.4,MacIntel,60,"[""space""]",[0.2369999885559082],1,0,80,75,1,79,Ham,Swiss cheese,Mustard,,,,,,Ham,Swiss cheese,Mayonnaise,Mustard,Tomatoes,,,,5,3,5,1000,0,1000,0,1,999,,,,,,,,,,,,,,,
,,,,,,,,,,,,,50110,2020-03-05_16h20.53.648,SandwichStudy,3.2.4,MacIntel,60,"[""l""]",[0.2569999694824219],1,0,80,75,1,79,Ham,Swiss cheese,Mustard,,,,,,Ham,Swiss cheese,Mayonnaise,Mustard,Tomatoes,,,,5,3,5,1000,0,1000,0,1,999,,,,,,,,,,,,,,,
,,,,,,,,,,,,,50110,2020-03-05_16h20.53.648,SandwichStudy,3.2.4,MacIntel,60,"[""space""]",[0.0840001106262207],1,0,80,50,1,79,Mozzarella cheese,Bell peppers,Pesto,Spinach,,,,,Chicken,Ham,Swiss cheese,Mayonnaise,,,,,4,4,4,1000,0,1000,0,1,999,,,,,,,,,,,,,,,
,,,,,,,,,,,,,50110,2020-03-05_16h20.53.648,SandwichStudy,3.2.4,MacIntel,60,"[""space""]",[1.0360000133514404],1,0,80,50,1,79,Mozzarella cheese,Bell peppers,Pesto,Spinach,,,,,Chicken,Ham,Swiss cheese,Mayonnaise,,,,,4,4,4,1000,0,1000,0,1,999,,,,,,,,,,,,,,,
,,,,,,,,,,,,,50110,2020-03-05_16h20.53.648,SandwichStudy,3.2.4,MacIntel,60,"[""space""]",[2.121000051498413],1,0,80,50,1,79,Mozzarella cheese,Bell peppers,Pesto,Spinach,,,,,Chicken,Ham,Swiss cheese,Mayonnaise,,,,,4,4,4,1000,0,1000,0,1,999,,,,,,,,,,,,,,,
,,,,,,,,,,,,,50110,2020-03-05_16h20.53.648,SandwichStudy,3.2.4,MacIntel,60,"[""space""]",[2.235999822616577],1,0,80,50,1,79,Mozzarella cheese,Bell peppers,Pesto,Spinach,,,,,Chicken,Ham,Swiss cheese,Mayonnaise,,,,,4,4,4,1000,0,1000,0,1,999,,,,,,,,,,,,,,,
,,,,,,,,,,,,,50110,2020-03-05_16h20.53.648,SandwichStudy,3.2.4,MacIntel,60,"[""l""]",[0.11799979209899902],1,0,80,50,1,79,Mozzarella cheese,Bell peppers,Pesto,Spinach,,,,,Chicken,Ham,Swiss cheese,Mayonnaise,,,,,4,4,4,1000,0,1000,0,1,999,,,,,,,,,,,,,,,
,,,,,,,,,,,,,50110,2020-03-05_16h20.53.648,SandwichStudy,3.2.4,MacIntel,60,"[""space""]",[0.437000036239624],1,0,80,2,1,79,Turkey,Provolone cheese,Spinach,Garlic aioli,,,,,Chicken,Pickles,Basil,Tomatoes,Cucumbers,,,,5,4,5,1000,0,1000,0,1,999,,,,,,,,,,,,,,,
,,,,,,,,,,,,,50110,2020-03-05_16h20.53.648,SandwichStudy,3.2.4,MacIntel,60,"[""space""]",[0.03500008583068848],1,0,80,2,1,79,Turkey,Provolone cheese,Spinach,Garlic aioli,,,,,Chicken,Pickles,Basil,Tomatoes,Cucumbers,,,,5,4,5,1000,0,1000,0,1,999,,,,,,,,,,,,,,,
,,,,,,,,,,,,,50110,2020-03-05_16h20.53.648,SandwichStudy,3.2.4,MacIntel,60,"[""a""]",[3.4679999351501465],1,0,80,2,1,79,Turkey,Provolone cheese,Spinach,Garlic aioli,,,,,Chicken,Pickles,Basil,Tomatoes,Cucumbers,,,,5,4,5,1000,0,1000,0,1,999,,,,,,,,,,,,,,,
,,,,,,,,,,,,,50110,2020-03-05_16h20.53.648,SandwichStudy,3.2.4,MacIntel,60,"[""space""]",[0.09799981117248535],1,0,80,74,1,79,Mushrooms,Swiss cheese,Provolone cheese,Cheddar cheese,Lettuce,Tomatoes,,,Roast beef,Pastrami,Swiss cheese,Mustard,,,,,6,6,4,1000,0,1000,0,1,999,,,,,,,,,,,,,,,
,,,,,,,,,,,,,50110,2020-03-05_16h20.53.648,SandwichStudy,3.2.4,MacIntel,60,"[""a""]",[5.735000133514404],1,0,80,74,1,79,Mushrooms,Swiss cheese,Provolone cheese,Cheddar cheese,Lettuce,Tomatoes,,,Roast beef,Pastrami,Swiss cheese,Mustard,,,,,6,6,4,1000,0,1000,0,1,999,,,,,,,,,,,,,,,
,,,,,,,,,,,,,50110,2020-03-05_16h20.53.648,SandwichStudy,3.2.4,MacIntel,60,"[""space""]",[0.018000125885009766],1,0,80,17,1,79,Salami,Roast beef,Turkey,Ham,Swiss cheese,Lettuce,Tomatoes,Mayonnaise,Chicken,Gouda cheese,Avocado,Basil,Bell peppers,Mayonnaise,,,8,8,6,1000,0,1000,0,1,999,,,,,,,,,,,,,,,
,,,,,,,,,,,,,50110,2020-03-05_16h20.53.648,SandwichStudy,3.2.4,MacIntel,60,"[""space""]",[4.6579999923706055],1,0,80,17,1,79,Salami,Roast beef,Turkey,Ham,Swiss cheese,Lettuce,Tomatoes,Mayonnaise,Chicken,Gouda cheese,Avocado,Basil,Bell peppers,Mayonnaise,,,8,8,6,1000,0,1000,0,1,999,,,,,,,,,,,,,,,
,,,,,,,,,,,,,50110,2020-03-05_16h20.53.648,SandwichStudy,3.2.4,MacIntel,60,"[""l""]",[1.9849998950958252],1,0,80,17,1,79,Salami,Roast beef,Turkey,Ham,Swiss cheese,Lettuce,Tomatoes,Mayonnaise,Chicken,Gouda cheese,Avocado,Basil,Bell peppers,Mayonnaise,,,8,8,6,1000,0,1000,0,1,999,,,,,,,,,,,,,,,
,,,,,,,,,,,,,50110,2020-03-05_16h20.53.648,SandwichStudy,3.2.4,MacIntel,60,"[""space""]",[0.42100000381469727],1,0,80,64,1,79,Tuna,Basil,Cheddar cheese,Garlic aioli,Pickles,Onions,Tomatoes,Spinach,Turkey,Ham,Bacon,Provolone cheese,Lettuce,Tomatoes,Ranch dressing,,8,8,7,1000,0,1000,0,1,999,,,,,,,,,,,,,,,
,,,,,,,,,,,,,50110,2020-03-05_16h20.53.648,SandwichStudy,3.2.4,MacIntel,60,"[""space""]",[0.5510001182556152],1,0,80,64,1,79,Tuna,Basil,Cheddar cheese,Garlic aioli,Pickles,Onions,Tomatoes,Spinach,Turkey,Ham,Bacon,Provolone cheese,Lettuce,Tomatoes,Ranch dressing,,8,8,7,1000,0,1000,0,1,999,,,,,,,,,,,,,,,
,,,,,,,,,,,,,50110,2020-03-05_16h20.53.648,SandwichStudy,3.2.4,MacIntel,60,"[""a""]",[2.55400013923645],1,0,80,64,1,79,Tuna,Basil,Cheddar cheese,Garlic aioli,Pickles,Onions,Tomatoes,Spinach,Turkey,Ham,Bacon,Provolone cheese,Lettuce,Tomatoes,Ranch dressing,,8,8,7,1000,0,1000,0,1,999,,,,,,,,,,,,,,,
,,,,,,,,,,,,,50110,2020-03-05_16h20.53.648,SandwichStudy,3.2.4,MacIntel,60,"[""space""]",[0.35000014305114746],1,0,80,60,1,79,Chicken,Swiss cheese,Lettuce,Tomatoes,Onions,,,,Chicken,Cheddar cheese,Lettuce,Garlic aioli,Swiss cheese,Tomatoes,,,6,5,6,1000,0,1000,0,1,999,,,,,,,,,,,,,,,
,,,,,,,,,,,,,50110,2020-03-05_16h20.53.648,SandwichStudy,3.2.4,MacIntel,60,"[""a""]",[1.760000228881836],1,0,80,60,1,79,Chicken,Swiss cheese,Lettuce,Tomatoes,Onions,,,,Chicken,Cheddar cheese,Lettuce,Garlic aioli,Swiss cheese,Tomatoes,,,6,5,6,1000,0,1000,0,1,999,,,,,,,,,,,,,,,
,,,,,,,,,,,,,50110,2020-03-05_16h20.53.648,SandwichStudy,3.2.4,MacIntel,60,"[""space""]",[0.4159998893737793],1,0,80,8,1,79,Chicken,Ham,Swiss cheese,Mayonnaise,,,,,Pepperoni,Meatballs,Marinara sauce,Provolone cheese,Mushrooms,,,,5,4,5,1000,0,1000,0,1,999,,,,,,,,,,,,,,,
,,,,,,,,,,,,,50110,2020-03-05_16h20.53.648,SandwichStudy,3.2.4,MacIntel,60,"[""space""]",[0.9449999332427979],1,0,80,8,1,79,Chicken,Ham,Swiss cheese,Mayonnaise,,,,,Pepperoni,Meatballs,Marinara sauce,Provolone cheese,Mushrooms,,,,5,4,5,1000,0,1000,0,1,999,,,,,,,,,,,,,,,
,,,,,,,,,,,,,50110,2020-03-05_16h20.53.648,SandwichStudy,3.2.4,MacIntel,60,"[""l""]",[1.8010001182556152],1,0,80,8,1,79,Chicken,Ham,Swiss cheese,Mayonnaise,,,,,Pepperoni,Meatballs,Marinara sauce,Provolone cheese,Mushrooms,,,,5,4,5,1000,0,1000,0,1,999,,,,,,,,,,,,,,,
,,,,,,,,,,,,,50110,2020-03-05_16h20.53.648,SandwichStudy,3.2.4,MacIntel,60,"[""space""]",[0.37000012397766113],1,0,80,34,1,79,Avocado,Onions,Cucumbers,,,,,,Tuna,Basil,Cheddar cheese,Garlic aioli,Pickles,Onions,Tomatoes,Spinach,8,3,8,1000,0,1000,0,1,999,,,,,,,,,,,,,,,
,,,,,,,,,,,,,50110,2020-03-05_16h20.53.648,SandwichStudy,3.2.4,MacIntel,60,"[""space""]",[3.434000015258789],1,0,80,34,1,79,Avocado,Onions,Cucumbers,,,,,,Tuna,Basil,Cheddar cheese,Garlic aioli,Pickles,Onions,Tomatoes,Spinach,8,3,8,1000,0,1000,0,1,999,,,,,,,,,,,,,,,
,,,,,,,,,,,,,50110,2020-03-05_16h20.53.648,SandwichStudy,3.2.4,MacIntel,60,"[""a""]",[1.0279998779296875],1,0,80,34,1,79,Avocado,Onions,Cucumbers,,,,,,Tuna,Basil,Cheddar cheese,Garlic aioli,Pickles,Onions,Tomatoes,Spinach,8,3,8,1000,0,1000,0,1,999,,,,,,,,,,,,,,,
,,,,,,,,,,,,,50110,2020-03-05_16h20.53.648,SandwichStudy,3.2.4,MacIntel,60,"[""space""]",[0.002000093460083008],1,0,80,56,1,79,Turkey,Salami,Cheddar cheese,Mayonnaise,,,,,Turkey,Bacon,Avocado,Provolone cheese,Lettuce,Tomatoes,Onions,Ranch dressing,8,4,8,1000,0,1000,0,1,999,,,,,,,,,,,,,,,
,,,,,,,,,,,,,50110,2020-03-05_16h20.53.648,SandwichStudy,3.2.4,MacIntel,60,"[""l""]",[1.2850000858306885],1,0,80,56,1,79,Turkey,Salami,Cheddar cheese,Mayonnaise,,,,,Turkey,Bacon,Avocado,Provolone cheese,Lettuce,Tomatoes,Onions,Ranch dressing,8,4,8,1000,0,1000,0,1,999,,,,,,,,,,,,,,,
,,,,,,,,,,,,,50110,2020-03-05_16h20.53.648,SandwichStudy,3.2.4,MacIntel,60,"[""space""]",[0.8029999732971191],1,0,80,18,1,79,Turkey,Bacon,Pepper jack cheese,Avocado,Ranch dressing,Spinach,Tomatoes,,Chicken,Bacon,Cheddar cheese,Swiss cheese,Spinach,Tomatoes,Mayonnaise,Mustard,8,7,8,1000,0,1000,0,1,999,,,,,,,,,,,,,,,
,,,,,,,,,,,,,50110,2020-03-05_16h20.53.648,SandwichStudy,3.2.4,MacIntel,60,"[""space""]",[2.574000120162964],1,0,80,18,1,79,Turkey,Bacon,Pepper jack cheese,Avocado,Ranch dressing,Spinach,Tomatoes,,Chicken,Bacon,Cheddar cheese,Swiss cheese,Spinach,Tomatoes,Mayonnaise,Mustard,8,7,8,1000,0,1000,0,1,999,,,,,,,,,,,,,,,
,,,,,,,,,,,,,50110,2020-03-05_16h20.53.648,SandwichStudy,3.2.4,MacIntel,60,"[""l""]",[0.752000093460083],1,0,80,18,1,79,Turkey,Bacon,Pepper jack cheese,Avocado,Ranch dressing,Spinach,Tomatoes,,Chicken,Bacon,Cheddar cheese,Swiss cheese,Spinach,Tomatoes,Mayonnaise,Mustard,8,7,8,1000,0,1000,0,1,999,,,,,,,,,,,,,,,
,,,,,,,,,,,,,50110,2020-03-05_16h20.53.648,SandwichStudy,3.2.4,MacIntel,60,"[""space""]",[0.504000186920166],1,0,80,23,1,79,Meatballs,Provolone cheese,Marinara sauce,Parmesan cheese,,,,,Turkey,Cheddar cheese,Bacon,,,,,,4,4,3,1000,0,1000,0,1,999,,,,,,,,,,,,,,,
,,,,,,,,,,,,,50110,2020-03-05_16h20.53.648,SandwichStudy,3.2.4,MacIntel,60,"[""a""]",[3.4690001010894775],1,0,80,23,1,79,Meatballs,Provolone cheese,Marinara sauce,Parmesan cheese,,,,,Turkey,Cheddar cheese,Bacon,,,,,,4,4,3,1000,0,1000,0,1,999,,,,,,,,,,,,,,,
,,,,,,,,,,,,,50110,2020-03-05_16h20.53.648,SandwichStudy,3.2.4,MacIntel,60,"[""space""]",[1.0509998798370361],1,0,80,49,1,79,Spinach,Tomatoes,Cucumbers,Onions,Bell peppers,Avocado,Mayonnaise,,Turkey,Provolone cheese,Spinach,Garlic aioli,,,,,7,7,4,1000,0,1000,0,1,999,,,,,,,,,,,,,,,
,,,,,,,,,,,,,50110,2020-03-05_16h20.53.648,SandwichStudy,3.2.4,MacIntel,60,"[""a""]",[1.8420000076293945],1,0,80,49,1,79,Spinach,Tomatoes,Cucumbers,Onions,Bell peppers,Avocado,Mayonnaise,,Turkey,Provolone cheese,Spinach,Garlic aioli,,,,,7,7,4,1000,0,1000,0,1,999,,,,,,,,,,,,,,,
,,,,,,,,,,,,,50110,2020-03-05_16h20.53.648,SandwichStudy,3.2.4,MacIntel,60,"[""space""]",[0.10199999809265137],1,0,80,72,1,79,Chicken,Mozzarella cheese,Tomatoes,Onions,Basil,Mayonnaise,,,Chicken,American cheese,Coleslaw,Tomatoes,Pickles,Mayonnaise,,,6,6,6,1000,0,1000,0,1,999,,,,,,,,,,,,,,,
,,,,,,,,,,,,,50110,2020-03-05_16h20.53.648,SandwichStudy,3.2.4,MacIntel,60,"[""a""]",[3.552999973297119],1,0,80,72,1,79,Chicken,Mozzarella cheese,Tomatoes,Onions,Basil,Mayonnaise,,,Chicken,American cheese,Coleslaw,Tomatoes,Pickles,Mayonnaise,,,6,6,6,1000,0,1000,0,1,999,,,,,,,,,,,,,,,
,,,,,,,,,,,,,50110,2020-03-05_16h20.53.648,SandwichStudy,3.2.4,MacIntel,60,"[""space""]",[0.5439999103546143],1,0,80,77,1,79,Chicken,Lettuce,Tomatoes,Mayonnaise,,,,,Pepperoni,Meatballs,Marinara sauce,Provolone cheese,Mushrooms,,,,5,4,5,1000,0,1000,0,1,999,,,,,,,,,,,,,,,
,,,,,,,,,,,,,50110,2020-03-05_16h20.53.648,SandwichStudy,3.2.4,MacIntel,60,"[""a""]",[3.1030001640319824],1,0,80,77,1,79,Chicken,Lettuce,Tomatoes,Mayonnaise,,,,,Pepperoni,Meatballs,Marinara sauce,Provolone cheese,Mushrooms,,,,5,4,5,1000,0,1000,0,1,999,,,,,,,,,,,,,,,
,,,,,,,,,,,,,50110,2020-03-05_16h20.53.648,SandwichStudy,3.2.4,MacIntel,60,"[""space""]",[0.9260001182556152],1,0,80,30,1,79,Turkey,Ham,Roast beef,Provolone cheese,Spinach,Tomatoes,Mayonnaise,Mustard,Ham,Swiss cheese,Mayonnaise,Mustard,Tomatoes,,,,8,8,5,1000,0,1000,0,1,999,,,,,,,,,,,,,,,
,,,,,,,,,,,,,50110,2020-03-05_16h20.53.648,SandwichStudy,3.2.4,MacIntel,60,"[""l""]",[5.184999942779541],1,0,80,30,1,79,Turkey,Ham,Roast beef,Provolone cheese,Spinach,Tomatoes,Mayonnaise,Mustard,Ham,Swiss cheese,Mayonnaise,Mustard,Tomatoes,,,,8,8,5,1000,0,1000,0,1,999,,,,,,,,,,,,,,,
,,,,,,,,,,,,,50110,2020-03-05_16h20.53.648,SandwichStudy,3.2.4,MacIntel,60,"[""space""]",[0.23600006103515625],1,0,80,51,1,79,Turkey,Provolone cheese,Pesto,Bell peppers,,,,,Swiss cheese,Provolone cheese,Bell peppers,Tomatoes,Onions,,,,5,4,5,1000,0,1000,0,1,999,,,,,,,,,,,,,,,
,,,,,,,,,,,,,50110,2020-03-05_16h20.53.648,SandwichStudy,3.2.4,MacIntel,60,"[""a""]",[2.120999813079834],1,0,80,51,1,79,Turkey,Provolone cheese,Pesto,Bell peppers,,,,,Swiss cheese,Provolone cheese,Bell peppers,Tomatoes,Onions,,,,5,4,5,1000,0,1000,0,1,999,,,,,,,,,,,,,,,
,,,,,,,,,,,,,50110,2020-03-05_16h20.53.648,SandwichStudy,3.2.4,MacIntel,60,"[""space""]",[2.052999973297119],1,0,80,12,1,79,Turkey,Cheddar cheese,Mayonnaise,,,,,,Ham,Pork,Swiss cheese,Mustard,Pickles,,,,5,3,5,1000,0,1000,0,1,999,,,,,,,,,,,,,,,
,,,,,,,,,,,,,50110,2020-03-05_16h20.53.648,SandwichStudy,3.2.4,MacIntel,60,"[""space""]",[1.1340000629425049],1,0,80,12,1,79,Turkey,Cheddar cheese,Mayonnaise,,,,,,Ham,Pork,Swiss cheese,Mustard,Pickles,,,,5,3,5,1000,0,1000,0,1,999,,,,,,,,,,,,,,,
,,,,,,,,,,,,,50110,2020-03-05_16h20.53.648,SandwichStudy,3.2.4,MacIntel,60,"[""l""]",[1.496000051498413],1,0,80,12,1,79,Turkey,Cheddar cheese,Mayonnaise,,,,,,Ham,Pork,Swiss cheese,Mustard,Pickles,,,,5,3,5,1000,0,1000,0,1,999,,,,,,,,,,,,,,,
,,,,,,,,,,,,,50110,2020-03-05_16h20.53.648,SandwichStudy,3.2.4,MacIntel,60,"[""space""]",[0.06800007820129395],1,0,80,42,1,79,Chicken,Bacon,Feta cheese,Bell peppers,Basil,Garlic aioli,,,Turkey,Ham,Cheddar cheese,Mayonnaise,,,,,6,6,4,1000,0,1000,0,1,999,,,,,,,,,,,,,,,
,,,,,,,,,,,,,50110,2020-03-05_16h20.53.648,SandwichStudy,3.2.4,MacIntel,60,"[""space""]",[0.06800007820129395],1,0,80,42,1,79,Chicken,Bacon,Feta cheese,Bell peppers,Basil,Garlic aioli,,,Turkey,Ham,Cheddar cheese,Mayonnaise,,,,,6,6,4,1000,0,1000,0,1,999,,,,,,,,,,,,,,,
,,,,,,,,,,,,,50110,2020-03-05_16h20.53.648,SandwichStudy,3.2.4,MacIntel,60,"[""l""]",[2.5889999866485596],1,0,80,42,1,79,Chicken,Bacon,Feta cheese,Bell peppers,Basil,Garlic aioli,,,Turkey,Ham,Cheddar cheese,Mayonnaise,,,,,6,6,4,1000,0,1000,0,1,999,,,,,,,,,,,,,,,
,,,,,,,,,,,,,50110,2020-03-05_16h20.53.648,SandwichStudy,3.2.4,MacIntel,60,"[""space""]",[0.3880000114440918],1,0,80,63,1,79,Onions,Bell peppers,Mushrooms,Jalapenos,American cheese,Steak,,,Turkey,Ham,Roast beef,Provolone cheese,Spinach,Tomatoes,Mayonnaise,Mustard,8,6,8,1000,0,1000,0,1,999,,,,,,,,,,,,,,,
,,,,,,,,,,,,,50110,2020-03-05_16h20.53.648,SandwichStudy,3.2.4,MacIntel,60,"[""space""]",[0.48399996757507324],1,0,80,63,1,79,Onions,Bell peppers,Mushrooms,Jalapenos,American cheese,Steak,,,Turkey,Ham,Roast beef,Provolone cheese,Spinach,Tomatoes,Mayonnaise,Mustard,8,6,8,1000,0,1000,0,1,999,,,,,,,,,,,,,,,
,,,,,,,,,,,,,50110,2020-03-05_16h20.53.648,SandwichStudy,3.2.4,MacIntel,60,"[""space""]",[0.25300002098083496],1,0,80,63,1,79,Onions,Bell peppers,Mushrooms,Jalapenos,American cheese,Steak,,,Turkey,Ham,Roast beef,Provolone cheese,Spinach,Tomatoes,Mayonnaise,Mustard,8,6,8,1000,0,1000,0,1,999,,,,,,,,,,,,,,,
,,,,,,,,,,,,,50110,2020-03-05_16h20.53.648,SandwichStudy,3.2.4,MacIntel,60,"[""space""]",[0.20199990272521973],1,0,80,63,1,79,Onions,Bell peppers,Mushrooms,Jalapenos,American cheese,Steak,,,Turkey,Ham,Roast beef,Provolone cheese,Spinach,Tomatoes,Mayonnaise,Mustard,8,6,8,1000,0,1000,0,1,999,,,,,,,,,,,,,,,
,,,,,,,,,,,,,50110,2020-03-05_16h20.53.648,SandwichStudy,3.2.4,MacIntel,60,"[""l""]",[0.5299999713897705],1,0,80,63,1,79,Onions,Bell peppers,Mushrooms,Jalapenos,American cheese,Steak,,,Turkey,Ham,Roast beef,Provolone cheese,Spinach,Tomatoes,Mayonnaise,Mustard,8,6,8,1000,0,1000,0,1,999,,,,,,,,,,,,,,,
,,,,,,,,,,,,,50110,2020-03-05_16h20.53.648,SandwichStudy,3.2.4,MacIntel,60,"[""space""]",[0.1530001163482666],1,0,80,76,1,79,Bacon,Lettuce,Tomatoes,Ranch dressing,,,,,Chicken,Bacon,Mustard,,,,,,4,4,3,1000,0,1000,0,1,999,,,,,,,,,,,,,,,
,,,,,,,,,,,,,50110,2020-03-05_16h20.53.648,SandwichStudy,3.2.4,MacIntel,60,"[""a""]",[24.509000062942505],1,0,80,76,1,79,Bacon,Lettuce,Tomatoes,Ranch dressing,,,,,Chicken,Bacon,Mustard,,,,,,4,4,3,1000,0,1000,0,1,999,,,,,,,,,,,,,,,
,,,,,,,,,,,,,50110,2020-03-05_16h20.53.648,SandwichStudy,3.2.4,MacIntel,60,"[""space""]",[1.192000150680542],1,0,80,66,1,79,Bacon,Spinach,Tomatoes,Avocado,Mayonnaise,,,,Provolone cheese,Swiss cheese,Cheddar cheese,Parmesan cheese,Tomatoes,,,,5,5,5,1000,0,1000,0,1,999,,,,,,,,,,,,,,,
,,,,,,,,,,,,,50110,2020-03-05_16h20.53.648,SandwichStudy,3.2.4,MacIntel,60,"[""space""]",[0.5390000343322754],1,0,80,66,1,79,Bacon,Spinach,Tomatoes,Avocado,Mayonnaise,,,,Provolone cheese,Swiss cheese,Cheddar cheese,Parmesan cheese,Tomatoes,,,,5,5,5,1000,0,1000,0,1,999,,,,,,,,,,,,,,,
,,,,,,,,,,,,,50110,2020-03-05_16h20.53.648,SandwichStudy,3.2.4,MacIntel,60,"[""a""]",[2.003999948501587],1,0,80,66,1,79,Bacon,Spinach,Tomatoes,Avocado,Mayonnaise,,,,Provolone cheese,Swiss cheese,Cheddar cheese,Parmesan cheese,Tomatoes,,,,5,5,5,1000,0,1000,0,1,999,,,,,,,,,,,,,,,
,,,,,,,,,,,,,50110,2020-03-05_16h20.53.648,SandwichStudy,3.2.4,MacIntel,60,"[""space""]",[0.43400001525878906],1,0,80,59,1,79,Chicken,Ham,Cheddar cheese,Mayonnaise,,,,,Turkey,Garlic aioli,Bacon,Spinach,,,,,4,4,4,1000,0,1000,0,1,999,,,,,,,,,,,,,,,
,,,,,,,,,,,,,50110,2020-03-05_16h20.53.648,SandwichStudy,3.2.4,MacIntel,60,"[""space""]",[0.7350001335144043],1,0,80,59,1,79,Chicken,Ham,Cheddar cheese,Mayonnaise,,,,,Turkey,Garlic aioli,Bacon,Spinach,,,,,4,4,4,1000,0,1000,0,1,999,,,,,,,,,,,,,,,
,,,,,,,,,,,,,50110,2020-03-05_16h20.53.648,SandwichStudy,3.2.4,MacIntel,60,"[""space""]",[0.8730001449584961],1,0,80,59,1,79,Chicken,Ham,Cheddar cheese,Mayonnaise,,,,,Turkey,Garlic aioli,Bacon,Spinach,,,,,4,4,4,1000,0,1000,0,1,999,,,,,,,,,,,,,,,
,,,,,,,,,,,,,50110,2020-03-05_16h20.53.648,SandwichStudy,3.2.4,MacIntel,60,"[""l""]",[3.8459999561309814],1,0,80,59,1,79,Chicken,Ham,Cheddar cheese,Mayonnaise,,,,,Turkey,Garlic aioli,Bacon,Spinach,,,,,4,4,4,1000,0,1000,0,1,999,,,,,,,,,,,,,,,
,,,,,,,,,,,,,50110,2020-03-05_16h20.53.648,SandwichStudy,3.2.4,MacIntel,60,"[""space""]",[0.3020000457763672],1,0,80,61,1,79,Pork,Cucumbers,Pickles,Jalapenos,Basil,Mayonnaise,,,Turkey,Cheddar cheese,Bacon,,,,,,6,6,3,1000,0,1000,0,1,999,,,,,,,,,,,,,,,
,,,,,,,,,,,,,50110,2020-03-05_16h20.53.648,SandwichStudy,3.2.4,MacIntel,60,"[""space""]",[0.6370000839233398],1,0,80,61,1,79,Pork,Cucumbers,Pickles,Jalapenos,Basil,Mayonnaise,,,Turkey,Cheddar cheese,Bacon,,,,,,6,6,3,1000,0,1000,0,1,999,,,,,,,,,,,,,,,
,,,,,,,,,,,,,50110,2020-03-05_16h20.53.648,SandwichStudy,3.2.4,MacIntel,60,"[""a""]",[5.564000129699707],1,0,80,61,1,79,Pork,Cucumbers,Pickles,Jalapenos,Basil,Mayonnaise,,,Turkey,Cheddar cheese,Bacon,,,,,,6,6,3,1000,0,1000,0,1,999,,,,,,,,,,,,,,,
,,,,,,,,,,,,,50110,2020-03-05_16h20.53.648,SandwichStudy,3.2.4,MacIntel,60,"[""space""]",[0.03900003433227539],1,0,80,48,1,79,Chicken,Provolone cheese,Pesto,,,,,,Ham,Lettuce,Tomatoes,Mayonnaise,Mustard,,,,5,3,5,1000,0,1000,0,1,999,,,,,,,,,,,,,,,
,,,,,,,,,,,,,50110,2020-03-05_16h20.53.648,SandwichStudy,3.2.4,MacIntel,60,"[""l""]",[11.120000123977661],1,0,80,48,1,79,Chicken,Provolone cheese,Pesto,,,,,,Ham,Lettuce,Tomatoes,Mayonnaise,Mustard,,,,5,3,5,1000,0,1000,0,1,999,,,,,,,,,,,,,,,
,,,,,,,,,,,,,50110,2020-03-05_16h20.53.648,SandwichStudy,3.2.4,MacIntel,60,"[""space""]",[0.14500021934509277],1,0,80,24,1,79,Steak,Onions,Bell peppers,Provolone cheese,,,,,Tuna,Lettuce,Tomatoes,Mayonnaise,,,,,4,4,4,1000,0,1000,0,1,999,,,,,,,,,,,,,,,
,,,,,,,,,,,,,50110,2020-03-05_16h20.53.648,SandwichStudy,3.2.4,MacIntel,60,"[""a""]",[0.5450000762939453],1,0,80,24,1,79,Steak,Onions,Bell peppers,Provolone cheese,,,,,Tuna,Lettuce,Tomatoes,Mayonnaise,,,,,4,4,4,1000,0,1000,0,1,999,,,,,,,,,,,,,,,
,,,,,,,,,,,,,50110,2020-03-05_16h20.53.648,SandwichStudy,3.2.4,MacIntel,60,"[""space""]",[0.5590000152587891],1,0,80,44,1,79,Chicken,Gouda cheese,Avocado,Basil,Bell peppers,Mayonnaise,,,Turkey,Gouda cheese,Avocado,Garlic aioli,Jalapenos,Tomatoes,Lettuce,,7,6,7,1000,0,1000,0,1,999,,,,,,,,,,,,,,,
,,,,,,,,,,,,,50110,2020-03-05_16h20.53.648,SandwichStudy,3.2.4,MacIntel,60,"[""l""]",[2.7019999027252197],1,0,80,44,1,79,Chicken,Gouda cheese,Avocado,Basil,Bell peppers,Mayonnaise,,,Turkey,Gouda cheese,Avocado,Garlic aioli,Jalapenos,Tomatoes,Lettuce,,7,6,7,1000,0,1000,0,1,999,,,,,,,,,,,,,,,
,,,,,,,,,,,,,50110,2020-03-05_16h20.53.648,SandwichStudy,3.2.4,MacIntel,60,"[""a""]",[0.5850000381469727],1,0,80,27,1,79,Mushrooms,Swiss cheese,Provolone cheese,Cheddar cheese,Lettuce,Tomatoes,,,Avocado,Spinach,Tomatoes,Swiss cheese,,,,,6,6,4,1000,0,1000,0,1,999,,,,,,,,,,,,,,,
,,,,,,,,,,,,,50110,2020-03-05_16h20.53.648,SandwichStudy,3.2.4,MacIntel,60,"[""space""]",[0.687000036239624],1,0,80,39,1,79,Chicken,Provolone cheese,Pesto,,,,,,Turkey,Bacon,Jalapenos,Lettuce,Avocado,Garlic aioli,Tomatoes,,7,3,7,1000,0,1000,0,1,999,,,,,,,,,,,,,,,
,,,,,,,,,,,,,50110,2020-03-05_16h20.53.648,SandwichStudy,3.2.4,MacIntel,60,"[""l""]",[0.35199999809265137],1,0,80,39,1,79,Chicken,Provolone cheese,Pesto,,,,,,Turkey,Bacon,Jalapenos,Lettuce,Avocado,Garlic aioli,Tomatoes,,7,3,7,1000,0,1000,0,1,999,,,,,,,,,,,,,,,
,,,,,,,,,,,,,50110,2020-03-05_16h20.53.648,SandwichStudy,3.2.4,MacIntel,60,"[""space""]",[0.5850000381469727],1,0,80,29,1,79,Turkey,Garlic aioli,Bacon,Spinach,,,,,Chicken,Mayonnaise,Cheddar cheese,,,,,,4,4,3,1000,0,1000,0,1,999,,,,,,,,,,,,,,,
,,,,,,,,,,,,,50110,2020-03-05_16h20.53.648,SandwichStudy,3.2.4,MacIntel,60,"[""space""]",[1.8569998741149902],1,0,80,29,1,79,Turkey,Garlic aioli,Bacon,Spinach,,,,,Chicken,Mayonnaise,Cheddar cheese,,,,,,4,4,3,1000,0,1000,0,1,999,,,,,,,,,,,,,,,
,,,,,,,,,,,,,50110,2020-03-05_16h20.53.648,SandwichStudy,3.2.4,MacIntel,60,"[""space""]",[0.252000093460083],1,0,80,29,1,79,Turkey,Garlic aioli,Bacon,Spinach,,,,,Chicken,Mayonnaise,Cheddar cheese,,,,,,4,4,3,1000,0,1000,0,1,999,,,,,,,,,,,,,,,
,,,,,,,,,,,,,50110,2020-03-05_16h20.53.648,SandwichStudy,3.2.4,MacIntel,60,"[""l""]",[21.22599983215332],1,0,80,29,1,79,Turkey,Garlic aioli,Bacon,Spinach,,,,,Chicken,Mayonnaise,Cheddar cheese,,,,,,4,4,3,1000,0,1000,0,1,999,,,,,,,,,,,,,,,
,,,,,,,,,,,,,50110,2020-03-05_16h20.53.648,SandwichStudy,3.2.4,MacIntel,60,"[""space""]",[8.794000148773193],1,0,80,1,1,79,Tomatoes,Mozzarella cheese,Spinach,Pesto,,,,,Ham,Swiss cheese,Mustard,,,,,,4,4,3,1000,0,1000,0,1,999,,,,,,,,,,,,,,,
,,,,,,,,,,,,,50110,2020-03-05_16h20.53.648,SandwichStudy,3.2.4,MacIntel,60,"[""space""]",[0.685999870300293],1,0,80,1,1,79,Tomatoes,Mozzarella cheese,Spinach,Pesto,,,,,Ham,Swiss cheese,Mustard,,,,,,4,4,3,1000,0,1000,0,1,999,,,,,,,,,,,,,,,
,,,,,,,,,,,,,50110,2020-03-05_16h20.53.648,SandwichStudy,3.2.4,MacIntel,60,"[""l""]",[2.938999891281128],1,0,80,1,1,79,Tomatoes,Mozzarella cheese,Spinach,Pesto,,,,,Ham,Swiss cheese,Mustard,,,,,,4,4,3,1000,0,1000,0,1,999,,,,,,,,,,,,,,,
,,,,,,,,,,,,,50110,2020-03-05_16h20.53.648,SandwichStudy,3.2.4,MacIntel,60,"[""space""]",[0.4909999370574951],1,0,80,45,1,79,Bell peppers,Provolone cheese,Cucumbers,Spinach,Tomatoes,Onions,Hummus,,Roast beef,Bacon,Turkey,Mayonnaise,,,,,7,7,4,1000,0,1000,0,1,999,,,,,,,,,,,,,,,
,,,,,,,,,,,,,50110,2020-03-05_16h20.53.648,SandwichStudy,3.2.4,MacIntel,60,"[""space""]",[0.4270000457763672],1,0,80,45,1,79,Bell peppers,Provolone cheese,Cucumbers,Spinach,Tomatoes,Onions,Hummus,,Roast beef,Bacon,Turkey,Mayonnaise,,,,,7,7,4,1000,0,1000,0,1,999,,,,,,,,,,,,,,,
,,,,,,,,,,,,,50110,2020-03-05_16h20.53.648,SandwichStudy,3.2.4,MacIntel,60,"[""space""]",[1.1100001335144043],1,0,80,45,1,79,Bell peppers,Provolone cheese,Cucumbers,Spinach,Tomatoes,Onions,Hummus,,Roast beef,Bacon,Turkey,Mayonnaise,,,,,7,7,4,1000,0,1000,0,1,999,,,,,,,,,,,,,,,
,,,,,,,,,,,,,50110,2020-03-05_16h20.53.648,SandwichStudy,3.2.4,MacIntel,60,"[""l""]",[0.2690000534057617],1,0,80,45,1,79,Bell peppers,Provolone cheese,Cucumbers,Spinach,Tomatoes,Onions,Hummus,,Roast beef,Bacon,Turkey,Mayonnaise,,,,,7,7,4,1000,0,1000,0,1,999,,,,,,,,,,,,,,,
,,,,,,,,,,,,,50110,2020-03-05_16h20.53.648,SandwichStudy,3.2.4,MacIntel,60,"[""space""]",[0.3940000534057617],1,0,80,55,1,79,Roast beef,Turkey,Pastrami,Mayonnaise,Provolone cheese,,,,Ham,Swiss cheese,Spinach,Mustard,,,,,5,5,4,1000,0,1000,0,1,999,,,,,,,,,,,,,,,
,,,,,,,,,,,,,50110,2020-03-05_16h20.53.648,SandwichStudy,3.2.4,MacIntel,60,"[""l""]",[5.037999868392944],1,0,80,55,1,79,Roast beef,Turkey,Pastrami,Mayonnaise,Provolone cheese,,,,Ham,Swiss cheese,Spinach,Mustard,,,,,5,5,4,1000,0,1000,0,1,999,,,,,,,,,,,,,,,
,,,,,,,,,,,,,50110,2020-03-05_16h20.53.648,SandwichStudy,3.2.4,MacIntel,60,"[""space""]",[0.3040001392364502],1,0,80,28,1,79,Chicken,Mozzarella cheese,Tomatoes,Pesto,Spinach,,,,Roast beef,Turkey,Pastrami,Mayonnaise,Provolone cheese,,,,5,5,5,1000,0,1000,0,1,999,,,,,,,,,,,,,,,
,,,,,,,,,,,,,50110,2020-03-05_16h20.53.648,SandwichStudy,3.2.4,MacIntel,60,"[""l""]",[4.7200000286102295],1,0,80,28,1,79,Chicken,Mozzarella cheese,Tomatoes,Pesto,Spinach,,,,Roast beef,Turkey,Pastrami,Mayonnaise,Provolone cheese,,,,5,5,5,1000,0,1000,0,1,999,,,,,,,,,,,,,,,
,,,,,,,,,,,,,50110,2020-03-05_16h20.53.648,SandwichStudy,3.2.4,MacIntel,60,"[""space""]",[1.0239999294281006],1,0,80,7,1,79,Mozzarella cheese,Bell peppers,Pesto,Spinach,,,,,Ham,Lettuce,Tomatoes,Mayonnaise,Mustard,,,,5,4,5,1000,0,1000,0,1,999,,,,,,,,,,,,,,,
,,,,,,,,,,,,,50110,2020-03-05_16h20.53.648,SandwichStudy,3.2.4,MacIntel,60,"[""space""]",[0.6369998455047607],1,0,80,7,1,79,Mozzarella cheese,Bell peppers,Pesto,Spinach,,,,,Ham,Lettuce,Tomatoes,Mayonnaise,Mustard,,,,5,4,5,1000,0,1000,0,1,999,,,,,,,,,,,,,,,
,,,,,,,,,,,,,50110,2020-03-05_16h20.53.648,SandwichStudy,3.2.4,MacIntel,60,"[""a""]",[0.9549999237060547],1,0,80,7,1,79,Mozzarella cheese,Bell peppers,Pesto,Spinach,,,,,Ham,Lettuce,Tomatoes,Mayonnaise,Mustard,,,,5,4,5,1000,0,1000,0,1,999,,,,,,,,,,,,,,,
,,,,,,,,,,,,,50110,2020-03-05_16h20.53.648,SandwichStudy,3.2.4,MacIntel,60,"[""space""]",[0.24099993705749512],1,0,80,35,1,79,Bacon,Lettuce,Tomatoes,Ranch dressing,,,,,Turkey,Gouda cheese,Avocado,Garlic aioli,Jalapenos,Tomatoes,Lettuce,,7,4,7,1000,0,1000,0,1,999,,,,,,,,,,,,,,,
,,,,,,,,,,,,,50110,2020-03-05_16h20.53.648,SandwichStudy,3.2.4,MacIntel,60,"[""a""]",[1.7590000629425049],1,0,80,35,1,79,Bacon,Lettuce,Tomatoes,Ranch dressing,,,,,Turkey,Gouda cheese,Avocado,Garlic aioli,Jalapenos,Tomatoes,Lettuce,,7,4,7,1000,0,1000,0,1,999,,,,,,,,,,,,,,,
,,,,,,,,,,,,,50110,2020-03-05_16h20.53.648,SandwichStudy,3.2.4,MacIntel,60,"[""space""]",[0.8919999599456787],1,0,80,43,1,79,Meatballs,Provolone cheese,Onions,Marinara sauce,,,,,Chicken,Mozzarella cheese,Tomatoes,Pesto,Spinach,,,,5,4,5,1000,0,1000,0,1,999,,,,,,,,,,,,,,,
,,,,,,,,,,,,,50110,2020-03-05_16h20.53.648,SandwichStudy,3.2.4,MacIntel,60,"[""space""]",[25.01800012588501],1,0,80,43,1,79,Meatballs,Provolone cheese,Onions,Marinara sauce,,,,,Chicken,Mozzarella cheese,Tomatoes,Pesto,Spinach,,,,5,4,5,1000,0,1000,0,1,999,,,,,,,,,,,,,,,
,,,,,,,,,,,,,50110,2020-03-05_16h20.53.648,SandwichStudy,3.2.4,MacIntel,60,"[""l""]",[3],1,0,80,43,1,79,Meatballs,Provolone cheese,Onions,Marinara sauce,,,,,Chicken,Mozzarella cheese,Tomatoes,Pesto,Spinach,,,,5,4,5,1000,0,1000,0,1,999,,,,,,,,,,,,,,,
,,,,,,,,,,,,,50110,2020-03-05_16h20.53.648,SandwichStudy,3.2.4,MacIntel,60,"[""space""]",[0.15200018882751465],1,0,80,46,1,79,Turkey,Ham,Bacon,Swiss cheese,Lettuce,Tomatoes,Onions,,Chicken,Pickles,Basil,Tomatoes,Cucumbers,,,,7,7,5,1000,0,1000,0,1,999,,,,,,,,,,,,,,,
,,,,,,,,,,,,,50110,2020-03-05_16h20.53.648,SandwichStudy,3.2.4,MacIntel,60,"[""space""]",[1.555999994277954],1,0,80,46,1,79,Turkey,Ham,Bacon,Swiss cheese,Lettuce,Tomatoes,Onions,,Chicken,Pickles,Basil,Tomatoes,Cucumbers,,,,7,7,5,1000,0,1000,0,1,999,,,,,,,,,,,,,,,
,,,,,,,,,,,,,50110,2020-03-05_16h20.53.648,SandwichStudy,3.2.4,MacIntel,60,"[""l""]",[3.802999973297119],1,0,80,46,1,79,Turkey,Ham,Bacon,Swiss cheese,Lettuce,Tomatoes,Onions,,Chicken,Pickles,Basil,Tomatoes,Cucumbers,,,,7,7,5,1000,0,1000,0,1,999,,,,,,,,,,,,,,,
,,,,,,,,,,,,,50110,2020-03-05_16h20.53.648,SandwichStudy,3.2.4,MacIntel,60,"[""space""]",[0.45799994468688965],1,0,80,78,1,79,Chicken,American cheese,Lettuce,Tomatoes,Mayonnaise,,,,Pastrami,Cheddar cheese,Mustard,Pickles,,,,,5,5,4,1000,0,1000,0,1,999,,,,,,,,,,,,,,,
,,,,,,,,,,,,,50110,2020-03-05_16h20.53.648,SandwichStudy,3.2.4,MacIntel,60,"[""l""]",[2.4690001010894775],1,0,80,78,1,79,Chicken,American cheese,Lettuce,Tomatoes,Mayonnaise,,,,Pastrami,Cheddar cheese,Mustard,Pickles,,,,,5,5,4,1000,0,1000,0,1,999,,,,,,,,,,,,,,,
,,,,,,,,,,,,,50110,2020-03-05_16h20.53.648,SandwichStudy,3.2.4,MacIntel,60,"[""space""]",[0.40399980545043945],1,0,80,3,1,79,Chicken,American cheese,Coleslaw,Tomatoes,Pickles,Mayonnaise,,,Swiss cheese,Provolone cheese,Bell peppers,Tomatoes,Onions,,,,6,6,5,1000,0,1000,0,1,999,,,,,,,,,,,,,,,
,,,,,,,,,,,,,50110,2020-03-05_16h20.53.648,SandwichStudy,3.2.4,MacIntel,60,"[""l""]",[1.6530001163482666],1,0,80,3,1,79,Chicken,American cheese,Coleslaw,Tomatoes,Pickles,Mayonnaise,,,Swiss cheese,Provolone cheese,Bell peppers,Tomatoes,Onions,,,,6,6,5,1000,0,1000,0,1,999,,,,,,,,,,,,,,,
,,,,,,,,,,,,,50110,2020-03-05_16h20.53.648,SandwichStudy,3.2.4,MacIntel,60,"[""space""]",[0.45399999618530273],1,0,80,65,1,79,Chicken,Pepper jack cheese,Ranch dressing,,,,,,Salami,Provolone cheese,Lettuce,Tomatoes,Mayonnaise,Mustard,,,6,3,6,1000,0,1000,0,1,999,,,,,,,,,,,,,,,
,,,,,,,,,,,,,50110,2020-03-05_16h20.53.648,SandwichStudy,3.2.4,MacIntel,60,"[""a""]",[7.574000120162964],1,0,80,65,1,79,Chicken,Pepper jack cheese,Ranch dressing,,,,,,Salami,Provolone cheese,Lettuce,Tomatoes,Mayonnaise,Mustard,,,6,3,6,1000,0,1000,0,1,999,,,,,,,,,,,,,,,
,,,,,,,,,,,,,50110,2020-03-05_16h20.53.648,SandwichStudy,3.2.4,MacIntel,60,"[""space""]",[0.31999993324279785],1,0,80,16,1,79,Chicken,American cheese,Lettuce,Tomatoes,Mayonnaise,,,,Cheddar cheese,Avocado,Onions,Tomatoes,Mayonnaise,,,,5,5,5,1000,0,1000,0,1,999,,,,,,,,,,,,,,,
,,,,,,,,,,,,,50110,2020-03-05_16h20.53.648,SandwichStudy,3.2.4,MacIntel,60,"[""a""]",[11.554999828338623],1,0,80,16,1,79,Chicken,American cheese,Lettuce,Tomatoes,Mayonnaise,,,,Cheddar cheese,Avocado,Onions,Tomatoes,Mayonnaise,,,,5,5,5,1000,0,1000,0,1,999,,,,,,,,,,,,,,,
,,,,,,,,,,,,,50110,2020-03-05_16h20.53.648,SandwichStudy,3.2.4,MacIntel,60,"[""space""]",[0.23399996757507324],1,0,80,5,1,79,Chicken,Cheddar cheese,Mayonnaise,,,,,,Turkey,Provolone cheese,Pesto,Bell peppers,,,,,4,3,4,1000,0,1000,0,1,999,,,,,,,,,,,,,,,
,,,,,,,,,,,,,50110,2020-03-05_16h20.53.648,SandwichStudy,3.2.4,MacIntel,60,"[""l""]",[1.1690001487731934],1,0,80,5,1,79,Chicken,Cheddar cheese,Mayonnaise,,,,,,Turkey,Provolone cheese,Pesto,Bell peppers,,,,,4,3,4,1000,0,1000,0,1,999,,,,,,,,,,,,,,,
,,,,,,,,,,,,,50110,2020-03-05_16h20.53.648,SandwichStudy,3.2.4,MacIntel,60,"[""space""]",[0.40199995040893555],1,0,80,57,1,79,Avocado,Spinach,Tomatoes,Swiss cheese,,,,,Chicken,Ham,Swiss cheese,Mayonnaise,Mustard,,,,5,4,5,1000,0,1000,0,1,999,,,,,,,,,,,,,,,
,,,,,,,,,,,,,50110,2020-03-05_16h20.53.648,SandwichStudy,3.2.4,MacIntel,60,"[""a""]",[1.940999984741211],1,0,80,57,1,79,Avocado,Spinach,Tomatoes,Swiss cheese,,,,,Chicken,Ham,Swiss cheese,Mayonnaise,Mustard,,,,5,4,5,1000,0,1000,0,1,999,,,,,,,,,,,,,,,
,,,,,,,,,,,,,50110,2020-03-05_16h20.53.648,SandwichStudy,3.2.4,MacIntel,60,"[""space""]",[0.36100006103515625],1,0,80,33,1,79,Bacon,Ham,Turkey,Mayonnaise,Mustard,Cheddar cheese,Tomatoes,Spinach,Turkey,Avocado,Bacon,Garlic aioli,Tomatoes,Spinach,Onions,,8,8,7,1000,0,1000,0,1,999,,,,,,,,,,,,,,,
,,,,,,,,,,,,,50110,2020-03-05_16h20.53.648,SandwichStudy,3.2.4,MacIntel,60,"[""l""]",[2.7239999771118164],1,0,80,33,1,79,Bacon,Ham,Turkey,Mayonnaise,Mustard,Cheddar cheese,Tomatoes,Spinach,Turkey,Avocado,Bacon,Garlic aioli,Tomatoes,Spinach,Onions,,8,8,7,1000,0,1000,0,1,999,,,,,,,,,,,,,,,
,,,,,,,,,,,,,50110,2020-03-05_16h20.53.648,SandwichStudy,3.2.4,MacIntel,60,"[""space""]",[0.2849998474121094],1,0,80,79,1,79,Salami,Roast beef,Turkey,Ham,Swiss cheese,Lettuce,Tomatoes,Mayonnaise,Turkey,Cheddar cheese,Mayonnaise,,,,,,8,8,3,1000,0,1000,0,1,999,,,,,,,,,,,,,,,
,,,,,,,,,,,,,50110,2020-03-05_16h20.53.648,SandwichStudy,3.2.4,MacIntel,60,"[""space""]",[9.339999914169312],1,0,80,79,1,79,Salami,Roast beef,Turkey,Ham,Swiss cheese,Lettuce,Tomatoes,Mayonnaise,Turkey,Cheddar cheese,Mayonnaise,,,,,,8,8,3,1000,0,1000,0,1,999,,,,,,,,,,,,,,,
,,,,,,,,,,,,,50110,2020-03-05_16h20.53.648,SandwichStudy,3.2.4,MacIntel,60,"[""l""]",[1.9900000095367432],1,0,80,79,1,79,Salami,Roast beef,Turkey,Ham,Swiss cheese,Lettuce,Tomatoes,Mayonnaise,Turkey,Cheddar cheese,Mayonnaise,,,,,,8,8,3,1000,0,1000,0,1,999,,,,,,,,,,,,,,,
,,,,,,,,,,,,,50110,2020-03-05_16h20.53.648,SandwichStudy,3.2.4,MacIntel,60,"[""space""]",[0.3510000705718994],1,0,80,70,1,79,Pastrami,Swiss cheese,Coleslaw,,,,,,Chicken,Cheddar cheese,Bacon,Avocado,Ranch dressing,,,,5,3,5,1000,0,1000,0,1,999,,,,,,,,,,,,,,,
,,,,,,,,,,,,,50110,2020-03-05_16h20.53.648,SandwichStudy,3.2.4,MacIntel,60,"[""a""]",[2.9870002269744873],1,0,80,70,1,79,Pastrami,Swiss cheese,Coleslaw,,,,,,Chicken,Cheddar cheese,Bacon,Avocado,Ranch dressing,,,,5,3,5,1000,0,1000,0,1,999,,,,,,,,,,,,,,,
,,,,,,,,,,,,,50110,2020-03-05_16h20.53.648,SandwichStudy,3.2.4,MacIntel,60,"[""space""]",[0.10299992561340332],1,0,80,13,1,79,Chicken,Garlic aioli,Pickles,Cucumbers,Jalapenos,Basil,,,Roast beef,Bacon,Turkey,Mayonnaise,,,,,6,6,4,1000,0,1000,0,1,999,,,,,,,,,,,,,,,
,,,,,,,,,,,,,50110,2020-03-05_16h20.53.648,SandwichStudy,3.2.4,MacIntel,60,"[""l""]",[2.7840001583099365],1,0,80,13,1,79,Chicken,Garlic aioli,Pickles,Cucumbers,Jalapenos,Basil,,,Roast beef,Bacon,Turkey,Mayonnaise,,,,,6,6,4,1000,0,1000,0,1,999,,,,,,,,,,,,,,,
,,,,,,,,,,,,,50110,2020-03-05_16h20.53.648,SandwichStudy,3.2.4,MacIntel,60,"[""space""]",[1.1740000247955322],1,0,80,53,1,79,Turkey,Avocado,Mayonnaise,,,,,,Ham,Pork,Swiss cheese,Mustard,Pickles,,,,5,3,5,1000,0,1000,0,1,999,,,,,,,,,,,,,,,
,,,,,,,,,,,,,50110,2020-03-05_16h20.53.648,SandwichStudy,3.2.4,MacIntel,60,"[""l""]",[0.5750000476837158],1,0,80,53,1,79,Turkey,Avocado,Mayonnaise,,,,,,Ham,Pork,Swiss cheese,Mustard,Pickles,,,,5,3,5,1000,0,1000,0,1,999,,,,,,,,,,,,,,,
,,,,,,,,,,,,,50110,2020-03-05_16h20.53.648,SandwichStudy,3.2.4,MacIntel,60,"[""space""]",[0.19000005722045898],1,0,80,69,1,79,Chicken,Garlic aioli,Pickles,Cucumbers,Jalapenos,Basil,,,Chicken,Bacon,Cheddar cheese,Swiss cheese,Spinach,Tomatoes,Mayonnaise,Mustard,8,6,8,1000,0,1000,0,1,999,,,,,,,,,,,,,,,
,,,,,,,,,,,,,50110,2020-03-05_16h20.53.648,SandwichStudy,3.2.4,MacIntel,60,"[""l""]",[4.085999965667725],1,0,80,69,1,79,Chicken,Garlic aioli,Pickles,Cucumbers,Jalapenos,Basil,,,Chicken,Bacon,Cheddar cheese,Swiss cheese,Spinach,Tomatoes,Mayonnaise,Mustard,8,6,8,1000,0,1000,0,1,999,,,,,,,,,,,,,,,
,,,,,,,,,,,,,50110,2020-03-05_16h20.53.648,SandwichStudy,3.2.4,MacIntel,60,"[""space""]",[0.20000004768371582],1,0,80,6,1,79,Chicken,Cheddar cheese,Lettuce,Garlic aioli,Swiss cheese,Tomatoes,,,Cheddar cheese,Provolone cheese,Swiss cheese,Mushrooms,Mayonnaise,Lettuce,Tomatoes,,7,6,7,1000,0,1000,0,1,999,,,,,,,,,,,,,,,
,,,,,,,,,,,,,50110,2020-03-05_16h20.53.648,SandwichStudy,3.2.4,MacIntel,60,"[""l""]",[5.536999940872192],1,0,80,6,1,79,Chicken,Cheddar cheese,Lettuce,Garlic aioli,Swiss cheese,Tomatoes,,,Cheddar cheese,Provolone cheese,Swiss cheese,Mushrooms,Mayonnaise,Lettuce,Tomatoes,,7,6,7,1000,0,1000,0,1,999,,,,,,,,,,,,,,,
,,,,,,,,,,,,,50110,2020-03-05_16h20.53.648,SandwichStudy,3.2.4,MacIntel,60,"[""space""]",[0.437999963760376],1,0,80,25,1,79,Meatballs,Provolone cheese,Onions,Marinara sauce,,,,,Chicken,Pepper jack cheese,Ranch dressing,,,,,,4,4,3,1000,0,1000,0,1,999,,,,,,,,,,,,,,,
,,,,,,,,,,,,,50110,2020-03-05_16h20.53.648,SandwichStudy,3.2.4,MacIntel,60,"[""l""]",[3.4700000286102295],1,0,80,25,1,79,Meatballs,Provolone cheese,Onions,Marinara sauce,,,,,Chicken,Pepper jack cheese,Ranch dressing,,,,,,4,4,3,1000,0,1000,0,1,999,,,,,,,,,,,,,,,
,,,,,,,,,,,,,50110,2020-03-05_16h20.53.648,SandwichStudy,3.2.4,MacIntel,60,"[""space""]",[0.23000001907348633],1,0,80,26,1,79,Turkey,Avocado,Mayonnaise,,,,,,Chicken,Mozzarella cheese,Tomatoes,Onions,Basil,Mayonnaise,,,6,3,6,1000,0,1000,0,1,999,,,,,,,,,,,,,,,
,,,,,,,,,,,,,50110,2020-03-05_16h20.53.648,SandwichStudy,3.2.4,MacIntel,60,"[""a""]",[1.5709998607635498],1,0,80,26,1,79,Turkey,Avocado,Mayonnaise,,,,,,Chicken,Mozzarella cheese,Tomatoes,Onions,Basil,Mayonnaise,,,6,3,6,1000,0,1000,0,1,999,,,,,,,,,,,,,,,
,,,,,,,,,,,,,50110,2020-03-05_16h20.53.648,SandwichStudy,3.2.4,MacIntel,60,"[""space""]",[0.03600001335144043],1,0,80,15,1,79,Pork,Cucumbers,Pickles,Jalapenos,Basil,Mayonnaise,,,Roast beef,Pastrami,Swiss cheese,Mustard,,,,,6,6,4,1000,0,1000,0,1,999,,,,,,,,,,,,,,,
,,,,,,,,,,,,,50110,2020-03-05_16h20.53.648,SandwichStudy,3.2.4,MacIntel,60,"[""l""]",[3.0910000801086426],1,0,80,15,1,79,Pork,Cucumbers,Pickles,Jalapenos,Basil,Mayonnaise,,,Roast beef,Pastrami,Swiss cheese,Mustard,,,,,6,6,4,1000,0,1000,0,1,999,,,,,,,,,,,,,,,
,,,,,,,,,,,,,50110,2020-03-05_16h20.53.648,SandwichStudy,3.2.4,MacIntel,60,"[""space""]",[0.039999961853027344],1,0,80,52,1,79,Cheddar cheese,Avocado,Onions,Tomatoes,Mayonnaise,,,,Bacon,Ham,Turkey,Mayonnaise,Cheddar cheese,Tomatoes,Spinach,Swiss cheese,8,5,8,1000,0,1000,0,1,999,,,,,,,,,,,,,,,
,,,,,,,,,,,,,50110,2020-03-05_16h20.53.648,SandwichStudy,3.2.4,MacIntel,60,"[""l""]",[1.3029999732971191],1,0,80,52,1,79,Cheddar cheese,Avocado,Onions,Tomatoes,Mayonnaise,,,,Bacon,Ham,Turkey,Mayonnaise,Cheddar cheese,Tomatoes,Spinach,Swiss cheese,8,5,8,1000,0,1000,0,1,999,,,,,,,,,,,,,,,
,,,,,,,,,,,,,50110,2020-03-05_16h20.53.648,SandwichStudy,3.2.4,MacIntel,60,"[""space""]",[0.22099995613098145],1,0,80,31,1,79,Spinach,Tomatoes,Cucumbers,Onions,Bell peppers,Avocado,Mayonnaise,,Turkey,Ham,Bacon,Swiss cheese,Lettuce,Tomatoes,Onions,,7,7,7,1000,0,1000,0,1,999,,,,,,,,,,,,,,,
,,,,,,,,,,,,,50110,2020-03-05_16h20.53.648,SandwichStudy,3.2.4,MacIntel,60,"[""space""]",[1.2249999046325684],1,0,80,31,1,79,Spinach,Tomatoes,Cucumbers,Onions,Bell peppers,Avocado,Mayonnaise,,Turkey,Ham,Bacon,Swiss cheese,Lettuce,Tomatoes,Onions,,7,7,7,1000,0,1000,0,1,999,,,,,,,,,,,,,,,
,,,,,,,,,,,,,50110,2020-03-05_16h20.53.648,SandwichStudy,3.2.4,MacIntel,60,"[""a""]",[1.071000099182129],1,0,80,31,1,79,Spinach,Tomatoes,Cucumbers,Onions,Bell peppers,Avocado,Mayonnaise,,Turkey,Ham,Bacon,Swiss cheese,Lettuce,Tomatoes,Onions,,7,7,7,1000,0,1000,0,1,999,,,,,,,,,,,,,,,
,,,,,,,,,,,,,50110,2020-03-05_16h20.53.648,SandwichStudy,3.2.4,MacIntel,60,"[""space""]",[0.4030001163482666],1,0,80,19,1,79,Bacon,Ham,Turkey,Mayonnaise,Cheddar cheese,Tomatoes,Spinach,Swiss cheese,Turkey,Salami,Cheddar cheese,Mayonnaise,,,,,8,8,4,1000,0,1000,0,1,999,,,,,,,,,,,,,,,
,,,,,,,,,,,,,50110,2020-03-05_16h20.53.648,SandwichStudy,3.2.4,MacIntel,60,"[""l""]",[3.618000030517578],1,0,80,19,1,79,Bacon,Ham,Turkey,Mayonnaise,Cheddar cheese,Tomatoes,Spinach,Swiss cheese,Turkey,Salami,Cheddar cheese,Mayonnaise,,,,,8,8,4,1000,0,1000,0,1,999,,,,,,,,,,,,,,,
,,,,,,,,,,,,,50110,2020-03-05_16h20.53.648,SandwichStudy,3.2.4,MacIntel,60,"[""space""]",[0.7849998474121094],1,0,80,37,1,79,Turkey,Ham,Cheddar cheese,Mayonnaise,,,,,Chicken,Ham,Swiss cheese,Mayonnaise,Mustard,,,,5,4,5,1000,0,1000,0,1,999,,,,,,,,,,,,,,,
,,,,,,,,,,,,,50110,2020-03-05_16h20.53.648,SandwichStudy,3.2.4,MacIntel,60,"[""l""]",[2.511000156402588],1,0,80,37,1,79,Turkey,Ham,Cheddar cheese,Mayonnaise,,,,,Chicken,Ham,Swiss cheese,Mayonnaise,Mustard,,,,5,4,5,1000,0,1000,0,1,999,,,,,,,,,,,,,,,
,,,,,,,,,,,,,50110,2020-03-05_16h20.53.648,SandwichStudy,3.2.4,MacIntel,60,"[""space""]",[0.35199999809265137],1,0,80,11,1,79,Pork,Ham,Swiss cheese,Pickles,Mustard,,,,Chicken,Bacon,Mustard,,,,,,5,5,3,1000,0,1000,0,1,999,,,,,,,,,,,,,,,
,,,,,,,,,,,,,50110,2020-03-05_16h20.53.648,SandwichStudy,3.2.4,MacIntel,60,"[""l""]",[0.6529998779296875],1,0,80,11,1,79,Pork,Ham,Swiss cheese,Pickles,Mustard,,,,Chicken,Bacon,Mustard,,,,,,5,5,3,1000,0,1000,0,1,999,,,,,,,,,,,,,,,
,,,,,,,,,,,,,50110,2020-03-05_16h20.53.648,SandwichStudy,3.2.4,MacIntel,60,"[""space""]",[0.4069998264312744],1,0,80,47,1,79,Chicken,Cheddar cheese,Mayonnaise,,,,,,Turkey,Cheddar cheese,Coleslaw,Spinach,Mustard,,,,5,3,5,1000,0,1000,0,1,999,,,,,,,,,,,,,,,
,,,,,,,,,,,,,50110,2020-03-05_16h20.53.648,SandwichStudy,3.2.4,MacIntel,60,"[""a""]",[3.0280001163482666],1,0,80,47,1,79,Chicken,Cheddar cheese,Mayonnaise,,,,,,Turkey,Cheddar cheese,Coleslaw,Spinach,Mustard,,,,5,3,5,1000,0,1000,0,1,999,,,,,,,,,,,,,,,
,,,,,,,,,,,,,50110,2020-03-05_16h20.53.648,SandwichStudy,3.2.4,MacIntel,60,"[""space""]",[0.12000012397766113],1,0,80,20,1,79,Pastrami,Swiss cheese,Coleslaw,,,,,,Chicken,Bacon,Feta cheese,Bell peppers,Basil,Garlic aioli,,,6,3,6,1000,0,1000,0,1,999,,,,,,,,,,,,,,,
,,,,,,,,,,,,,50110,2020-03-05_16h20.53.648,SandwichStudy,3.2.4,MacIntel,60,"[""a""]",[5.868000030517578],1,0,80,20,1,79,Pastrami,Swiss cheese,Coleslaw,,,,,,Chicken,Bacon,Feta cheese,Bell peppers,Basil,Garlic aioli,,,6,3,6,1000,0,1000,0,1,999,,,,,,,,,,,,,,,
,,,,,,,,,,,,,50110,2020-03-05_16h20.53.648,SandwichStudy,3.2.4,MacIntel,60,"[""space""]",[0.046000003814697266],1,0,80,41,1,79,Bacon,Provolone cheese,Mushrooms,Parmesan cheese,,,,,Turkey,Bacon,Jalapenos,Lettuce,Avocado,Garlic aioli,Tomatoes,,7,4,7,1000,0,1000,0,1,999,,,,,,,,,,,,,,,
,,,,,,,,,,,,,50110,2020-03-05_16h20.53.648,SandwichStudy,3.2.4,MacIntel,60,"[""a""]",[4.276000022888184],1,0,80,41,1,79,Bacon,Provolone cheese,Mushrooms,Parmesan cheese,,,,,Turkey,Bacon,Jalapenos,Lettuce,Avocado,Garlic aioli,Tomatoes,,7,4,7,1000,0,1000,0,1,999,,,,,,,,,,,,,,,
,,,,,,,,,,,,,50110,2020-03-05_16h20.53.648,SandwichStudy,3.2.4,MacIntel,60,"[""space""]",[0.38699984550476074],1,0,80,54,1,79,Chicken,Bell peppers,Bacon,Provolone cheese,Ranch dressing,Lettuce,Tomatoes,,Turkey,Bacon,Pepper jack cheese,Avocado,Ranch dressing,Spinach,Tomatoes,,7,7,7,1000,0,1000,0,1,999,,,,,,,,,,,,,,,
,,,,,,,,,,,,,50110,2020-03-05_16h20.53.648,SandwichStudy,3.2.4,MacIntel,60,"[""l""]",[2.635999917984009],1,0,80,54,1,79,Chicken,Bell peppers,Bacon,Provolone cheese,Ranch dressing,Lettuce,Tomatoes,,Turkey,Bacon,Pepper jack cheese,Avocado,Ranch dressing,Spinach,Tomatoes,,7,7,7,1000,0,1000,0,1,999,,,,,,,,,,,,,,,
,,,,,,,,,,,,,50110,2020-03-05_16h20.53.648,SandwichStudy,3.2.4,MacIntel,60,,,,,,,,,,,,,,,,,,,,,,,,,,,,,,,,,,space,6.508999825,5,6.694999933,space,10.29799986,1,0,10,1,1,9,Mayonnaise,,
,,,,,,,,,,,,,50110,2020-03-05_16h20.53.648,SandwichStudy,3.2.4,MacIntel,60,,,,,,,,,,,,,,,,,,,,,,,,,,,,,,,,,,,,5,2.835000038,space,3.551999807,1,0,10,2,1,9,Turkey,,
,,,,,,,,,,,,,50110,2020-03-05_16h20.53.648,SandwichStudy,3.2.4,MacIntel,60,,,,,,,,,,,,,,,,,,,,,,,,,,,,,,,,,,,,7,10.02399993,space,10.96600008,1,0,10,0,1,9,Tomatoes,,
,,,,,,,,,,,,,50110,2020-03-05_16h20.53.648,SandwichStudy,3.2.4,MacIntel,60,,,,,,,,,,,,,,,,,,,,,,,,,,,,,,,,,,,,6,3.559000015,space,4.200000048,1,0,10,8,1,9,Provolone cheese,,
,,,,,,,,,,,,,50110,2020-03-05_16h20.53.648,SandwichStudy,3.2.4,MacIntel,60,,,,,,,,,,,,,,,,,,,,,,,,,,,,,,,,,,,,5,3.988999844,space,4.630000114,1,0,10,4,1,9,Chicken,,
,,,,,,,,,,,,,50110,2020-03-05_16h20.53.648,SandwichStudy,3.2.4,MacIntel,60,,,,,,,,,,,,,,,,,,,,,,,,,,,,,,,,,,,,4,2.252999783,space,2.870999813,1,0,10,5,1,9,Cheddar cheese,,
,,,,,,,,,,,,,50110,2020-03-05_16h20.53.648,SandwichStudy,3.2.4,MacIntel,60,,,,,,,,,,,,,,,,,,,,,,,,,,,,,,,,,,,,5,2.069999933,space,2.585000038,1,0,10,6,1,9,Swiss cheese,,
,,,,,,,,,,,,,50110,2020-03-05_16h20.53.648,SandwichStudy,3.2.4,MacIntel,60,,,,,,,,,,,,,,,,,,,,,,,,,,,,,,,,,,,,4,3.275000095,space,3.597999811,1,0,10,3,1,9,Bacon,,
,,,,,,,,,,,,,50110,2020-03-05_16h20.53.648,SandwichStudy,3.2.4,MacIntel,60,,,,,,,,,,,,,,,,,,,,,,,,,,,,,,,,,,,,7,2.319999933,space,3.56400013,1,0,10,7,1,9,Lettuce,,
,,,,,,,,,,,,,50110,2020-03-05_16h20.53.648,SandwichStudy,3.2.4,MacIntel,60,,,,,,,,,,,,,,,,,,,,,,,,,,,,,,,,,,,,7,1.887999773,space,2.396999836,1,0,10,9,1,9,Spinach,,
,,,,,,,,,,,,,50110,2020-03-05_16h20.53.648,SandwichStudy,3.2.4,MacIntel,60,,,,,,,,,,,,,,,,,,,,,,,,,,,,,,,,,,,,,,,,,,,,,,,return,16.6170001
