sequence,key_resp_4.keys,key_resp_4.rt,VegResp.keys,VegResp.rt,ConfirmResp.keys,ConfirmResp.rt,VegQuestionLoop.thisRepN,VegQuestionLoop.thisTrialN,VegQuestionLoop.thisN,VegQuestionLoop.thisIndex,VegQuestionLoop.ran,VegQuestionLoop.order,participant,date,expName,psychopyVersion,OS,frameRate,Decision.keys,Decision.rt,trials.thisRepN,trials.thisTrialN,trials.thisN,trials.thisIndex,trials.ran,trials.order,s11,s12,s13,s14,s15,s16,s17,s18,s21,s22,s23,s24,s25,s26,s27,s28,IngsInRow,IngIn1,IngIn2,Iter.thisRepN,Iter.thisTrialN,Iter.thisN,Iter.thisIndex,Iter.ran,Iter.order,key_resp_2.keys,key_resp_2.rt,slider.response,slider.rt,key_resp_3.keys,key_resp_3.rt,RatingLoop.thisRepN,RatingLoop.thisTrialN,RatingLoop.thisN,RatingLoop.thisIndex,RatingLoop.ran,RatingLoop.order,ingredientforslider,key_resp.keys,key_resp.rt
"[1,0,0,0,0,0,1,1,1,1,1,0,1,0,0,0,0,0,1,0,0,1,1,1,1,1,1,0,1,1,1,0,1,0,0,0,0,0,0,1,0,1,1,1,1,0,0,0,1,1,1,1,1,0,1,0,0,0,1,1,0,1,0,1,1,0,1,1,1,0,0,1,1,1,1,0,0,0,1,0]",space,4.537999868,y,7.39199996,p,3.039000034,100,0,100,0,1,99,51922,2020-02-28_19h08.05.326,SandwichStudy,3.2.4,Win32,60,,,,,,,,,,,,,,,,,,,,,,,,,,,,,,,,,,,,,,,,,,,,,,,,
,,,,,,,,,,,,,51922,2020-02-28_19h08.05.326,SandwichStudy,3.2.4,Win32,60,"[""a""]",[5.620000123977661],1,0,80,5,1,79,Peppers,Provolone cheese,Cucumbers,Mixed greens,Tomatoes,Onions,Hummus,,Avocado,Tomatoes,Mayonnaise,Mixed greens,Lettuce,Onions,Vinaigrette,,7,7,7,1000,0,1000,0,1,999,,,,,,,,,,,,,,,
,,,,,,,,,,,,,51922,2020-02-28_19h08.05.326,SandwichStudy,3.2.4,Win32,60,"[""l""]",[1.9029998779296875],1,0,80,76,1,79,Cucumbers,Tomatoes,Peppers,Onions,Mixed greens,Carrots,Sprouts,Avocado,Hummus,Guacamole,Tomatoes,Lettuce,Sprouts,,,,8,8,5,1000,0,1000,0,1,999,,,,,,,,,,,,,,,
,,,,,,,,,,,,,51922,2020-02-28_19h08.05.326,SandwichStudy,3.2.4,Win32,60,"[""space""]",[4.194999933242798],1,0,80,19,1,79,Egg salad,Feta cheese,Spinach,Tomatoes,,,,,Spinach,Tomatoes,Cucumbers,Onions,Peppers,Avocado,Mayonnaise,,7,4,7,1000,0,1000,0,1,999,,,,,,,,,,,,,,,
,,,,,,,,,,,,,51922,2020-02-28_19h08.05.326,SandwichStudy,3.2.4,Win32,60,"[""l""]",[2.9629998207092285],1,0,80,19,1,79,Egg salad,Feta cheese,Spinach,Tomatoes,,,,,Spinach,Tomatoes,Cucumbers,Onions,Peppers,Avocado,Mayonnaise,,7,4,7,1000,0,1000,0,1,999,,,,,,,,,,,,,,,
,,,,,,,,,,,,,51922,2020-02-28_19h08.05.326,SandwichStudy,3.2.4,Win32,60,"[""space""]",[1.2279999256134033],1,0,80,26,1,79,Avocado,Onions,Cucumbers,Spinach,Cheddar cheese,,,,Hummus,Avocado,Tomatoes,Arugula,Mayonnaise,,,,5,5,5,1000,0,1000,0,1,999,,,,,,,,,,,,,,,
,,,,,,,,,,,,,51922,2020-02-28_19h08.05.326,SandwichStudy,3.2.4,Win32,60,"[""space""]",[1.1399998664855957],1,0,80,26,1,79,Avocado,Onions,Cucumbers,Spinach,Cheddar cheese,,,,Hummus,Avocado,Tomatoes,Arugula,Mayonnaise,,,,5,5,5,1000,0,1000,0,1,999,,,,,,,,,,,,,,,
,,,,,,,,,,,,,51922,2020-02-28_19h08.05.326,SandwichStudy,3.2.4,Win32,60,"[""space""]",[1.0740001201629639],1,0,80,26,1,79,Avocado,Onions,Cucumbers,Spinach,Cheddar cheese,,,,Hummus,Avocado,Tomatoes,Arugula,Mayonnaise,,,,5,5,5,1000,0,1000,0,1,999,,,,,,,,,,,,,,,
,,,,,,,,,,,,,51922,2020-02-28_19h08.05.326,SandwichStudy,3.2.4,Win32,60,"[""l""]",[1.1800000667572021],1,0,80,26,1,79,Avocado,Onions,Cucumbers,Spinach,Cheddar cheese,,,,Hummus,Avocado,Tomatoes,Arugula,Mayonnaise,,,,5,5,5,1000,0,1000,0,1,999,,,,,,,,,,,,,,,
,,,,,,,,,,,,,51922,2020-02-28_19h08.05.326,SandwichStudy,3.2.4,Win32,60,"[""space""]",[0.9619998931884766],1,0,80,45,1,79,Peppers,Provolone cheese,Cucumbers,Mixed greens,Tomatoes,Onions,Hummus,,Pesto,Tomatoes,Provolone cheese,,,,,,7,7,3,1000,0,1000,0,1,999,,,,,,,,,,,,,,,
,,,,,,,,,,,,,51922,2020-02-28_19h08.05.326,SandwichStudy,3.2.4,Win32,60,"[""l""]",[0.6569998264312744],1,0,80,45,1,79,Peppers,Provolone cheese,Cucumbers,Mixed greens,Tomatoes,Onions,Hummus,,Pesto,Tomatoes,Provolone cheese,,,,,,7,7,3,1000,0,1000,0,1,999,,,,,,,,,,,,,,,
,,,,,,,,,,,,,51922,2020-02-28_19h08.05.326,SandwichStudy,3.2.4,Win32,60,"[""space""]",[1.371000051498413],1,0,80,7,1,79,Guacamole,Sprouts,Tomatoes,Cucumbers,Vinaigrette,,,,Soy chicken,Pesto,Mixed greens,Tomatoes,Onions,,,,5,5,5,1000,0,1000,0,1,999,,,,,,,,,,,,,,,
,,,,,,,,,,,,,51922,2020-02-28_19h08.05.326,SandwichStudy,3.2.4,Win32,60,"[""space""]",[1.2569999694824219],1,0,80,7,1,79,Guacamole,Sprouts,Tomatoes,Cucumbers,Vinaigrette,,,,Soy chicken,Pesto,Mixed greens,Tomatoes,Onions,,,,5,5,5,1000,0,1000,0,1,999,,,,,,,,,,,,,,,
,,,,,,,,,,,,,51922,2020-02-28_19h08.05.326,SandwichStudy,3.2.4,Win32,60,"[""l""]",[0.6560001373291016],1,0,80,7,1,79,Guacamole,Sprouts,Tomatoes,Cucumbers,Vinaigrette,,,,Soy chicken,Pesto,Mixed greens,Tomatoes,Onions,,,,5,5,5,1000,0,1000,0,1,999,,,,,,,,,,,,,,,
,,,,,,,,,,,,,51922,2020-02-28_19h08.05.326,SandwichStudy,3.2.4,Win32,60,"[""space""]",[0.9760000705718994],1,0,80,67,1,79,Mixed greens,Onions,Hummus,Olives,Cucumbers,Sprouts,Tomatoes,,Egg salad,Lettuce,Tomatoes,Onions,,,,,7,7,4,1000,0,1000,0,1,999,,,,,,,,,,,,,,,
,,,,,,,,,,,,,51922,2020-02-28_19h08.05.326,SandwichStudy,3.2.4,Win32,60,"[""space""]",[0.9560000896453857],1,0,80,67,1,79,Mixed greens,Onions,Hummus,Olives,Cucumbers,Sprouts,Tomatoes,,Egg salad,Lettuce,Tomatoes,Onions,,,,,7,7,4,1000,0,1000,0,1,999,,,,,,,,,,,,,,,
,,,,,,,,,,,,,51922,2020-02-28_19h08.05.326,SandwichStudy,3.2.4,Win32,60,"[""l""]",[0.9230000972747803],1,0,80,67,1,79,Mixed greens,Onions,Hummus,Olives,Cucumbers,Sprouts,Tomatoes,,Egg salad,Lettuce,Tomatoes,Onions,,,,,7,7,4,1000,0,1000,0,1,999,,,,,,,,,,,,,,,
,,,,,,,,,,,,,51922,2020-02-28_19h08.05.326,SandwichStudy,3.2.4,Win32,60,"[""space""]",[0.2560000419616699],1,0,80,2,1,79,Avocado,Spinach,Tomatoes,Swiss cheese,,,,,Pesto,Tomatoes,Provolone cheese,,,,,,4,4,3,1000,0,1000,0,1,999,,,,,,,,,,,,,,,
,,,,,,,,,,,,,51922,2020-02-28_19h08.05.326,SandwichStudy,3.2.4,Win32,60,"[""space""]",[1.0389997959136963],1,0,80,2,1,79,Avocado,Spinach,Tomatoes,Swiss cheese,,,,,Pesto,Tomatoes,Provolone cheese,,,,,,4,4,3,1000,0,1000,0,1,999,,,,,,,,,,,,,,,
,,,,,,,,,,,,,51922,2020-02-28_19h08.05.326,SandwichStudy,3.2.4,Win32,60,"[""l""]",[0.2390000820159912],1,0,80,2,1,79,Avocado,Spinach,Tomatoes,Swiss cheese,,,,,Pesto,Tomatoes,Provolone cheese,,,,,,4,4,3,1000,0,1000,0,1,999,,,,,,,,,,,,,,,
,,,,,,,,,,,,,51922,2020-02-28_19h08.05.326,SandwichStudy,3.2.4,Win32,60,"[""space""]",[1.7790000438690186],1,0,80,33,1,79,Soy chicken,Pickles,Jalapenos,Basil,,,,,Avocado,Vegan bacon,Garlic aioli,Lettuce,Tomatoes,Onions,,,6,4,6,1000,0,1000,0,1,999,,,,,,,,,,,,,,,
,,,,,,,,,,,,,51922,2020-02-28_19h08.05.326,SandwichStudy,3.2.4,Win32,60,"[""space""]",[0.45399999618530273],1,0,80,33,1,79,Soy chicken,Pickles,Jalapenos,Basil,,,,,Avocado,Vegan bacon,Garlic aioli,Lettuce,Tomatoes,Onions,,,6,4,6,1000,0,1000,0,1,999,,,,,,,,,,,,,,,
,,,,,,,,,,,,,51922,2020-02-28_19h08.05.326,SandwichStudy,3.2.4,Win32,60,"[""a""]",[3.7619998455047607],1,0,80,33,1,79,Soy chicken,Pickles,Jalapenos,Basil,,,,,Avocado,Vegan bacon,Garlic aioli,Lettuce,Tomatoes,Onions,,,6,4,6,1000,0,1000,0,1,999,,,,,,,,,,,,,,,
,,,,,,,,,,,,,51922,2020-02-28_19h08.05.326,SandwichStudy,3.2.4,Win32,60,"[""space""]",[0.9049999713897705],1,0,80,74,1,79,Spinach,Tomatoes,Cucumbers,Onions,Peppers,Avocado,Mayonnaise,,Vegan bacon,Tomatoes,Avocado,Pesto,,,,,7,7,4,1000,0,1000,0,1,999,,,,,,,,,,,,,,,
,,,,,,,,,,,,,51922,2020-02-28_19h08.05.326,SandwichStudy,3.2.4,Win32,60,"[""space""]",[1.624000072479248],1,0,80,74,1,79,Spinach,Tomatoes,Cucumbers,Onions,Peppers,Avocado,Mayonnaise,,Vegan bacon,Tomatoes,Avocado,Pesto,,,,,7,7,4,1000,0,1000,0,1,999,,,,,,,,,,,,,,,
,,,,,,,,,,,,,51922,2020-02-28_19h08.05.326,SandwichStudy,3.2.4,Win32,60,"[""a""]",[0.19899988174438477],1,0,80,74,1,79,Spinach,Tomatoes,Cucumbers,Onions,Peppers,Avocado,Mayonnaise,,Vegan bacon,Tomatoes,Avocado,Pesto,,,,,7,7,4,1000,0,1000,0,1,999,,,,,,,,,,,,,,,
,,,,,,,,,,,,,51922,2020-02-28_19h08.05.326,SandwichStudy,3.2.4,Win32,60,"[""space""]",[0.812000036239624],1,0,80,50,1,79,Tomatoes,Mozzarella cheese,Pesto,Vinaigrette,Spinach,,,,Avocado,Cucumbers,Sprouts,Lettuce,Tomatoes,Onions,Pesto,,7,5,7,1000,0,1000,0,1,999,,,,,,,,,,,,,,,
,,,,,,,,,,,,,51922,2020-02-28_19h08.05.326,SandwichStudy,3.2.4,Win32,60,"[""a""]",[0.8090000152587891],1,0,80,50,1,79,Tomatoes,Mozzarella cheese,Pesto,Vinaigrette,Spinach,,,,Avocado,Cucumbers,Sprouts,Lettuce,Tomatoes,Onions,Pesto,,7,5,7,1000,0,1000,0,1,999,,,,,,,,,,,,,,,
,,,,,,,,,,,,,51922,2020-02-28_19h08.05.326,SandwichStudy,3.2.4,Win32,60,"[""l""]",[3.2869999408721924],1,0,80,3,1,79,Egg salad,Lettuce,Tomatoes,Onions,,,,,Peppers,Tomatoes,Basil,Spinach,Hummus,Pesto,Olives,,7,4,7,1000,0,1000,0,1,999,,,,,,,,,,,,,,,
,,,,,,,,,,,,,51922,2020-02-28_19h08.05.326,SandwichStudy,3.2.4,Win32,60,"[""space""]",[4.026000022888184],1,0,80,57,1,79,Cheddar cheese,Avocado,Cucumbers,Lettuce,Mustard,Sprouts,,,American cheese,Cheddar cheese,Swiss cheese,Onions,Mustard,,,,6,6,5,1000,0,1000,0,1,999,,,,,,,,,,,,,,,
,,,,,,,,,,,,,51922,2020-02-28_19h08.05.326,SandwichStudy,3.2.4,Win32,60,"[""space""]",[0.37800002098083496],1,0,80,57,1,79,Cheddar cheese,Avocado,Cucumbers,Lettuce,Mustard,Sprouts,,,American cheese,Cheddar cheese,Swiss cheese,Onions,Mustard,,,,6,6,5,1000,0,1000,0,1,999,,,,,,,,,,,,,,,
,,,,,,,,,,,,,51922,2020-02-28_19h08.05.326,SandwichStudy,3.2.4,Win32,60,"[""space""]",[1.437999963760376],1,0,80,57,1,79,Cheddar cheese,Avocado,Cucumbers,Lettuce,Mustard,Sprouts,,,American cheese,Cheddar cheese,Swiss cheese,Onions,Mustard,,,,6,6,5,1000,0,1000,0,1,999,,,,,,,,,,,,,,,
,,,,,,,,,,,,,51922,2020-02-28_19h08.05.326,SandwichStudy,3.2.4,Win32,60,"[""l""]",[0.9809999465942383],1,0,80,57,1,79,Cheddar cheese,Avocado,Cucumbers,Lettuce,Mustard,Sprouts,,,American cheese,Cheddar cheese,Swiss cheese,Onions,Mustard,,,,6,6,5,1000,0,1000,0,1,999,,,,,,,,,,,,,,,
,,,,,,,,,,,,,51922,2020-02-28_19h08.05.326,SandwichStudy,3.2.4,Win32,60,"[""l""]",[1.5930001735687256],1,0,80,27,1,79,Pepper jack cheese,Spinach,Tomatoes,Garlic aioli,,,,,Black bean patty,Guacamole,Tomatoes,Lettuce,Sprouts,,,,5,4,5,1000,0,1000,0,1,999,,,,,,,,,,,,,,,
,,,,,,,,,,,,,51922,2020-02-28_19h08.05.326,SandwichStudy,3.2.4,Win32,60,"[""space""]",[0.5540001392364502],1,0,80,32,1,79,Soy chicken,Coleslaw,Ranch dressing,Pickles,,,,,Avocado,Cucumbers,Arugula,Carrots,Tomatoes,Olives,Cream cheese,,7,4,7,1000,0,1000,0,1,999,,,,,,,,,,,,,,,
,,,,,,,,,,,,,51922,2020-02-28_19h08.05.326,SandwichStudy,3.2.4,Win32,60,"[""l""]",[0.7549998760223389],1,0,80,32,1,79,Soy chicken,Coleslaw,Ranch dressing,Pickles,,,,,Avocado,Cucumbers,Arugula,Carrots,Tomatoes,Olives,Cream cheese,,7,4,7,1000,0,1000,0,1,999,,,,,,,,,,,,,,,
,,,,,,,,,,,,,51922,2020-02-28_19h08.05.326,SandwichStudy,3.2.4,Win32,60,"[""space""]",[0.5309998989105225],1,0,80,14,1,79,American cheese,Cheddar cheese,Swiss cheese,Onions,Mustard,,,,Cheddar cheese,Cream cheese,Pickles,Jalapenos,,,,,5,5,4,1000,0,1000,0,1,999,,,,,,,,,,,,,,,
,,,,,,,,,,,,,51922,2020-02-28_19h08.05.326,SandwichStudy,3.2.4,Win32,60,"[""space""]",[0.45599985122680664],1,0,80,14,1,79,American cheese,Cheddar cheese,Swiss cheese,Onions,Mustard,,,,Cheddar cheese,Cream cheese,Pickles,Jalapenos,,,,,5,5,4,1000,0,1000,0,1,999,,,,,,,,,,,,,,,
,,,,,,,,,,,,,51922,2020-02-28_19h08.05.326,SandwichStudy,3.2.4,Win32,60,"[""space""]",[0.5049998760223389],1,0,80,14,1,79,American cheese,Cheddar cheese,Swiss cheese,Onions,Mustard,,,,Cheddar cheese,Cream cheese,Pickles,Jalapenos,,,,,5,5,4,1000,0,1000,0,1,999,,,,,,,,,,,,,,,
,,,,,,,,,,,,,51922,2020-02-28_19h08.05.326,SandwichStudy,3.2.4,Win32,60,"[""a""]",[0.4570000171661377],1,0,80,14,1,79,American cheese,Cheddar cheese,Swiss cheese,Onions,Mustard,,,,Cheddar cheese,Cream cheese,Pickles,Jalapenos,,,,,5,5,4,1000,0,1000,0,1,999,,,,,,,,,,,,,,,
,,,,,,,,,,,,,51922,2020-02-28_19h08.05.326,SandwichStudy,3.2.4,Win32,60,"[""space""]",[3.243000030517578],1,0,80,66,1,79,Soy chicken,Mushrooms,Onions,Provolone cheese,,,,,Hummus,Feta cheese,Artichoke hearts,Cucumbers,Peppers,,,,5,4,5,1000,0,1000,0,1,999,,,,,,,,,,,,,,,
,,,,,,,,,,,,,51922,2020-02-28_19h08.05.326,SandwichStudy,3.2.4,Win32,60,"[""a""]",[0.4720001220703125],1,0,80,66,1,79,Soy chicken,Mushrooms,Onions,Provolone cheese,,,,,Hummus,Feta cheese,Artichoke hearts,Cucumbers,Peppers,,,,5,4,5,1000,0,1000,0,1,999,,,,,,,,,,,,,,,
,,,,,,,,,,,,,51922,2020-02-28_19h08.05.326,SandwichStudy,3.2.4,Win32,60,"[""space""]",[0.4440000057220459],1,0,80,8,1,79,Avocado,Tomatoes,Lettuce,Sprouts,Guacamole,Vinaigrette,,,Tomatoes,Mozzarella cheese,Spinach,Pesto,,,,,6,6,4,1000,0,1000,0,1,999,,,,,,,,,,,,,,,
,,,,,,,,,,,,,51922,2020-02-28_19h08.05.326,SandwichStudy,3.2.4,Win32,60,"[""a""]",[0.2390000820159912],1,0,80,8,1,79,Avocado,Tomatoes,Lettuce,Sprouts,Guacamole,Vinaigrette,,,Tomatoes,Mozzarella cheese,Spinach,Pesto,,,,,6,6,4,1000,0,1000,0,1,999,,,,,,,,,,,,,,,
,,,,,,,,,,,,,51922,2020-02-28_19h08.05.326,SandwichStudy,3.2.4,Win32,60,"[""space""]",[0.437999963760376],1,0,80,31,1,79,Mushrooms,Provolone cheese,Mustard,Peppers,Lettuce,Tomatoes,Vinaigrette,,Black bean patty,Tomatoes,Cheddar cheese,Onions,Pickles,Lettuce,,,7,7,6,1000,0,1000,0,1,999,,,,,,,,,,,,,,,
,,,,,,,,,,,,,51922,2020-02-28_19h08.05.326,SandwichStudy,3.2.4,Win32,60,"[""space""]",[0.33300018310546875],1,0,80,31,1,79,Mushrooms,Provolone cheese,Mustard,Peppers,Lettuce,Tomatoes,Vinaigrette,,Black bean patty,Tomatoes,Cheddar cheese,Onions,Pickles,Lettuce,,,7,7,6,1000,0,1000,0,1,999,,,,,,,,,,,,,,,
,,,,,,,,,,,,,51922,2020-02-28_19h08.05.326,SandwichStudy,3.2.4,Win32,60,"[""space""]",[3.2129998207092285],1,0,80,31,1,79,Mushrooms,Provolone cheese,Mustard,Peppers,Lettuce,Tomatoes,Vinaigrette,,Black bean patty,Tomatoes,Cheddar cheese,Onions,Pickles,Lettuce,,,7,7,6,1000,0,1000,0,1,999,,,,,,,,,,,,,,,
,,,,,,,,,,,,,51922,2020-02-28_19h08.05.326,SandwichStudy,3.2.4,Win32,60,"[""a""]",[1.363999843597412],1,0,80,31,1,79,Mushrooms,Provolone cheese,Mustard,Peppers,Lettuce,Tomatoes,Vinaigrette,,Black bean patty,Tomatoes,Cheddar cheese,Onions,Pickles,Lettuce,,,7,7,6,1000,0,1000,0,1,999,,,,,,,,,,,,,,,
,,,,,,,,,,,,,51922,2020-02-28_19h08.05.326,SandwichStudy,3.2.4,Win32,60,"[""l""]",[0.9779999256134033],1,0,80,62,1,79,Guacamole,Sprouts,Tomatoes,Cucumbers,Vinaigrette,,,,Mushrooms,Arugula,Tomatoes,Onions,Swiss cheese,Vinaigrette,,,6,5,6,1000,0,1000,0,1,999,,,,,,,,,,,,,,,
,,,,,,,,,,,,,51922,2020-02-28_19h08.05.326,SandwichStudy,3.2.4,Win32,60,"[""space""]",[0.9930000305175781],1,0,80,65,1,79,Soy chicken,Ranch dressing,Lettuce,Tomatoes,Onions,,,,Avocado,Cucumbers,Arugula,Carrots,Tomatoes,Olives,Cream cheese,,7,5,7,1000,0,1000,0,1,999,,,,,,,,,,,,,,,
,,,,,,,,,,,,,51922,2020-02-28_19h08.05.326,SandwichStudy,3.2.4,Win32,60,"[""l""]",[1.4049999713897705],1,0,80,65,1,79,Soy chicken,Ranch dressing,Lettuce,Tomatoes,Onions,,,,Avocado,Cucumbers,Arugula,Carrots,Tomatoes,Olives,Cream cheese,,7,5,7,1000,0,1000,0,1,999,,,,,,,,,,,,,,,
,,,,,,,,,,,,,51922,2020-02-28_19h08.05.326,SandwichStudy,3.2.4,Win32,60,"[""space""]",[3.5290000438690186],1,0,80,51,1,79,Jalapenos,Cucumbers,Sprouts,Mixed greens,Coleslaw,,,,Avocado,Pepper jack cheese,Sprouts,Spinach,Cucumbers,Onions,Mayonnaise,Tomatoes,8,5,8,1000,0,1000,0,1,999,,,,,,,,,,,,,,,
,,,,,,,,,,,,,51922,2020-02-28_19h08.05.326,SandwichStudy,3.2.4,Win32,60,"[""space""]",[0.7890000343322754],1,0,80,51,1,79,Jalapenos,Cucumbers,Sprouts,Mixed greens,Coleslaw,,,,Avocado,Pepper jack cheese,Sprouts,Spinach,Cucumbers,Onions,Mayonnaise,Tomatoes,8,5,8,1000,0,1000,0,1,999,,,,,,,,,,,,,,,
,,,,,,,,,,,,,51922,2020-02-28_19h08.05.326,SandwichStudy,3.2.4,Win32,60,"[""space""]",[1.6989998817443848],1,0,80,51,1,79,Jalapenos,Cucumbers,Sprouts,Mixed greens,Coleslaw,,,,Avocado,Pepper jack cheese,Sprouts,Spinach,Cucumbers,Onions,Mayonnaise,Tomatoes,8,5,8,1000,0,1000,0,1,999,,,,,,,,,,,,,,,
,,,,,,,,,,,,,51922,2020-02-28_19h08.05.326,SandwichStudy,3.2.4,Win32,60,"[""a""]",[4.186000108718872],1,0,80,51,1,79,Jalapenos,Cucumbers,Sprouts,Mixed greens,Coleslaw,,,,Avocado,Pepper jack cheese,Sprouts,Spinach,Cucumbers,Onions,Mayonnaise,Tomatoes,8,5,8,1000,0,1000,0,1,999,,,,,,,,,,,,,,,
,,,,,,,,,,,,,51922,2020-02-28_19h08.05.326,SandwichStudy,3.2.4,Win32,60,"[""space""]",[1.2880001068115234],1,0,80,48,1,79,Cheddar cheese,Swiss cheese,Pepper jack cheese,Avocado,Mayonnaise,Sprouts,Tomatoes,,Egg salad,Feta cheese,Spinach,Tomatoes,,,,,7,7,4,1000,0,1000,0,1,999,,,,,,,,,,,,,,,
,,,,,,,,,,,,,51922,2020-02-28_19h08.05.326,SandwichStudy,3.2.4,Win32,60,"[""space""]",[0.6779999732971191],1,0,80,48,1,79,Cheddar cheese,Swiss cheese,Pepper jack cheese,Avocado,Mayonnaise,Sprouts,Tomatoes,,Egg salad,Feta cheese,Spinach,Tomatoes,,,,,7,7,4,1000,0,1000,0,1,999,,,,,,,,,,,,,,,
,,,,,,,,,,,,,51922,2020-02-28_19h08.05.326,SandwichStudy,3.2.4,Win32,60,"[""space""]",[0.5390000343322754],1,0,80,48,1,79,Cheddar cheese,Swiss cheese,Pepper jack cheese,Avocado,Mayonnaise,Sprouts,Tomatoes,,Egg salad,Feta cheese,Spinach,Tomatoes,,,,,7,7,4,1000,0,1000,0,1,999,,,,,,,,,,,,,,,
,,,,,,,,,,,,,51922,2020-02-28_19h08.05.326,SandwichStudy,3.2.4,Win32,60,"[""l""]",[0.7199997901916504],1,0,80,48,1,79,Cheddar cheese,Swiss cheese,Pepper jack cheese,Avocado,Mayonnaise,Sprouts,Tomatoes,,Egg salad,Feta cheese,Spinach,Tomatoes,,,,,7,7,4,1000,0,1000,0,1,999,,,,,,,,,,,,,,,
,,,,,,,,,,,,,51922,2020-02-28_19h08.05.326,SandwichStudy,3.2.4,Win32,60,"[""space""]",[1.0259997844696045],1,0,80,35,1,79,Falafel,Garlic aioli,Cucumbers,Peppers,Arugula,,,,Hummus,Feta cheese,Artichoke hearts,Cucumbers,Peppers,,,,5,5,5,1000,0,1000,0,1,999,,,,,,,,,,,,,,,
,,,,,,,,,,,,,51922,2020-02-28_19h08.05.326,SandwichStudy,3.2.4,Win32,60,"[""l""]",[0.8580000400543213],1,0,80,35,1,79,Falafel,Garlic aioli,Cucumbers,Peppers,Arugula,,,,Hummus,Feta cheese,Artichoke hearts,Cucumbers,Peppers,,,,5,5,5,1000,0,1000,0,1,999,,,,,,,,,,,,,,,
,,,,,,,,,,,,,51922,2020-02-28_19h08.05.326,SandwichStudy,3.2.4,Win32,60,"[""l""]",[2.755999803543091],1,0,80,55,1,79,Vegan turkey,Onions,Lettuce,Pickles,Mustard,Mayonnaise,,,Soy chicken,Garlic aioli,Pickles,Cucumbers,Jalapenos,Basil,,,6,6,6,1000,0,1000,0,1,999,,,,,,,,,,,,,,,
,,,,,,,,,,,,,51922,2020-02-28_19h08.05.326,SandwichStudy,3.2.4,Win32,60,"[""a""]",[0.6470000743865967],1,0,80,37,1,79,Vegan turkey,Provolone cheese,Vinaigrette,Coleslaw,Mayonnaise,,,,Vegan bacon,Tomatoes,Lettuce,Mayonnaise,,,,,5,5,4,1000,0,1000,0,1,999,,,,,,,,,,,,,,,
,,,,,,,,,,,,,51922,2020-02-28_19h08.05.326,SandwichStudy,3.2.4,Win32,60,"[""space""]",[0.621999979019165],1,0,80,15,1,79,Mixed greens,Onions,Hummus,Olives,Cucumbers,Sprouts,Tomatoes,,Mozzarella cheese,Peppers,Pesto,Mixed greens,Mayonnaise,,,,7,7,5,1000,0,1000,0,1,999,,,,,,,,,,,,,,,
,,,,,,,,,,,,,51922,2020-02-28_19h08.05.326,SandwichStudy,3.2.4,Win32,60,"[""l""]",[0.10399985313415527],1,0,80,15,1,79,Mixed greens,Onions,Hummus,Olives,Cucumbers,Sprouts,Tomatoes,,Mozzarella cheese,Peppers,Pesto,Mixed greens,Mayonnaise,,,,7,7,5,1000,0,1000,0,1,999,,,,,,,,,,,,,,,
,,,,,,,,,,,,,51922,2020-02-28_19h08.05.326,SandwichStudy,3.2.4,Win32,60,"[""l""]",[0.9800000190734863],1,0,80,12,1,79,Egg salad,Tomatoes,Onions,Arugula,Garlic aioli,,,,Hummus,Avocado,Cucumbers,Tomatoes,Onions,Sprouts,,,6,5,6,1000,0,1000,0,1,999,,,,,,,,,,,,,,,
,,,,,,,,,,,,,51922,2020-02-28_19h08.05.326,SandwichStudy,3.2.4,Win32,60,"[""a""]",[0.47699999809265137],1,0,80,0,1,79,Provolone cheese,Swiss cheese,Cheddar cheese,Parmesan cheese,Tomatoes,Mustard,,,Soy chicken,Garlic aioli,Pickles,Cucumbers,Jalapenos,Basil,,,6,6,6,1000,0,1000,0,1,999,,,,,,,,,,,,,,,
,,,,,,,,,,,,,51922,2020-02-28_19h08.05.326,SandwichStudy,3.2.4,Win32,60,"[""l""]",[0.6269998550415039],1,0,80,69,1,79,Falafel,Garlic aioli,Cucumbers,Peppers,Arugula,,,,Guacamole,Cheddar cheese,Provolone cheese,Olives,Cucumbers,Mushrooms,Peppers,Lettuce,8,5,8,1000,0,1000,0,1,999,,,,,,,,,,,,,,,
,,,,,,,,,,,,,51922,2020-02-28_19h08.05.326,SandwichStudy,3.2.4,Win32,60,"[""space""]",[0.4739999771118164],1,0,80,39,1,79,Cheddar cheese,Provolone cheese,Swiss cheese,Mushrooms,Mayonnaise,Lettuce,Tomatoes,,Olives,Tomatoes,Spinach,Feta cheese,Provolone cheese,Vinaigrette,,,7,7,6,1000,0,1000,0,1,999,,,,,,,,,,,,,,,
,,,,,,,,,,,,,51922,2020-02-28_19h08.05.326,SandwichStudy,3.2.4,Win32,60,"[""space""]",[0.2710001468658447],1,0,80,39,1,79,Cheddar cheese,Provolone cheese,Swiss cheese,Mushrooms,Mayonnaise,Lettuce,Tomatoes,,Olives,Tomatoes,Spinach,Feta cheese,Provolone cheese,Vinaigrette,,,7,7,6,1000,0,1000,0,1,999,,,,,,,,,,,,,,,
,,,,,,,,,,,,,51922,2020-02-28_19h08.05.326,SandwichStudy,3.2.4,Win32,60,"[""a""]",[2.388000011444092],1,0,80,39,1,79,Cheddar cheese,Provolone cheese,Swiss cheese,Mushrooms,Mayonnaise,Lettuce,Tomatoes,,Olives,Tomatoes,Spinach,Feta cheese,Provolone cheese,Vinaigrette,,,7,7,6,1000,0,1000,0,1,999,,,,,,,,,,,,,,,
,,,,,,,,,,,,,51922,2020-02-28_19h08.05.326,SandwichStudy,3.2.4,Win32,60,"[""a""]",[0.4909999370574951],1,0,80,10,1,79,Soy chicken,Ranch dressing,Lettuce,Tomatoes,Onions,,,,Swiss cheese,Hummus,Peppers,Mixed greens,Onions,Tomatoes,Pickles,Olives,8,5,8,1000,0,1000,0,1,999,,,,,,,,,,,,,,,
,,,,,,,,,,,,,51922,2020-02-28_19h08.05.326,SandwichStudy,3.2.4,Win32,60,"[""a""]",[0.5720000267028809],1,0,80,49,1,79,Soy chicken,Pesto,Mixed greens,Tomatoes,Onions,,,,Avocado,Vegan bacon,Garlic aioli,Lettuce,Tomatoes,Onions,,,6,5,6,1000,0,1000,0,1,999,,,,,,,,,,,,,,,
,,,,,,,,,,,,,51922,2020-02-28_19h08.05.326,SandwichStudy,3.2.4,Win32,60,"[""space""]",[1.9049999713897705],1,0,80,54,1,79,Tomatoes,Mozzarella cheese,Spinach,Pesto,,,,,Avocado,Onions,Cucumbers,Spinach,Cheddar cheese,,,,5,4,5,1000,0,1000,0,1,999,,,,,,,,,,,,,,,
,,,,,,,,,,,,,51922,2020-02-28_19h08.05.326,SandwichStudy,3.2.4,Win32,60,"[""space""]",[0.5209999084472656],1,0,80,54,1,79,Tomatoes,Mozzarella cheese,Spinach,Pesto,,,,,Avocado,Onions,Cucumbers,Spinach,Cheddar cheese,,,,5,4,5,1000,0,1000,0,1,999,,,,,,,,,,,,,,,
,,,,,,,,,,,,,51922,2020-02-28_19h08.05.326,SandwichStudy,3.2.4,Win32,60,"[""l""]",[0.5400002002716064],1,0,80,54,1,79,Tomatoes,Mozzarella cheese,Spinach,Pesto,,,,,Avocado,Onions,Cucumbers,Spinach,Cheddar cheese,,,,5,4,5,1000,0,1000,0,1,999,,,,,,,,,,,,,,,
,,,,,,,,,,,,,51922,2020-02-28_19h08.05.326,SandwichStudy,3.2.4,Win32,60,"[""space""]",[0.2800002098083496],1,0,80,30,1,79,Olives,Tomatoes,Spinach,Feta cheese,Provolone cheese,Vinaigrette,,,Cheddar cheese,Swiss cheese,Pepper jack cheese,Avocado,Mayonnaise,Sprouts,Tomatoes,,7,6,7,1000,0,1000,0,1,999,,,,,,,,,,,,,,,
,,,,,,,,,,,,,51922,2020-02-28_19h08.05.326,SandwichStudy,3.2.4,Win32,60,"[""space""]",[0.7220001220703125],1,0,80,30,1,79,Olives,Tomatoes,Spinach,Feta cheese,Provolone cheese,Vinaigrette,,,Cheddar cheese,Swiss cheese,Pepper jack cheese,Avocado,Mayonnaise,Sprouts,Tomatoes,,7,6,7,1000,0,1000,0,1,999,,,,,,,,,,,,,,,
,,,,,,,,,,,,,51922,2020-02-28_19h08.05.326,SandwichStudy,3.2.4,Win32,60,"[""a""]",[0.5240001678466797],1,0,80,30,1,79,Olives,Tomatoes,Spinach,Feta cheese,Provolone cheese,Vinaigrette,,,Cheddar cheese,Swiss cheese,Pepper jack cheese,Avocado,Mayonnaise,Sprouts,Tomatoes,,7,6,7,1000,0,1000,0,1,999,,,,,,,,,,,,,,,
,,,,,,,,,,,,,51922,2020-02-28_19h08.05.326,SandwichStudy,3.2.4,Win32,60,"[""a""]",[0.6140000820159912],1,0,80,60,1,79,Vegan turkey,Cucumbers,Pickles,Jalapenos,Garlic aioli,,,,Swiss cheese,Cheddar cheese,Pepper jack cheese,Onions,Tomatoes,,,,5,5,5,1000,0,1000,0,1,999,,,,,,,,,,,,,,,
,,,,,,,,,,,,,51922,2020-02-28_19h08.05.326,SandwichStudy,3.2.4,Win32,60,"[""l""]",[0.7589998245239258],1,0,80,23,1,79,Artichoke hearts,Mushrooms,Pesto,Provolone cheese,,,,,Guacamole,Cheddar cheese,Provolone cheese,Olives,Cucumbers,Mushrooms,Peppers,Lettuce,8,4,8,1000,0,1000,0,1,999,,,,,,,,,,,,,,,
,,,,,,,,,,,,,51922,2020-02-28_19h08.05.326,SandwichStudy,3.2.4,Win32,60,"[""space""]",[2.2310001850128174],1,0,80,25,1,79,Vegan turkey,Cucumbers,Tomatoes,Onions,Sprouts,Avocado,Mayonnaise,,Sprouts,Cucumbers,Onions,Spinach,Tomatoes,Vinaigrette,,,7,7,6,1000,0,1000,0,1,999,,,,,,,,,,,,,,,
,,,,,,,,,,,,,51922,2020-02-28_19h08.05.326,SandwichStudy,3.2.4,Win32,60,"[""a""]",[0.4719998836517334],1,0,80,25,1,79,Vegan turkey,Cucumbers,Tomatoes,Onions,Sprouts,Avocado,Mayonnaise,,Sprouts,Cucumbers,Onions,Spinach,Tomatoes,Vinaigrette,,,7,7,6,1000,0,1000,0,1,999,,,,,,,,,,,,,,,
,,,,,,,,,,,,,51922,2020-02-28_19h08.05.326,SandwichStudy,3.2.4,Win32,60,"[""space""]",[1.1630001068115234],1,0,80,79,1,79,Artichoke hearts,Mushrooms,Pesto,Provolone cheese,,,,,Vegan turkey,Provolone cheese,Vinaigrette,Coleslaw,Mayonnaise,,,,5,4,5,1000,0,1000,0,1,999,,,,,,,,,,,,,,,
,,,,,,,,,,,,,51922,2020-02-28_19h08.05.326,SandwichStudy,3.2.4,Win32,60,"[""a""]",[0.5970001220703125],1,0,80,79,1,79,Artichoke hearts,Mushrooms,Pesto,Provolone cheese,,,,,Vegan turkey,Provolone cheese,Vinaigrette,Coleslaw,Mayonnaise,,,,5,4,5,1000,0,1000,0,1,999,,,,,,,,,,,,,,,
,,,,,,,,,,,,,51922,2020-02-28_19h08.05.326,SandwichStudy,3.2.4,Win32,60,"[""a""]",[1.008000135421753],1,0,80,72,1,79,Artichoke hearts,Mushrooms,Pesto,Provolone cheese,,,,,Avocado,Pesto,Cheddar cheese,,,,,,4,4,3,1000,0,1000,0,1,999,,,,,,,,,,,,,,,
,,,,,,,,,,,,,51922,2020-02-28_19h08.05.326,SandwichStudy,3.2.4,Win32,60,"[""space""]",[1.9040000438690186],1,0,80,38,1,79,Cucumbers,Tomatoes,Peppers,Onions,Mixed greens,Carrots,Sprouts,Avocado,Provolone cheese,Tomatoes,Pesto,Cheddar cheese,,,,,8,8,4,1000,0,1000,0,1,999,,,,,,,,,,,,,,,
,,,,,,,,,,,,,51922,2020-02-28_19h08.05.326,SandwichStudy,3.2.4,Win32,60,"[""space""]",[1.2709999084472656],1,0,80,38,1,79,Cucumbers,Tomatoes,Peppers,Onions,Mixed greens,Carrots,Sprouts,Avocado,Provolone cheese,Tomatoes,Pesto,Cheddar cheese,,,,,8,8,4,1000,0,1000,0,1,999,,,,,,,,,,,,,,,
,,,,,,,,,,,,,51922,2020-02-28_19h08.05.326,SandwichStudy,3.2.4,Win32,60,"[""l""]",[3.177000045776367],1,0,80,38,1,79,Cucumbers,Tomatoes,Peppers,Onions,Mixed greens,Carrots,Sprouts,Avocado,Provolone cheese,Tomatoes,Pesto,Cheddar cheese,,,,,8,8,4,1000,0,1000,0,1,999,,,,,,,,,,,,,,,
,,,,,,,,,,,,,51922,2020-02-28_19h08.05.326,SandwichStudy,3.2.4,Win32,60,"[""space""]",[0.8560001850128174],1,0,80,42,1,79,Falafel,Hummus,Garlic aioli,Cucumbers,Basil,Tomatoes,,,Hummus,Cucumbers,Tomatoes,Onions,Spinach,Peppers,Sprouts,,7,6,7,1000,0,1000,0,1,999,,,,,,,,,,,,,,,
,,,,,,,,,,,,,51922,2020-02-28_19h08.05.326,SandwichStudy,3.2.4,Win32,60,"[""l""]",[0.44899988174438477],1,0,80,42,1,79,Falafel,Hummus,Garlic aioli,Cucumbers,Basil,Tomatoes,,,Hummus,Cucumbers,Tomatoes,Onions,Spinach,Peppers,Sprouts,,7,6,7,1000,0,1000,0,1,999,,,,,,,,,,,,,,,
,,,,,,,,,,,,,51922,2020-02-28_19h08.05.326,SandwichStudy,3.2.4,Win32,60,"[""space""]",[0.4309999942779541],1,0,80,64,1,79,Peppers,Tomatoes,Basil,Spinach,Hummus,Pesto,Olives,,Provolone cheese,Guacamole,Mixed greens,Onions,Tomatoes,Pickles,Cucumbers,Sprouts,8,7,8,1000,0,1000,0,1,999,,,,,,,,,,,,,,,
,,,,,,,,,,,,,51922,2020-02-28_19h08.05.326,SandwichStudy,3.2.4,Win32,60,"[""space""]",[0.564000129699707],1,0,80,64,1,79,Peppers,Tomatoes,Basil,Spinach,Hummus,Pesto,Olives,,Provolone cheese,Guacamole,Mixed greens,Onions,Tomatoes,Pickles,Cucumbers,Sprouts,8,7,8,1000,0,1000,0,1,999,,,,,,,,,,,,,,,
,,,,,,,,,,,,,51922,2020-02-28_19h08.05.326,SandwichStudy,3.2.4,Win32,60,"[""l""]",[0.20799994468688965],1,0,80,64,1,79,Peppers,Tomatoes,Basil,Spinach,Hummus,Pesto,Olives,,Provolone cheese,Guacamole,Mixed greens,Onions,Tomatoes,Pickles,Cucumbers,Sprouts,8,7,8,1000,0,1000,0,1,999,,,,,,,,,,,,,,,
,,,,,,,,,,,,,51922,2020-02-28_19h08.05.326,SandwichStudy,3.2.4,Win32,60,"[""space""]",[0.5140001773834229],1,0,80,71,1,79,Pepper jack cheese,Cream cheese,Guacamole,Mixed greens,Onions,Tomatoes,Pickles,Sprouts,Black bean patty,Sprouts,Avocado,Tomatoes,Onions,Garlic aioli,,,8,8,6,1000,0,1000,0,1,999,,,,,,,,,,,,,,,
,,,,,,,,,,,,,51922,2020-02-28_19h08.05.326,SandwichStudy,3.2.4,Win32,60,"[""space""]",[0.2739999294281006],1,0,80,71,1,79,Pepper jack cheese,Cream cheese,Guacamole,Mixed greens,Onions,Tomatoes,Pickles,Sprouts,Black bean patty,Sprouts,Avocado,Tomatoes,Onions,Garlic aioli,,,8,8,6,1000,0,1000,0,1,999,,,,,,,,,,,,,,,
,,,,,,,,,,,,,51922,2020-02-28_19h08.05.326,SandwichStudy,3.2.4,Win32,60,"[""a""]",[1.374000072479248],1,0,80,71,1,79,Pepper jack cheese,Cream cheese,Guacamole,Mixed greens,Onions,Tomatoes,Pickles,Sprouts,Black bean patty,Sprouts,Avocado,Tomatoes,Onions,Garlic aioli,,,8,8,6,1000,0,1000,0,1,999,,,,,,,,,,,,,,,
,,,,,,,,,,,,,51922,2020-02-28_19h08.05.326,SandwichStudy,3.2.4,Win32,60,"[""a""]",[0.7809998989105225],1,0,80,18,1,79,Provolone cheese,Tomatoes,Pesto,Cheddar cheese,,,,,Guacamole,Hummus,Feta cheese,Mixed greens,Onions,Tomatoes,Pickles,Mushrooms,8,4,8,1000,0,1000,0,1,999,,,,,,,,,,,,,,,
,,,,,,,,,,,,,51922,2020-02-28_19h08.05.326,SandwichStudy,3.2.4,Win32,60,"[""l""]",[0.309999942779541],1,0,80,52,1,79,Cheddar cheese,Cream cheese,Pickles,Jalapenos,,,,,Guacamole,Hummus,Feta cheese,Mixed greens,Onions,Tomatoes,Pickles,Mushrooms,8,4,8,1000,0,1000,0,1,999,,,,,,,,,,,,,,,
,,,,,,,,,,,,,51922,2020-02-28_19h08.05.326,SandwichStudy,3.2.4,Win32,60,"[""space""]",[0.7560000419616699],1,0,80,46,1,79,Black bean patty,Pepper jack cheese,Lettuce,Tomatoes,Onions,Avocado,Mustard,,Avocado,Spinach,Tomatoes,Swiss cheese,,,,,7,7,4,1000,0,1000,0,1,999,,,,,,,,,,,,,,,
,,,,,,,,,,,,,51922,2020-02-28_19h08.05.326,SandwichStudy,3.2.4,Win32,60,"[""space""]",[0.5360000133514404],1,0,80,46,1,79,Black bean patty,Pepper jack cheese,Lettuce,Tomatoes,Onions,Avocado,Mustard,,Avocado,Spinach,Tomatoes,Swiss cheese,,,,,7,7,4,1000,0,1000,0,1,999,,,,,,,,,,,,,,,
,,,,,,,,,,,,,51922,2020-02-28_19h08.05.326,SandwichStudy,3.2.4,Win32,60,"[""l""]",[0.5],1,0,80,46,1,79,Black bean patty,Pepper jack cheese,Lettuce,Tomatoes,Onions,Avocado,Mustard,,Avocado,Spinach,Tomatoes,Swiss cheese,,,,,7,7,4,1000,0,1000,0,1,999,,,,,,,,,,,,,,,
,,,,,,,,,,,,,51922,2020-02-28_19h08.05.326,SandwichStudy,3.2.4,Win32,60,"[""l""]",[0.753000020980835],1,0,80,78,1,79,Soy chicken,Mushrooms,Onions,Provolone cheese,,,,,Avocado,Pesto,Cheddar cheese,,,,,,4,4,3,1000,0,1000,0,1,999,,,,,,,,,,,,,,,
,,,,,,,,,,,,,51922,2020-02-28_19h08.05.326,SandwichStudy,3.2.4,Win32,60,"[""l""]",[0.4549999237060547],1,0,80,59,1,79,Vegan turkey,Provolone cheese,Vinaigrette,Coleslaw,Mayonnaise,,,,Provolone cheese,Swiss cheese,Cheddar cheese,Parmesan cheese,Tomatoes,Mustard,,,6,5,6,1000,0,1000,0,1,999,,,,,,,,,,,,,,,
,,,,,,,,,,,,,51922,2020-02-28_19h08.05.326,SandwichStudy,3.2.4,Win32,60,"[""space""]",[1.0279998779296875],1,0,80,17,1,79,Hummus,Cucumbers,Tomatoes,Onions,Spinach,Peppers,Sprouts,,Artichoke hearts,Feta cheese,Provolone cheese,Mayonnaise,Onions,Tomatoes,Pickles,,7,7,7,1000,0,1000,0,1,999,,,,,,,,,,,,,,,
,,,,,,,,,,,,,51922,2020-02-28_19h08.05.326,SandwichStudy,3.2.4,Win32,60,"[""space""]",[0.45599985122680664],1,0,80,17,1,79,Hummus,Cucumbers,Tomatoes,Onions,Spinach,Peppers,Sprouts,,Artichoke hearts,Feta cheese,Provolone cheese,Mayonnaise,Onions,Tomatoes,Pickles,,7,7,7,1000,0,1000,0,1,999,,,,,,,,,,,,,,,
,,,,,,,,,,,,,51922,2020-02-28_19h08.05.326,SandwichStudy,3.2.4,Win32,60,"[""l""]",[0.6770000457763672],1,0,80,17,1,79,Hummus,Cucumbers,Tomatoes,Onions,Spinach,Peppers,Sprouts,,Artichoke hearts,Feta cheese,Provolone cheese,Mayonnaise,Onions,Tomatoes,Pickles,,7,7,7,1000,0,1000,0,1,999,,,,,,,,,,,,,,,
,,,,,,,,,,,,,51922,2020-02-28_19h08.05.326,SandwichStudy,3.2.4,Win32,60,"[""a""]",[0.7970001697540283],1,0,80,63,1,79,Mozzarella cheese,Peppers,Pesto,Mixed greens,Mayonnaise,,,,Hummus,Guacamole,Tomatoes,Lettuce,Sprouts,,,,5,5,5,1000,0,1000,0,1,999,,,,,,,,,,,,,,,
,,,,,,,,,,,,,51922,2020-02-28_19h08.05.326,SandwichStudy,3.2.4,Win32,60,"[""l""]",[0.7720000743865967],1,0,80,29,1,79,Mushrooms,Peppers,Artichoke hearts,Spinach,Pesto,,,,Tomatoes,Mozzarella cheese,Pesto,Vinaigrette,Spinach,,,,5,5,5,1000,0,1000,0,1,999,,,,,,,,,,,,,,,
,,,,,,,,,,,,,51922,2020-02-28_19h08.05.326,SandwichStudy,3.2.4,Win32,60,"[""l""]",[0.9210000038146973],1,0,80,6,1,79,Avocado,Pepper jack cheese,Sprouts,Spinach,Cucumbers,Onions,Mayonnaise,Tomatoes,Pepper jack cheese,Cream cheese,Guacamole,Mixed greens,Onions,Tomatoes,Pickles,Sprouts,8,8,8,1000,0,1000,0,1,999,,,,,,,,,,,,,,,
,,,,,,,,,,,,,51922,2020-02-28_19h08.05.326,SandwichStudy,3.2.4,Win32,60,"[""space""]",[1.0429999828338623],1,0,80,70,1,79,Mushrooms,Peppers,Artichoke hearts,Spinach,Pesto,,,,Hummus,Avocado,Cucumbers,Tomatoes,Onions,Sprouts,,,6,5,6,1000,0,1000,0,1,999,,,,,,,,,,,,,,,
,,,,,,,,,,,,,51922,2020-02-28_19h08.05.326,SandwichStudy,3.2.4,Win32,60,"[""space""]",[0.5759999752044678],1,0,80,70,1,79,Mushrooms,Peppers,Artichoke hearts,Spinach,Pesto,,,,Hummus,Avocado,Cucumbers,Tomatoes,Onions,Sprouts,,,6,5,6,1000,0,1000,0,1,999,,,,,,,,,,,,,,,
,,,,,,,,,,,,,51922,2020-02-28_19h08.05.326,SandwichStudy,3.2.4,Win32,60,"[""a""]",[2.124000072479248],1,0,80,70,1,79,Mushrooms,Peppers,Artichoke hearts,Spinach,Pesto,,,,Hummus,Avocado,Cucumbers,Tomatoes,Onions,Sprouts,,,6,5,6,1000,0,1000,0,1,999,,,,,,,,,,,,,,,
,,,,,,,,,,,,,51922,2020-02-28_19h08.05.326,SandwichStudy,3.2.4,Win32,60,"[""space""]",[1.5950000286102295],1,0,80,34,1,79,Black bean patty,Onions,Peppers,Provolone cheese,,,,,Black bean patty,American cheese,Cheddar cheese,Lettuce,Tomatoes,,,,5,4,5,1000,0,1000,0,1,999,,,,,,,,,,,,,,,
,,,,,,,,,,,,,51922,2020-02-28_19h08.05.326,SandwichStudy,3.2.4,Win32,60,"[""space""]",[0.937999963760376],1,0,80,34,1,79,Black bean patty,Onions,Peppers,Provolone cheese,,,,,Black bean patty,American cheese,Cheddar cheese,Lettuce,Tomatoes,,,,5,4,5,1000,0,1000,0,1,999,,,,,,,,,,,,,,,
,,,,,,,,,,,,,51922,2020-02-28_19h08.05.326,SandwichStudy,3.2.4,Win32,60,"[""l""]",[0.43899989128112793],1,0,80,34,1,79,Black bean patty,Onions,Peppers,Provolone cheese,,,,,Black bean patty,American cheese,Cheddar cheese,Lettuce,Tomatoes,,,,5,4,5,1000,0,1000,0,1,999,,,,,,,,,,,,,,,
,,,,,,,,,,,,,51922,2020-02-28_19h08.05.326,SandwichStudy,3.2.4,Win32,60,"[""space""]",[0.8220000267028809],1,0,80,40,1,79,Black bean patty,American cheese,Cheddar cheese,Lettuce,Tomatoes,,,,Avocado,Tomatoes,Mayonnaise,Mixed greens,Lettuce,Onions,Vinaigrette,,7,5,7,1000,0,1000,0,1,999,,,,,,,,,,,,,,,
,,,,,,,,,,,,,51922,2020-02-28_19h08.05.326,SandwichStudy,3.2.4,Win32,60,"[""l""]",[0.23800015449523926],1,0,80,40,1,79,Black bean patty,American cheese,Cheddar cheese,Lettuce,Tomatoes,,,,Avocado,Tomatoes,Mayonnaise,Mixed greens,Lettuce,Onions,Vinaigrette,,7,5,7,1000,0,1000,0,1,999,,,,,,,,,,,,,,,
,,,,,,,,,,,,,51922,2020-02-28_19h08.05.326,SandwichStudy,3.2.4,Win32,60,"[""space""]",[0.28800010681152344],1,0,80,68,1,79,Mushrooms,Provolone cheese,Mustard,Peppers,Lettuce,Tomatoes,Vinaigrette,,Vegan turkey,Cucumbers,Tomatoes,Onions,Sprouts,Avocado,Mayonnaise,,7,7,7,1000,0,1000,0,1,999,,,,,,,,,,,,,,,
,,,,,,,,,,,,,51922,2020-02-28_19h08.05.326,SandwichStudy,3.2.4,Win32,60,"[""l""]",[0.2049999237060547],1,0,80,68,1,79,Mushrooms,Provolone cheese,Mustard,Peppers,Lettuce,Tomatoes,Vinaigrette,,Vegan turkey,Cucumbers,Tomatoes,Onions,Sprouts,Avocado,Mayonnaise,,7,7,7,1000,0,1000,0,1,999,,,,,,,,,,,,,,,
,,,,,,,,,,,,,51922,2020-02-28_19h08.05.326,SandwichStudy,3.2.4,Win32,60,"[""space""]",[1.6979999542236328],1,0,80,28,1,79,Cucumbers,Tomatoes,Peppers,Onions,Mixed greens,Carrots,Sprouts,Avocado,Mushrooms,Swiss cheese,Provolone cheese,Cheddar cheese,Lettuce,Tomatoes,,,8,8,6,1000,0,1000,0,1,999,,,,,,,,,,,,,,,
,,,,,,,,,,,,,51922,2020-02-28_19h08.05.326,SandwichStudy,3.2.4,Win32,60,"[""a""]",[0.4789998531341553],1,0,80,28,1,79,Cucumbers,Tomatoes,Peppers,Onions,Mixed greens,Carrots,Sprouts,Avocado,Mushrooms,Swiss cheese,Provolone cheese,Cheddar cheese,Lettuce,Tomatoes,,,8,8,6,1000,0,1000,0,1,999,,,,,,,,,,,,,,,
,,,,,,,,,,,,,51922,2020-02-28_19h08.05.326,SandwichStudy,3.2.4,Win32,60,"[""space""]",[0.6640000343322754],1,0,80,9,1,79,Vegan turkey,Provolone cheese,Lettuce,Tomatoes,Onions,,,,Vegan turkey,Onions,Lettuce,Pickles,Mustard,Mayonnaise,,,6,5,6,1000,0,1000,0,1,999,,,,,,,,,,,,,,,
,,,,,,,,,,,,,51922,2020-02-28_19h08.05.326,SandwichStudy,3.2.4,Win32,60,"[""space""]",[1.194000005722046],1,0,80,9,1,79,Vegan turkey,Provolone cheese,Lettuce,Tomatoes,Onions,,,,Vegan turkey,Onions,Lettuce,Pickles,Mustard,Mayonnaise,,,6,5,6,1000,0,1000,0,1,999,,,,,,,,,,,,,,,
,,,,,,,,,,,,,51922,2020-02-28_19h08.05.326,SandwichStudy,3.2.4,Win32,60,"[""a""]",[0.042999982833862305],1,0,80,9,1,79,Vegan turkey,Provolone cheese,Lettuce,Tomatoes,Onions,,,,Vegan turkey,Onions,Lettuce,Pickles,Mustard,Mayonnaise,,,6,5,6,1000,0,1000,0,1,999,,,,,,,,,,,,,,,
,,,,,,,,,,,,,51922,2020-02-28_19h08.05.326,SandwichStudy,3.2.4,Win32,60,"[""a""]",[0.5720000267028809],1,0,80,36,1,79,Swiss cheese,Cheddar cheese,Pepper jack cheese,Onions,Tomatoes,,,,Sprouts,Avocado,Onions,Tomatoes,Cucumbers,Spinach,Garlic aioli,,7,5,7,1000,0,1000,0,1,999,,,,,,,,,,,,,,,
,,,,,,,,,,,,,51922,2020-02-28_19h08.05.326,SandwichStudy,3.2.4,Win32,60,"[""space""]",[0.6130001544952393],1,0,80,73,1,79,Soy chicken,Coleslaw,Ranch dressing,Pickles,,,,,Black bean patty,Guacamole,Tomatoes,Lettuce,Sprouts,,,,5,4,5,1000,0,1000,0,1,999,,,,,,,,,,,,,,,
,,,,,,,,,,,,,51922,2020-02-28_19h08.05.326,SandwichStudy,3.2.4,Win32,60,"[""l""]",[0.2070000171661377],1,0,80,73,1,79,Soy chicken,Coleslaw,Ranch dressing,Pickles,,,,,Black bean patty,Guacamole,Tomatoes,Lettuce,Sprouts,,,,5,4,5,1000,0,1000,0,1,999,,,,,,,,,,,,,,,
,,,,,,,,,,,,,51922,2020-02-28_19h08.05.326,SandwichStudy,3.2.4,Win32,60,"[""space""]",[0.49200010299682617],1,0,80,77,1,79,Mushrooms,Provolone cheese,Mustard,Peppers,Lettuce,Tomatoes,Vinaigrette,,Black bean patty,Onions,Peppers,Provolone cheese,,,,,7,7,4,1000,0,1000,0,1,999,,,,,,,,,,,,,,,
,,,,,,,,,,,,,51922,2020-02-28_19h08.05.326,SandwichStudy,3.2.4,Win32,60,"[""a""]",[0.33700013160705566],1,0,80,77,1,79,Mushrooms,Provolone cheese,Mustard,Peppers,Lettuce,Tomatoes,Vinaigrette,,Black bean patty,Onions,Peppers,Provolone cheese,,,,,7,7,4,1000,0,1000,0,1,999,,,,,,,,,,,,,,,
,,,,,,,,,,,,,51922,2020-02-28_19h08.05.326,SandwichStudy,3.2.4,Win32,60,"[""space""]",[0.7869999408721924],1,0,80,56,1,79,Soy chicken,Pickles,Jalapenos,Basil,,,,,Onions,Peppers,Mushrooms,Jalapenos,American cheese,,,,5,4,5,1000,0,1000,0,1,999,,,,,,,,,,,,,,,
,,,,,,,,,,,,,51922,2020-02-28_19h08.05.326,SandwichStudy,3.2.4,Win32,60,"[""space""]",[1.0220000743865967],1,0,80,56,1,79,Soy chicken,Pickles,Jalapenos,Basil,,,,,Onions,Peppers,Mushrooms,Jalapenos,American cheese,,,,5,4,5,1000,0,1000,0,1,999,,,,,,,,,,,,,,,
,,,,,,,,,,,,,51922,2020-02-28_19h08.05.326,SandwichStudy,3.2.4,Win32,60,"[""space""]",[1.7699999809265137],1,0,80,56,1,79,Soy chicken,Pickles,Jalapenos,Basil,,,,,Onions,Peppers,Mushrooms,Jalapenos,American cheese,,,,5,4,5,1000,0,1000,0,1,999,,,,,,,,,,,,,,,
,,,,,,,,,,,,,51922,2020-02-28_19h08.05.326,SandwichStudy,3.2.4,Win32,60,"[""a""]",[1.1610000133514404],1,0,80,56,1,79,Soy chicken,Pickles,Jalapenos,Basil,,,,,Onions,Peppers,Mushrooms,Jalapenos,American cheese,,,,5,4,5,1000,0,1000,0,1,999,,,,,,,,,,,,,,,
,,,,,,,,,,,,,51922,2020-02-28_19h08.05.326,SandwichStudy,3.2.4,Win32,60,"[""a""]",[0.559999942779541],1,0,80,47,1,79,Pepper jack cheese,Spinach,Tomatoes,Garlic aioli,,,,,Sprouts,Avocado,Onions,Tomatoes,Cucumbers,Spinach,Garlic aioli,,7,4,7,1000,0,1000,0,1,999,,,,,,,,,,,,,,,
,,,,,,,,,,,,,51922,2020-02-28_19h08.05.326,SandwichStudy,3.2.4,Win32,60,"[""l""]",[0.7920000553131104],1,0,80,75,1,79,Vegan bacon,Tomatoes,Lettuce,Mayonnaise,,,,,Artichoke hearts,Feta cheese,Provolone cheese,Mayonnaise,Onions,Tomatoes,Pickles,,7,4,7,1000,0,1000,0,1,999,,,,,,,,,,,,,,,
,,,,,,,,,,,,,51922,2020-02-28_19h08.05.326,SandwichStudy,3.2.4,Win32,60,"[""space""]",[0.7289998531341553],1,0,80,41,1,79,Swiss cheese,Hummus,Peppers,Mixed greens,Onions,Tomatoes,Pickles,Olives,Hummus,Avocado,Tomatoes,Arugula,Mayonnaise,,,,8,8,5,1000,0,1000,0,1,999,,,,,,,,,,,,,,,
,,,,,,,,,,,,,51922,2020-02-28_19h08.05.326,SandwichStudy,3.2.4,Win32,60,"[""l""]",[0.437999963760376],1,0,80,41,1,79,Swiss cheese,Hummus,Peppers,Mixed greens,Onions,Tomatoes,Pickles,Olives,Hummus,Avocado,Tomatoes,Arugula,Mayonnaise,,,,8,8,5,1000,0,1000,0,1,999,,,,,,,,,,,,,,,
,,,,,,,,,,,,,51922,2020-02-28_19h08.05.326,SandwichStudy,3.2.4,Win32,60,"[""space""]",[0.2760000228881836],1,0,80,13,1,79,Jalapenos,Cucumbers,Sprouts,Mixed greens,Coleslaw,,,,Onions,Peppers,Mushrooms,Jalapenos,American cheese,,,,5,5,5,1000,0,1000,0,1,999,,,,,,,,,,,,,,,
,,,,,,,,,,,,,51922,2020-02-28_19h08.05.326,SandwichStudy,3.2.4,Win32,60,"[""space""]",[0.4870002269744873],1,0,80,13,1,79,Jalapenos,Cucumbers,Sprouts,Mixed greens,Coleslaw,,,,Onions,Peppers,Mushrooms,Jalapenos,American cheese,,,,5,5,5,1000,0,1000,0,1,999,,,,,,,,,,,,,,,
,,,,,,,,,,,,,51922,2020-02-28_19h08.05.326,SandwichStudy,3.2.4,Win32,60,"[""a""]",[1.1059999465942383],1,0,80,13,1,79,Jalapenos,Cucumbers,Sprouts,Mixed greens,Coleslaw,,,,Onions,Peppers,Mushrooms,Jalapenos,American cheese,,,,5,5,5,1000,0,1000,0,1,999,,,,,,,,,,,,,,,
,,,,,,,,,,,,,51922,2020-02-28_19h08.05.326,SandwichStudy,3.2.4,Win32,60,"[""space""]",[0.7150001525878906],1,0,80,61,1,79,Vegan turkey,Provolone cheese,Lettuce,Tomatoes,Onions,,,,Sprouts,Cucumbers,Onions,Spinach,Tomatoes,Vinaigrette,,,6,5,6,1000,0,1000,0,1,999,,,,,,,,,,,,,,,
,,,,,,,,,,,,,51922,2020-02-28_19h08.05.326,SandwichStudy,3.2.4,Win32,60,"[""space""]",[0.3619999885559082],1,0,80,61,1,79,Vegan turkey,Provolone cheese,Lettuce,Tomatoes,Onions,,,,Sprouts,Cucumbers,Onions,Spinach,Tomatoes,Vinaigrette,,,6,5,6,1000,0,1000,0,1,999,,,,,,,,,,,,,,,
,,,,,,,,,,,,,51922,2020-02-28_19h08.05.326,SandwichStudy,3.2.4,Win32,60,"[""a""]",[0.5749998092651367],1,0,80,61,1,79,Vegan turkey,Provolone cheese,Lettuce,Tomatoes,Onions,,,,Sprouts,Cucumbers,Onions,Spinach,Tomatoes,Vinaigrette,,,6,5,6,1000,0,1000,0,1,999,,,,,,,,,,,,,,,
,,,,,,,,,,,,,51922,2020-02-28_19h08.05.326,SandwichStudy,3.2.4,Win32,60,"[""l""]",[1.4449999332427979],1,0,80,43,1,79,Soy chicken,Lettuce,Tomatoes,Onions,Guacamole,Mayonnaise,,,Egg salad,Tomatoes,Onions,Arugula,Garlic aioli,,,,6,6,5,1000,0,1000,0,1,999,,,,,,,,,,,,,,,
,,,,,,,,,,,,,51922,2020-02-28_19h08.05.326,SandwichStudy,3.2.4,Win32,60,"[""a""]",[0.437999963760376],1,0,80,4,1,79,Black bean patty,Sprouts,Avocado,Tomatoes,Onions,Garlic aioli,,,Provolone cheese,Guacamole,Mixed greens,Onions,Tomatoes,Pickles,Cucumbers,Sprouts,8,6,8,1000,0,1000,0,1,999,,,,,,,,,,,,,,,
,,,,,,,,,,,,,51922,2020-02-28_19h08.05.326,SandwichStudy,3.2.4,Win32,60,"[""space""]",[0.9140000343322754],1,0,80,1,1,79,Avocado,Pesto,Cheddar cheese,,,,,,Falafel,Hummus,Garlic aioli,Cucumbers,Basil,Tomatoes,,,6,3,6,1000,0,1000,0,1,999,,,,,,,,,,,,,,,
,,,,,,,,,,,,,51922,2020-02-28_19h08.05.326,SandwichStudy,3.2.4,Win32,60,"[""l""]",[0.5470001697540283],1,0,80,1,1,79,Avocado,Pesto,Cheddar cheese,,,,,,Falafel,Hummus,Garlic aioli,Cucumbers,Basil,Tomatoes,,,6,3,6,1000,0,1000,0,1,999,,,,,,,,,,,,,,,
,,,,,,,,,,,,,51922,2020-02-28_19h08.05.326,SandwichStudy,3.2.4,Win32,60,"[""space""]",[0.28999996185302734],1,0,80,24,1,79,Cheddar cheese,Provolone cheese,Swiss cheese,Mushrooms,Mayonnaise,Lettuce,Tomatoes,,Soy chicken,Pepper jack cheese,Tomatoes,Lettuce,Onions,Garlic aioli,,,7,7,6,1000,0,1000,0,1,999,,,,,,,,,,,,,,,
,,,,,,,,,,,,,51922,2020-02-28_19h08.05.326,SandwichStudy,3.2.4,Win32,60,"[""a""]",[0.7690000534057617],1,0,80,24,1,79,Cheddar cheese,Provolone cheese,Swiss cheese,Mushrooms,Mayonnaise,Lettuce,Tomatoes,,Soy chicken,Pepper jack cheese,Tomatoes,Lettuce,Onions,Garlic aioli,,,7,7,6,1000,0,1000,0,1,999,,,,,,,,,,,,,,,
,,,,,,,,,,,,,51922,2020-02-28_19h08.05.326,SandwichStudy,3.2.4,Win32,60,"[""l""]",[1.2219998836517334],1,0,80,16,1,79,Vegan turkey,Cucumbers,Pickles,Jalapenos,Garlic aioli,,,,Cheddar cheese,Avocado,Cucumbers,Lettuce,Mustard,Sprouts,,,6,5,6,1000,0,1000,0,1,999,,,,,,,,,,,,,,,
,,,,,,,,,,,,,51922,2020-02-28_19h08.05.326,SandwichStudy,3.2.4,Win32,60,"[""l""]",[1.3540000915527344],1,0,80,22,1,79,Vegan bacon,Tomatoes,Avocado,Pesto,,,,,Provolone cheese,Avocado,Cucumbers,Lettuce,Tomatoes,Onions,Sprouts,Mayonnaise,8,4,8,1000,0,1000,0,1,999,,,,,,,,,,,,,,,
,,,,,,,,,,,,,51922,2020-02-28_19h08.05.326,SandwichStudy,3.2.4,Win32,60,"[""space""]",[0.8250000476837158],1,0,80,58,1,79,Black bean patty,Tomatoes,Cheddar cheese,Onions,Pickles,Lettuce,,,Black bean patty,Onions,Peppers,Provolone cheese,,,,,6,6,4,1000,0,1000,0,1,999,,,,,,,,,,,,,,,
,,,,,,,,,,,,,51922,2020-02-28_19h08.05.326,SandwichStudy,3.2.4,Win32,60,"[""space""]",[0.08899998664855957],1,0,80,58,1,79,Black bean patty,Tomatoes,Cheddar cheese,Onions,Pickles,Lettuce,,,Black bean patty,Onions,Peppers,Provolone cheese,,,,,6,6,4,1000,0,1000,0,1,999,,,,,,,,,,,,,,,
,,,,,,,,,,,,,51922,2020-02-28_19h08.05.326,SandwichStudy,3.2.4,Win32,60,"[""a""]",[0.6140000820159912],1,0,80,58,1,79,Black bean patty,Tomatoes,Cheddar cheese,Onions,Pickles,Lettuce,,,Black bean patty,Onions,Peppers,Provolone cheese,,,,,6,6,4,1000,0,1000,0,1,999,,,,,,,,,,,,,,,
,,,,,,,,,,,,,51922,2020-02-28_19h08.05.326,SandwichStudy,3.2.4,Win32,60,"[""space""]",[0.49200010299682617],1,0,80,21,1,79,Soy chicken,Mushrooms,Onions,Provolone cheese,,,,,Mushrooms,Arugula,Tomatoes,Onions,Swiss cheese,Vinaigrette,,,6,4,6,1000,0,1000,0,1,999,,,,,,,,,,,,,,,
,,,,,,,,,,,,,51922,2020-02-28_19h08.05.326,SandwichStudy,3.2.4,Win32,60,"[""space""]",[0.5559999942779541],1,0,80,21,1,79,Soy chicken,Mushrooms,Onions,Provolone cheese,,,,,Mushrooms,Arugula,Tomatoes,Onions,Swiss cheese,Vinaigrette,,,6,4,6,1000,0,1000,0,1,999,,,,,,,,,,,,,,,
,,,,,,,,,,,,,51922,2020-02-28_19h08.05.326,SandwichStudy,3.2.4,Win32,60,"[""a""]",[0.15799999237060547],1,0,80,21,1,79,Soy chicken,Mushrooms,Onions,Provolone cheese,,,,,Mushrooms,Arugula,Tomatoes,Onions,Swiss cheese,Vinaigrette,,,6,4,6,1000,0,1000,0,1,999,,,,,,,,,,,,,,,
,,,,,,,,,,,,,51922,2020-02-28_19h08.05.326,SandwichStudy,3.2.4,Win32,60,"[""a""]",[0.6710000038146973],1,0,80,44,1,79,Avocado,Tomatoes,Lettuce,Sprouts,Guacamole,Vinaigrette,,,Provolone cheese,Avocado,Cucumbers,Lettuce,Tomatoes,Onions,Sprouts,Mayonnaise,8,6,8,1000,0,1000,0,1,999,,,,,,,,,,,,,,,
,,,,,,,,,,,,,51922,2020-02-28_19h08.05.326,SandwichStudy,3.2.4,Win32,60,"[""space""]",[0.7389998435974121],1,0,80,11,1,79,Soy chicken,Lettuce,Tomatoes,Onions,Guacamole,Mayonnaise,,,Avocado,Cucumbers,Sprouts,Lettuce,Tomatoes,Onions,Pesto,,7,6,7,1000,0,1000,0,1,999,,,,,,,,,,,,,,,
,,,,,,,,,,,,,51922,2020-02-28_19h08.05.326,SandwichStudy,3.2.4,Win32,60,"[""space""]",[0.39299988746643066],1,0,80,11,1,79,Soy chicken,Lettuce,Tomatoes,Onions,Guacamole,Mayonnaise,,,Avocado,Cucumbers,Sprouts,Lettuce,Tomatoes,Onions,Pesto,,7,6,7,1000,0,1000,0,1,999,,,,,,,,,,,,,,,
,,,,,,,,,,,,,51922,2020-02-28_19h08.05.326,SandwichStudy,3.2.4,Win32,60,"[""l""]",[0.7229998111724854],1,0,80,11,1,79,Soy chicken,Lettuce,Tomatoes,Onions,Guacamole,Mayonnaise,,,Avocado,Cucumbers,Sprouts,Lettuce,Tomatoes,Onions,Pesto,,7,6,7,1000,0,1000,0,1,999,,,,,,,,,,,,,,,
,,,,,,,,,,,,,51922,2020-02-28_19h08.05.326,SandwichStudy,3.2.4,Win32,60,"[""space""]",[0.8320000171661377],1,0,80,53,1,79,Soy chicken,Pepper jack cheese,Tomatoes,Lettuce,Onions,Garlic aioli,,,Mushrooms,Swiss cheese,Provolone cheese,Cheddar cheese,Lettuce,Tomatoes,,,6,6,6,1000,0,1000,0,1,999,,,,,,,,,,,,,,,
,,,,,,,,,,,,,51922,2020-02-28_19h08.05.326,SandwichStudy,3.2.4,Win32,60,"[""space""]",[1.8259999752044678],1,0,80,53,1,79,Soy chicken,Pepper jack cheese,Tomatoes,Lettuce,Onions,Garlic aioli,,,Mushrooms,Swiss cheese,Provolone cheese,Cheddar cheese,Lettuce,Tomatoes,,,6,6,6,1000,0,1000,0,1,999,,,,,,,,,,,,,,,
,,,,,,,,,,,,,51922,2020-02-28_19h08.05.326,SandwichStudy,3.2.4,Win32,60,"[""l""]",[0.6489999294281006],1,0,80,53,1,79,Soy chicken,Pepper jack cheese,Tomatoes,Lettuce,Onions,Garlic aioli,,,Mushrooms,Swiss cheese,Provolone cheese,Cheddar cheese,Lettuce,Tomatoes,,,6,6,6,1000,0,1000,0,1,999,,,,,,,,,,,,,,,
,,,,,,,,,,,,,51922,2020-02-28_19h08.05.326,SandwichStudy,3.2.4,Win32,60,"[""space""]",[0.5060000419616699],1,0,80,20,1,79,Hummus,Guacamole,Tomatoes,Lettuce,Sprouts,,,,Black bean patty,Pepper jack cheese,Lettuce,Tomatoes,Onions,Avocado,Mustard,,7,5,7,1000,0,1000,0,1,999,,,,,,,,,,,,,,,
,,,,,,,,,,,,,51922,2020-02-28_19h08.05.326,SandwichStudy,3.2.4,Win32,60,"[""space""]",[0.7699999809265137],1,0,80,20,1,79,Hummus,Guacamole,Tomatoes,Lettuce,Sprouts,,,,Black bean patty,Pepper jack cheese,Lettuce,Tomatoes,Onions,Avocado,Mustard,,7,5,7,1000,0,1000,0,1,999,,,,,,,,,,,,,,,
,,,,,,,,,,,,,51922,2020-02-28_19h08.05.326,SandwichStudy,3.2.4,Win32,60,"[""a""]",[0.3469998836517334],1,0,80,20,1,79,Hummus,Guacamole,Tomatoes,Lettuce,Sprouts,,,,Black bean patty,Pepper jack cheese,Lettuce,Tomatoes,Onions,Avocado,Mustard,,7,5,7,1000,0,1000,0,1,999,,,,,,,,,,,,,,,
,,,,,,,,,,,,,51922,2020-02-28_19h08.05.326,SandwichStudy,3.2.4,Win32,60,,,,,,,,,,,,,,,,,,,,,,,,,,,,,,,,,,space,14.35800004,4,47.24300003,space,48.89599991,1,0,10,7,1,9,Peppers,,
,,,,,,,,,,,,,51922,2020-02-28_19h08.05.326,SandwichStudy,3.2.4,Win32,60,,,,,,,,,,,,,,,,,,,,,,,,,,,,,,,,,,,,3,10.03199983,space,10.32999992,1,0,10,0,1,9,Tomatoes,,
,,,,,,,,,,,,,51922,2020-02-28_19h08.05.326,SandwichStudy,3.2.4,Win32,60,,,,,,,,,,,,,,,,,,,,,,,,,,,,,,,,,,,,,,space,0.41899991,1,0,10,4,1,9,Avocado,,
,,,,,,,,,,,,,51922,2020-02-28_19h08.05.326,SandwichStudy,3.2.4,Win32,60,,,,,,,,,,,,,,,,,,,,,,,,,,,,,,,,,,,,,,space,0.384000063,1,0,10,2,1,9,Cucumbers,,
,,,,,,,,,,,,,51922,2020-02-28_19h08.05.326,SandwichStudy,3.2.4,Win32,60,,,,,,,,,,,,,,,,,,,,,,,,,,,,,,,,,,,,,,space,0.368000031,1,0,10,9,1,9,Mayonnaise,,
,,,,,,,,,,,,,51922,2020-02-28_19h08.05.326,SandwichStudy,3.2.4,Win32,60,,,,,,,,,,,,,,,,,,,,,,,,,,,,,,,,,,,,,,space,0.42599988,1,0,10,5,1,9,Sprouts,,
,,,,,,,,,,,,,51922,2020-02-28_19h08.05.326,SandwichStudy,3.2.4,Win32,60,,,,,,,,,,,,,,,,,,,,,,,,,,,,,,,,,,,,,,space,0.50999999,1,0,10,6,1,9,Provolone cheese,,
,,,,,,,,,,,,,51922,2020-02-28_19h08.05.326,SandwichStudy,3.2.4,Win32,60,,,,,,,,,,,,,,,,,,,,,,,,,,,,,,,,,,,,,,space,0.467000008,1,0,10,1,1,9,Onions,,
,,,,,,,,,,,,,51922,2020-02-28_19h08.05.326,SandwichStudy,3.2.4,Win32,60,,,,,,,,,,,,,,,,,,,,,,,,,,,,,,,,,,,,,,space,0.407000065,1,0,10,8,1,9,Cheddar cheese,,
,,,,,,,,,,,,,51922,2020-02-28_19h08.05.326,SandwichStudy,3.2.4,Win32,60,,,,,,,,,,,,,,,,,,,,,,,,,,,,,,,,,,,,,,space,0.450999975,1,0,10,3,1,9,Lettuce,,
,,,,,,,,,,,,,51922,2020-02-28_19h08.05.326,SandwichStudy,3.2.4,Win32,60,,,,,,,,,,,,,,,,,,,,,,,,,,,,,,,,,,,,,,,,,,,,,,,return,6.265999794
