sequence,key_resp_4.keys,key_resp_4.rt,VegResp.keys,VegResp.rt,ConfirmResp.keys,ConfirmResp.rt,VegQuestionLoop.thisRepN,VegQuestionLoop.thisTrialN,VegQuestionLoop.thisN,VegQuestionLoop.thisIndex,VegQuestionLoop.ran,VegQuestionLoop.order,participant,date,expName,psychopyVersion,OS,frameRate,Decision.keys,Decision.rt,trials.thisRepN,trials.thisTrialN,trials.thisN,trials.thisIndex,trials.ran,trials.order,s11,s12,s13,s14,s15,s16,s17,s18,s21,s22,s23,s24,s25,s26,s27,s28,IngsInRow,IngIn1,IngIn2,Iter.thisRepN,Iter.thisTrialN,Iter.thisN,Iter.thisIndex,Iter.ran,Iter.order,key_resp_2.keys,key_resp_2.rt,slider.response,slider.rt,key_resp_3.keys,key_resp_3.rt,RatingLoop.thisRepN,RatingLoop.thisTrialN,RatingLoop.thisN,RatingLoop.thisIndex,RatingLoop.ran,RatingLoop.order,ingredientforslider,key_resp.keys,key_resp.rt
"[1,1,1,0,0,1,0,1,0,1,0,0,0,0,1,0,1,1,1,1,1,1,0,0,1,1,1,0,0,1,1,0,0,1,1,1,1,0,0,1,1,0,0,0,1,0,0,0,1,0,1,0,0,0,0,1,1,1,0,1,0,0,1,0,1,0,1,0,0,0,0,1,1,1,1,0,0,1,1,1]",space,1.829000235,n,7.753000021,p,4.209000111,100,0,100,0,1,99,53800,2020-02-27_11h43.25.320,SandwichStudy,3.2.4,Win32,60,,,,,,,,,,,,,,,,,,,,,,,,,,,,,,,,,,,,,,,,,,,,,,,,
,,,,,,,,,,,,,53800,2020-02-27_11h43.25.320,SandwichStudy,3.2.4,Win32,60,"[""space""]",[13.66700005531311],1,0,80,53,1,79,Turkey,Avocado,Mayonnaise,,,,,,Ham,Pork,Swiss cheese,Mustard,Pickles,,,,5,3,5,1000,0,1000,0,1,999,,,,,,,,,,,,,,,
,,,,,,,,,,,,,53800,2020-02-27_11h43.25.320,SandwichStudy,3.2.4,Win32,60,"[""l""]",[4.323000192642212],1,0,80,53,1,79,Turkey,Avocado,Mayonnaise,,,,,,Ham,Pork,Swiss cheese,Mustard,Pickles,,,,5,3,5,1000,0,1000,0,1,999,,,,,,,,,,,,,,,
,,,,,,,,,,,,,53800,2020-02-27_11h43.25.320,SandwichStudy,3.2.4,Win32,60,"[""space""]",[2.3930001258850098],1,0,80,24,1,79,Steak,Onions,Bell peppers,Provolone cheese,,,,,Tuna,Lettuce,Tomatoes,Mayonnaise,,,,,4,4,4,1000,0,1000,0,1,999,,,,,,,,,,,,,,,
,,,,,,,,,,,,,53800,2020-02-27_11h43.25.320,SandwichStudy,3.2.4,Win32,60,"[""space""]",[5.373000144958496],1,0,80,24,1,79,Steak,Onions,Bell peppers,Provolone cheese,,,,,Tuna,Lettuce,Tomatoes,Mayonnaise,,,,,4,4,4,1000,0,1000,0,1,999,,,,,,,,,,,,,,,
,,,,,,,,,,,,,53800,2020-02-27_11h43.25.320,SandwichStudy,3.2.4,Win32,60,"[""a""]",[2.3450000286102295],1,0,80,24,1,79,Steak,Onions,Bell peppers,Provolone cheese,,,,,Tuna,Lettuce,Tomatoes,Mayonnaise,,,,,4,4,4,1000,0,1000,0,1,999,,,,,,,,,,,,,,,
,,,,,,,,,,,,,53800,2020-02-27_11h43.25.320,SandwichStudy,3.2.4,Win32,60,"[""space""]",[1.3389999866485596],1,0,80,60,1,79,Chicken,Swiss cheese,Lettuce,Tomatoes,Onions,,,,Chicken,Cheddar cheese,Lettuce,Garlic aioli,Swiss cheese,Tomatoes,,,6,5,6,1000,0,1000,0,1,999,,,,,,,,,,,,,,,
,,,,,,,,,,,,,53800,2020-02-27_11h43.25.320,SandwichStudy,3.2.4,Win32,60,"[""l""]",[5.821000099182129],1,0,80,60,1,79,Chicken,Swiss cheese,Lettuce,Tomatoes,Onions,,,,Chicken,Cheddar cheese,Lettuce,Garlic aioli,Swiss cheese,Tomatoes,,,6,5,6,1000,0,1000,0,1,999,,,,,,,,,,,,,,,
,,,,,,,,,,,,,53800,2020-02-27_11h43.25.320,SandwichStudy,3.2.4,Win32,60,"[""l""]",[2.764000177383423],1,0,80,27,1,79,Mushrooms,Swiss cheese,Provolone cheese,Cheddar cheese,Lettuce,Tomatoes,,,Avocado,Spinach,Tomatoes,Swiss cheese,,,,,6,6,4,1000,0,1000,0,1,999,,,,,,,,,,,,,,,
,,,,,,,,,,,,,53800,2020-02-27_11h43.25.320,SandwichStudy,3.2.4,Win32,60,"[""space""]",[2.1050000190734863],1,0,80,31,1,79,Spinach,Tomatoes,Cucumbers,Onions,Bell peppers,Avocado,Mayonnaise,,Turkey,Ham,Bacon,Swiss cheese,Lettuce,Tomatoes,Onions,,7,7,7,1000,0,1000,0,1,999,,,,,,,,,,,,,,,
,,,,,,,,,,,,,53800,2020-02-27_11h43.25.320,SandwichStudy,3.2.4,Win32,60,"[""space""]",[1.7160000801086426],1,0,80,31,1,79,Spinach,Tomatoes,Cucumbers,Onions,Bell peppers,Avocado,Mayonnaise,,Turkey,Ham,Bacon,Swiss cheese,Lettuce,Tomatoes,Onions,,7,7,7,1000,0,1000,0,1,999,,,,,,,,,,,,,,,
,,,,,,,,,,,,,53800,2020-02-27_11h43.25.320,SandwichStudy,3.2.4,Win32,60,"[""space""]",[3.2820000648498535],1,0,80,31,1,79,Spinach,Tomatoes,Cucumbers,Onions,Bell peppers,Avocado,Mayonnaise,,Turkey,Ham,Bacon,Swiss cheese,Lettuce,Tomatoes,Onions,,7,7,7,1000,0,1000,0,1,999,,,,,,,,,,,,,,,
,,,,,,,,,,,,,53800,2020-02-27_11h43.25.320,SandwichStudy,3.2.4,Win32,60,"[""space""]",[3.120000123977661],1,0,80,31,1,79,Spinach,Tomatoes,Cucumbers,Onions,Bell peppers,Avocado,Mayonnaise,,Turkey,Ham,Bacon,Swiss cheese,Lettuce,Tomatoes,Onions,,7,7,7,1000,0,1000,0,1,999,,,,,,,,,,,,,,,
,,,,,,,,,,,,,53800,2020-02-27_11h43.25.320,SandwichStudy,3.2.4,Win32,60,"[""space""]",[0.6600000858306885],1,0,80,31,1,79,Spinach,Tomatoes,Cucumbers,Onions,Bell peppers,Avocado,Mayonnaise,,Turkey,Ham,Bacon,Swiss cheese,Lettuce,Tomatoes,Onions,,7,7,7,1000,0,1000,0,1,999,,,,,,,,,,,,,,,
,,,,,,,,,,,,,53800,2020-02-27_11h43.25.320,SandwichStudy,3.2.4,Win32,60,"[""l""]",[12.348999977111816],1,0,80,31,1,79,Spinach,Tomatoes,Cucumbers,Onions,Bell peppers,Avocado,Mayonnaise,,Turkey,Ham,Bacon,Swiss cheese,Lettuce,Tomatoes,Onions,,7,7,7,1000,0,1000,0,1,999,,,,,,,,,,,,,,,
,,,,,,,,,,,,,53800,2020-02-27_11h43.25.320,SandwichStudy,3.2.4,Win32,60,"[""space""]",[1.0800001621246338],1,0,80,42,1,79,Chicken,Bacon,Feta cheese,Bell peppers,Basil,Garlic aioli,,,Turkey,Ham,Cheddar cheese,Mayonnaise,,,,,6,6,4,1000,0,1000,0,1,999,,,,,,,,,,,,,,,
,,,,,,,,,,,,,53800,2020-02-27_11h43.25.320,SandwichStudy,3.2.4,Win32,60,"[""space""]",[1.9570000171661377],1,0,80,42,1,79,Chicken,Bacon,Feta cheese,Bell peppers,Basil,Garlic aioli,,,Turkey,Ham,Cheddar cheese,Mayonnaise,,,,,6,6,4,1000,0,1000,0,1,999,,,,,,,,,,,,,,,
,,,,,,,,,,,,,53800,2020-02-27_11h43.25.320,SandwichStudy,3.2.4,Win32,60,"[""l""]",[5.562000036239624],1,0,80,42,1,79,Chicken,Bacon,Feta cheese,Bell peppers,Basil,Garlic aioli,,,Turkey,Ham,Cheddar cheese,Mayonnaise,,,,,6,6,4,1000,0,1000,0,1,999,,,,,,,,,,,,,,,
,,,,,,,,,,,,,53800,2020-02-27_11h43.25.320,SandwichStudy,3.2.4,Win32,60,"[""space""]",[0.6110000610351562],1,0,80,3,1,79,Chicken,American cheese,Coleslaw,Tomatoes,Pickles,Mayonnaise,,,Swiss cheese,Provolone cheese,Bell peppers,Tomatoes,Onions,,,,6,6,5,1000,0,1000,0,1,999,,,,,,,,,,,,,,,
,,,,,,,,,,,,,53800,2020-02-27_11h43.25.320,SandwichStudy,3.2.4,Win32,60,"[""space""]",[1.6150000095367432],1,0,80,3,1,79,Chicken,American cheese,Coleslaw,Tomatoes,Pickles,Mayonnaise,,,Swiss cheese,Provolone cheese,Bell peppers,Tomatoes,Onions,,,,6,6,5,1000,0,1000,0,1,999,,,,,,,,,,,,,,,
,,,,,,,,,,,,,53800,2020-02-27_11h43.25.320,SandwichStudy,3.2.4,Win32,60,"[""a""]",[9.174999952316284],1,0,80,3,1,79,Chicken,American cheese,Coleslaw,Tomatoes,Pickles,Mayonnaise,,,Swiss cheese,Provolone cheese,Bell peppers,Tomatoes,Onions,,,,6,6,5,1000,0,1000,0,1,999,,,,,,,,,,,,,,,
,,,,,,,,,,,,,53800,2020-02-27_11h43.25.320,SandwichStudy,3.2.4,Win32,60,"[""space""]",[0.09100008010864258],1,0,80,33,1,79,Bacon,Ham,Turkey,Mayonnaise,Mustard,Cheddar cheese,Tomatoes,Spinach,Turkey,Avocado,Bacon,Garlic aioli,Tomatoes,Spinach,Onions,,8,8,7,1000,0,1000,0,1,999,,,,,,,,,,,,,,,
,,,,,,,,,,,,,53800,2020-02-27_11h43.25.320,SandwichStudy,3.2.4,Win32,60,"[""a""]",[1.1460001468658447],1,0,80,33,1,79,Bacon,Ham,Turkey,Mayonnaise,Mustard,Cheddar cheese,Tomatoes,Spinach,Turkey,Avocado,Bacon,Garlic aioli,Tomatoes,Spinach,Onions,,8,8,7,1000,0,1000,0,1,999,,,,,,,,,,,,,,,
,,,,,,,,,,,,,53800,2020-02-27_11h43.25.320,SandwichStudy,3.2.4,Win32,60,"[""a""]",[1.0900001525878906],1,0,80,10,1,79,Turkey,Cheddar cheese,Coleslaw,Spinach,Mustard,,,,Salami,Provolone cheese,Lettuce,Tomatoes,Mayonnaise,Mustard,,,6,5,6,1000,0,1000,0,1,999,,,,,,,,,,,,,,,
,,,,,,,,,,,,,53800,2020-02-27_11h43.25.320,SandwichStudy,3.2.4,Win32,60,"[""space""]",[0.4790000915527344],1,0,80,32,1,79,Turkey,Ham,Bacon,Provolone cheese,Lettuce,Tomatoes,Ranch dressing,,Chicken,Cheddar cheese,Bacon,Avocado,Ranch dressing,,,,7,7,5,1000,0,1000,0,1,999,,,,,,,,,,,,,,,
,,,,,,,,,,,,,53800,2020-02-27_11h43.25.320,SandwichStudy,3.2.4,Win32,60,"[""space""]",[0.4090001583099365],1,0,80,32,1,79,Turkey,Ham,Bacon,Provolone cheese,Lettuce,Tomatoes,Ranch dressing,,Chicken,Cheddar cheese,Bacon,Avocado,Ranch dressing,,,,7,7,5,1000,0,1000,0,1,999,,,,,,,,,,,,,,,
,,,,,,,,,,,,,53800,2020-02-27_11h43.25.320,SandwichStudy,3.2.4,Win32,60,"[""space""]",[1.4910001754760742],1,0,80,32,1,79,Turkey,Ham,Bacon,Provolone cheese,Lettuce,Tomatoes,Ranch dressing,,Chicken,Cheddar cheese,Bacon,Avocado,Ranch dressing,,,,7,7,5,1000,0,1000,0,1,999,,,,,,,,,,,,,,,
,,,,,,,,,,,,,53800,2020-02-27_11h43.25.320,SandwichStudy,3.2.4,Win32,60,"[""a""]",[3.94100022315979],1,0,80,32,1,79,Turkey,Ham,Bacon,Provolone cheese,Lettuce,Tomatoes,Ranch dressing,,Chicken,Cheddar cheese,Bacon,Avocado,Ranch dressing,,,,7,7,5,1000,0,1000,0,1,999,,,,,,,,,,,,,,,
,,,,,,,,,,,,,53800,2020-02-27_11h43.25.320,SandwichStudy,3.2.4,Win32,60,"[""space""]",[1.7230000495910645],1,0,80,35,1,79,Bacon,Lettuce,Tomatoes,Ranch dressing,,,,,Turkey,Gouda cheese,Avocado,Garlic aioli,Jalapenos,Tomatoes,Lettuce,,7,4,7,1000,0,1000,0,1,999,,,,,,,,,,,,,,,
,,,,,,,,,,,,,53800,2020-02-27_11h43.25.320,SandwichStudy,3.2.4,Win32,60,"[""space""]",[1.8440001010894775],1,0,80,35,1,79,Bacon,Lettuce,Tomatoes,Ranch dressing,,,,,Turkey,Gouda cheese,Avocado,Garlic aioli,Jalapenos,Tomatoes,Lettuce,,7,4,7,1000,0,1000,0,1,999,,,,,,,,,,,,,,,
,,,,,,,,,,,,,53800,2020-02-27_11h43.25.320,SandwichStudy,3.2.4,Win32,60,"[""l""]",[3.389000177383423],1,0,80,35,1,79,Bacon,Lettuce,Tomatoes,Ranch dressing,,,,,Turkey,Gouda cheese,Avocado,Garlic aioli,Jalapenos,Tomatoes,Lettuce,,7,4,7,1000,0,1000,0,1,999,,,,,,,,,,,,,,,
,,,,,,,,,,,,,53800,2020-02-27_11h43.25.320,SandwichStudy,3.2.4,Win32,60,"[""space""]",[1.1120002269744873],1,0,80,4,1,79,Provolone cheese,Swiss cheese,Cheddar cheese,Parmesan cheese,Tomatoes,,,,Chicken,Lettuce,Tomatoes,Mayonnaise,,,,,5,5,4,1000,0,1000,0,1,999,,,,,,,,,,,,,,,
,,,,,,,,,,,,,53800,2020-02-27_11h43.25.320,SandwichStudy,3.2.4,Win32,60,"[""space""]",[0.8590002059936523],1,0,80,4,1,79,Provolone cheese,Swiss cheese,Cheddar cheese,Parmesan cheese,Tomatoes,,,,Chicken,Lettuce,Tomatoes,Mayonnaise,,,,,5,5,4,1000,0,1000,0,1,999,,,,,,,,,,,,,,,
,,,,,,,,,,,,,53800,2020-02-27_11h43.25.320,SandwichStudy,3.2.4,Win32,60,"[""space""]",[2.373000144958496],1,0,80,4,1,79,Provolone cheese,Swiss cheese,Cheddar cheese,Parmesan cheese,Tomatoes,,,,Chicken,Lettuce,Tomatoes,Mayonnaise,,,,,5,5,4,1000,0,1000,0,1,999,,,,,,,,,,,,,,,
,,,,,,,,,,,,,53800,2020-02-27_11h43.25.320,SandwichStudy,3.2.4,Win32,60,"[""l""]",[1.8310000896453857],1,0,80,4,1,79,Provolone cheese,Swiss cheese,Cheddar cheese,Parmesan cheese,Tomatoes,,,,Chicken,Lettuce,Tomatoes,Mayonnaise,,,,,5,5,4,1000,0,1000,0,1,999,,,,,,,,,,,,,,,
,,,,,,,,,,,,,53800,2020-02-27_11h43.25.320,SandwichStudy,3.2.4,Win32,60,"[""space""]",[3.4089999198913574],1,0,80,40,1,79,Pork,Ham,Swiss cheese,Pickles,Mustard,,,,Steak,Turkey,Ham,Cheddar cheese,Olives,Lettuce,Tomatoes,Onions,8,5,8,1000,0,1000,0,1,999,,,,,,,,,,,,,,,
,,,,,,,,,,,,,53800,2020-02-27_11h43.25.320,SandwichStudy,3.2.4,Win32,60,"[""space""]",[0.7060000896453857],1,0,80,40,1,79,Pork,Ham,Swiss cheese,Pickles,Mustard,,,,Steak,Turkey,Ham,Cheddar cheese,Olives,Lettuce,Tomatoes,Onions,8,5,8,1000,0,1000,0,1,999,,,,,,,,,,,,,,,
,,,,,,,,,,,,,53800,2020-02-27_11h43.25.320,SandwichStudy,3.2.4,Win32,60,"[""space""]",[0.871999979019165],1,0,80,40,1,79,Pork,Ham,Swiss cheese,Pickles,Mustard,,,,Steak,Turkey,Ham,Cheddar cheese,Olives,Lettuce,Tomatoes,Onions,8,5,8,1000,0,1000,0,1,999,,,,,,,,,,,,,,,
,,,,,,,,,,,,,53800,2020-02-27_11h43.25.320,SandwichStudy,3.2.4,Win32,60,"[""space""]",[3.243000030517578],1,0,80,40,1,79,Pork,Ham,Swiss cheese,Pickles,Mustard,,,,Steak,Turkey,Ham,Cheddar cheese,Olives,Lettuce,Tomatoes,Onions,8,5,8,1000,0,1000,0,1,999,,,,,,,,,,,,,,,
,,,,,,,,,,,,,53800,2020-02-27_11h43.25.320,SandwichStudy,3.2.4,Win32,60,"[""a""]",[2.121999979019165],1,0,80,40,1,79,Pork,Ham,Swiss cheese,Pickles,Mustard,,,,Steak,Turkey,Ham,Cheddar cheese,Olives,Lettuce,Tomatoes,Onions,8,5,8,1000,0,1000,0,1,999,,,,,,,,,,,,,,,
,,,,,,,,,,,,,53800,2020-02-27_11h43.25.320,SandwichStudy,3.2.4,Win32,60,"[""space""]",[0.5940001010894775],1,0,80,62,1,79,Cheddar cheese,Provolone cheese,Swiss cheese,Mushrooms,Mayonnaise,Lettuce,Tomatoes,,Bacon,Turkey,Pepper jack cheese,Mustard,,,,,7,7,4,1000,0,1000,0,1,999,,,,,,,,,,,,,,,
,,,,,,,,,,,,,53800,2020-02-27_11h43.25.320,SandwichStudy,3.2.4,Win32,60,"[""space""]",[3.746000051498413],1,0,80,62,1,79,Cheddar cheese,Provolone cheese,Swiss cheese,Mushrooms,Mayonnaise,Lettuce,Tomatoes,,Bacon,Turkey,Pepper jack cheese,Mustard,,,,,7,7,4,1000,0,1000,0,1,999,,,,,,,,,,,,,,,
,,,,,,,,,,,,,53800,2020-02-27_11h43.25.320,SandwichStudy,3.2.4,Win32,60,"[""a""]",[1.8670001029968262],1,0,80,62,1,79,Cheddar cheese,Provolone cheese,Swiss cheese,Mushrooms,Mayonnaise,Lettuce,Tomatoes,,Bacon,Turkey,Pepper jack cheese,Mustard,,,,,7,7,4,1000,0,1000,0,1,999,,,,,,,,,,,,,,,
,,,,,,,,,,,,,53800,2020-02-27_11h43.25.320,SandwichStudy,3.2.4,Win32,60,"[""space""]",[2.49399995803833],1,0,80,36,1,79,Chicken,Bell peppers,Bacon,Provolone cheese,Ranch dressing,Lettuce,Tomatoes,,Pastrami,Cheddar cheese,Mustard,Pickles,,,,,7,7,4,1000,0,1000,0,1,999,,,,,,,,,,,,,,,
,,,,,,,,,,,,,53800,2020-02-27_11h43.25.320,SandwichStudy,3.2.4,Win32,60,"[""space""]",[1.8560001850128174],1,0,80,36,1,79,Chicken,Bell peppers,Bacon,Provolone cheese,Ranch dressing,Lettuce,Tomatoes,,Pastrami,Cheddar cheese,Mustard,Pickles,,,,,7,7,4,1000,0,1000,0,1,999,,,,,,,,,,,,,,,
,,,,,,,,,,,,,53800,2020-02-27_11h43.25.320,SandwichStudy,3.2.4,Win32,60,"[""space""]",[1.0880000591278076],1,0,80,36,1,79,Chicken,Bell peppers,Bacon,Provolone cheese,Ranch dressing,Lettuce,Tomatoes,,Pastrami,Cheddar cheese,Mustard,Pickles,,,,,7,7,4,1000,0,1000,0,1,999,,,,,,,,,,,,,,,
,,,,,,,,,,,,,53800,2020-02-27_11h43.25.320,SandwichStudy,3.2.4,Win32,60,"[""a""]",[3.309000015258789],1,0,80,36,1,79,Chicken,Bell peppers,Bacon,Provolone cheese,Ranch dressing,Lettuce,Tomatoes,,Pastrami,Cheddar cheese,Mustard,Pickles,,,,,7,7,4,1000,0,1000,0,1,999,,,,,,,,,,,,,,,
,,,,,,,,,,,,,53800,2020-02-27_11h43.25.320,SandwichStudy,3.2.4,Win32,60,"[""space""]",[0.023000240325927734],1,0,80,49,1,79,Spinach,Tomatoes,Cucumbers,Onions,Bell peppers,Avocado,Mayonnaise,,Turkey,Provolone cheese,Spinach,Garlic aioli,,,,,7,7,4,1000,0,1000,0,1,999,,,,,,,,,,,,,,,
,,,,,,,,,,,,,53800,2020-02-27_11h43.25.320,SandwichStudy,3.2.4,Win32,60,"[""space""]",[1.0570001602172852],1,0,80,49,1,79,Spinach,Tomatoes,Cucumbers,Onions,Bell peppers,Avocado,Mayonnaise,,Turkey,Provolone cheese,Spinach,Garlic aioli,,,,,7,7,4,1000,0,1000,0,1,999,,,,,,,,,,,,,,,
,,,,,,,,,,,,,53800,2020-02-27_11h43.25.320,SandwichStudy,3.2.4,Win32,60,"[""l""]",[1.5090000629425049],1,0,80,49,1,79,Spinach,Tomatoes,Cucumbers,Onions,Bell peppers,Avocado,Mayonnaise,,Turkey,Provolone cheese,Spinach,Garlic aioli,,,,,7,7,4,1000,0,1000,0,1,999,,,,,,,,,,,,,,,
,,,,,,,,,,,,,53800,2020-02-27_11h43.25.320,SandwichStudy,3.2.4,Win32,60,"[""space""]",[0.6880002021789551],1,0,80,20,1,79,Pastrami,Swiss cheese,Coleslaw,,,,,,Chicken,Bacon,Feta cheese,Bell peppers,Basil,Garlic aioli,,,6,3,6,1000,0,1000,0,1,999,,,,,,,,,,,,,,,
,,,,,,,,,,,,,53800,2020-02-27_11h43.25.320,SandwichStudy,3.2.4,Win32,60,"[""space""]",[0.7699999809265137],1,0,80,20,1,79,Pastrami,Swiss cheese,Coleslaw,,,,,,Chicken,Bacon,Feta cheese,Bell peppers,Basil,Garlic aioli,,,6,3,6,1000,0,1000,0,1,999,,,,,,,,,,,,,,,
,,,,,,,,,,,,,53800,2020-02-27_11h43.25.320,SandwichStudy,3.2.4,Win32,60,"[""l""]",[1.4750001430511475],1,0,80,20,1,79,Pastrami,Swiss cheese,Coleslaw,,,,,,Chicken,Bacon,Feta cheese,Bell peppers,Basil,Garlic aioli,,,6,3,6,1000,0,1000,0,1,999,,,,,,,,,,,,,,,
,,,,,,,,,,,,,53800,2020-02-27_11h43.25.320,SandwichStudy,3.2.4,Win32,60,"[""space""]",[4.875],1,0,80,41,1,79,Bacon,Provolone cheese,Mushrooms,Parmesan cheese,,,,,Turkey,Bacon,Jalapenos,Lettuce,Avocado,Garlic aioli,Tomatoes,,7,4,7,1000,0,1000,0,1,999,,,,,,,,,,,,,,,
,,,,,,,,,,,,,53800,2020-02-27_11h43.25.320,SandwichStudy,3.2.4,Win32,60,"[""space""]",[0.46200013160705566],1,0,80,41,1,79,Bacon,Provolone cheese,Mushrooms,Parmesan cheese,,,,,Turkey,Bacon,Jalapenos,Lettuce,Avocado,Garlic aioli,Tomatoes,,7,4,7,1000,0,1000,0,1,999,,,,,,,,,,,,,,,
,,,,,,,,,,,,,53800,2020-02-27_11h43.25.320,SandwichStudy,3.2.4,Win32,60,"[""space""]",[4.7240002155303955],1,0,80,41,1,79,Bacon,Provolone cheese,Mushrooms,Parmesan cheese,,,,,Turkey,Bacon,Jalapenos,Lettuce,Avocado,Garlic aioli,Tomatoes,,7,4,7,1000,0,1000,0,1,999,,,,,,,,,,,,,,,
,,,,,,,,,,,,,53800,2020-02-27_11h43.25.320,SandwichStudy,3.2.4,Win32,60,"[""a""]",[0.5380001068115234],1,0,80,41,1,79,Bacon,Provolone cheese,Mushrooms,Parmesan cheese,,,,,Turkey,Bacon,Jalapenos,Lettuce,Avocado,Garlic aioli,Tomatoes,,7,4,7,1000,0,1000,0,1,999,,,,,,,,,,,,,,,
,,,,,,,,,,,,,53800,2020-02-27_11h43.25.320,SandwichStudy,3.2.4,Win32,60,"[""space""]",[0.6310000419616699],1,0,80,13,1,79,Chicken,Garlic aioli,Pickles,Cucumbers,Jalapenos,Basil,,,Roast beef,Bacon,Turkey,Mayonnaise,,,,,6,6,4,1000,0,1000,0,1,999,,,,,,,,,,,,,,,
,,,,,,,,,,,,,53800,2020-02-27_11h43.25.320,SandwichStudy,3.2.4,Win32,60,"[""space""]",[3.640000104904175],1,0,80,13,1,79,Chicken,Garlic aioli,Pickles,Cucumbers,Jalapenos,Basil,,,Roast beef,Bacon,Turkey,Mayonnaise,,,,,6,6,4,1000,0,1000,0,1,999,,,,,,,,,,,,,,,
,,,,,,,,,,,,,53800,2020-02-27_11h43.25.320,SandwichStudy,3.2.4,Win32,60,"[""l""]",[0.5190002918243408],1,0,80,13,1,79,Chicken,Garlic aioli,Pickles,Cucumbers,Jalapenos,Basil,,,Roast beef,Bacon,Turkey,Mayonnaise,,,,,6,6,4,1000,0,1000,0,1,999,,,,,,,,,,,,,,,
,,,,,,,,,,,,,53800,2020-02-27_11h43.25.320,SandwichStudy,3.2.4,Win32,60,"[""space""]",[0.19000005722045898],1,0,80,44,1,79,Chicken,Gouda cheese,Avocado,Basil,Bell peppers,Mayonnaise,,,Turkey,Gouda cheese,Avocado,Garlic aioli,Jalapenos,Tomatoes,Lettuce,,7,6,7,1000,0,1000,0,1,999,,,,,,,,,,,,,,,
,,,,,,,,,,,,,53800,2020-02-27_11h43.25.320,SandwichStudy,3.2.4,Win32,60,"[""space""]",[1.3420000076293945],1,0,80,44,1,79,Chicken,Gouda cheese,Avocado,Basil,Bell peppers,Mayonnaise,,,Turkey,Gouda cheese,Avocado,Garlic aioli,Jalapenos,Tomatoes,Lettuce,,7,6,7,1000,0,1000,0,1,999,,,,,,,,,,,,,,,
,,,,,,,,,,,,,53800,2020-02-27_11h43.25.320,SandwichStudy,3.2.4,Win32,60,"[""a""]",[5.082000017166138],1,0,80,44,1,79,Chicken,Gouda cheese,Avocado,Basil,Bell peppers,Mayonnaise,,,Turkey,Gouda cheese,Avocado,Garlic aioli,Jalapenos,Tomatoes,Lettuce,,7,6,7,1000,0,1000,0,1,999,,,,,,,,,,,,,,,
,,,,,,,,,,,,,53800,2020-02-27_11h43.25.320,SandwichStudy,3.2.4,Win32,60,"[""space""]",[0.6050000190734863],1,0,80,50,1,79,Mozzarella cheese,Bell peppers,Pesto,Spinach,,,,,Chicken,Ham,Swiss cheese,Mayonnaise,,,,,4,4,4,1000,0,1000,0,1,999,,,,,,,,,,,,,,,
,,,,,,,,,,,,,53800,2020-02-27_11h43.25.320,SandwichStudy,3.2.4,Win32,60,"[""space""]",[0.687999963760376],1,0,80,50,1,79,Mozzarella cheese,Bell peppers,Pesto,Spinach,,,,,Chicken,Ham,Swiss cheese,Mayonnaise,,,,,4,4,4,1000,0,1000,0,1,999,,,,,,,,,,,,,,,
,,,,,,,,,,,,,53800,2020-02-27_11h43.25.320,SandwichStudy,3.2.4,Win32,60,"[""l""]",[0.7650001049041748],1,0,80,50,1,79,Mozzarella cheese,Bell peppers,Pesto,Spinach,,,,,Chicken,Ham,Swiss cheese,Mayonnaise,,,,,4,4,4,1000,0,1000,0,1,999,,,,,,,,,,,,,,,
,,,,,,,,,,,,,53800,2020-02-27_11h43.25.320,SandwichStudy,3.2.4,Win32,60,"[""space""]",[4.490000247955322],1,0,80,58,1,79,Chicken,Mayonnaise,Cheddar cheese,,,,,,Steak,Onions,Bell peppers,Provolone cheese,,,,,4,3,4,1000,0,1000,0,1,999,,,,,,,,,,,,,,,
,,,,,,,,,,,,,53800,2020-02-27_11h43.25.320,SandwichStudy,3.2.4,Win32,60,"[""space""]",[1.3070001602172852],1,0,80,58,1,79,Chicken,Mayonnaise,Cheddar cheese,,,,,,Steak,Onions,Bell peppers,Provolone cheese,,,,,4,3,4,1000,0,1000,0,1,999,,,,,,,,,,,,,,,
,,,,,,,,,,,,,53800,2020-02-27_11h43.25.320,SandwichStudy,3.2.4,Win32,60,"[""a""]",[1.633000135421753],1,0,80,58,1,79,Chicken,Mayonnaise,Cheddar cheese,,,,,,Steak,Onions,Bell peppers,Provolone cheese,,,,,4,3,4,1000,0,1000,0,1,999,,,,,,,,,,,,,,,
,,,,,,,,,,,,,53800,2020-02-27_11h43.25.320,SandwichStudy,3.2.4,Win32,60,"[""space""]",[0.3210000991821289],1,0,80,14,1,79,Steak,Bacon,American cheese,Tomatoes,Onions,Pickles,,,Bell peppers,Provolone cheese,Cucumbers,Spinach,Tomatoes,Onions,Hummus,,7,6,7,1000,0,1000,0,1,999,,,,,,,,,,,,,,,
,,,,,,,,,,,,,53800,2020-02-27_11h43.25.320,SandwichStudy,3.2.4,Win32,60,"[""space""]",[8.373000144958496],1,0,80,14,1,79,Steak,Bacon,American cheese,Tomatoes,Onions,Pickles,,,Bell peppers,Provolone cheese,Cucumbers,Spinach,Tomatoes,Onions,Hummus,,7,6,7,1000,0,1000,0,1,999,,,,,,,,,,,,,,,
,,,,,,,,,,,,,53800,2020-02-27_11h43.25.320,SandwichStudy,3.2.4,Win32,60,"[""space""]",[0.7220001220703125],1,0,80,14,1,79,Steak,Bacon,American cheese,Tomatoes,Onions,Pickles,,,Bell peppers,Provolone cheese,Cucumbers,Spinach,Tomatoes,Onions,Hummus,,7,6,7,1000,0,1000,0,1,999,,,,,,,,,,,,,,,
,,,,,,,,,,,,,53800,2020-02-27_11h43.25.320,SandwichStudy,3.2.4,Win32,60,"[""space""]",[1.3380000591278076],1,0,80,14,1,79,Steak,Bacon,American cheese,Tomatoes,Onions,Pickles,,,Bell peppers,Provolone cheese,Cucumbers,Spinach,Tomatoes,Onions,Hummus,,7,6,7,1000,0,1000,0,1,999,,,,,,,,,,,,,,,
,,,,,,,,,,,,,53800,2020-02-27_11h43.25.320,SandwichStudy,3.2.4,Win32,60,"[""space""]",[1.1410000324249268],1,0,80,14,1,79,Steak,Bacon,American cheese,Tomatoes,Onions,Pickles,,,Bell peppers,Provolone cheese,Cucumbers,Spinach,Tomatoes,Onions,Hummus,,7,6,7,1000,0,1000,0,1,999,,,,,,,,,,,,,,,
,,,,,,,,,,,,,53800,2020-02-27_11h43.25.320,SandwichStudy,3.2.4,Win32,60,"[""l""]",[8.843000173568726],1,0,80,14,1,79,Steak,Bacon,American cheese,Tomatoes,Onions,Pickles,,,Bell peppers,Provolone cheese,Cucumbers,Spinach,Tomatoes,Onions,Hummus,,7,6,7,1000,0,1000,0,1,999,,,,,,,,,,,,,,,
,,,,,,,,,,,,,53800,2020-02-27_11h43.25.320,SandwichStudy,3.2.4,Win32,60,"[""space""]",[1.2119998931884766],1,0,80,7,1,79,Mozzarella cheese,Bell peppers,Pesto,Spinach,,,,,Ham,Lettuce,Tomatoes,Mayonnaise,Mustard,,,,5,4,5,1000,0,1000,0,1,999,,,,,,,,,,,,,,,
,,,,,,,,,,,,,53800,2020-02-27_11h43.25.320,SandwichStudy,3.2.4,Win32,60,"[""space""]",[2.876000165939331],1,0,80,7,1,79,Mozzarella cheese,Bell peppers,Pesto,Spinach,,,,,Ham,Lettuce,Tomatoes,Mayonnaise,Mustard,,,,5,4,5,1000,0,1000,0,1,999,,,,,,,,,,,,,,,
,,,,,,,,,,,,,53800,2020-02-27_11h43.25.320,SandwichStudy,3.2.4,Win32,60,"[""a""]",[4.324000120162964],1,0,80,7,1,79,Mozzarella cheese,Bell peppers,Pesto,Spinach,,,,,Ham,Lettuce,Tomatoes,Mayonnaise,Mustard,,,,5,4,5,1000,0,1000,0,1,999,,,,,,,,,,,,,,,
,,,,,,,,,,,,,53800,2020-02-27_11h43.25.320,SandwichStudy,3.2.4,Win32,60,"[""space""]",[0.1809999942779541],1,0,80,71,1,79,Bacon,Ham,Turkey,Mayonnaise,Mustard,Cheddar cheese,Tomatoes,Spinach,Bacon,Lettuce,Tomatoes,Garlic aioli,Avocado,,,,8,8,5,1000,0,1000,0,1,999,,,,,,,,,,,,,,,
,,,,,,,,,,,,,53800,2020-02-27_11h43.25.320,SandwichStudy,3.2.4,Win32,60,"[""space""]",[1.6150000095367432],1,0,80,71,1,79,Bacon,Ham,Turkey,Mayonnaise,Mustard,Cheddar cheese,Tomatoes,Spinach,Bacon,Lettuce,Tomatoes,Garlic aioli,Avocado,,,,8,8,5,1000,0,1000,0,1,999,,,,,,,,,,,,,,,
,,,,,,,,,,,,,53800,2020-02-27_11h43.25.320,SandwichStudy,3.2.4,Win32,60,"[""a""]",[0.5880000591278076],1,0,80,71,1,79,Bacon,Ham,Turkey,Mayonnaise,Mustard,Cheddar cheese,Tomatoes,Spinach,Bacon,Lettuce,Tomatoes,Garlic aioli,Avocado,,,,8,8,5,1000,0,1000,0,1,999,,,,,,,,,,,,,,,
,,,,,,,,,,,,,53800,2020-02-27_11h43.25.320,SandwichStudy,3.2.4,Win32,60,"[""space""]",[4.9110002517700195],1,0,80,75,1,79,Ham,Swiss cheese,Mustard,,,,,,Ham,Swiss cheese,Mayonnaise,Mustard,Tomatoes,,,,5,3,5,1000,0,1000,0,1,999,,,,,,,,,,,,,,,
,,,,,,,,,,,,,53800,2020-02-27_11h43.25.320,SandwichStudy,3.2.4,Win32,60,"[""space""]",[0.004000186920166016],1,0,80,75,1,79,Ham,Swiss cheese,Mustard,,,,,,Ham,Swiss cheese,Mayonnaise,Mustard,Tomatoes,,,,5,3,5,1000,0,1000,0,1,999,,,,,,,,,,,,,,,
,,,,,,,,,,,,,53800,2020-02-27_11h43.25.320,SandwichStudy,3.2.4,Win32,60,"[""space""]",[3.890000104904175],1,0,80,75,1,79,Ham,Swiss cheese,Mustard,,,,,,Ham,Swiss cheese,Mayonnaise,Mustard,Tomatoes,,,,5,3,5,1000,0,1000,0,1,999,,,,,,,,,,,,,,,
,,,,,,,,,,,,,53800,2020-02-27_11h43.25.320,SandwichStudy,3.2.4,Win32,60,"[""space""]",[1.6750001907348633],1,0,80,75,1,79,Ham,Swiss cheese,Mustard,,,,,,Ham,Swiss cheese,Mayonnaise,Mustard,Tomatoes,,,,5,3,5,1000,0,1000,0,1,999,,,,,,,,,,,,,,,
,,,,,,,,,,,,,53800,2020-02-27_11h43.25.320,SandwichStudy,3.2.4,Win32,60,"[""a""]",[1.4720001220703125],1,0,80,75,1,79,Ham,Swiss cheese,Mustard,,,,,,Ham,Swiss cheese,Mayonnaise,Mustard,Tomatoes,,,,5,3,5,1000,0,1000,0,1,999,,,,,,,,,,,,,,,
,,,,,,,,,,,,,53800,2020-02-27_11h43.25.320,SandwichStudy,3.2.4,Win32,60,"[""space""]",[6.059000015258789],1,0,80,6,1,79,Chicken,Cheddar cheese,Lettuce,Garlic aioli,Swiss cheese,Tomatoes,,,Cheddar cheese,Provolone cheese,Swiss cheese,Mushrooms,Mayonnaise,Lettuce,Tomatoes,,7,6,7,1000,0,1000,0,1,999,,,,,,,,,,,,,,,
,,,,,,,,,,,,,53800,2020-02-27_11h43.25.320,SandwichStudy,3.2.4,Win32,60,"[""space""]",[0.8050000667572021],1,0,80,6,1,79,Chicken,Cheddar cheese,Lettuce,Garlic aioli,Swiss cheese,Tomatoes,,,Cheddar cheese,Provolone cheese,Swiss cheese,Mushrooms,Mayonnaise,Lettuce,Tomatoes,,7,6,7,1000,0,1000,0,1,999,,,,,,,,,,,,,,,
,,,,,,,,,,,,,53800,2020-02-27_11h43.25.320,SandwichStudy,3.2.4,Win32,60,"[""space""]",[1.2720000743865967],1,0,80,6,1,79,Chicken,Cheddar cheese,Lettuce,Garlic aioli,Swiss cheese,Tomatoes,,,Cheddar cheese,Provolone cheese,Swiss cheese,Mushrooms,Mayonnaise,Lettuce,Tomatoes,,7,6,7,1000,0,1000,0,1,999,,,,,,,,,,,,,,,
,,,,,,,,,,,,,53800,2020-02-27_11h43.25.320,SandwichStudy,3.2.4,Win32,60,"[""l""]",[1.249000072479248],1,0,80,6,1,79,Chicken,Cheddar cheese,Lettuce,Garlic aioli,Swiss cheese,Tomatoes,,,Cheddar cheese,Provolone cheese,Swiss cheese,Mushrooms,Mayonnaise,Lettuce,Tomatoes,,7,6,7,1000,0,1000,0,1,999,,,,,,,,,,,,,,,
,,,,,,,,,,,,,53800,2020-02-27_11h43.25.320,SandwichStudy,3.2.4,Win32,60,"[""space""]",[0.8240001201629639],1,0,80,34,1,79,Avocado,Onions,Cucumbers,,,,,,Tuna,Basil,Cheddar cheese,Garlic aioli,Pickles,Onions,Tomatoes,Spinach,8,3,8,1000,0,1000,0,1,999,,,,,,,,,,,,,,,
,,,,,,,,,,,,,53800,2020-02-27_11h43.25.320,SandwichStudy,3.2.4,Win32,60,"[""space""]",[1.0420000553131104],1,0,80,34,1,79,Avocado,Onions,Cucumbers,,,,,,Tuna,Basil,Cheddar cheese,Garlic aioli,Pickles,Onions,Tomatoes,Spinach,8,3,8,1000,0,1000,0,1,999,,,,,,,,,,,,,,,
,,,,,,,,,,,,,53800,2020-02-27_11h43.25.320,SandwichStudy,3.2.4,Win32,60,"[""space""]",[1.00600004196167],1,0,80,34,1,79,Avocado,Onions,Cucumbers,,,,,,Tuna,Basil,Cheddar cheese,Garlic aioli,Pickles,Onions,Tomatoes,Spinach,8,3,8,1000,0,1000,0,1,999,,,,,,,,,,,,,,,
,,,,,,,,,,,,,53800,2020-02-27_11h43.25.320,SandwichStudy,3.2.4,Win32,60,"[""l""]",[1.0570001602172852],1,0,80,34,1,79,Avocado,Onions,Cucumbers,,,,,,Tuna,Basil,Cheddar cheese,Garlic aioli,Pickles,Onions,Tomatoes,Spinach,8,3,8,1000,0,1000,0,1,999,,,,,,,,,,,,,,,
,,,,,,,,,,,,,53800,2020-02-27_11h43.25.320,SandwichStudy,3.2.4,Win32,60,"[""space""]",[0.4219999313354492],1,0,80,56,1,79,Turkey,Salami,Cheddar cheese,Mayonnaise,,,,,Turkey,Bacon,Avocado,Provolone cheese,Lettuce,Tomatoes,Onions,Ranch dressing,8,4,8,1000,0,1000,0,1,999,,,,,,,,,,,,,,,
,,,,,,,,,,,,,53800,2020-02-27_11h43.25.320,SandwichStudy,3.2.4,Win32,60,"[""l""]",[2.2790000438690186],1,0,80,56,1,79,Turkey,Salami,Cheddar cheese,Mayonnaise,,,,,Turkey,Bacon,Avocado,Provolone cheese,Lettuce,Tomatoes,Onions,Ranch dressing,8,4,8,1000,0,1000,0,1,999,,,,,,,,,,,,,,,
,,,,,,,,,,,,,53800,2020-02-27_11h43.25.320,SandwichStudy,3.2.4,Win32,60,"[""l""]",[0.6430001258850098],1,0,80,77,1,79,Chicken,Lettuce,Tomatoes,Mayonnaise,,,,,Pepperoni,Meatballs,Marinara sauce,Provolone cheese,Mushrooms,,,,5,4,5,1000,0,1000,0,1,999,,,,,,,,,,,,,,,
,,,,,,,,,,,,,53800,2020-02-27_11h43.25.320,SandwichStudy,3.2.4,Win32,60,"[""a""]",[3.0269999504089355],1,0,80,43,1,79,Meatballs,Provolone cheese,Onions,Marinara sauce,,,,,Chicken,Mozzarella cheese,Tomatoes,Pesto,Spinach,,,,5,4,5,1000,0,1000,0,1,999,,,,,,,,,,,,,,,
,,,,,,,,,,,,,53800,2020-02-27_11h43.25.320,SandwichStudy,3.2.4,Win32,60,"[""space""]",[0.621999979019165],1,0,80,45,1,79,Bell peppers,Provolone cheese,Cucumbers,Spinach,Tomatoes,Onions,Hummus,,Roast beef,Bacon,Turkey,Mayonnaise,,,,,7,7,4,1000,0,1000,0,1,999,,,,,,,,,,,,,,,
,,,,,,,,,,,,,53800,2020-02-27_11h43.25.320,SandwichStudy,3.2.4,Win32,60,"[""space""]",[0.5799999237060547],1,0,80,45,1,79,Bell peppers,Provolone cheese,Cucumbers,Spinach,Tomatoes,Onions,Hummus,,Roast beef,Bacon,Turkey,Mayonnaise,,,,,7,7,4,1000,0,1000,0,1,999,,,,,,,,,,,,,,,
,,,,,,,,,,,,,53800,2020-02-27_11h43.25.320,SandwichStudy,3.2.4,Win32,60,"[""space""]",[38.34699988365173],1,0,80,45,1,79,Bell peppers,Provolone cheese,Cucumbers,Spinach,Tomatoes,Onions,Hummus,,Roast beef,Bacon,Turkey,Mayonnaise,,,,,7,7,4,1000,0,1000,0,1,999,,,,,,,,,,,,,,,
,,,,,,,,,,,,,53800,2020-02-27_11h43.25.320,SandwichStudy,3.2.4,Win32,60,"[""space""]",[0.882000207901001],1,0,80,45,1,79,Bell peppers,Provolone cheese,Cucumbers,Spinach,Tomatoes,Onions,Hummus,,Roast beef,Bacon,Turkey,Mayonnaise,,,,,7,7,4,1000,0,1000,0,1,999,,,,,,,,,,,,,,,
,,,,,,,,,,,,,53800,2020-02-27_11h43.25.320,SandwichStudy,3.2.4,Win32,60,"[""a""]",[6.940000057220459],1,0,80,45,1,79,Bell peppers,Provolone cheese,Cucumbers,Spinach,Tomatoes,Onions,Hummus,,Roast beef,Bacon,Turkey,Mayonnaise,,,,,7,7,4,1000,0,1000,0,1,999,,,,,,,,,,,,,,,
,,,,,,,,,,,,,53800,2020-02-27_11h43.25.320,SandwichStudy,3.2.4,Win32,60,"[""space""]",[0.2930002212524414],1,0,80,37,1,79,Turkey,Ham,Cheddar cheese,Mayonnaise,,,,,Chicken,Ham,Swiss cheese,Mayonnaise,Mustard,,,,5,4,5,1000,0,1000,0,1,999,,,,,,,,,,,,,,,
,,,,,,,,,,,,,53800,2020-02-27_11h43.25.320,SandwichStudy,3.2.4,Win32,60,"[""space""]",[0.7100000381469727],1,0,80,37,1,79,Turkey,Ham,Cheddar cheese,Mayonnaise,,,,,Chicken,Ham,Swiss cheese,Mayonnaise,Mustard,,,,5,4,5,1000,0,1000,0,1,999,,,,,,,,,,,,,,,
,,,,,,,,,,,,,53800,2020-02-27_11h43.25.320,SandwichStudy,3.2.4,Win32,60,"[""l""]",[2.1549999713897705],1,0,80,37,1,79,Turkey,Ham,Cheddar cheese,Mayonnaise,,,,,Chicken,Ham,Swiss cheese,Mayonnaise,Mustard,,,,5,4,5,1000,0,1000,0,1,999,,,,,,,,,,,,,,,
,,,,,,,,,,,,,53800,2020-02-27_11h43.25.320,SandwichStudy,3.2.4,Win32,60,"[""a""]",[2.555999994277954],1,0,80,61,1,79,Pork,Cucumbers,Pickles,Jalapenos,Basil,Mayonnaise,,,Turkey,Cheddar cheese,Bacon,,,,,,6,6,3,1000,0,1000,0,1,999,,,,,,,,,,,,,,,
,,,,,,,,,,,,,53800,2020-02-27_11h43.25.320,SandwichStudy,3.2.4,Win32,60,"[""space""]",[0.5910000801086426],1,0,80,64,1,79,Tuna,Basil,Cheddar cheese,Garlic aioli,Pickles,Onions,Tomatoes,Spinach,Turkey,Ham,Bacon,Provolone cheese,Lettuce,Tomatoes,Ranch dressing,,8,8,7,1000,0,1000,0,1,999,,,,,,,,,,,,,,,
,,,,,,,,,,,,,53800,2020-02-27_11h43.25.320,SandwichStudy,3.2.4,Win32,60,"[""l""]",[2.367000102996826],1,0,80,64,1,79,Tuna,Basil,Cheddar cheese,Garlic aioli,Pickles,Onions,Tomatoes,Spinach,Turkey,Ham,Bacon,Provolone cheese,Lettuce,Tomatoes,Ranch dressing,,8,8,7,1000,0,1000,0,1,999,,,,,,,,,,,,,,,
,,,,,,,,,,,,,53800,2020-02-27_11h43.25.320,SandwichStudy,3.2.4,Win32,60,"[""space""]",[0.812000036239624],1,0,80,16,1,79,Chicken,American cheese,Lettuce,Tomatoes,Mayonnaise,,,,Cheddar cheese,Avocado,Onions,Tomatoes,Mayonnaise,,,,5,5,5,1000,0,1000,0,1,999,,,,,,,,,,,,,,,
,,,,,,,,,,,,,53800,2020-02-27_11h43.25.320,SandwichStudy,3.2.4,Win32,60,"[""space""]",[2.4640002250671387],1,0,80,16,1,79,Chicken,American cheese,Lettuce,Tomatoes,Mayonnaise,,,,Cheddar cheese,Avocado,Onions,Tomatoes,Mayonnaise,,,,5,5,5,1000,0,1000,0,1,999,,,,,,,,,,,,,,,
,,,,,,,,,,,,,53800,2020-02-27_11h43.25.320,SandwichStudy,3.2.4,Win32,60,"[""l""]",[1.4609999656677246],1,0,80,16,1,79,Chicken,American cheese,Lettuce,Tomatoes,Mayonnaise,,,,Cheddar cheese,Avocado,Onions,Tomatoes,Mayonnaise,,,,5,5,5,1000,0,1000,0,1,999,,,,,,,,,,,,,,,
,,,,,,,,,,,,,53800,2020-02-27_11h43.25.320,SandwichStudy,3.2.4,Win32,60,"[""space""]",[1.0950002670288086],1,0,80,47,1,79,Chicken,Cheddar cheese,Mayonnaise,,,,,,Turkey,Cheddar cheese,Coleslaw,Spinach,Mustard,,,,5,3,5,1000,0,1000,0,1,999,,,,,,,,,,,,,,,
,,,,,,,,,,,,,53800,2020-02-27_11h43.25.320,SandwichStudy,3.2.4,Win32,60,"[""l""]",[4.559000015258789],1,0,80,47,1,79,Chicken,Cheddar cheese,Mayonnaise,,,,,,Turkey,Cheddar cheese,Coleslaw,Spinach,Mustard,,,,5,3,5,1000,0,1000,0,1,999,,,,,,,,,,,,,,,
,,,,,,,,,,,,,53800,2020-02-27_11h43.25.320,SandwichStudy,3.2.4,Win32,60,"[""space""]",[3.3400001525878906],1,0,80,51,1,79,Turkey,Provolone cheese,Pesto,Bell peppers,,,,,Swiss cheese,Provolone cheese,Bell peppers,Tomatoes,Onions,,,,5,4,5,1000,0,1000,0,1,999,,,,,,,,,,,,,,,
,,,,,,,,,,,,,53800,2020-02-27_11h43.25.320,SandwichStudy,3.2.4,Win32,60,"[""a""]",[6.017999887466431],1,0,80,51,1,79,Turkey,Provolone cheese,Pesto,Bell peppers,,,,,Swiss cheese,Provolone cheese,Bell peppers,Tomatoes,Onions,,,,5,4,5,1000,0,1000,0,1,999,,,,,,,,,,,,,,,
,,,,,,,,,,,,,53800,2020-02-27_11h43.25.320,SandwichStudy,3.2.4,Win32,60,"[""space""]",[0.7130000591278076],1,0,80,70,1,79,Pastrami,Swiss cheese,Coleslaw,,,,,,Chicken,Cheddar cheese,Bacon,Avocado,Ranch dressing,,,,5,3,5,1000,0,1000,0,1,999,,,,,,,,,,,,,,,
,,,,,,,,,,,,,53800,2020-02-27_11h43.25.320,SandwichStudy,3.2.4,Win32,60,"[""space""]",[2.256999969482422],1,0,80,70,1,79,Pastrami,Swiss cheese,Coleslaw,,,,,,Chicken,Cheddar cheese,Bacon,Avocado,Ranch dressing,,,,5,3,5,1000,0,1000,0,1,999,,,,,,,,,,,,,,,
,,,,,,,,,,,,,53800,2020-02-27_11h43.25.320,SandwichStudy,3.2.4,Win32,60,"[""a""]",[9.414000034332275],1,0,80,70,1,79,Pastrami,Swiss cheese,Coleslaw,,,,,,Chicken,Cheddar cheese,Bacon,Avocado,Ranch dressing,,,,5,3,5,1000,0,1000,0,1,999,,,,,,,,,,,,,,,
,,,,,,,,,,,,,53800,2020-02-27_11h43.25.320,SandwichStudy,3.2.4,Win32,60,"[""space""]",[0.06200003623962402],1,0,80,0,1,79,Onions,Bell peppers,Mushrooms,Jalapenos,American cheese,Steak,,,Bacon,Provolone cheese,Mushrooms,Parmesan cheese,,,,,6,6,4,1000,0,1000,0,1,999,,,,,,,,,,,,,,,
,,,,,,,,,,,,,53800,2020-02-27_11h43.25.320,SandwichStudy,3.2.4,Win32,60,"[""space""]",[6.8420000076293945],1,0,80,0,1,79,Onions,Bell peppers,Mushrooms,Jalapenos,American cheese,Steak,,,Bacon,Provolone cheese,Mushrooms,Parmesan cheese,,,,,6,6,4,1000,0,1000,0,1,999,,,,,,,,,,,,,,,
,,,,,,,,,,,,,53800,2020-02-27_11h43.25.320,SandwichStudy,3.2.4,Win32,60,"[""space""]",[3.509000062942505],1,0,80,0,1,79,Onions,Bell peppers,Mushrooms,Jalapenos,American cheese,Steak,,,Bacon,Provolone cheese,Mushrooms,Parmesan cheese,,,,,6,6,4,1000,0,1000,0,1,999,,,,,,,,,,,,,,,
,,,,,,,,,,,,,53800,2020-02-27_11h43.25.320,SandwichStudy,3.2.4,Win32,60,"[""a""]",[2.937000036239624],1,0,80,0,1,79,Onions,Bell peppers,Mushrooms,Jalapenos,American cheese,Steak,,,Bacon,Provolone cheese,Mushrooms,Parmesan cheese,,,,,6,6,4,1000,0,1000,0,1,999,,,,,,,,,,,,,,,
,,,,,,,,,,,,,53800,2020-02-27_11h43.25.320,SandwichStudy,3.2.4,Win32,60,"[""space""]",[0.4549999237060547],1,0,80,72,1,79,Chicken,Mozzarella cheese,Tomatoes,Onions,Basil,Mayonnaise,,,Chicken,American cheese,Coleslaw,Tomatoes,Pickles,Mayonnaise,,,6,6,6,1000,0,1000,0,1,999,,,,,,,,,,,,,,,
,,,,,,,,,,,,,53800,2020-02-27_11h43.25.320,SandwichStudy,3.2.4,Win32,60,"[""l""]",[3.055000066757202],1,0,80,72,1,79,Chicken,Mozzarella cheese,Tomatoes,Onions,Basil,Mayonnaise,,,Chicken,American cheese,Coleslaw,Tomatoes,Pickles,Mayonnaise,,,6,6,6,1000,0,1000,0,1,999,,,,,,,,,,,,,,,
,,,,,,,,,,,,,53800,2020-02-27_11h43.25.320,SandwichStudy,3.2.4,Win32,60,"[""space""]",[0.8540000915527344],1,0,80,76,1,79,Bacon,Lettuce,Tomatoes,Ranch dressing,,,,,Chicken,Bacon,Mustard,,,,,,4,4,3,1000,0,1000,0,1,999,,,,,,,,,,,,,,,
,,,,,,,,,,,,,53800,2020-02-27_11h43.25.320,SandwichStudy,3.2.4,Win32,60,"[""space""]",[1.2410001754760742],1,0,80,76,1,79,Bacon,Lettuce,Tomatoes,Ranch dressing,,,,,Chicken,Bacon,Mustard,,,,,,4,4,3,1000,0,1000,0,1,999,,,,,,,,,,,,,,,
,,,,,,,,,,,,,53800,2020-02-27_11h43.25.320,SandwichStudy,3.2.4,Win32,60,"[""a""]",[2.631000280380249],1,0,80,76,1,79,Bacon,Lettuce,Tomatoes,Ranch dressing,,,,,Chicken,Bacon,Mustard,,,,,,4,4,3,1000,0,1000,0,1,999,,,,,,,,,,,,,,,
,,,,,,,,,,,,,53800,2020-02-27_11h43.25.320,SandwichStudy,3.2.4,Win32,60,"[""space""]",[0.4739999771118164],1,0,80,15,1,79,Pork,Cucumbers,Pickles,Jalapenos,Basil,Mayonnaise,,,Roast beef,Pastrami,Swiss cheese,Mustard,,,,,6,6,4,1000,0,1000,0,1,999,,,,,,,,,,,,,,,
,,,,,,,,,,,,,53800,2020-02-27_11h43.25.320,SandwichStudy,3.2.4,Win32,60,"[""space""]",[1.2740001678466797],1,0,80,15,1,79,Pork,Cucumbers,Pickles,Jalapenos,Basil,Mayonnaise,,,Roast beef,Pastrami,Swiss cheese,Mustard,,,,,6,6,4,1000,0,1000,0,1,999,,,,,,,,,,,,,,,
,,,,,,,,,,,,,53800,2020-02-27_11h43.25.320,SandwichStudy,3.2.4,Win32,60,"[""space""]",[1.0800001621246338],1,0,80,15,1,79,Pork,Cucumbers,Pickles,Jalapenos,Basil,Mayonnaise,,,Roast beef,Pastrami,Swiss cheese,Mustard,,,,,6,6,4,1000,0,1000,0,1,999,,,,,,,,,,,,,,,
,,,,,,,,,,,,,53800,2020-02-27_11h43.25.320,SandwichStudy,3.2.4,Win32,60,"[""space""]",[0.377000093460083],1,0,80,15,1,79,Pork,Cucumbers,Pickles,Jalapenos,Basil,Mayonnaise,,,Roast beef,Pastrami,Swiss cheese,Mustard,,,,,6,6,4,1000,0,1000,0,1,999,,,,,,,,,,,,,,,
,,,,,,,,,,,,,53800,2020-02-27_11h43.25.320,SandwichStudy,3.2.4,Win32,60,"[""a""]",[2.705000162124634],1,0,80,15,1,79,Pork,Cucumbers,Pickles,Jalapenos,Basil,Mayonnaise,,,Roast beef,Pastrami,Swiss cheese,Mustard,,,,,6,6,4,1000,0,1000,0,1,999,,,,,,,,,,,,,,,
,,,,,,,,,,,,,53800,2020-02-27_11h43.25.320,SandwichStudy,3.2.4,Win32,60,"[""space""]",[1.0950000286102295],1,0,80,11,1,79,Pork,Ham,Swiss cheese,Pickles,Mustard,,,,Chicken,Bacon,Mustard,,,,,,5,5,3,1000,0,1000,0,1,999,,,,,,,,,,,,,,,
,,,,,,,,,,,,,53800,2020-02-27_11h43.25.320,SandwichStudy,3.2.4,Win32,60,"[""space""]",[6.557000160217285],1,0,80,11,1,79,Pork,Ham,Swiss cheese,Pickles,Mustard,,,,Chicken,Bacon,Mustard,,,,,,5,5,3,1000,0,1000,0,1,999,,,,,,,,,,,,,,,
,,,,,,,,,,,,,53800,2020-02-27_11h43.25.320,SandwichStudy,3.2.4,Win32,60,"[""space""]",[0.9220001697540283],1,0,80,11,1,79,Pork,Ham,Swiss cheese,Pickles,Mustard,,,,Chicken,Bacon,Mustard,,,,,,5,5,3,1000,0,1000,0,1,999,,,,,,,,,,,,,,,
,,,,,,,,,,,,,53800,2020-02-27_11h43.25.320,SandwichStudy,3.2.4,Win32,60,"[""space""]",[0.0950002670288086],1,0,80,11,1,79,Pork,Ham,Swiss cheese,Pickles,Mustard,,,,Chicken,Bacon,Mustard,,,,,,5,5,3,1000,0,1000,0,1,999,,,,,,,,,,,,,,,
,,,,,,,,,,,,,53800,2020-02-27_11h43.25.320,SandwichStudy,3.2.4,Win32,60,"[""a""]",[3.5910000801086426],1,0,80,11,1,79,Pork,Ham,Swiss cheese,Pickles,Mustard,,,,Chicken,Bacon,Mustard,,,,,,5,5,3,1000,0,1000,0,1,999,,,,,,,,,,,,,,,
,,,,,,,,,,,,,53800,2020-02-27_11h43.25.320,SandwichStudy,3.2.4,Win32,60,"[""space""]",[0.6850001811981201],1,0,80,38,1,79,Steak,Turkey,Ham,Cheddar cheese,Olives,Lettuce,Tomatoes,Onions,Chicken,Swiss cheese,Lettuce,Tomatoes,Onions,,,,8,8,5,1000,0,1000,0,1,999,,,,,,,,,,,,,,,
,,,,,,,,,,,,,53800,2020-02-27_11h43.25.320,SandwichStudy,3.2.4,Win32,60,"[""a""]",[2.061000108718872],1,0,80,38,1,79,Steak,Turkey,Ham,Cheddar cheese,Olives,Lettuce,Tomatoes,Onions,Chicken,Swiss cheese,Lettuce,Tomatoes,Onions,,,,8,8,5,1000,0,1000,0,1,999,,,,,,,,,,,,,,,
,,,,,,,,,,,,,53800,2020-02-27_11h43.25.320,SandwichStudy,3.2.4,Win32,60,"[""space""]",[0.23800015449523926],1,0,80,63,1,79,Onions,Bell peppers,Mushrooms,Jalapenos,American cheese,Steak,,,Turkey,Ham,Roast beef,Provolone cheese,Spinach,Tomatoes,Mayonnaise,Mustard,8,6,8,1000,0,1000,0,1,999,,,,,,,,,,,,,,,
,,,,,,,,,,,,,53800,2020-02-27_11h43.25.320,SandwichStudy,3.2.4,Win32,60,"[""space""]",[0.4530000686645508],1,0,80,63,1,79,Onions,Bell peppers,Mushrooms,Jalapenos,American cheese,Steak,,,Turkey,Ham,Roast beef,Provolone cheese,Spinach,Tomatoes,Mayonnaise,Mustard,8,6,8,1000,0,1000,0,1,999,,,,,,,,,,,,,,,
,,,,,,,,,,,,,53800,2020-02-27_11h43.25.320,SandwichStudy,3.2.4,Win32,60,"[""space""]",[0.6420001983642578],1,0,80,63,1,79,Onions,Bell peppers,Mushrooms,Jalapenos,American cheese,Steak,,,Turkey,Ham,Roast beef,Provolone cheese,Spinach,Tomatoes,Mayonnaise,Mustard,8,6,8,1000,0,1000,0,1,999,,,,,,,,,,,,,,,
,,,,,,,,,,,,,53800,2020-02-27_11h43.25.320,SandwichStudy,3.2.4,Win32,60,"[""l""]",[1.1040000915527344],1,0,80,63,1,79,Onions,Bell peppers,Mushrooms,Jalapenos,American cheese,Steak,,,Turkey,Ham,Roast beef,Provolone cheese,Spinach,Tomatoes,Mayonnaise,Mustard,8,6,8,1000,0,1000,0,1,999,,,,,,,,,,,,,,,
,,,,,,,,,,,,,53800,2020-02-27_11h43.25.320,SandwichStudy,3.2.4,Win32,60,"[""space""]",[0.32200002670288086],1,0,80,39,1,79,Chicken,Provolone cheese,Pesto,,,,,,Turkey,Bacon,Jalapenos,Lettuce,Avocado,Garlic aioli,Tomatoes,,7,3,7,1000,0,1000,0,1,999,,,,,,,,,,,,,,,
,,,,,,,,,,,,,53800,2020-02-27_11h43.25.320,SandwichStudy,3.2.4,Win32,60,"[""space""]",[0.48800015449523926],1,0,80,39,1,79,Chicken,Provolone cheese,Pesto,,,,,,Turkey,Bacon,Jalapenos,Lettuce,Avocado,Garlic aioli,Tomatoes,,7,3,7,1000,0,1000,0,1,999,,,,,,,,,,,,,,,
,,,,,,,,,,,,,53800,2020-02-27_11h43.25.320,SandwichStudy,3.2.4,Win32,60,"[""a""]",[1.943000078201294],1,0,80,39,1,79,Chicken,Provolone cheese,Pesto,,,,,,Turkey,Bacon,Jalapenos,Lettuce,Avocado,Garlic aioli,Tomatoes,,7,3,7,1000,0,1000,0,1,999,,,,,,,,,,,,,,,
,,,,,,,,,,,,,53800,2020-02-27_11h43.25.320,SandwichStudy,3.2.4,Win32,60,"[""space""]",[0.7310001850128174],1,0,80,52,1,79,Cheddar cheese,Avocado,Onions,Tomatoes,Mayonnaise,,,,Bacon,Ham,Turkey,Mayonnaise,Cheddar cheese,Tomatoes,Spinach,Swiss cheese,8,5,8,1000,0,1000,0,1,999,,,,,,,,,,,,,,,
,,,,,,,,,,,,,53800,2020-02-27_11h43.25.320,SandwichStudy,3.2.4,Win32,60,"[""a""]",[1.875],1,0,80,52,1,79,Cheddar cheese,Avocado,Onions,Tomatoes,Mayonnaise,,,,Bacon,Ham,Turkey,Mayonnaise,Cheddar cheese,Tomatoes,Spinach,Swiss cheese,8,5,8,1000,0,1000,0,1,999,,,,,,,,,,,,,,,
,,,,,,,,,,,,,53800,2020-02-27_11h43.25.320,SandwichStudy,3.2.4,Win32,60,"[""space""]",[0.506000280380249],1,0,80,23,1,79,Meatballs,Provolone cheese,Marinara sauce,Parmesan cheese,,,,,Turkey,Cheddar cheese,Bacon,,,,,,4,4,3,1000,0,1000,0,1,999,,,,,,,,,,,,,,,
,,,,,,,,,,,,,53800,2020-02-27_11h43.25.320,SandwichStudy,3.2.4,Win32,60,"[""space""]",[2.0420002937316895],1,0,80,23,1,79,Meatballs,Provolone cheese,Marinara sauce,Parmesan cheese,,,,,Turkey,Cheddar cheese,Bacon,,,,,,4,4,3,1000,0,1000,0,1,999,,,,,,,,,,,,,,,
,,,,,,,,,,,,,53800,2020-02-27_11h43.25.320,SandwichStudy,3.2.4,Win32,60,"[""l""]",[1.8060002326965332],1,0,80,23,1,79,Meatballs,Provolone cheese,Marinara sauce,Parmesan cheese,,,,,Turkey,Cheddar cheese,Bacon,,,,,,4,4,3,1000,0,1000,0,1,999,,,,,,,,,,,,,,,
,,,,,,,,,,,,,53800,2020-02-27_11h43.25.320,SandwichStudy,3.2.4,Win32,60,"[""space""]",[10.511000156402588],1,0,80,66,1,79,Bacon,Spinach,Tomatoes,Avocado,Mayonnaise,,,,Provolone cheese,Swiss cheese,Cheddar cheese,Parmesan cheese,Tomatoes,,,,5,5,5,1000,0,1000,0,1,999,,,,,,,,,,,,,,,
,,,,,,,,,,,,,53800,2020-02-27_11h43.25.320,SandwichStudy,3.2.4,Win32,60,"[""space""]",[6.123000144958496],1,0,80,66,1,79,Bacon,Spinach,Tomatoes,Avocado,Mayonnaise,,,,Provolone cheese,Swiss cheese,Cheddar cheese,Parmesan cheese,Tomatoes,,,,5,5,5,1000,0,1000,0,1,999,,,,,,,,,,,,,,,
,,,,,,,,,,,,,53800,2020-02-27_11h43.25.320,SandwichStudy,3.2.4,Win32,60,"[""space""]",[3.061000108718872],1,0,80,66,1,79,Bacon,Spinach,Tomatoes,Avocado,Mayonnaise,,,,Provolone cheese,Swiss cheese,Cheddar cheese,Parmesan cheese,Tomatoes,,,,5,5,5,1000,0,1000,0,1,999,,,,,,,,,,,,,,,
,,,,,,,,,,,,,53800,2020-02-27_11h43.25.320,SandwichStudy,3.2.4,Win32,60,"[""a""]",[1.6390001773834229],1,0,80,66,1,79,Bacon,Spinach,Tomatoes,Avocado,Mayonnaise,,,,Provolone cheese,Swiss cheese,Cheddar cheese,Parmesan cheese,Tomatoes,,,,5,5,5,1000,0,1000,0,1,999,,,,,,,,,,,,,,,
,,,,,,,,,,,,,53800,2020-02-27_11h43.25.320,SandwichStudy,3.2.4,Win32,60,"[""space""]",[1.5160000324249268],1,0,80,46,1,79,Turkey,Ham,Bacon,Swiss cheese,Lettuce,Tomatoes,Onions,,Chicken,Pickles,Basil,Tomatoes,Cucumbers,,,,7,7,5,1000,0,1000,0,1,999,,,,,,,,,,,,,,,
,,,,,,,,,,,,,53800,2020-02-27_11h43.25.320,SandwichStudy,3.2.4,Win32,60,"[""space""]",[1.2660002708435059],1,0,80,46,1,79,Turkey,Ham,Bacon,Swiss cheese,Lettuce,Tomatoes,Onions,,Chicken,Pickles,Basil,Tomatoes,Cucumbers,,,,7,7,5,1000,0,1000,0,1,999,,,,,,,,,,,,,,,
,,,,,,,,,,,,,53800,2020-02-27_11h43.25.320,SandwichStudy,3.2.4,Win32,60,"[""space""]",[2.9509999752044678],1,0,80,46,1,79,Turkey,Ham,Bacon,Swiss cheese,Lettuce,Tomatoes,Onions,,Chicken,Pickles,Basil,Tomatoes,Cucumbers,,,,7,7,5,1000,0,1000,0,1,999,,,,,,,,,,,,,,,
,,,,,,,,,,,,,53800,2020-02-27_11h43.25.320,SandwichStudy,3.2.4,Win32,60,"[""a""]",[2.128999948501587],1,0,80,46,1,79,Turkey,Ham,Bacon,Swiss cheese,Lettuce,Tomatoes,Onions,,Chicken,Pickles,Basil,Tomatoes,Cucumbers,,,,7,7,5,1000,0,1000,0,1,999,,,,,,,,,,,,,,,
,,,,,,,,,,,,,53800,2020-02-27_11h43.25.320,SandwichStudy,3.2.4,Win32,60,"[""space""]",[0.877000093460083],1,0,80,2,1,79,Turkey,Provolone cheese,Spinach,Garlic aioli,,,,,Chicken,Pickles,Basil,Tomatoes,Cucumbers,,,,5,4,5,1000,0,1000,0,1,999,,,,,,,,,,,,,,,
,,,,,,,,,,,,,53800,2020-02-27_11h43.25.320,SandwichStudy,3.2.4,Win32,60,"[""space""]",[1.9780001640319824],1,0,80,2,1,79,Turkey,Provolone cheese,Spinach,Garlic aioli,,,,,Chicken,Pickles,Basil,Tomatoes,Cucumbers,,,,5,4,5,1000,0,1000,0,1,999,,,,,,,,,,,,,,,
,,,,,,,,,,,,,53800,2020-02-27_11h43.25.320,SandwichStudy,3.2.4,Win32,60,"[""a""]",[2.0739998817443848],1,0,80,2,1,79,Turkey,Provolone cheese,Spinach,Garlic aioli,,,,,Chicken,Pickles,Basil,Tomatoes,Cucumbers,,,,5,4,5,1000,0,1000,0,1,999,,,,,,,,,,,,,,,
,,,,,,,,,,,,,53800,2020-02-27_11h43.25.320,SandwichStudy,3.2.4,Win32,60,"[""space""]",[0.8220000267028809],1,0,80,59,1,79,Chicken,Ham,Cheddar cheese,Mayonnaise,,,,,Turkey,Garlic aioli,Bacon,Spinach,,,,,4,4,4,1000,0,1000,0,1,999,,,,,,,,,,,,,,,
,,,,,,,,,,,,,53800,2020-02-27_11h43.25.320,SandwichStudy,3.2.4,Win32,60,"[""l""]",[1.7090001106262207],1,0,80,59,1,79,Chicken,Ham,Cheddar cheese,Mayonnaise,,,,,Turkey,Garlic aioli,Bacon,Spinach,,,,,4,4,4,1000,0,1000,0,1,999,,,,,,,,,,,,,,,
,,,,,,,,,,,,,53800,2020-02-27_11h43.25.320,SandwichStudy,3.2.4,Win32,60,"[""space""]",[0.5740001201629639],1,0,80,68,1,79,Tomatoes,Mozzarella cheese,Spinach,Pesto,,,,,Steak,Bacon,American cheese,Tomatoes,Onions,Pickles,,,6,4,6,1000,0,1000,0,1,999,,,,,,,,,,,,,,,
,,,,,,,,,,,,,53800,2020-02-27_11h43.25.320,SandwichStudy,3.2.4,Win32,60,"[""a""]",[0.9960002899169922],1,0,80,68,1,79,Tomatoes,Mozzarella cheese,Spinach,Pesto,,,,,Steak,Bacon,American cheese,Tomatoes,Onions,Pickles,,,6,4,6,1000,0,1000,0,1,999,,,,,,,,,,,,,,,
,,,,,,,,,,,,,53800,2020-02-27_11h43.25.320,SandwichStudy,3.2.4,Win32,60,"[""space""]",[1.1400001049041748],1,0,80,19,1,79,Bacon,Ham,Turkey,Mayonnaise,Cheddar cheese,Tomatoes,Spinach,Swiss cheese,Turkey,Salami,Cheddar cheese,Mayonnaise,,,,,8,8,4,1000,0,1000,0,1,999,,,,,,,,,,,,,,,
,,,,,,,,,,,,,53800,2020-02-27_11h43.25.320,SandwichStudy,3.2.4,Win32,60,"[""space""]",[0.3230001926422119],1,0,80,19,1,79,Bacon,Ham,Turkey,Mayonnaise,Cheddar cheese,Tomatoes,Spinach,Swiss cheese,Turkey,Salami,Cheddar cheese,Mayonnaise,,,,,8,8,4,1000,0,1000,0,1,999,,,,,,,,,,,,,,,
,,,,,,,,,,,,,53800,2020-02-27_11h43.25.320,SandwichStudy,3.2.4,Win32,60,"[""l""]",[0.6210000514984131],1,0,80,19,1,79,Bacon,Ham,Turkey,Mayonnaise,Cheddar cheese,Tomatoes,Spinach,Swiss cheese,Turkey,Salami,Cheddar cheese,Mayonnaise,,,,,8,8,4,1000,0,1000,0,1,999,,,,,,,,,,,,,,,
,,,,,,,,,,,,,53800,2020-02-27_11h43.25.320,SandwichStudy,3.2.4,Win32,60,"[""space""]",[1.442000150680542],1,0,80,67,1,79,Avocado,Onions,Cucumbers,,,,,,Meatballs,Provolone cheese,Marinara sauce,Parmesan cheese,,,,,4,3,4,1000,0,1000,0,1,999,,,,,,,,,,,,,,,
,,,,,,,,,,,,,53800,2020-02-27_11h43.25.320,SandwichStudy,3.2.4,Win32,60,"[""space""]",[0.06000018119812012],1,0,80,67,1,79,Avocado,Onions,Cucumbers,,,,,,Meatballs,Provolone cheese,Marinara sauce,Parmesan cheese,,,,,4,3,4,1000,0,1000,0,1,999,,,,,,,,,,,,,,,
,,,,,,,,,,,,,53800,2020-02-27_11h43.25.320,SandwichStudy,3.2.4,Win32,60,"[""space""]",[0.3880000114440918],1,0,80,67,1,79,Avocado,Onions,Cucumbers,,,,,,Meatballs,Provolone cheese,Marinara sauce,Parmesan cheese,,,,,4,3,4,1000,0,1000,0,1,999,,,,,,,,,,,,,,,
,,,,,,,,,,,,,53800,2020-02-27_11h43.25.320,SandwichStudy,3.2.4,Win32,60,"[""l""]",[6.132000207901001],1,0,80,67,1,79,Avocado,Onions,Cucumbers,,,,,,Meatballs,Provolone cheese,Marinara sauce,Parmesan cheese,,,,,4,3,4,1000,0,1000,0,1,999,,,,,,,,,,,,,,,
,,,,,,,,,,,,,53800,2020-02-27_11h43.25.320,SandwichStudy,3.2.4,Win32,60,"[""space""]",[4.625999927520752],1,0,80,57,1,79,Avocado,Spinach,Tomatoes,Swiss cheese,,,,,Chicken,Ham,Swiss cheese,Mayonnaise,Mustard,,,,5,4,5,1000,0,1000,0,1,999,,,,,,,,,,,,,,,
,,,,,,,,,,,,,53800,2020-02-27_11h43.25.320,SandwichStudy,3.2.4,Win32,60,"[""space""]",[1.1600000858306885],1,0,80,57,1,79,Avocado,Spinach,Tomatoes,Swiss cheese,,,,,Chicken,Ham,Swiss cheese,Mayonnaise,Mustard,,,,5,4,5,1000,0,1000,0,1,999,,,,,,,,,,,,,,,
,,,,,,,,,,,,,53800,2020-02-27_11h43.25.320,SandwichStudy,3.2.4,Win32,60,"[""a""]",[2.813000202178955],1,0,80,57,1,79,Avocado,Spinach,Tomatoes,Swiss cheese,,,,,Chicken,Ham,Swiss cheese,Mayonnaise,Mustard,,,,5,4,5,1000,0,1000,0,1,999,,,,,,,,,,,,,,,
,,,,,,,,,,,,,53800,2020-02-27_11h43.25.320,SandwichStudy,3.2.4,Win32,60,"[""space""]",[0.6419999599456787],1,0,80,21,1,79,Chicken,Ham,Cheddar cheese,Mayonnaise,,,,,Turkey,Bacon,Avocado,Provolone cheese,Lettuce,Tomatoes,Onions,Ranch dressing,8,4,8,1000,0,1000,0,1,999,,,,,,,,,,,,,,,
,,,,,,,,,,,,,53800,2020-02-27_11h43.25.320,SandwichStudy,3.2.4,Win32,60,"[""space""]",[0.5729999542236328],1,0,80,21,1,79,Chicken,Ham,Cheddar cheese,Mayonnaise,,,,,Turkey,Bacon,Avocado,Provolone cheese,Lettuce,Tomatoes,Onions,Ranch dressing,8,4,8,1000,0,1000,0,1,999,,,,,,,,,,,,,,,
,,,,,,,,,,,,,53800,2020-02-27_11h43.25.320,SandwichStudy,3.2.4,Win32,60,"[""a""]",[0.5440001487731934],1,0,80,21,1,79,Chicken,Ham,Cheddar cheese,Mayonnaise,,,,,Turkey,Bacon,Avocado,Provolone cheese,Lettuce,Tomatoes,Onions,Ranch dressing,8,4,8,1000,0,1000,0,1,999,,,,,,,,,,,,,,,
,,,,,,,,,,,,,53800,2020-02-27_11h43.25.320,SandwichStudy,3.2.4,Win32,60,"[""space""]",[7.980999946594238],1,0,80,26,1,79,Turkey,Avocado,Mayonnaise,,,,,,Chicken,Mozzarella cheese,Tomatoes,Onions,Basil,Mayonnaise,,,6,3,6,1000,0,1000,0,1,999,,,,,,,,,,,,,,,
,,,,,,,,,,,,,53800,2020-02-27_11h43.25.320,SandwichStudy,3.2.4,Win32,60,"[""a""]",[0.7080001831054688],1,0,80,26,1,79,Turkey,Avocado,Mayonnaise,,,,,,Chicken,Mozzarella cheese,Tomatoes,Onions,Basil,Mayonnaise,,,6,3,6,1000,0,1000,0,1,999,,,,,,,,,,,,,,,
,,,,,,,,,,,,,53800,2020-02-27_11h43.25.320,SandwichStudy,3.2.4,Win32,60,"[""space""]",[0.5380001068115234],1,0,80,48,1,79,Chicken,Provolone cheese,Pesto,,,,,,Ham,Lettuce,Tomatoes,Mayonnaise,Mustard,,,,5,3,5,1000,0,1000,0,1,999,,,,,,,,,,,,,,,
,,,,,,,,,,,,,53800,2020-02-27_11h43.25.320,SandwichStudy,3.2.4,Win32,60,"[""space""]",[1.7070000171661377],1,0,80,48,1,79,Chicken,Provolone cheese,Pesto,,,,,,Ham,Lettuce,Tomatoes,Mayonnaise,Mustard,,,,5,3,5,1000,0,1000,0,1,999,,,,,,,,,,,,,,,
,,,,,,,,,,,,,53800,2020-02-27_11h43.25.320,SandwichStudy,3.2.4,Win32,60,"[""l""]",[2.3259999752044678],1,0,80,48,1,79,Chicken,Provolone cheese,Pesto,,,,,,Ham,Lettuce,Tomatoes,Mayonnaise,Mustard,,,,5,3,5,1000,0,1000,0,1,999,,,,,,,,,,,,,,,
,,,,,,,,,,,,,53800,2020-02-27_11h43.25.320,SandwichStudy,3.2.4,Win32,60,"[""space""]",[0.2760000228881836],1,0,80,28,1,79,Chicken,Mozzarella cheese,Tomatoes,Pesto,Spinach,,,,Roast beef,Turkey,Pastrami,Mayonnaise,Provolone cheese,,,,5,5,5,1000,0,1000,0,1,999,,,,,,,,,,,,,,,
,,,,,,,,,,,,,53800,2020-02-27_11h43.25.320,SandwichStudy,3.2.4,Win32,60,"[""a""]",[5.606000185012817],1,0,80,28,1,79,Chicken,Mozzarella cheese,Tomatoes,Pesto,Spinach,,,,Roast beef,Turkey,Pastrami,Mayonnaise,Provolone cheese,,,,5,5,5,1000,0,1000,0,1,999,,,,,,,,,,,,,,,
,,,,,,,,,,,,,53800,2020-02-27_11h43.25.320,SandwichStudy,3.2.4,Win32,60,"[""space""]",[0.2740001678466797],1,0,80,22,1,79,Bacon,Lettuce,Tomatoes,Garlic aioli,Avocado,,,,Ham,Swiss cheese,Spinach,Mustard,,,,,5,5,4,1000,0,1000,0,1,999,,,,,,,,,,,,,,,
,,,,,,,,,,,,,53800,2020-02-27_11h43.25.320,SandwichStudy,3.2.4,Win32,60,"[""l""]",[1.9900000095367432],1,0,80,22,1,79,Bacon,Lettuce,Tomatoes,Garlic aioli,Avocado,,,,Ham,Swiss cheese,Spinach,Mustard,,,,,5,5,4,1000,0,1000,0,1,999,,,,,,,,,,,,,,,
,,,,,,,,,,,,,53800,2020-02-27_11h43.25.320,SandwichStudy,3.2.4,Win32,60,"[""space""]",[0.37199997901916504],1,0,80,65,1,79,Chicken,Pepper jack cheese,Ranch dressing,,,,,,Salami,Provolone cheese,Lettuce,Tomatoes,Mayonnaise,Mustard,,,6,3,6,1000,0,1000,0,1,999,,,,,,,,,,,,,,,
,,,,,,,,,,,,,53800,2020-02-27_11h43.25.320,SandwichStudy,3.2.4,Win32,60,"[""a""]",[1.693000078201294],1,0,80,65,1,79,Chicken,Pepper jack cheese,Ranch dressing,,,,,,Salami,Provolone cheese,Lettuce,Tomatoes,Mayonnaise,Mustard,,,6,3,6,1000,0,1000,0,1,999,,,,,,,,,,,,,,,
,,,,,,,,,,,,,53800,2020-02-27_11h43.25.320,SandwichStudy,3.2.4,Win32,60,"[""space""]",[0.5240001678466797],1,0,80,73,1,79,Turkey,Avocado,Bacon,Garlic aioli,Tomatoes,Spinach,Onions,,Tuna,Lettuce,Tomatoes,Mayonnaise,,,,,7,7,4,1000,0,1000,0,1,999,,,,,,,,,,,,,,,
,,,,,,,,,,,,,53800,2020-02-27_11h43.25.320,SandwichStudy,3.2.4,Win32,60,"[""space""]",[2.1500000953674316],1,0,80,73,1,79,Turkey,Avocado,Bacon,Garlic aioli,Tomatoes,Spinach,Onions,,Tuna,Lettuce,Tomatoes,Mayonnaise,,,,,7,7,4,1000,0,1000,0,1,999,,,,,,,,,,,,,,,
,,,,,,,,,,,,,53800,2020-02-27_11h43.25.320,SandwichStudy,3.2.4,Win32,60,"[""l""]",[2.8400001525878906],1,0,80,73,1,79,Turkey,Avocado,Bacon,Garlic aioli,Tomatoes,Spinach,Onions,,Tuna,Lettuce,Tomatoes,Mayonnaise,,,,,7,7,4,1000,0,1000,0,1,999,,,,,,,,,,,,,,,
,,,,,,,,,,,,,53800,2020-02-27_11h43.25.320,SandwichStudy,3.2.4,Win32,60,"[""space""]",[0.30700016021728516],1,0,80,9,1,79,Bacon,Turkey,Pepper jack cheese,Mustard,,,,,Bacon,Spinach,Tomatoes,Avocado,Mayonnaise,,,,5,4,5,1000,0,1000,0,1,999,,,,,,,,,,,,,,,
,,,,,,,,,,,,,53800,2020-02-27_11h43.25.320,SandwichStudy,3.2.4,Win32,60,"[""space""]",[0.6740000247955322],1,0,80,9,1,79,Bacon,Turkey,Pepper jack cheese,Mustard,,,,,Bacon,Spinach,Tomatoes,Avocado,Mayonnaise,,,,5,4,5,1000,0,1000,0,1,999,,,,,,,,,,,,,,,
,,,,,,,,,,,,,53800,2020-02-27_11h43.25.320,SandwichStudy,3.2.4,Win32,60,"[""a""]",[0.7799999713897705],1,0,80,9,1,79,Bacon,Turkey,Pepper jack cheese,Mustard,,,,,Bacon,Spinach,Tomatoes,Avocado,Mayonnaise,,,,5,4,5,1000,0,1000,0,1,999,,,,,,,,,,,,,,,
,,,,,,,,,,,,,53800,2020-02-27_11h43.25.320,SandwichStudy,3.2.4,Win32,60,"[""space""]",[0.28800010681152344],1,0,80,79,1,79,Salami,Roast beef,Turkey,Ham,Swiss cheese,Lettuce,Tomatoes,Mayonnaise,Turkey,Cheddar cheese,Mayonnaise,,,,,,8,8,3,1000,0,1000,0,1,999,,,,,,,,,,,,,,,
,,,,,,,,,,,,,53800,2020-02-27_11h43.25.320,SandwichStudy,3.2.4,Win32,60,"[""space""]",[6.981000185012817],1,0,80,79,1,79,Salami,Roast beef,Turkey,Ham,Swiss cheese,Lettuce,Tomatoes,Mayonnaise,Turkey,Cheddar cheese,Mayonnaise,,,,,,8,8,3,1000,0,1000,0,1,999,,,,,,,,,,,,,,,
,,,,,,,,,,,,,53800,2020-02-27_11h43.25.320,SandwichStudy,3.2.4,Win32,60,"[""space""]",[1.0600001811981201],1,0,80,79,1,79,Salami,Roast beef,Turkey,Ham,Swiss cheese,Lettuce,Tomatoes,Mayonnaise,Turkey,Cheddar cheese,Mayonnaise,,,,,,8,8,3,1000,0,1000,0,1,999,,,,,,,,,,,,,,,
,,,,,,,,,,,,,53800,2020-02-27_11h43.25.320,SandwichStudy,3.2.4,Win32,60,"[""space""]",[1.2590000629425049],1,0,80,79,1,79,Salami,Roast beef,Turkey,Ham,Swiss cheese,Lettuce,Tomatoes,Mayonnaise,Turkey,Cheddar cheese,Mayonnaise,,,,,,8,8,3,1000,0,1000,0,1,999,,,,,,,,,,,,,,,
,,,,,,,,,,,,,53800,2020-02-27_11h43.25.320,SandwichStudy,3.2.4,Win32,60,"[""l""]",[0.7450001239776611],1,0,80,79,1,79,Salami,Roast beef,Turkey,Ham,Swiss cheese,Lettuce,Tomatoes,Mayonnaise,Turkey,Cheddar cheese,Mayonnaise,,,,,,8,8,3,1000,0,1000,0,1,999,,,,,,,,,,,,,,,
,,,,,,,,,,,,,53800,2020-02-27_11h43.25.320,SandwichStudy,3.2.4,Win32,60,"[""space""]",[0.31400012969970703],1,0,80,69,1,79,Chicken,Garlic aioli,Pickles,Cucumbers,Jalapenos,Basil,,,Chicken,Bacon,Cheddar cheese,Swiss cheese,Spinach,Tomatoes,Mayonnaise,Mustard,8,6,8,1000,0,1000,0,1,999,,,,,,,,,,,,,,,
,,,,,,,,,,,,,53800,2020-02-27_11h43.25.320,SandwichStudy,3.2.4,Win32,60,"[""l""]",[0.8959999084472656],1,0,80,69,1,79,Chicken,Garlic aioli,Pickles,Cucumbers,Jalapenos,Basil,,,Chicken,Bacon,Cheddar cheese,Swiss cheese,Spinach,Tomatoes,Mayonnaise,Mustard,8,6,8,1000,0,1000,0,1,999,,,,,,,,,,,,,,,
,,,,,,,,,,,,,53800,2020-02-27_11h43.25.320,SandwichStudy,3.2.4,Win32,60,"[""space""]",[0.17100000381469727],1,0,80,18,1,79,Turkey,Bacon,Pepper jack cheese,Avocado,Ranch dressing,Spinach,Tomatoes,,Chicken,Bacon,Cheddar cheese,Swiss cheese,Spinach,Tomatoes,Mayonnaise,Mustard,8,7,8,1000,0,1000,0,1,999,,,,,,,,,,,,,,,
,,,,,,,,,,,,,53800,2020-02-27_11h43.25.320,SandwichStudy,3.2.4,Win32,60,"[""space""]",[0.17800021171569824],1,0,80,18,1,79,Turkey,Bacon,Pepper jack cheese,Avocado,Ranch dressing,Spinach,Tomatoes,,Chicken,Bacon,Cheddar cheese,Swiss cheese,Spinach,Tomatoes,Mayonnaise,Mustard,8,7,8,1000,0,1000,0,1,999,,,,,,,,,,,,,,,
,,,,,,,,,,,,,53800,2020-02-27_11h43.25.320,SandwichStudy,3.2.4,Win32,60,"[""l""]",[0.5210001468658447],1,0,80,18,1,79,Turkey,Bacon,Pepper jack cheese,Avocado,Ranch dressing,Spinach,Tomatoes,,Chicken,Bacon,Cheddar cheese,Swiss cheese,Spinach,Tomatoes,Mayonnaise,Mustard,8,7,8,1000,0,1000,0,1,999,,,,,,,,,,,,,,,
,,,,,,,,,,,,,53800,2020-02-27_11h43.25.320,SandwichStudy,3.2.4,Win32,60,"[""space""]",[0.06200003623962402],1,0,80,29,1,79,Turkey,Garlic aioli,Bacon,Spinach,,,,,Chicken,Mayonnaise,Cheddar cheese,,,,,,4,4,3,1000,0,1000,0,1,999,,,,,,,,,,,,,,,
,,,,,,,,,,,,,53800,2020-02-27_11h43.25.320,SandwichStudy,3.2.4,Win32,60,"[""space""]",[0.8870000839233398],1,0,80,29,1,79,Turkey,Garlic aioli,Bacon,Spinach,,,,,Chicken,Mayonnaise,Cheddar cheese,,,,,,4,4,3,1000,0,1000,0,1,999,,,,,,,,,,,,,,,
,,,,,,,,,,,,,53800,2020-02-27_11h43.25.320,SandwichStudy,3.2.4,Win32,60,"[""a""]",[1.1460001468658447],1,0,80,29,1,79,Turkey,Garlic aioli,Bacon,Spinach,,,,,Chicken,Mayonnaise,Cheddar cheese,,,,,,4,4,3,1000,0,1000,0,1,999,,,,,,,,,,,,,,,
,,,,,,,,,,,,,53800,2020-02-27_11h43.25.320,SandwichStudy,3.2.4,Win32,60,"[""space""]",[0.0070002079010009766],1,0,80,5,1,79,Chicken,Cheddar cheese,Mayonnaise,,,,,,Turkey,Provolone cheese,Pesto,Bell peppers,,,,,4,3,4,1000,0,1000,0,1,999,,,,,,,,,,,,,,,
,,,,,,,,,,,,,53800,2020-02-27_11h43.25.320,SandwichStudy,3.2.4,Win32,60,"[""l""]",[2.9050002098083496],1,0,80,5,1,79,Chicken,Cheddar cheese,Mayonnaise,,,,,,Turkey,Provolone cheese,Pesto,Bell peppers,,,,,4,3,4,1000,0,1000,0,1,999,,,,,,,,,,,,,,,
,,,,,,,,,,,,,53800,2020-02-27_11h43.25.320,SandwichStudy,3.2.4,Win32,60,"[""space""]",[0.1550002098083496],1,0,80,17,1,79,Salami,Roast beef,Turkey,Ham,Swiss cheese,Lettuce,Tomatoes,Mayonnaise,Chicken,Gouda cheese,Avocado,Basil,Bell peppers,Mayonnaise,,,8,8,6,1000,0,1000,0,1,999,,,,,,,,,,,,,,,
,,,,,,,,,,,,,53800,2020-02-27_11h43.25.320,SandwichStudy,3.2.4,Win32,60,"[""space""]",[0.7070000171661377],1,0,80,17,1,79,Salami,Roast beef,Turkey,Ham,Swiss cheese,Lettuce,Tomatoes,Mayonnaise,Chicken,Gouda cheese,Avocado,Basil,Bell peppers,Mayonnaise,,,8,8,6,1000,0,1000,0,1,999,,,,,,,,,,,,,,,
,,,,,,,,,,,,,53800,2020-02-27_11h43.25.320,SandwichStudy,3.2.4,Win32,60,"[""l""]",[0.4249999523162842],1,0,80,17,1,79,Salami,Roast beef,Turkey,Ham,Swiss cheese,Lettuce,Tomatoes,Mayonnaise,Chicken,Gouda cheese,Avocado,Basil,Bell peppers,Mayonnaise,,,8,8,6,1000,0,1000,0,1,999,,,,,,,,,,,,,,,
,,,,,,,,,,,,,53800,2020-02-27_11h43.25.320,SandwichStudy,3.2.4,Win32,60,"[""space""]",[0.33900022506713867],1,0,80,74,1,79,Mushrooms,Swiss cheese,Provolone cheese,Cheddar cheese,Lettuce,Tomatoes,,,Roast beef,Pastrami,Swiss cheese,Mustard,,,,,6,6,4,1000,0,1000,0,1,999,,,,,,,,,,,,,,,
,,,,,,,,,,,,,53800,2020-02-27_11h43.25.320,SandwichStudy,3.2.4,Win32,60,"[""space""]",[1.6150000095367432],1,0,80,74,1,79,Mushrooms,Swiss cheese,Provolone cheese,Cheddar cheese,Lettuce,Tomatoes,,,Roast beef,Pastrami,Swiss cheese,Mustard,,,,,6,6,4,1000,0,1000,0,1,999,,,,,,,,,,,,,,,
,,,,,,,,,,,,,53800,2020-02-27_11h43.25.320,SandwichStudy,3.2.4,Win32,60,"[""a""]",[1.6549999713897705],1,0,80,74,1,79,Mushrooms,Swiss cheese,Provolone cheese,Cheddar cheese,Lettuce,Tomatoes,,,Roast beef,Pastrami,Swiss cheese,Mustard,,,,,6,6,4,1000,0,1000,0,1,999,,,,,,,,,,,,,,,
,,,,,,,,,,,,,53800,2020-02-27_11h43.25.320,SandwichStudy,3.2.4,Win32,60,"[""space""]",[0.8880000114440918],1,0,80,54,1,79,Chicken,Bell peppers,Bacon,Provolone cheese,Ranch dressing,Lettuce,Tomatoes,,Turkey,Bacon,Pepper jack cheese,Avocado,Ranch dressing,Spinach,Tomatoes,,7,7,7,1000,0,1000,0,1,999,,,,,,,,,,,,,,,
,,,,,,,,,,,,,53800,2020-02-27_11h43.25.320,SandwichStudy,3.2.4,Win32,60,"[""space""]",[0.49500012397766113],1,0,80,54,1,79,Chicken,Bell peppers,Bacon,Provolone cheese,Ranch dressing,Lettuce,Tomatoes,,Turkey,Bacon,Pepper jack cheese,Avocado,Ranch dressing,Spinach,Tomatoes,,7,7,7,1000,0,1000,0,1,999,,,,,,,,,,,,,,,
,,,,,,,,,,,,,53800,2020-02-27_11h43.25.320,SandwichStudy,3.2.4,Win32,60,"[""l""]",[1.1740002632141113],1,0,80,54,1,79,Chicken,Bell peppers,Bacon,Provolone cheese,Ranch dressing,Lettuce,Tomatoes,,Turkey,Bacon,Pepper jack cheese,Avocado,Ranch dressing,Spinach,Tomatoes,,7,7,7,1000,0,1000,0,1,999,,,,,,,,,,,,,,,
,,,,,,,,,,,,,53800,2020-02-27_11h43.25.320,SandwichStudy,3.2.4,Win32,60,"[""space""]",[0.6720001697540283],1,0,80,8,1,79,Chicken,Ham,Swiss cheese,Mayonnaise,,,,,Pepperoni,Meatballs,Marinara sauce,Provolone cheese,Mushrooms,,,,5,4,5,1000,0,1000,0,1,999,,,,,,,,,,,,,,,
,,,,,,,,,,,,,53800,2020-02-27_11h43.25.320,SandwichStudy,3.2.4,Win32,60,"[""space""]",[0.06000018119812012],1,0,80,8,1,79,Chicken,Ham,Swiss cheese,Mayonnaise,,,,,Pepperoni,Meatballs,Marinara sauce,Provolone cheese,Mushrooms,,,,5,4,5,1000,0,1000,0,1,999,,,,,,,,,,,,,,,
,,,,,,,,,,,,,53800,2020-02-27_11h43.25.320,SandwichStudy,3.2.4,Win32,60,"[""l""]",[0.03800010681152344],1,0,80,8,1,79,Chicken,Ham,Swiss cheese,Mayonnaise,,,,,Pepperoni,Meatballs,Marinara sauce,Provolone cheese,Mushrooms,,,,5,4,5,1000,0,1000,0,1,999,,,,,,,,,,,,,,,
,,,,,,,,,,,,,53800,2020-02-27_11h43.25.320,SandwichStudy,3.2.4,Win32,60,"[""space""]",[0.16200017929077148],1,0,80,12,1,79,Turkey,Cheddar cheese,Mayonnaise,,,,,,Ham,Pork,Swiss cheese,Mustard,Pickles,,,,5,3,5,1000,0,1000,0,1,999,,,,,,,,,,,,,,,
,,,,,,,,,,,,,53800,2020-02-27_11h43.25.320,SandwichStudy,3.2.4,Win32,60,"[""space""]",[1.0250000953674316],1,0,80,12,1,79,Turkey,Cheddar cheese,Mayonnaise,,,,,,Ham,Pork,Swiss cheese,Mustard,Pickles,,,,5,3,5,1000,0,1000,0,1,999,,,,,,,,,,,,,,,
,,,,,,,,,,,,,53800,2020-02-27_11h43.25.320,SandwichStudy,3.2.4,Win32,60,"[""a""]",[2.0460002422332764],1,0,80,12,1,79,Turkey,Cheddar cheese,Mayonnaise,,,,,,Ham,Pork,Swiss cheese,Mustard,Pickles,,,,5,3,5,1000,0,1000,0,1,999,,,,,,,,,,,,,,,
,,,,,,,,,,,,,53800,2020-02-27_11h43.25.320,SandwichStudy,3.2.4,Win32,60,"[""space""]",[0.30500006675720215],1,0,80,78,1,79,Chicken,American cheese,Lettuce,Tomatoes,Mayonnaise,,,,Pastrami,Cheddar cheese,Mustard,Pickles,,,,,5,5,4,1000,0,1000,0,1,999,,,,,,,,,,,,,,,
,,,,,,,,,,,,,53800,2020-02-27_11h43.25.320,SandwichStudy,3.2.4,Win32,60,"[""space""]",[0.6380002498626709],1,0,80,78,1,79,Chicken,American cheese,Lettuce,Tomatoes,Mayonnaise,,,,Pastrami,Cheddar cheese,Mustard,Pickles,,,,,5,5,4,1000,0,1000,0,1,999,,,,,,,,,,,,,,,
,,,,,,,,,,,,,53800,2020-02-27_11h43.25.320,SandwichStudy,3.2.4,Win32,60,"[""l""]",[4.296999931335449],1,0,80,78,1,79,Chicken,American cheese,Lettuce,Tomatoes,Mayonnaise,,,,Pastrami,Cheddar cheese,Mustard,Pickles,,,,,5,5,4,1000,0,1000,0,1,999,,,,,,,,,,,,,,,
,,,,,,,,,,,,,53800,2020-02-27_11h43.25.320,SandwichStudy,3.2.4,Win32,60,"[""space""]",[0.4070000648498535],1,0,80,1,1,79,Tomatoes,Mozzarella cheese,Spinach,Pesto,,,,,Ham,Swiss cheese,Mustard,,,,,,4,4,3,1000,0,1000,0,1,999,,,,,,,,,,,,,,,
,,,,,,,,,,,,,53800,2020-02-27_11h43.25.320,SandwichStudy,3.2.4,Win32,60,"[""a""]",[16.848000049591064],1,0,80,1,1,79,Tomatoes,Mozzarella cheese,Spinach,Pesto,,,,,Ham,Swiss cheese,Mustard,,,,,,4,4,3,1000,0,1000,0,1,999,,,,,,,,,,,,,,,
,,,,,,,,,,,,,53800,2020-02-27_11h43.25.320,SandwichStudy,3.2.4,Win32,60,"[""space""]",[1.4580001831054688],1,0,80,30,1,79,Turkey,Ham,Roast beef,Provolone cheese,Spinach,Tomatoes,Mayonnaise,Mustard,Ham,Swiss cheese,Mayonnaise,Mustard,Tomatoes,,,,8,8,5,1000,0,1000,0,1,999,,,,,,,,,,,,,,,
,,,,,,,,,,,,,53800,2020-02-27_11h43.25.320,SandwichStudy,3.2.4,Win32,60,"[""space""]",[1.5109999179840088],1,0,80,30,1,79,Turkey,Ham,Roast beef,Provolone cheese,Spinach,Tomatoes,Mayonnaise,Mustard,Ham,Swiss cheese,Mayonnaise,Mustard,Tomatoes,,,,8,8,5,1000,0,1000,0,1,999,,,,,,,,,,,,,,,
,,,,,,,,,,,,,53800,2020-02-27_11h43.25.320,SandwichStudy,3.2.4,Win32,60,"[""a""]",[0.9590001106262207],1,0,80,30,1,79,Turkey,Ham,Roast beef,Provolone cheese,Spinach,Tomatoes,Mayonnaise,Mustard,Ham,Swiss cheese,Mayonnaise,Mustard,Tomatoes,,,,8,8,5,1000,0,1000,0,1,999,,,,,,,,,,,,,,,
,,,,,,,,,,,,,53800,2020-02-27_11h43.25.320,SandwichStudy,3.2.4,Win32,60,"[""space""]",[0.3919999599456787],1,0,80,25,1,79,Meatballs,Provolone cheese,Onions,Marinara sauce,,,,,Chicken,Pepper jack cheese,Ranch dressing,,,,,,4,4,3,1000,0,1000,0,1,999,,,,,,,,,,,,,,,
,,,,,,,,,,,,,53800,2020-02-27_11h43.25.320,SandwichStudy,3.2.4,Win32,60,"[""space""]",[3.2660000324249268],1,0,80,25,1,79,Meatballs,Provolone cheese,Onions,Marinara sauce,,,,,Chicken,Pepper jack cheese,Ranch dressing,,,,,,4,4,3,1000,0,1000,0,1,999,,,,,,,,,,,,,,,
,,,,,,,,,,,,,53800,2020-02-27_11h43.25.320,SandwichStudy,3.2.4,Win32,60,"[""l""]",[4.326000213623047],1,0,80,25,1,79,Meatballs,Provolone cheese,Onions,Marinara sauce,,,,,Chicken,Pepper jack cheese,Ranch dressing,,,,,,4,4,3,1000,0,1000,0,1,999,,,,,,,,,,,,,,,
,,,,,,,,,,,,,53800,2020-02-27_11h43.25.320,SandwichStudy,3.2.4,Win32,60,"[""space""]",[0.29200005531311035],1,0,80,55,1,79,Roast beef,Turkey,Pastrami,Mayonnaise,Provolone cheese,,,,Ham,Swiss cheese,Spinach,Mustard,,,,,5,5,4,1000,0,1000,0,1,999,,,,,,,,,,,,,,,
,,,,,,,,,,,,,53800,2020-02-27_11h43.25.320,SandwichStudy,3.2.4,Win32,60,"[""space""]",[0.32200026512145996],1,0,80,55,1,79,Roast beef,Turkey,Pastrami,Mayonnaise,Provolone cheese,,,,Ham,Swiss cheese,Spinach,Mustard,,,,,5,5,4,1000,0,1000,0,1,999,,,,,,,,,,,,,,,
,,,,,,,,,,,,,53800,2020-02-27_11h43.25.320,SandwichStudy,3.2.4,Win32,60,"[""a""]",[0.21000027656555176],1,0,80,55,1,79,Roast beef,Turkey,Pastrami,Mayonnaise,Provolone cheese,,,,Ham,Swiss cheese,Spinach,Mustard,,,,,5,5,4,1000,0,1000,0,1,999,,,,,,,,,,,,,,,
,,,,,,,,,,,,,53800,2020-02-27_11h43.25.320,SandwichStudy,3.2.4,Win32,60,,,,,,,,,,,,,,,,,,,,,,,,,,,,,,,,,,space,7.427999973,,,space,17.89100003,1,0,10,2,1,9,Turkey,,
,,,,,,,,,,,,,53800,2020-02-27_11h43.25.320,SandwichStudy,3.2.4,Win32,60,,,,,,,,,,,,,,,,,,,,,,,,,,,,,,,,,,,,,,space,7.666000128,1,0,10,1,1,9,Mayonnaise,,
,,,,,,,,,,,,,53800,2020-02-27_11h43.25.320,SandwichStudy,3.2.4,Win32,60,,,,,,,,,,,,,,,,,,,,,,,,,,,,,,,,,,,,,,space,5.998000145,1,0,10,5,1,9,Cheddar cheese,,
,,,,,,,,,,,,,53800,2020-02-27_11h43.25.320,SandwichStudy,3.2.4,Win32,60,,,,,,,,,,,,,,,,,,,,,,,,,,,,,,,,,,,,,,space,4.732000113,1,0,10,7,1,9,Lettuce,,
,,,,,,,,,,,,,53800,2020-02-27_11h43.25.320,SandwichStudy,3.2.4,Win32,60,,,,,,,,,,,,,,,,,,,,,,,,,,,,,,,,,,,,,,space,2.361999989,1,0,10,6,1,9,Swiss cheese,,
,,,,,,,,,,,,,53800,2020-02-27_11h43.25.320,SandwichStudy,3.2.4,Win32,60,,,,,,,,,,,,,,,,,,,,,,,,,,,,,,,,,,,,,,space,2.134000063,1,0,10,9,1,9,Spinach,,
,,,,,,,,,,,,,53800,2020-02-27_11h43.25.320,SandwichStudy,3.2.4,Win32,60,,,,,,,,,,,,,,,,,,,,,,,,,,,,,,,,,,,,,,space,2.028000116,1,0,10,4,1,9,Chicken,,
,,,,,,,,,,,,,53800,2020-02-27_11h43.25.320,SandwichStudy,3.2.4,Win32,60,,,,,,,,,,,,,,,,,,,,,,,,,,,,,,,,,,,,,,space,3.096000195,1,0,10,0,1,9,Tomatoes,,
,,,,,,,,,,,,,53800,2020-02-27_11h43.25.320,SandwichStudy,3.2.4,Win32,60,,,,,,,,,,,,,,,,,,,,,,,,,,,,,,,,,,,,,,space,2.740999937,1,0,10,3,1,9,Bacon,,
,,,,,,,,,,,,,53800,2020-02-27_11h43.25.320,SandwichStudy,3.2.4,Win32,60,,,,,,,,,,,,,,,,,,,,,,,,,,,,,,,,,,,,,,space,16.9000001,1,0,10,8,1,9,Provolone cheese,,
,,,,,,,,,,,,,53800,2020-02-27_11h43.25.320,SandwichStudy,3.2.4,Win32,60,,,,,,,,,,,,,,,,,,,,,,,,,,,,,,,,,,,,,,,,,,,,,,,return,9.2900002
