sequence,key_resp_4.keys,key_resp_4.rt,VegResp.keys,VegResp.rt,ConfirmResp.keys,ConfirmResp.rt,VegQuestionLoop.thisRepN,VegQuestionLoop.thisTrialN,VegQuestionLoop.thisN,VegQuestionLoop.thisIndex,VegQuestionLoop.ran,VegQuestionLoop.order,participant,date,expName,psychopyVersion,OS,frameRate,Decision.keys,Decision.rt,trials.thisRepN,trials.thisTrialN,trials.thisN,trials.thisIndex,trials.ran,trials.order,s11,s12,s13,s14,s15,s16,s17,s18,s21,s22,s23,s24,s25,s26,s27,s28,IngsInRow,IngIn1,IngIn2,Iter.thisRepN,Iter.thisTrialN,Iter.thisN,Iter.thisIndex,Iter.ran,Iter.order,key_resp_2.keys,key_resp_2.rt,slider.response,slider.rt,key_resp_3.keys,key_resp_3.rt,RatingLoop.thisRepN,RatingLoop.thisTrialN,RatingLoop.thisN,RatingLoop.thisIndex,RatingLoop.ran,RatingLoop.order,ingredientforslider,key_resp.keys,key_resp.rt
"[0,0,1,1,0,0,0,0,1,1,0,1,1,1,1,0,1,0,1,1,0,1,0,1,0,0,1,0,0,1,1,1,1,1,1,1,1,0,1,1,1,0,0,0,0,0,1,1,0,1,1,0,0,0,0,1,1,0,1,1,0,0,1,0,1,0,0,0,0,1,0,1,0,1,1,0,1,0,1,1]",space,3.275000095,n,3.191999912,p,2.250999928,100,0,100,0,1,99,54679,2020-03-03_14h14.19.066,SandwichStudy,3.2.4,MacIntel,60,,,,,,,,,,,,,,,,,,,,,,,,,,,,,,,,,,,,,,,,,,,,,,,,
,,,,,,,,,,,,,54679,2020-03-03_14h14.19.066,SandwichStudy,3.2.4,MacIntel,60,"[""space""]",[9.560999870300293],1,0,80,49,1,79,Spinach,Tomatoes,Cucumbers,Onions,Bell peppers,Avocado,Mayonnaise,,Turkey,Provolone cheese,Spinach,Garlic aioli,,,,,7,7,4,1000,0,1000,0,1,999,,,,,,,,,,,,,,,
,,,,,,,,,,,,,54679,2020-03-03_14h14.19.066,SandwichStudy,3.2.4,MacIntel,60,"[""space""]",[2.0909998416900635],1,0,80,49,1,79,Spinach,Tomatoes,Cucumbers,Onions,Bell peppers,Avocado,Mayonnaise,,Turkey,Provolone cheese,Spinach,Garlic aioli,,,,,7,7,4,1000,0,1000,0,1,999,,,,,,,,,,,,,,,
,,,,,,,,,,,,,54679,2020-03-03_14h14.19.066,SandwichStudy,3.2.4,MacIntel,60,"[""space""]",[3.9799997806549072],1,0,80,49,1,79,Spinach,Tomatoes,Cucumbers,Onions,Bell peppers,Avocado,Mayonnaise,,Turkey,Provolone cheese,Spinach,Garlic aioli,,,,,7,7,4,1000,0,1000,0,1,999,,,,,,,,,,,,,,,
,,,,,,,,,,,,,54679,2020-03-03_14h14.19.066,SandwichStudy,3.2.4,MacIntel,60,"[""space""]",[0.20100021362304688],1,0,80,49,1,79,Spinach,Tomatoes,Cucumbers,Onions,Bell peppers,Avocado,Mayonnaise,,Turkey,Provolone cheese,Spinach,Garlic aioli,,,,,7,7,4,1000,0,1000,0,1,999,,,,,,,,,,,,,,,
,,,,,,,,,,,,,54679,2020-03-03_14h14.19.066,SandwichStudy,3.2.4,MacIntel,60,"[""l""]",[2.5829999446868896],1,0,80,49,1,79,Spinach,Tomatoes,Cucumbers,Onions,Bell peppers,Avocado,Mayonnaise,,Turkey,Provolone cheese,Spinach,Garlic aioli,,,,,7,7,4,1000,0,1000,0,1,999,,,,,,,,,,,,,,,
,,,,,,,,,,,,,54679,2020-03-03_14h14.19.066,SandwichStudy,3.2.4,MacIntel,60,"[""space""]",[0.5199999809265137],1,0,80,14,1,79,Steak,Bacon,American cheese,Tomatoes,Onions,Pickles,,,Bell peppers,Provolone cheese,Cucumbers,Spinach,Tomatoes,Onions,Hummus,,7,6,7,1000,0,1000,0,1,999,,,,,,,,,,,,,,,
,,,,,,,,,,,,,54679,2020-03-03_14h14.19.066,SandwichStudy,3.2.4,MacIntel,60,"[""space""]",[0.3859999179840088],1,0,80,14,1,79,Steak,Bacon,American cheese,Tomatoes,Onions,Pickles,,,Bell peppers,Provolone cheese,Cucumbers,Spinach,Tomatoes,Onions,Hummus,,7,6,7,1000,0,1000,0,1,999,,,,,,,,,,,,,,,
,,,,,,,,,,,,,54679,2020-03-03_14h14.19.066,SandwichStudy,3.2.4,MacIntel,60,"[""space""]",[1.2400000095367432],1,0,80,14,1,79,Steak,Bacon,American cheese,Tomatoes,Onions,Pickles,,,Bell peppers,Provolone cheese,Cucumbers,Spinach,Tomatoes,Onions,Hummus,,7,6,7,1000,0,1000,0,1,999,,,,,,,,,,,,,,,
,,,,,,,,,,,,,54679,2020-03-03_14h14.19.066,SandwichStudy,3.2.4,MacIntel,60,"[""space""]",[1.9900000095367432],1,0,80,14,1,79,Steak,Bacon,American cheese,Tomatoes,Onions,Pickles,,,Bell peppers,Provolone cheese,Cucumbers,Spinach,Tomatoes,Onions,Hummus,,7,6,7,1000,0,1000,0,1,999,,,,,,,,,,,,,,,
,,,,,,,,,,,,,54679,2020-03-03_14h14.19.066,SandwichStudy,3.2.4,MacIntel,60,"[""space""]",[1.0099999904632568],1,0,80,14,1,79,Steak,Bacon,American cheese,Tomatoes,Onions,Pickles,,,Bell peppers,Provolone cheese,Cucumbers,Spinach,Tomatoes,Onions,Hummus,,7,6,7,1000,0,1000,0,1,999,,,,,,,,,,,,,,,
,,,,,,,,,,,,,54679,2020-03-03_14h14.19.066,SandwichStudy,3.2.4,MacIntel,60,"[""space""]",[0.47699999809265137],1,0,80,14,1,79,Steak,Bacon,American cheese,Tomatoes,Onions,Pickles,,,Bell peppers,Provolone cheese,Cucumbers,Spinach,Tomatoes,Onions,Hummus,,7,6,7,1000,0,1000,0,1,999,,,,,,,,,,,,,,,
,,,,,,,,,,,,,54679,2020-03-03_14h14.19.066,SandwichStudy,3.2.4,MacIntel,60,"[""l""]",[3.550999879837036],1,0,80,14,1,79,Steak,Bacon,American cheese,Tomatoes,Onions,Pickles,,,Bell peppers,Provolone cheese,Cucumbers,Spinach,Tomatoes,Onions,Hummus,,7,6,7,1000,0,1000,0,1,999,,,,,,,,,,,,,,,
,,,,,,,,,,,,,54679,2020-03-03_14h14.19.066,SandwichStudy,3.2.4,MacIntel,60,"[""space""]",[0.2870001792907715],1,0,80,1,1,79,Tomatoes,Mozzarella cheese,Spinach,Pesto,,,,,Ham,Swiss cheese,Mustard,,,,,,4,4,3,1000,0,1000,0,1,999,,,,,,,,,,,,,,,
,,,,,,,,,,,,,54679,2020-03-03_14h14.19.066,SandwichStudy,3.2.4,MacIntel,60,"[""space""]",[0.05799984931945801],1,0,80,1,1,79,Tomatoes,Mozzarella cheese,Spinach,Pesto,,,,,Ham,Swiss cheese,Mustard,,,,,,4,4,3,1000,0,1000,0,1,999,,,,,,,,,,,,,,,
,,,,,,,,,,,,,54679,2020-03-03_14h14.19.066,SandwichStudy,3.2.4,MacIntel,60,"[""space""]",[0.37199997901916504],1,0,80,1,1,79,Tomatoes,Mozzarella cheese,Spinach,Pesto,,,,,Ham,Swiss cheese,Mustard,,,,,,4,4,3,1000,0,1000,0,1,999,,,,,,,,,,,,,,,
,,,,,,,,,,,,,54679,2020-03-03_14h14.19.066,SandwichStudy,3.2.4,MacIntel,60,"[""l""]",[1.4869999885559082],1,0,80,1,1,79,Tomatoes,Mozzarella cheese,Spinach,Pesto,,,,,Ham,Swiss cheese,Mustard,,,,,,4,4,3,1000,0,1000,0,1,999,,,,,,,,,,,,,,,
,,,,,,,,,,,,,54679,2020-03-03_14h14.19.066,SandwichStudy,3.2.4,MacIntel,60,"[""space""]",[0.0070002079010009766],1,0,80,21,1,79,Chicken,Ham,Cheddar cheese,Mayonnaise,,,,,Turkey,Bacon,Avocado,Provolone cheese,Lettuce,Tomatoes,Onions,Ranch dressing,8,4,8,1000,0,1000,0,1,999,,,,,,,,,,,,,,,
,,,,,,,,,,,,,54679,2020-03-03_14h14.19.066,SandwichStudy,3.2.4,MacIntel,60,"[""space""]",[1.3380000591278076],1,0,80,21,1,79,Chicken,Ham,Cheddar cheese,Mayonnaise,,,,,Turkey,Bacon,Avocado,Provolone cheese,Lettuce,Tomatoes,Onions,Ranch dressing,8,4,8,1000,0,1000,0,1,999,,,,,,,,,,,,,,,
,,,,,,,,,,,,,54679,2020-03-03_14h14.19.066,SandwichStudy,3.2.4,MacIntel,60,"[""space""]",[0.2700002193450928],1,0,80,21,1,79,Chicken,Ham,Cheddar cheese,Mayonnaise,,,,,Turkey,Bacon,Avocado,Provolone cheese,Lettuce,Tomatoes,Onions,Ranch dressing,8,4,8,1000,0,1000,0,1,999,,,,,,,,,,,,,,,
,,,,,,,,,,,,,54679,2020-03-03_14h14.19.066,SandwichStudy,3.2.4,MacIntel,60,"[""space""]",[0.9210000038146973],1,0,80,21,1,79,Chicken,Ham,Cheddar cheese,Mayonnaise,,,,,Turkey,Bacon,Avocado,Provolone cheese,Lettuce,Tomatoes,Onions,Ranch dressing,8,4,8,1000,0,1000,0,1,999,,,,,,,,,,,,,,,
,,,,,,,,,,,,,54679,2020-03-03_14h14.19.066,SandwichStudy,3.2.4,MacIntel,60,"[""space""]",[1.559000015258789],1,0,80,21,1,79,Chicken,Ham,Cheddar cheese,Mayonnaise,,,,,Turkey,Bacon,Avocado,Provolone cheese,Lettuce,Tomatoes,Onions,Ranch dressing,8,4,8,1000,0,1000,0,1,999,,,,,,,,,,,,,,,
,,,,,,,,,,,,,54679,2020-03-03_14h14.19.066,SandwichStudy,3.2.4,MacIntel,60,"[""a""]",[0.41900014877319336],1,0,80,21,1,79,Chicken,Ham,Cheddar cheese,Mayonnaise,,,,,Turkey,Bacon,Avocado,Provolone cheese,Lettuce,Tomatoes,Onions,Ranch dressing,8,4,8,1000,0,1000,0,1,999,,,,,,,,,,,,,,,
,,,,,,,,,,,,,54679,2020-03-03_14h14.19.066,SandwichStudy,3.2.4,MacIntel,60,"[""space""]",[2.1019999980926514],1,0,80,4,1,79,Provolone cheese,Swiss cheese,Cheddar cheese,Parmesan cheese,Tomatoes,,,,Chicken,Lettuce,Tomatoes,Mayonnaise,,,,,5,5,4,1000,0,1000,0,1,999,,,,,,,,,,,,,,,
,,,,,,,,,,,,,54679,2020-03-03_14h14.19.066,SandwichStudy,3.2.4,MacIntel,60,"[""space""]",[0.8589999675750732],1,0,80,4,1,79,Provolone cheese,Swiss cheese,Cheddar cheese,Parmesan cheese,Tomatoes,,,,Chicken,Lettuce,Tomatoes,Mayonnaise,,,,,5,5,4,1000,0,1000,0,1,999,,,,,,,,,,,,,,,
,,,,,,,,,,,,,54679,2020-03-03_14h14.19.066,SandwichStudy,3.2.4,MacIntel,60,"[""space""]",[0.8859999179840088],1,0,80,4,1,79,Provolone cheese,Swiss cheese,Cheddar cheese,Parmesan cheese,Tomatoes,,,,Chicken,Lettuce,Tomatoes,Mayonnaise,,,,,5,5,4,1000,0,1000,0,1,999,,,,,,,,,,,,,,,
,,,,,,,,,,,,,54679,2020-03-03_14h14.19.066,SandwichStudy,3.2.4,MacIntel,60,"[""l""]",[2.3930001258850098],1,0,80,4,1,79,Provolone cheese,Swiss cheese,Cheddar cheese,Parmesan cheese,Tomatoes,,,,Chicken,Lettuce,Tomatoes,Mayonnaise,,,,,5,5,4,1000,0,1000,0,1,999,,,,,,,,,,,,,,,
,,,,,,,,,,,,,54679,2020-03-03_14h14.19.066,SandwichStudy,3.2.4,MacIntel,60,"[""space""]",[1.1600000858306885],1,0,80,28,1,79,Chicken,Mozzarella cheese,Tomatoes,Pesto,Spinach,,,,Roast beef,Turkey,Pastrami,Mayonnaise,Provolone cheese,,,,5,5,5,1000,0,1000,0,1,999,,,,,,,,,,,,,,,
,,,,,,,,,,,,,54679,2020-03-03_14h14.19.066,SandwichStudy,3.2.4,MacIntel,60,"[""a""]",[0.6899998188018799],1,0,80,28,1,79,Chicken,Mozzarella cheese,Tomatoes,Pesto,Spinach,,,,Roast beef,Turkey,Pastrami,Mayonnaise,Provolone cheese,,,,5,5,5,1000,0,1000,0,1,999,,,,,,,,,,,,,,,
,,,,,,,,,,,,,54679,2020-03-03_14h14.19.066,SandwichStudy,3.2.4,MacIntel,60,"[""space""]",[2.2110002040863037],1,0,80,7,1,79,Mozzarella cheese,Bell peppers,Pesto,Spinach,,,,,Ham,Lettuce,Tomatoes,Mayonnaise,Mustard,,,,5,4,5,1000,0,1000,0,1,999,,,,,,,,,,,,,,,
,,,,,,,,,,,,,54679,2020-03-03_14h14.19.066,SandwichStudy,3.2.4,MacIntel,60,"[""space""]",[3.821000099182129],1,0,80,7,1,79,Mozzarella cheese,Bell peppers,Pesto,Spinach,,,,,Ham,Lettuce,Tomatoes,Mayonnaise,Mustard,,,,5,4,5,1000,0,1000,0,1,999,,,,,,,,,,,,,,,
,,,,,,,,,,,,,54679,2020-03-03_14h14.19.066,SandwichStudy,3.2.4,MacIntel,60,"[""l""]",[2.0920000076293945],1,0,80,7,1,79,Mozzarella cheese,Bell peppers,Pesto,Spinach,,,,,Ham,Lettuce,Tomatoes,Mayonnaise,Mustard,,,,5,4,5,1000,0,1000,0,1,999,,,,,,,,,,,,,,,
,,,,,,,,,,,,,54679,2020-03-03_14h14.19.066,SandwichStudy,3.2.4,MacIntel,60,"[""l""]",[0.4719998836517334],1,0,80,0,1,79,Onions,Bell peppers,Mushrooms,Jalapenos,American cheese,Steak,,,Bacon,Provolone cheese,Mushrooms,Parmesan cheese,,,,,6,6,4,1000,0,1000,0,1,999,,,,,,,,,,,,,,,
,,,,,,,,,,,,,54679,2020-03-03_14h14.19.066,SandwichStudy,3.2.4,MacIntel,60,"[""l""]",[0.9800000190734863],1,0,80,20,1,79,Pastrami,Swiss cheese,Coleslaw,,,,,,Chicken,Bacon,Feta cheese,Bell peppers,Basil,Garlic aioli,,,6,3,6,1000,0,1000,0,1,999,,,,,,,,,,,,,,,
,,,,,,,,,,,,,54679,2020-03-03_14h14.19.066,SandwichStudy,3.2.4,MacIntel,60,"[""space""]",[0.2870001792907715],1,0,80,26,1,79,Turkey,Avocado,Mayonnaise,,,,,,Chicken,Mozzarella cheese,Tomatoes,Onions,Basil,Mayonnaise,,,6,3,6,1000,0,1000,0,1,999,,,,,,,,,,,,,,,
,,,,,,,,,,,,,54679,2020-03-03_14h14.19.066,SandwichStudy,3.2.4,MacIntel,60,"[""space""]",[0.9179999828338623],1,0,80,26,1,79,Turkey,Avocado,Mayonnaise,,,,,,Chicken,Mozzarella cheese,Tomatoes,Onions,Basil,Mayonnaise,,,6,3,6,1000,0,1000,0,1,999,,,,,,,,,,,,,,,
,,,,,,,,,,,,,54679,2020-03-03_14h14.19.066,SandwichStudy,3.2.4,MacIntel,60,"[""space""]",[2.3420000076293945],1,0,80,26,1,79,Turkey,Avocado,Mayonnaise,,,,,,Chicken,Mozzarella cheese,Tomatoes,Onions,Basil,Mayonnaise,,,6,3,6,1000,0,1000,0,1,999,,,,,,,,,,,,,,,
,,,,,,,,,,,,,54679,2020-03-03_14h14.19.066,SandwichStudy,3.2.4,MacIntel,60,"[""l""]",[0.746999979019165],1,0,80,26,1,79,Turkey,Avocado,Mayonnaise,,,,,,Chicken,Mozzarella cheese,Tomatoes,Onions,Basil,Mayonnaise,,,6,3,6,1000,0,1000,0,1,999,,,,,,,,,,,,,,,
,,,,,,,,,,,,,54679,2020-03-03_14h14.19.066,SandwichStudy,3.2.4,MacIntel,60,"[""l""]",[1.0550000667572021],1,0,80,34,1,79,Avocado,Onions,Cucumbers,,,,,,Tuna,Basil,Cheddar cheese,Garlic aioli,Pickles,Onions,Tomatoes,Spinach,8,3,8,1000,0,1000,0,1,999,,,,,,,,,,,,,,,
,,,,,,,,,,,,,54679,2020-03-03_14h14.19.066,SandwichStudy,3.2.4,MacIntel,60,"[""space""]",[0.6200001239776611],1,0,80,48,1,79,Chicken,Provolone cheese,Pesto,,,,,,Ham,Lettuce,Tomatoes,Mayonnaise,Mustard,,,,5,3,5,1000,0,1000,0,1,999,,,,,,,,,,,,,,,
,,,,,,,,,,,,,54679,2020-03-03_14h14.19.066,SandwichStudy,3.2.4,MacIntel,60,"[""space""]",[2.6440000534057617],1,0,80,48,1,79,Chicken,Provolone cheese,Pesto,,,,,,Ham,Lettuce,Tomatoes,Mayonnaise,Mustard,,,,5,3,5,1000,0,1000,0,1,999,,,,,,,,,,,,,,,
,,,,,,,,,,,,,54679,2020-03-03_14h14.19.066,SandwichStudy,3.2.4,MacIntel,60,"[""space""]",[1.3870000839233398],1,0,80,48,1,79,Chicken,Provolone cheese,Pesto,,,,,,Ham,Lettuce,Tomatoes,Mayonnaise,Mustard,,,,5,3,5,1000,0,1000,0,1,999,,,,,,,,,,,,,,,
,,,,,,,,,,,,,54679,2020-03-03_14h14.19.066,SandwichStudy,3.2.4,MacIntel,60,"[""space""]",[0.7030000686645508],1,0,80,48,1,79,Chicken,Provolone cheese,Pesto,,,,,,Ham,Lettuce,Tomatoes,Mayonnaise,Mustard,,,,5,3,5,1000,0,1000,0,1,999,,,,,,,,,,,,,,,
,,,,,,,,,,,,,54679,2020-03-03_14h14.19.066,SandwichStudy,3.2.4,MacIntel,60,"[""a""]",[0.9069998264312744],1,0,80,48,1,79,Chicken,Provolone cheese,Pesto,,,,,,Ham,Lettuce,Tomatoes,Mayonnaise,Mustard,,,,5,3,5,1000,0,1000,0,1,999,,,,,,,,,,,,,,,
,,,,,,,,,,,,,54679,2020-03-03_14h14.19.066,SandwichStudy,3.2.4,MacIntel,60,"[""space""]",[1.3629999160766602],1,0,80,77,1,79,Chicken,Lettuce,Tomatoes,Mayonnaise,,,,,Pepperoni,Meatballs,Marinara sauce,Provolone cheese,Mushrooms,,,,5,4,5,1000,0,1000,0,1,999,,,,,,,,,,,,,,,
,,,,,,,,,,,,,54679,2020-03-03_14h14.19.066,SandwichStudy,3.2.4,MacIntel,60,"[""space""]",[0.4399998188018799],1,0,80,77,1,79,Chicken,Lettuce,Tomatoes,Mayonnaise,,,,,Pepperoni,Meatballs,Marinara sauce,Provolone cheese,Mushrooms,,,,5,4,5,1000,0,1000,0,1,999,,,,,,,,,,,,,,,
,,,,,,,,,,,,,54679,2020-03-03_14h14.19.066,SandwichStudy,3.2.4,MacIntel,60,"[""l""]",[1.5530002117156982],1,0,80,77,1,79,Chicken,Lettuce,Tomatoes,Mayonnaise,,,,,Pepperoni,Meatballs,Marinara sauce,Provolone cheese,Mushrooms,,,,5,4,5,1000,0,1000,0,1,999,,,,,,,,,,,,,,,
,,,,,,,,,,,,,54679,2020-03-03_14h14.19.066,SandwichStudy,3.2.4,MacIntel,60,"[""space""]",[0.03399991989135742],1,0,80,24,1,79,Steak,Onions,Bell peppers,Provolone cheese,,,,,Tuna,Lettuce,Tomatoes,Mayonnaise,,,,,4,4,4,1000,0,1000,0,1,999,,,,,,,,,,,,,,,
,,,,,,,,,,,,,54679,2020-03-03_14h14.19.066,SandwichStudy,3.2.4,MacIntel,60,"[""a""]",[1.1620001792907715],1,0,80,24,1,79,Steak,Onions,Bell peppers,Provolone cheese,,,,,Tuna,Lettuce,Tomatoes,Mayonnaise,,,,,4,4,4,1000,0,1000,0,1,999,,,,,,,,,,,,,,,
,,,,,,,,,,,,,54679,2020-03-03_14h14.19.066,SandwichStudy,3.2.4,MacIntel,60,"[""space""]",[0.10000014305114746],1,0,80,47,1,79,Chicken,Cheddar cheese,Mayonnaise,,,,,,Turkey,Cheddar cheese,Coleslaw,Spinach,Mustard,,,,5,3,5,1000,0,1000,0,1,999,,,,,,,,,,,,,,,
,,,,,,,,,,,,,54679,2020-03-03_14h14.19.066,SandwichStudy,3.2.4,MacIntel,60,"[""space""]",[1.255000114440918],1,0,80,47,1,79,Chicken,Cheddar cheese,Mayonnaise,,,,,,Turkey,Cheddar cheese,Coleslaw,Spinach,Mustard,,,,5,3,5,1000,0,1000,0,1,999,,,,,,,,,,,,,,,
,,,,,,,,,,,,,54679,2020-03-03_14h14.19.066,SandwichStudy,3.2.4,MacIntel,60,"[""a""]",[0.8389999866485596],1,0,80,47,1,79,Chicken,Cheddar cheese,Mayonnaise,,,,,,Turkey,Cheddar cheese,Coleslaw,Spinach,Mustard,,,,5,3,5,1000,0,1000,0,1,999,,,,,,,,,,,,,,,
,,,,,,,,,,,,,54679,2020-03-03_14h14.19.066,SandwichStudy,3.2.4,MacIntel,60,"[""space""]",[0.20000004768371582],1,0,80,19,1,79,Bacon,Ham,Turkey,Mayonnaise,Cheddar cheese,Tomatoes,Spinach,Swiss cheese,Turkey,Salami,Cheddar cheese,Mayonnaise,,,,,8,8,4,1000,0,1000,0,1,999,,,,,,,,,,,,,,,
,,,,,,,,,,,,,54679,2020-03-03_14h14.19.066,SandwichStudy,3.2.4,MacIntel,60,"[""space""]",[0.7349998950958252],1,0,80,19,1,79,Bacon,Ham,Turkey,Mayonnaise,Cheddar cheese,Tomatoes,Spinach,Swiss cheese,Turkey,Salami,Cheddar cheese,Mayonnaise,,,,,8,8,4,1000,0,1000,0,1,999,,,,,,,,,,,,,,,
,,,,,,,,,,,,,54679,2020-03-03_14h14.19.066,SandwichStudy,3.2.4,MacIntel,60,"[""space""]",[0.5360000133514404],1,0,80,19,1,79,Bacon,Ham,Turkey,Mayonnaise,Cheddar cheese,Tomatoes,Spinach,Swiss cheese,Turkey,Salami,Cheddar cheese,Mayonnaise,,,,,8,8,4,1000,0,1000,0,1,999,,,,,,,,,,,,,,,
,,,,,,,,,,,,,54679,2020-03-03_14h14.19.066,SandwichStudy,3.2.4,MacIntel,60,"[""space""]",[0.19099998474121094],1,0,80,19,1,79,Bacon,Ham,Turkey,Mayonnaise,Cheddar cheese,Tomatoes,Spinach,Swiss cheese,Turkey,Salami,Cheddar cheese,Mayonnaise,,,,,8,8,4,1000,0,1000,0,1,999,,,,,,,,,,,,,,,
,,,,,,,,,,,,,54679,2020-03-03_14h14.19.066,SandwichStudy,3.2.4,MacIntel,60,"[""space""]",[0.020999908447265625],1,0,80,19,1,79,Bacon,Ham,Turkey,Mayonnaise,Cheddar cheese,Tomatoes,Spinach,Swiss cheese,Turkey,Salami,Cheddar cheese,Mayonnaise,,,,,8,8,4,1000,0,1000,0,1,999,,,,,,,,,,,,,,,
,,,,,,,,,,,,,54679,2020-03-03_14h14.19.066,SandwichStudy,3.2.4,MacIntel,60,"[""a""]",[5.6529998779296875],1,0,80,19,1,79,Bacon,Ham,Turkey,Mayonnaise,Cheddar cheese,Tomatoes,Spinach,Swiss cheese,Turkey,Salami,Cheddar cheese,Mayonnaise,,,,,8,8,4,1000,0,1000,0,1,999,,,,,,,,,,,,,,,
,,,,,,,,,,,,,54679,2020-03-03_14h14.19.066,SandwichStudy,3.2.4,MacIntel,60,"[""space""]",[1.6610000133514404],1,0,80,35,1,79,Bacon,Lettuce,Tomatoes,Ranch dressing,,,,,Turkey,Gouda cheese,Avocado,Garlic aioli,Jalapenos,Tomatoes,Lettuce,,7,4,7,1000,0,1000,0,1,999,,,,,,,,,,,,,,,
,,,,,,,,,,,,,54679,2020-03-03_14h14.19.066,SandwichStudy,3.2.4,MacIntel,60,"[""space""]",[1.3410000801086426],1,0,80,35,1,79,Bacon,Lettuce,Tomatoes,Ranch dressing,,,,,Turkey,Gouda cheese,Avocado,Garlic aioli,Jalapenos,Tomatoes,Lettuce,,7,4,7,1000,0,1000,0,1,999,,,,,,,,,,,,,,,
,,,,,,,,,,,,,54679,2020-03-03_14h14.19.066,SandwichStudy,3.2.4,MacIntel,60,"[""space""]",[0.26999998092651367],1,0,80,35,1,79,Bacon,Lettuce,Tomatoes,Ranch dressing,,,,,Turkey,Gouda cheese,Avocado,Garlic aioli,Jalapenos,Tomatoes,Lettuce,,7,4,7,1000,0,1000,0,1,999,,,,,,,,,,,,,,,
,,,,,,,,,,,,,54679,2020-03-03_14h14.19.066,SandwichStudy,3.2.4,MacIntel,60,"[""l""]",[0.8519999980926514],1,0,80,35,1,79,Bacon,Lettuce,Tomatoes,Ranch dressing,,,,,Turkey,Gouda cheese,Avocado,Garlic aioli,Jalapenos,Tomatoes,Lettuce,,7,4,7,1000,0,1000,0,1,999,,,,,,,,,,,,,,,
,,,,,,,,,,,,,54679,2020-03-03_14h14.19.066,SandwichStudy,3.2.4,MacIntel,60,"[""space""]",[0.11700010299682617],1,0,80,58,1,79,Chicken,Mayonnaise,Cheddar cheese,,,,,,Steak,Onions,Bell peppers,Provolone cheese,,,,,4,3,4,1000,0,1000,0,1,999,,,,,,,,,,,,,,,
,,,,,,,,,,,,,54679,2020-03-03_14h14.19.066,SandwichStudy,3.2.4,MacIntel,60,"[""space""]",[0.4289999008178711],1,0,80,58,1,79,Chicken,Mayonnaise,Cheddar cheese,,,,,,Steak,Onions,Bell peppers,Provolone cheese,,,,,4,3,4,1000,0,1000,0,1,999,,,,,,,,,,,,,,,
,,,,,,,,,,,,,54679,2020-03-03_14h14.19.066,SandwichStudy,3.2.4,MacIntel,60,"[""space""]",[0.8539998531341553],1,0,80,58,1,79,Chicken,Mayonnaise,Cheddar cheese,,,,,,Steak,Onions,Bell peppers,Provolone cheese,,,,,4,3,4,1000,0,1000,0,1,999,,,,,,,,,,,,,,,
,,,,,,,,,,,,,54679,2020-03-03_14h14.19.066,SandwichStudy,3.2.4,MacIntel,60,"[""a""]",[1.6039998531341553],1,0,80,58,1,79,Chicken,Mayonnaise,Cheddar cheese,,,,,,Steak,Onions,Bell peppers,Provolone cheese,,,,,4,3,4,1000,0,1000,0,1,999,,,,,,,,,,,,,,,
,,,,,,,,,,,,,54679,2020-03-03_14h14.19.066,SandwichStudy,3.2.4,MacIntel,60,"[""space""]",[1.9249999523162842],1,0,80,25,1,79,Meatballs,Provolone cheese,Onions,Marinara sauce,,,,,Chicken,Pepper jack cheese,Ranch dressing,,,,,,4,4,3,1000,0,1000,0,1,999,,,,,,,,,,,,,,,
,,,,,,,,,,,,,54679,2020-03-03_14h14.19.066,SandwichStudy,3.2.4,MacIntel,60,"[""space""]",[2.6040000915527344],1,0,80,25,1,79,Meatballs,Provolone cheese,Onions,Marinara sauce,,,,,Chicken,Pepper jack cheese,Ranch dressing,,,,,,4,4,3,1000,0,1000,0,1,999,,,,,,,,,,,,,,,
,,,,,,,,,,,,,54679,2020-03-03_14h14.19.066,SandwichStudy,3.2.4,MacIntel,60,"[""space""]",[0.3210000991821289],1,0,80,25,1,79,Meatballs,Provolone cheese,Onions,Marinara sauce,,,,,Chicken,Pepper jack cheese,Ranch dressing,,,,,,4,4,3,1000,0,1000,0,1,999,,,,,,,,,,,,,,,
,,,,,,,,,,,,,54679,2020-03-03_14h14.19.066,SandwichStudy,3.2.4,MacIntel,60,"[""l""]",[1.6659998893737793],1,0,80,25,1,79,Meatballs,Provolone cheese,Onions,Marinara sauce,,,,,Chicken,Pepper jack cheese,Ranch dressing,,,,,,4,4,3,1000,0,1000,0,1,999,,,,,,,,,,,,,,,
,,,,,,,,,,,,,54679,2020-03-03_14h14.19.066,SandwichStudy,3.2.4,MacIntel,60,"[""space""]",[0.08999991416931152],1,0,80,16,1,79,Chicken,American cheese,Lettuce,Tomatoes,Mayonnaise,,,,Cheddar cheese,Avocado,Onions,Tomatoes,Mayonnaise,,,,5,5,5,1000,0,1000,0,1,999,,,,,,,,,,,,,,,
,,,,,,,,,,,,,54679,2020-03-03_14h14.19.066,SandwichStudy,3.2.4,MacIntel,60,"[""space""]",[0.09299993515014648],1,0,80,16,1,79,Chicken,American cheese,Lettuce,Tomatoes,Mayonnaise,,,,Cheddar cheese,Avocado,Onions,Tomatoes,Mayonnaise,,,,5,5,5,1000,0,1000,0,1,999,,,,,,,,,,,,,,,
,,,,,,,,,,,,,54679,2020-03-03_14h14.19.066,SandwichStudy,3.2.4,MacIntel,60,"[""l""]",[10.395999908447266],1,0,80,16,1,79,Chicken,American cheese,Lettuce,Tomatoes,Mayonnaise,,,,Cheddar cheese,Avocado,Onions,Tomatoes,Mayonnaise,,,,5,5,5,1000,0,1000,0,1,999,,,,,,,,,,,,,,,
,,,,,,,,,,,,,54679,2020-03-03_14h14.19.066,SandwichStudy,3.2.4,MacIntel,60,"[""l""]",[0.20000004768371582],1,0,80,52,1,79,Cheddar cheese,Avocado,Onions,Tomatoes,Mayonnaise,,,,Bacon,Ham,Turkey,Mayonnaise,Cheddar cheese,Tomatoes,Spinach,Swiss cheese,8,5,8,1000,0,1000,0,1,999,,,,,,,,,,,,,,,
,,,,,,,,,,,,,54679,2020-03-03_14h14.19.066,SandwichStudy,3.2.4,MacIntel,60,"[""space""]",[0.16299986839294434],1,0,80,44,1,79,Chicken,Gouda cheese,Avocado,Basil,Bell peppers,Mayonnaise,,,Turkey,Gouda cheese,Avocado,Garlic aioli,Jalapenos,Tomatoes,Lettuce,,7,6,7,1000,0,1000,0,1,999,,,,,,,,,,,,,,,
,,,,,,,,,,,,,54679,2020-03-03_14h14.19.066,SandwichStudy,3.2.4,MacIntel,60,"[""space""]",[0.4890000820159912],1,0,80,44,1,79,Chicken,Gouda cheese,Avocado,Basil,Bell peppers,Mayonnaise,,,Turkey,Gouda cheese,Avocado,Garlic aioli,Jalapenos,Tomatoes,Lettuce,,7,6,7,1000,0,1000,0,1,999,,,,,,,,,,,,,,,
,,,,,,,,,,,,,54679,2020-03-03_14h14.19.066,SandwichStudy,3.2.4,MacIntel,60,"[""l""]",[0.5870001316070557],1,0,80,44,1,79,Chicken,Gouda cheese,Avocado,Basil,Bell peppers,Mayonnaise,,,Turkey,Gouda cheese,Avocado,Garlic aioli,Jalapenos,Tomatoes,Lettuce,,7,6,7,1000,0,1000,0,1,999,,,,,,,,,,,,,,,
,,,,,,,,,,,,,54679,2020-03-03_14h14.19.066,SandwichStudy,3.2.4,MacIntel,60,"[""space""]",[0.687000036239624],1,0,80,75,1,79,Ham,Swiss cheese,Mustard,,,,,,Ham,Swiss cheese,Mayonnaise,Mustard,Tomatoes,,,,5,3,5,1000,0,1000,0,1,999,,,,,,,,,,,,,,,
,,,,,,,,,,,,,54679,2020-03-03_14h14.19.066,SandwichStudy,3.2.4,MacIntel,60,"[""space""]",[0.7360000610351562],1,0,80,75,1,79,Ham,Swiss cheese,Mustard,,,,,,Ham,Swiss cheese,Mayonnaise,Mustard,Tomatoes,,,,5,3,5,1000,0,1000,0,1,999,,,,,,,,,,,,,,,
,,,,,,,,,,,,,54679,2020-03-03_14h14.19.066,SandwichStudy,3.2.4,MacIntel,60,"[""l""]",[0.8710000514984131],1,0,80,75,1,79,Ham,Swiss cheese,Mustard,,,,,,Ham,Swiss cheese,Mayonnaise,Mustard,Tomatoes,,,,5,3,5,1000,0,1000,0,1,999,,,,,,,,,,,,,,,
,,,,,,,,,,,,,54679,2020-03-03_14h14.19.066,SandwichStudy,3.2.4,MacIntel,60,"[""space""]",[0.15000009536743164],1,0,80,79,1,79,Salami,Roast beef,Turkey,Ham,Swiss cheese,Lettuce,Tomatoes,Mayonnaise,Turkey,Cheddar cheese,Mayonnaise,,,,,,8,8,3,1000,0,1000,0,1,999,,,,,,,,,,,,,,,
,,,,,,,,,,,,,54679,2020-03-03_14h14.19.066,SandwichStudy,3.2.4,MacIntel,60,"[""space""]",[0.7999999523162842],1,0,80,79,1,79,Salami,Roast beef,Turkey,Ham,Swiss cheese,Lettuce,Tomatoes,Mayonnaise,Turkey,Cheddar cheese,Mayonnaise,,,,,,8,8,3,1000,0,1000,0,1,999,,,,,,,,,,,,,,,
,,,,,,,,,,,,,54679,2020-03-03_14h14.19.066,SandwichStudy,3.2.4,MacIntel,60,"[""space""]",[0.2539999485015869],1,0,80,79,1,79,Salami,Roast beef,Turkey,Ham,Swiss cheese,Lettuce,Tomatoes,Mayonnaise,Turkey,Cheddar cheese,Mayonnaise,,,,,,8,8,3,1000,0,1000,0,1,999,,,,,,,,,,,,,,,
,,,,,,,,,,,,,54679,2020-03-03_14h14.19.066,SandwichStudy,3.2.4,MacIntel,60,"[""a""]",[0.8340001106262207],1,0,80,79,1,79,Salami,Roast beef,Turkey,Ham,Swiss cheese,Lettuce,Tomatoes,Mayonnaise,Turkey,Cheddar cheese,Mayonnaise,,,,,,8,8,3,1000,0,1000,0,1,999,,,,,,,,,,,,,,,
,,,,,,,,,,,,,54679,2020-03-03_14h14.19.066,SandwichStudy,3.2.4,MacIntel,60,"[""space""]",[0.05299997329711914],1,0,80,6,1,79,Chicken,Cheddar cheese,Lettuce,Garlic aioli,Swiss cheese,Tomatoes,,,Cheddar cheese,Provolone cheese,Swiss cheese,Mushrooms,Mayonnaise,Lettuce,Tomatoes,,7,6,7,1000,0,1000,0,1,999,,,,,,,,,,,,,,,
,,,,,,,,,,,,,54679,2020-03-03_14h14.19.066,SandwichStudy,3.2.4,MacIntel,60,"[""space""]",[0.8220000267028809],1,0,80,6,1,79,Chicken,Cheddar cheese,Lettuce,Garlic aioli,Swiss cheese,Tomatoes,,,Cheddar cheese,Provolone cheese,Swiss cheese,Mushrooms,Mayonnaise,Lettuce,Tomatoes,,7,6,7,1000,0,1000,0,1,999,,,,,,,,,,,,,,,
,,,,,,,,,,,,,54679,2020-03-03_14h14.19.066,SandwichStudy,3.2.4,MacIntel,60,"[""a""]",[0.026999950408935547],1,0,80,6,1,79,Chicken,Cheddar cheese,Lettuce,Garlic aioli,Swiss cheese,Tomatoes,,,Cheddar cheese,Provolone cheese,Swiss cheese,Mushrooms,Mayonnaise,Lettuce,Tomatoes,,7,6,7,1000,0,1000,0,1,999,,,,,,,,,,,,,,,
,,,,,,,,,,,,,54679,2020-03-03_14h14.19.066,SandwichStudy,3.2.4,MacIntel,60,"[""space""]",[0.19700002670288086],1,0,80,36,1,79,Chicken,Bell peppers,Bacon,Provolone cheese,Ranch dressing,Lettuce,Tomatoes,,Pastrami,Cheddar cheese,Mustard,Pickles,,,,,7,7,4,1000,0,1000,0,1,999,,,,,,,,,,,,,,,
,,,,,,,,,,,,,54679,2020-03-03_14h14.19.066,SandwichStudy,3.2.4,MacIntel,60,"[""space""]",[0.5350000858306885],1,0,80,36,1,79,Chicken,Bell peppers,Bacon,Provolone cheese,Ranch dressing,Lettuce,Tomatoes,,Pastrami,Cheddar cheese,Mustard,Pickles,,,,,7,7,4,1000,0,1000,0,1,999,,,,,,,,,,,,,,,
,,,,,,,,,,,,,54679,2020-03-03_14h14.19.066,SandwichStudy,3.2.4,MacIntel,60,"[""space""]",[0.12899994850158691],1,0,80,36,1,79,Chicken,Bell peppers,Bacon,Provolone cheese,Ranch dressing,Lettuce,Tomatoes,,Pastrami,Cheddar cheese,Mustard,Pickles,,,,,7,7,4,1000,0,1000,0,1,999,,,,,,,,,,,,,,,
,,,,,,,,,,,,,54679,2020-03-03_14h14.19.066,SandwichStudy,3.2.4,MacIntel,60,"[""space""]",[1.0360000133514404],1,0,80,36,1,79,Chicken,Bell peppers,Bacon,Provolone cheese,Ranch dressing,Lettuce,Tomatoes,,Pastrami,Cheddar cheese,Mustard,Pickles,,,,,7,7,4,1000,0,1000,0,1,999,,,,,,,,,,,,,,,
,,,,,,,,,,,,,54679,2020-03-03_14h14.19.066,SandwichStudy,3.2.4,MacIntel,60,"[""l""]",[0.6540000438690186],1,0,80,36,1,79,Chicken,Bell peppers,Bacon,Provolone cheese,Ranch dressing,Lettuce,Tomatoes,,Pastrami,Cheddar cheese,Mustard,Pickles,,,,,7,7,4,1000,0,1000,0,1,999,,,,,,,,,,,,,,,
,,,,,,,,,,,,,54679,2020-03-03_14h14.19.066,SandwichStudy,3.2.4,MacIntel,60,"[""space""]",[0.692000150680542],1,0,80,46,1,79,Turkey,Ham,Bacon,Swiss cheese,Lettuce,Tomatoes,Onions,,Chicken,Pickles,Basil,Tomatoes,Cucumbers,,,,7,7,5,1000,0,1000,0,1,999,,,,,,,,,,,,,,,
,,,,,,,,,,,,,54679,2020-03-03_14h14.19.066,SandwichStudy,3.2.4,MacIntel,60,"[""space""]",[0.619999885559082],1,0,80,46,1,79,Turkey,Ham,Bacon,Swiss cheese,Lettuce,Tomatoes,Onions,,Chicken,Pickles,Basil,Tomatoes,Cucumbers,,,,7,7,5,1000,0,1000,0,1,999,,,,,,,,,,,,,,,
,,,,,,,,,,,,,54679,2020-03-03_14h14.19.066,SandwichStudy,3.2.4,MacIntel,60,"[""space""]",[2.1050000190734863],1,0,80,46,1,79,Turkey,Ham,Bacon,Swiss cheese,Lettuce,Tomatoes,Onions,,Chicken,Pickles,Basil,Tomatoes,Cucumbers,,,,7,7,5,1000,0,1000,0,1,999,,,,,,,,,,,,,,,
,,,,,,,,,,,,,54679,2020-03-03_14h14.19.066,SandwichStudy,3.2.4,MacIntel,60,"[""space""]",[1.5],1,0,80,46,1,79,Turkey,Ham,Bacon,Swiss cheese,Lettuce,Tomatoes,Onions,,Chicken,Pickles,Basil,Tomatoes,Cucumbers,,,,7,7,5,1000,0,1000,0,1,999,,,,,,,,,,,,,,,
,,,,,,,,,,,,,54679,2020-03-03_14h14.19.066,SandwichStudy,3.2.4,MacIntel,60,"[""space""]",[0.497999906539917],1,0,80,46,1,79,Turkey,Ham,Bacon,Swiss cheese,Lettuce,Tomatoes,Onions,,Chicken,Pickles,Basil,Tomatoes,Cucumbers,,,,7,7,5,1000,0,1000,0,1,999,,,,,,,,,,,,,,,
,,,,,,,,,,,,,54679,2020-03-03_14h14.19.066,SandwichStudy,3.2.4,MacIntel,60,"[""l""]",[1.2369999885559082],1,0,80,46,1,79,Turkey,Ham,Bacon,Swiss cheese,Lettuce,Tomatoes,Onions,,Chicken,Pickles,Basil,Tomatoes,Cucumbers,,,,7,7,5,1000,0,1000,0,1,999,,,,,,,,,,,,,,,
,,,,,,,,,,,,,54679,2020-03-03_14h14.19.066,SandwichStudy,3.2.4,MacIntel,60,"[""space""]",[5.437000036239624],1,0,80,31,1,79,Spinach,Tomatoes,Cucumbers,Onions,Bell peppers,Avocado,Mayonnaise,,Turkey,Ham,Bacon,Swiss cheese,Lettuce,Tomatoes,Onions,,7,7,7,1000,0,1000,0,1,999,,,,,,,,,,,,,,,
,,,,,,,,,,,,,54679,2020-03-03_14h14.19.066,SandwichStudy,3.2.4,MacIntel,60,"[""space""]",[0.040000200271606445],1,0,80,31,1,79,Spinach,Tomatoes,Cucumbers,Onions,Bell peppers,Avocado,Mayonnaise,,Turkey,Ham,Bacon,Swiss cheese,Lettuce,Tomatoes,Onions,,7,7,7,1000,0,1000,0,1,999,,,,,,,,,,,,,,,
,,,,,,,,,,,,,54679,2020-03-03_14h14.19.066,SandwichStudy,3.2.4,MacIntel,60,"[""space""]",[0.5699999332427979],1,0,80,31,1,79,Spinach,Tomatoes,Cucumbers,Onions,Bell peppers,Avocado,Mayonnaise,,Turkey,Ham,Bacon,Swiss cheese,Lettuce,Tomatoes,Onions,,7,7,7,1000,0,1000,0,1,999,,,,,,,,,,,,,,,
,,,,,,,,,,,,,54679,2020-03-03_14h14.19.066,SandwichStudy,3.2.4,MacIntel,60,"[""l""]",[3.884000062942505],1,0,80,31,1,79,Spinach,Tomatoes,Cucumbers,Onions,Bell peppers,Avocado,Mayonnaise,,Turkey,Ham,Bacon,Swiss cheese,Lettuce,Tomatoes,Onions,,7,7,7,1000,0,1000,0,1,999,,,,,,,,,,,,,,,
,,,,,,,,,,,,,54679,2020-03-03_14h14.19.066,SandwichStudy,3.2.4,MacIntel,60,"[""space""]",[0.8659999370574951],1,0,80,65,1,79,Chicken,Pepper jack cheese,Ranch dressing,,,,,,Salami,Provolone cheese,Lettuce,Tomatoes,Mayonnaise,Mustard,,,6,3,6,1000,0,1000,0,1,999,,,,,,,,,,,,,,,
,,,,,,,,,,,,,54679,2020-03-03_14h14.19.066,SandwichStudy,3.2.4,MacIntel,60,"[""space""]",[0.440000057220459],1,0,80,65,1,79,Chicken,Pepper jack cheese,Ranch dressing,,,,,,Salami,Provolone cheese,Lettuce,Tomatoes,Mayonnaise,Mustard,,,6,3,6,1000,0,1000,0,1,999,,,,,,,,,,,,,,,
,,,,,,,,,,,,,54679,2020-03-03_14h14.19.066,SandwichStudy,3.2.4,MacIntel,60,"[""l""]",[0.08599996566772461],1,0,80,65,1,79,Chicken,Pepper jack cheese,Ranch dressing,,,,,,Salami,Provolone cheese,Lettuce,Tomatoes,Mayonnaise,Mustard,,,6,3,6,1000,0,1000,0,1,999,,,,,,,,,,,,,,,
,,,,,,,,,,,,,54679,2020-03-03_14h14.19.066,SandwichStudy,3.2.4,MacIntel,60,"[""space""]",[1.7709999084472656],1,0,80,53,1,79,Turkey,Avocado,Mayonnaise,,,,,,Ham,Pork,Swiss cheese,Mustard,Pickles,,,,5,3,5,1000,0,1000,0,1,999,,,,,,,,,,,,,,,
,,,,,,,,,,,,,54679,2020-03-03_14h14.19.066,SandwichStudy,3.2.4,MacIntel,60,"[""l""]",[0.23399996757507324],1,0,80,53,1,79,Turkey,Avocado,Mayonnaise,,,,,,Ham,Pork,Swiss cheese,Mustard,Pickles,,,,5,3,5,1000,0,1000,0,1,999,,,,,,,,,,,,,,,
,,,,,,,,,,,,,54679,2020-03-03_14h14.19.066,SandwichStudy,3.2.4,MacIntel,60,"[""space""]",[1.0079998970031738],1,0,80,57,1,79,Avocado,Spinach,Tomatoes,Swiss cheese,,,,,Chicken,Ham,Swiss cheese,Mayonnaise,Mustard,,,,5,4,5,1000,0,1000,0,1,999,,,,,,,,,,,,,,,
,,,,,,,,,,,,,54679,2020-03-03_14h14.19.066,SandwichStudy,3.2.4,MacIntel,60,"[""space""]",[0.3859999179840088],1,0,80,57,1,79,Avocado,Spinach,Tomatoes,Swiss cheese,,,,,Chicken,Ham,Swiss cheese,Mayonnaise,Mustard,,,,5,4,5,1000,0,1000,0,1,999,,,,,,,,,,,,,,,
,,,,,,,,,,,,,54679,2020-03-03_14h14.19.066,SandwichStudy,3.2.4,MacIntel,60,"[""l""]",[0.8980000019073486],1,0,80,57,1,79,Avocado,Spinach,Tomatoes,Swiss cheese,,,,,Chicken,Ham,Swiss cheese,Mayonnaise,Mustard,,,,5,4,5,1000,0,1000,0,1,999,,,,,,,,,,,,,,,
,,,,,,,,,,,,,54679,2020-03-03_14h14.19.066,SandwichStudy,3.2.4,MacIntel,60,"[""space""]",[0.10399985313415527],1,0,80,29,1,79,Turkey,Garlic aioli,Bacon,Spinach,,,,,Chicken,Mayonnaise,Cheddar cheese,,,,,,4,4,3,1000,0,1000,0,1,999,,,,,,,,,,,,,,,
,,,,,,,,,,,,,54679,2020-03-03_14h14.19.066,SandwichStudy,3.2.4,MacIntel,60,"[""space""]",[1.1520001888275146],1,0,80,29,1,79,Turkey,Garlic aioli,Bacon,Spinach,,,,,Chicken,Mayonnaise,Cheddar cheese,,,,,,4,4,3,1000,0,1000,0,1,999,,,,,,,,,,,,,,,
,,,,,,,,,,,,,54679,2020-03-03_14h14.19.066,SandwichStudy,3.2.4,MacIntel,60,"[""space""]",[1.561000108718872],1,0,80,29,1,79,Turkey,Garlic aioli,Bacon,Spinach,,,,,Chicken,Mayonnaise,Cheddar cheese,,,,,,4,4,3,1000,0,1000,0,1,999,,,,,,,,,,,,,,,
,,,,,,,,,,,,,54679,2020-03-03_14h14.19.066,SandwichStudy,3.2.4,MacIntel,60,"[""a""]",[41.00499987602234],1,0,80,29,1,79,Turkey,Garlic aioli,Bacon,Spinach,,,,,Chicken,Mayonnaise,Cheddar cheese,,,,,,4,4,3,1000,0,1000,0,1,999,,,,,,,,,,,,,,,
,,,,,,,,,,,,,54679,2020-03-03_14h14.19.066,SandwichStudy,3.2.4,MacIntel,60,"[""space""]",[9.533999919891357],1,0,80,17,1,79,Salami,Roast beef,Turkey,Ham,Swiss cheese,Lettuce,Tomatoes,Mayonnaise,Chicken,Gouda cheese,Avocado,Basil,Bell peppers,Mayonnaise,,,8,8,6,1000,0,1000,0,1,999,,,,,,,,,,,,,,,
,,,,,,,,,,,,,54679,2020-03-03_14h14.19.066,SandwichStudy,3.2.4,MacIntel,60,"[""space""]",[1.8330001831054688],1,0,80,17,1,79,Salami,Roast beef,Turkey,Ham,Swiss cheese,Lettuce,Tomatoes,Mayonnaise,Chicken,Gouda cheese,Avocado,Basil,Bell peppers,Mayonnaise,,,8,8,6,1000,0,1000,0,1,999,,,,,,,,,,,,,,,
,,,,,,,,,,,,,54679,2020-03-03_14h14.19.066,SandwichStudy,3.2.4,MacIntel,60,"[""space""]",[2.4660000801086426],1,0,80,17,1,79,Salami,Roast beef,Turkey,Ham,Swiss cheese,Lettuce,Tomatoes,Mayonnaise,Chicken,Gouda cheese,Avocado,Basil,Bell peppers,Mayonnaise,,,8,8,6,1000,0,1000,0,1,999,,,,,,,,,,,,,,,
,,,,,,,,,,,,,54679,2020-03-03_14h14.19.066,SandwichStudy,3.2.4,MacIntel,60,"[""space""]",[0.3960001468658447],1,0,80,17,1,79,Salami,Roast beef,Turkey,Ham,Swiss cheese,Lettuce,Tomatoes,Mayonnaise,Chicken,Gouda cheese,Avocado,Basil,Bell peppers,Mayonnaise,,,8,8,6,1000,0,1000,0,1,999,,,,,,,,,,,,,,,
,,,,,,,,,,,,,54679,2020-03-03_14h14.19.066,SandwichStudy,3.2.4,MacIntel,60,"[""a""]",[0.6530001163482666],1,0,80,17,1,79,Salami,Roast beef,Turkey,Ham,Swiss cheese,Lettuce,Tomatoes,Mayonnaise,Chicken,Gouda cheese,Avocado,Basil,Bell peppers,Mayonnaise,,,8,8,6,1000,0,1000,0,1,999,,,,,,,,,,,,,,,
,,,,,,,,,,,,,54679,2020-03-03_14h14.19.066,SandwichStudy,3.2.4,MacIntel,60,"[""l""]",[0.42600011825561523],1,0,80,33,1,79,Bacon,Ham,Turkey,Mayonnaise,Mustard,Cheddar cheese,Tomatoes,Spinach,Turkey,Avocado,Bacon,Garlic aioli,Tomatoes,Spinach,Onions,,8,8,7,1000,0,1000,0,1,999,,,,,,,,,,,,,,,
,,,,,,,,,,,,,54679,2020-03-03_14h14.19.066,SandwichStudy,3.2.4,MacIntel,60,"[""l""]",[1.4930000305175781],1,0,80,22,1,79,Bacon,Lettuce,Tomatoes,Garlic aioli,Avocado,,,,Ham,Swiss cheese,Spinach,Mustard,,,,,5,5,4,1000,0,1000,0,1,999,,,,,,,,,,,,,,,
,,,,,,,,,,,,,54679,2020-03-03_14h14.19.066,SandwichStudy,3.2.4,MacIntel,60,"[""space""]",[6.800000190734863],1,0,80,15,1,79,Pork,Cucumbers,Pickles,Jalapenos,Basil,Mayonnaise,,,Roast beef,Pastrami,Swiss cheese,Mustard,,,,,6,6,4,1000,0,1000,0,1,999,,,,,,,,,,,,,,,
,,,,,,,,,,,,,54679,2020-03-03_14h14.19.066,SandwichStudy,3.2.4,MacIntel,60,"[""space""]",[1.4909999370574951],1,0,80,15,1,79,Pork,Cucumbers,Pickles,Jalapenos,Basil,Mayonnaise,,,Roast beef,Pastrami,Swiss cheese,Mustard,,,,,6,6,4,1000,0,1000,0,1,999,,,,,,,,,,,,,,,
,,,,,,,,,,,,,54679,2020-03-03_14h14.19.066,SandwichStudy,3.2.4,MacIntel,60,"[""a""]",[1.8540000915527344],1,0,80,15,1,79,Pork,Cucumbers,Pickles,Jalapenos,Basil,Mayonnaise,,,Roast beef,Pastrami,Swiss cheese,Mustard,,,,,6,6,4,1000,0,1000,0,1,999,,,,,,,,,,,,,,,
,,,,,,,,,,,,,54679,2020-03-03_14h14.19.066,SandwichStudy,3.2.4,MacIntel,60,"[""l""]",[5],1,0,80,67,1,79,Avocado,Onions,Cucumbers,,,,,,Meatballs,Provolone cheese,Marinara sauce,Parmesan cheese,,,,,4,3,4,1000,0,1000,0,1,999,,,,,,,,,,,,,,,
,,,,,,,,,,,,,54679,2020-03-03_14h14.19.066,SandwichStudy,3.2.4,MacIntel,60,"[""space""]",[0.2089998722076416],1,0,80,43,1,79,Meatballs,Provolone cheese,Onions,Marinara sauce,,,,,Chicken,Mozzarella cheese,Tomatoes,Pesto,Spinach,,,,5,4,5,1000,0,1000,0,1,999,,,,,,,,,,,,,,,
,,,,,,,,,,,,,54679,2020-03-03_14h14.19.066,SandwichStudy,3.2.4,MacIntel,60,"[""space""]",[0.1679999828338623],1,0,80,43,1,79,Meatballs,Provolone cheese,Onions,Marinara sauce,,,,,Chicken,Mozzarella cheese,Tomatoes,Pesto,Spinach,,,,5,4,5,1000,0,1000,0,1,999,,,,,,,,,,,,,,,
,,,,,,,,,,,,,54679,2020-03-03_14h14.19.066,SandwichStudy,3.2.4,MacIntel,60,"[""l""]",[1.9570000171661377],1,0,80,43,1,79,Meatballs,Provolone cheese,Onions,Marinara sauce,,,,,Chicken,Mozzarella cheese,Tomatoes,Pesto,Spinach,,,,5,4,5,1000,0,1000,0,1,999,,,,,,,,,,,,,,,
,,,,,,,,,,,,,54679,2020-03-03_14h14.19.066,SandwichStudy,3.2.4,MacIntel,60,"[""l""]",[0.42600011825561523],1,0,80,2,1,79,Turkey,Provolone cheese,Spinach,Garlic aioli,,,,,Chicken,Pickles,Basil,Tomatoes,Cucumbers,,,,5,4,5,1000,0,1000,0,1,999,,,,,,,,,,,,,,,
,,,,,,,,,,,,,54679,2020-03-03_14h14.19.066,SandwichStudy,3.2.4,MacIntel,60,"[""space""]",[0.08899998664855957],1,0,80,59,1,79,Chicken,Ham,Cheddar cheese,Mayonnaise,,,,,Turkey,Garlic aioli,Bacon,Spinach,,,,,4,4,4,1000,0,1000,0,1,999,,,,,,,,,,,,,,,
,,,,,,,,,,,,,54679,2020-03-03_14h14.19.066,SandwichStudy,3.2.4,MacIntel,60,"[""a""]",[0.04900002479553223],1,0,80,59,1,79,Chicken,Ham,Cheddar cheese,Mayonnaise,,,,,Turkey,Garlic aioli,Bacon,Spinach,,,,,4,4,4,1000,0,1000,0,1,999,,,,,,,,,,,,,,,
,,,,,,,,,,,,,54679,2020-03-03_14h14.19.066,SandwichStudy,3.2.4,MacIntel,60,"[""space""]",[0.45600008964538574],1,0,80,9,1,79,Bacon,Turkey,Pepper jack cheese,Mustard,,,,,Bacon,Spinach,Tomatoes,Avocado,Mayonnaise,,,,5,4,5,1000,0,1000,0,1,999,,,,,,,,,,,,,,,
,,,,,,,,,,,,,54679,2020-03-03_14h14.19.066,SandwichStudy,3.2.4,MacIntel,60,"[""space""]",[1.000999927520752],1,0,80,9,1,79,Bacon,Turkey,Pepper jack cheese,Mustard,,,,,Bacon,Spinach,Tomatoes,Avocado,Mayonnaise,,,,5,4,5,1000,0,1000,0,1,999,,,,,,,,,,,,,,,
,,,,,,,,,,,,,54679,2020-03-03_14h14.19.066,SandwichStudy,3.2.4,MacIntel,60,"[""a""]",[1.1510000228881836],1,0,80,9,1,79,Bacon,Turkey,Pepper jack cheese,Mustard,,,,,Bacon,Spinach,Tomatoes,Avocado,Mayonnaise,,,,5,4,5,1000,0,1000,0,1,999,,,,,,,,,,,,,,,
,,,,,,,,,,,,,54679,2020-03-03_14h14.19.066,SandwichStudy,3.2.4,MacIntel,60,"[""space""]",[18.42300009727478],1,0,80,32,1,79,Turkey,Ham,Bacon,Provolone cheese,Lettuce,Tomatoes,Ranch dressing,,Chicken,Cheddar cheese,Bacon,Avocado,Ranch dressing,,,,7,7,5,1000,0,1000,0,1,999,,,,,,,,,,,,,,,
,,,,,,,,,,,,,54679,2020-03-03_14h14.19.066,SandwichStudy,3.2.4,MacIntel,60,"[""space""]",[0.8159999847412109],1,0,80,32,1,79,Turkey,Ham,Bacon,Provolone cheese,Lettuce,Tomatoes,Ranch dressing,,Chicken,Cheddar cheese,Bacon,Avocado,Ranch dressing,,,,7,7,5,1000,0,1000,0,1,999,,,,,,,,,,,,,,,
,,,,,,,,,,,,,54679,2020-03-03_14h14.19.066,SandwichStudy,3.2.4,MacIntel,60,"[""space""]",[1.4670000076293945],1,0,80,32,1,79,Turkey,Ham,Bacon,Provolone cheese,Lettuce,Tomatoes,Ranch dressing,,Chicken,Cheddar cheese,Bacon,Avocado,Ranch dressing,,,,7,7,5,1000,0,1000,0,1,999,,,,,,,,,,,,,,,
,,,,,,,,,,,,,54679,2020-03-03_14h14.19.066,SandwichStudy,3.2.4,MacIntel,60,"[""a""]",[1.184999942779541],1,0,80,32,1,79,Turkey,Ham,Bacon,Provolone cheese,Lettuce,Tomatoes,Ranch dressing,,Chicken,Cheddar cheese,Bacon,Avocado,Ranch dressing,,,,7,7,5,1000,0,1000,0,1,999,,,,,,,,,,,,,,,
,,,,,,,,,,,,,54679,2020-03-03_14h14.19.066,SandwichStudy,3.2.4,MacIntel,60,"[""space""]",[0.8710000514984131],1,0,80,37,1,79,Turkey,Ham,Cheddar cheese,Mayonnaise,,,,,Chicken,Ham,Swiss cheese,Mayonnaise,Mustard,,,,5,4,5,1000,0,1000,0,1,999,,,,,,,,,,,,,,,
,,,,,,,,,,,,,54679,2020-03-03_14h14.19.066,SandwichStudy,3.2.4,MacIntel,60,"[""space""]",[0.685999870300293],1,0,80,37,1,79,Turkey,Ham,Cheddar cheese,Mayonnaise,,,,,Chicken,Ham,Swiss cheese,Mayonnaise,Mustard,,,,5,4,5,1000,0,1000,0,1,999,,,,,,,,,,,,,,,
,,,,,,,,,,,,,54679,2020-03-03_14h14.19.066,SandwichStudy,3.2.4,MacIntel,60,"[""space""]",[0.6779999732971191],1,0,80,37,1,79,Turkey,Ham,Cheddar cheese,Mayonnaise,,,,,Chicken,Ham,Swiss cheese,Mayonnaise,Mustard,,,,5,4,5,1000,0,1000,0,1,999,,,,,,,,,,,,,,,
,,,,,,,,,,,,,54679,2020-03-03_14h14.19.066,SandwichStudy,3.2.4,MacIntel,60,"[""space""]",[1.059000015258789],1,0,80,37,1,79,Turkey,Ham,Cheddar cheese,Mayonnaise,,,,,Chicken,Ham,Swiss cheese,Mayonnaise,Mustard,,,,5,4,5,1000,0,1000,0,1,999,,,,,,,,,,,,,,,
,,,,,,,,,,,,,54679,2020-03-03_14h14.19.066,SandwichStudy,3.2.4,MacIntel,60,"[""a""]",[13.2260000705719],1,0,80,37,1,79,Turkey,Ham,Cheddar cheese,Mayonnaise,,,,,Chicken,Ham,Swiss cheese,Mayonnaise,Mustard,,,,5,4,5,1000,0,1000,0,1,999,,,,,,,,,,,,,,,
,,,,,,,,,,,,,54679,2020-03-03_14h14.19.066,SandwichStudy,3.2.4,MacIntel,60,"[""a""]",[0.5379998683929443],1,0,80,55,1,79,Roast beef,Turkey,Pastrami,Mayonnaise,Provolone cheese,,,,Ham,Swiss cheese,Spinach,Mustard,,,,,5,5,4,1000,0,1000,0,1,999,,,,,,,,,,,,,,,
,,,,,,,,,,,,,54679,2020-03-03_14h14.19.066,SandwichStudy,3.2.4,MacIntel,60,"[""l""]",[0.4869999885559082],1,0,80,54,1,79,Chicken,Bell peppers,Bacon,Provolone cheese,Ranch dressing,Lettuce,Tomatoes,,Turkey,Bacon,Pepper jack cheese,Avocado,Ranch dressing,Spinach,Tomatoes,,7,7,7,1000,0,1000,0,1,999,,,,,,,,,,,,,,,
,,,,,,,,,,,,,54679,2020-03-03_14h14.19.066,SandwichStudy,3.2.4,MacIntel,60,"[""l""]",[2.052000045776367],1,0,80,40,1,79,Pork,Ham,Swiss cheese,Pickles,Mustard,,,,Steak,Turkey,Ham,Cheddar cheese,Olives,Lettuce,Tomatoes,Onions,8,5,8,1000,0,1000,0,1,999,,,,,,,,,,,,,,,
,,,,,,,,,,,,,54679,2020-03-03_14h14.19.066,SandwichStudy,3.2.4,MacIntel,60,"[""space""]",[0.4719998836517334],1,0,80,42,1,79,Chicken,Bacon,Feta cheese,Bell peppers,Basil,Garlic aioli,,,Turkey,Ham,Cheddar cheese,Mayonnaise,,,,,6,6,4,1000,0,1000,0,1,999,,,,,,,,,,,,,,,
,,,,,,,,,,,,,54679,2020-03-03_14h14.19.066,SandwichStudy,3.2.4,MacIntel,60,"[""space""]",[0.3580000400543213],1,0,80,42,1,79,Chicken,Bacon,Feta cheese,Bell peppers,Basil,Garlic aioli,,,Turkey,Ham,Cheddar cheese,Mayonnaise,,,,,6,6,4,1000,0,1000,0,1,999,,,,,,,,,,,,,,,
,,,,,,,,,,,,,54679,2020-03-03_14h14.19.066,SandwichStudy,3.2.4,MacIntel,60,"[""space""]",[0.41300010681152344],1,0,80,42,1,79,Chicken,Bacon,Feta cheese,Bell peppers,Basil,Garlic aioli,,,Turkey,Ham,Cheddar cheese,Mayonnaise,,,,,6,6,4,1000,0,1000,0,1,999,,,,,,,,,,,,,,,
,,,,,,,,,,,,,54679,2020-03-03_14h14.19.066,SandwichStudy,3.2.4,MacIntel,60,"[""space""]",[0.5910000801086426],1,0,80,42,1,79,Chicken,Bacon,Feta cheese,Bell peppers,Basil,Garlic aioli,,,Turkey,Ham,Cheddar cheese,Mayonnaise,,,,,6,6,4,1000,0,1000,0,1,999,,,,,,,,,,,,,,,
,,,,,,,,,,,,,54679,2020-03-03_14h14.19.066,SandwichStudy,3.2.4,MacIntel,60,"[""a""]",[0.07200002670288086],1,0,80,42,1,79,Chicken,Bacon,Feta cheese,Bell peppers,Basil,Garlic aioli,,,Turkey,Ham,Cheddar cheese,Mayonnaise,,,,,6,6,4,1000,0,1000,0,1,999,,,,,,,,,,,,,,,
,,,,,,,,,,,,,54679,2020-03-03_14h14.19.066,SandwichStudy,3.2.4,MacIntel,60,"[""l""]",[0.4220001697540283],1,0,80,64,1,79,Tuna,Basil,Cheddar cheese,Garlic aioli,Pickles,Onions,Tomatoes,Spinach,Turkey,Ham,Bacon,Provolone cheese,Lettuce,Tomatoes,Ranch dressing,,8,8,7,1000,0,1000,0,1,999,,,,,,,,,,,,,,,
,,,,,,,,,,,,,54679,2020-03-03_14h14.19.066,SandwichStudy,3.2.4,MacIntel,60,"[""space""]",[0.4140000343322754],1,0,80,39,1,79,Chicken,Provolone cheese,Pesto,,,,,,Turkey,Bacon,Jalapenos,Lettuce,Avocado,Garlic aioli,Tomatoes,,7,3,7,1000,0,1000,0,1,999,,,,,,,,,,,,,,,
,,,,,,,,,,,,,54679,2020-03-03_14h14.19.066,SandwichStudy,3.2.4,MacIntel,60,"[""l""]",[0.6029999256134033],1,0,80,39,1,79,Chicken,Provolone cheese,Pesto,,,,,,Turkey,Bacon,Jalapenos,Lettuce,Avocado,Garlic aioli,Tomatoes,,7,3,7,1000,0,1000,0,1,999,,,,,,,,,,,,,,,
,,,,,,,,,,,,,54679,2020-03-03_14h14.19.066,SandwichStudy,3.2.4,MacIntel,60,"[""a""]",[0.4519999027252197],1,0,80,27,1,79,Mushrooms,Swiss cheese,Provolone cheese,Cheddar cheese,Lettuce,Tomatoes,,,Avocado,Spinach,Tomatoes,Swiss cheese,,,,,6,6,4,1000,0,1000,0,1,999,,,,,,,,,,,,,,,
,,,,,,,,,,,,,54679,2020-03-03_14h14.19.066,SandwichStudy,3.2.4,MacIntel,60,"[""l""]",[0.7369999885559082],1,0,80,68,1,79,Tomatoes,Mozzarella cheese,Spinach,Pesto,,,,,Steak,Bacon,American cheese,Tomatoes,Onions,Pickles,,,6,4,6,1000,0,1000,0,1,999,,,,,,,,,,,,,,,
,,,,,,,,,,,,,54679,2020-03-03_14h14.19.066,SandwichStudy,3.2.4,MacIntel,60,"[""a""]",[26.115000009536743],1,0,80,41,1,79,Bacon,Provolone cheese,Mushrooms,Parmesan cheese,,,,,Turkey,Bacon,Jalapenos,Lettuce,Avocado,Garlic aioli,Tomatoes,,7,4,7,1000,0,1000,0,1,999,,,,,,,,,,,,,,,
,,,,,,,,,,,,,54679,2020-03-03_14h14.19.066,SandwichStudy,3.2.4,MacIntel,60,"[""space""]",[0.17499995231628418],1,0,80,72,1,79,Chicken,Mozzarella cheese,Tomatoes,Onions,Basil,Mayonnaise,,,Chicken,American cheese,Coleslaw,Tomatoes,Pickles,Mayonnaise,,,6,6,6,1000,0,1000,0,1,999,,,,,,,,,,,,,,,
,,,,,,,,,,,,,54679,2020-03-03_14h14.19.066,SandwichStudy,3.2.4,MacIntel,60,"[""a""]",[0.7269999980926514],1,0,80,72,1,79,Chicken,Mozzarella cheese,Tomatoes,Onions,Basil,Mayonnaise,,,Chicken,American cheese,Coleslaw,Tomatoes,Pickles,Mayonnaise,,,6,6,6,1000,0,1000,0,1,999,,,,,,,,,,,,,,,
,,,,,,,,,,,,,54679,2020-03-03_14h14.19.066,SandwichStudy,3.2.4,MacIntel,60,"[""l""]",[0.11100006103515625],1,0,80,73,1,79,Turkey,Avocado,Bacon,Garlic aioli,Tomatoes,Spinach,Onions,,Tuna,Lettuce,Tomatoes,Mayonnaise,,,,,7,7,4,1000,0,1000,0,1,999,,,,,,,,,,,,,,,
,,,,,,,,,,,,,54679,2020-03-03_14h14.19.066,SandwichStudy,3.2.4,MacIntel,60,"[""a""]",[0.20800018310546875],1,0,80,66,1,79,Bacon,Spinach,Tomatoes,Avocado,Mayonnaise,,,,Provolone cheese,Swiss cheese,Cheddar cheese,Parmesan cheese,Tomatoes,,,,5,5,5,1000,0,1000,0,1,999,,,,,,,,,,,,,,,
,,,,,,,,,,,,,54679,2020-03-03_14h14.19.066,SandwichStudy,3.2.4,MacIntel,60,"[""space""]",[0.8710000514984131],1,0,80,45,1,79,Bell peppers,Provolone cheese,Cucumbers,Spinach,Tomatoes,Onions,Hummus,,Roast beef,Bacon,Turkey,Mayonnaise,,,,,7,7,4,1000,0,1000,0,1,999,,,,,,,,,,,,,,,
,,,,,,,,,,,,,54679,2020-03-03_14h14.19.066,SandwichStudy,3.2.4,MacIntel,60,"[""space""]",[0.5699999332427979],1,0,80,45,1,79,Bell peppers,Provolone cheese,Cucumbers,Spinach,Tomatoes,Onions,Hummus,,Roast beef,Bacon,Turkey,Mayonnaise,,,,,7,7,4,1000,0,1000,0,1,999,,,,,,,,,,,,,,,
,,,,,,,,,,,,,54679,2020-03-03_14h14.19.066,SandwichStudy,3.2.4,MacIntel,60,"[""space""]",[0.3710000514984131],1,0,80,45,1,79,Bell peppers,Provolone cheese,Cucumbers,Spinach,Tomatoes,Onions,Hummus,,Roast beef,Bacon,Turkey,Mayonnaise,,,,,7,7,4,1000,0,1000,0,1,999,,,,,,,,,,,,,,,
,,,,,,,,,,,,,54679,2020-03-03_14h14.19.066,SandwichStudy,3.2.4,MacIntel,60,"[""space""]",[0.7089998722076416],1,0,80,45,1,79,Bell peppers,Provolone cheese,Cucumbers,Spinach,Tomatoes,Onions,Hummus,,Roast beef,Bacon,Turkey,Mayonnaise,,,,,7,7,4,1000,0,1000,0,1,999,,,,,,,,,,,,,,,
,,,,,,,,,,,,,54679,2020-03-03_14h14.19.066,SandwichStudy,3.2.4,MacIntel,60,"[""space""]",[0.434999942779541],1,0,80,45,1,79,Bell peppers,Provolone cheese,Cucumbers,Spinach,Tomatoes,Onions,Hummus,,Roast beef,Bacon,Turkey,Mayonnaise,,,,,7,7,4,1000,0,1000,0,1,999,,,,,,,,,,,,,,,
,,,,,,,,,,,,,54679,2020-03-03_14h14.19.066,SandwichStudy,3.2.4,MacIntel,60,"[""a""]",[0.8849999904632568],1,0,80,45,1,79,Bell peppers,Provolone cheese,Cucumbers,Spinach,Tomatoes,Onions,Hummus,,Roast beef,Bacon,Turkey,Mayonnaise,,,,,7,7,4,1000,0,1000,0,1,999,,,,,,,,,,,,,,,
,,,,,,,,,,,,,54679,2020-03-03_14h14.19.066,SandwichStudy,3.2.4,MacIntel,60,"[""space""]",[0.007999897003173828],1,0,80,5,1,79,Chicken,Cheddar cheese,Mayonnaise,,,,,,Turkey,Provolone cheese,Pesto,Bell peppers,,,,,4,3,4,1000,0,1000,0,1,999,,,,,,,,,,,,,,,
,,,,,,,,,,,,,54679,2020-03-03_14h14.19.066,SandwichStudy,3.2.4,MacIntel,60,"[""space""]",[0.35899996757507324],1,0,80,5,1,79,Chicken,Cheddar cheese,Mayonnaise,,,,,,Turkey,Provolone cheese,Pesto,Bell peppers,,,,,4,3,4,1000,0,1000,0,1,999,,,,,,,,,,,,,,,
,,,,,,,,,,,,,54679,2020-03-03_14h14.19.066,SandwichStudy,3.2.4,MacIntel,60,"[""a""]",[0.5329999923706055],1,0,80,5,1,79,Chicken,Cheddar cheese,Mayonnaise,,,,,,Turkey,Provolone cheese,Pesto,Bell peppers,,,,,4,3,4,1000,0,1000,0,1,999,,,,,,,,,,,,,,,
,,,,,,,,,,,,,54679,2020-03-03_14h14.19.066,SandwichStudy,3.2.4,MacIntel,60,"[""space""]",[0.5430002212524414],1,0,80,69,1,79,Chicken,Garlic aioli,Pickles,Cucumbers,Jalapenos,Basil,,,Chicken,Bacon,Cheddar cheese,Swiss cheese,Spinach,Tomatoes,Mayonnaise,Mustard,8,6,8,1000,0,1000,0,1,999,,,,,,,,,,,,,,,
,,,,,,,,,,,,,54679,2020-03-03_14h14.19.066,SandwichStudy,3.2.4,MacIntel,60,"[""l""]",[0.9700000286102295],1,0,80,69,1,79,Chicken,Garlic aioli,Pickles,Cucumbers,Jalapenos,Basil,,,Chicken,Bacon,Cheddar cheese,Swiss cheese,Spinach,Tomatoes,Mayonnaise,Mustard,8,6,8,1000,0,1000,0,1,999,,,,,,,,,,,,,,,
,,,,,,,,,,,,,54679,2020-03-03_14h14.19.066,SandwichStudy,3.2.4,MacIntel,60,"[""l""]",[0.2369999885559082],1,0,80,8,1,79,Chicken,Ham,Swiss cheese,Mayonnaise,,,,,Pepperoni,Meatballs,Marinara sauce,Provolone cheese,Mushrooms,,,,5,4,5,1000,0,1000,0,1,999,,,,,,,,,,,,,,,
,,,,,,,,,,,,,54679,2020-03-03_14h14.19.066,SandwichStudy,3.2.4,MacIntel,60,"[""space""]",[0.0840001106262207],1,0,80,56,1,79,Turkey,Salami,Cheddar cheese,Mayonnaise,,,,,Turkey,Bacon,Avocado,Provolone cheese,Lettuce,Tomatoes,Onions,Ranch dressing,8,4,8,1000,0,1000,0,1,999,,,,,,,,,,,,,,,
,,,,,,,,,,,,,54679,2020-03-03_14h14.19.066,SandwichStudy,3.2.4,MacIntel,60,"[""a""]",[0.18700003623962402],1,0,80,56,1,79,Turkey,Salami,Cheddar cheese,Mayonnaise,,,,,Turkey,Bacon,Avocado,Provolone cheese,Lettuce,Tomatoes,Onions,Ranch dressing,8,4,8,1000,0,1000,0,1,999,,,,,,,,,,,,,,,
,,,,,,,,,,,,,54679,2020-03-03_14h14.19.066,SandwichStudy,3.2.4,MacIntel,60,"[""space""]",[0.22099995613098145],1,0,80,71,1,79,Bacon,Ham,Turkey,Mayonnaise,Mustard,Cheddar cheese,Tomatoes,Spinach,Bacon,Lettuce,Tomatoes,Garlic aioli,Avocado,,,,8,8,5,1000,0,1000,0,1,999,,,,,,,,,,,,,,,
,,,,,,,,,,,,,54679,2020-03-03_14h14.19.066,SandwichStudy,3.2.4,MacIntel,60,"[""l""]",[0.2610001564025879],1,0,80,71,1,79,Bacon,Ham,Turkey,Mayonnaise,Mustard,Cheddar cheese,Tomatoes,Spinach,Bacon,Lettuce,Tomatoes,Garlic aioli,Avocado,,,,8,8,5,1000,0,1000,0,1,999,,,,,,,,,,,,,,,
,,,,,,,,,,,,,54679,2020-03-03_14h14.19.066,SandwichStudy,3.2.4,MacIntel,60,"[""space""]",[0.04400014877319336],1,0,80,61,1,79,Pork,Cucumbers,Pickles,Jalapenos,Basil,Mayonnaise,,,Turkey,Cheddar cheese,Bacon,,,,,,6,6,3,1000,0,1000,0,1,999,,,,,,,,,,,,,,,
,,,,,,,,,,,,,54679,2020-03-03_14h14.19.066,SandwichStudy,3.2.4,MacIntel,60,"[""space""]",[0.3559999465942383],1,0,80,61,1,79,Pork,Cucumbers,Pickles,Jalapenos,Basil,Mayonnaise,,,Turkey,Cheddar cheese,Bacon,,,,,,6,6,3,1000,0,1000,0,1,999,,,,,,,,,,,,,,,
,,,,,,,,,,,,,54679,2020-03-03_14h14.19.066,SandwichStudy,3.2.4,MacIntel,60,"[""space""]",[0.247999906539917],1,0,80,61,1,79,Pork,Cucumbers,Pickles,Jalapenos,Basil,Mayonnaise,,,Turkey,Cheddar cheese,Bacon,,,,,,6,6,3,1000,0,1000,0,1,999,,,,,,,,,,,,,,,
,,,,,,,,,,,,,54679,2020-03-03_14h14.19.066,SandwichStudy,3.2.4,MacIntel,60,"[""space""]",[1.6979999542236328],1,0,80,61,1,79,Pork,Cucumbers,Pickles,Jalapenos,Basil,Mayonnaise,,,Turkey,Cheddar cheese,Bacon,,,,,,6,6,3,1000,0,1000,0,1,999,,,,,,,,,,,,,,,
,,,,,,,,,,,,,54679,2020-03-03_14h14.19.066,SandwichStudy,3.2.4,MacIntel,60,"[""l""]",[0.38499999046325684],1,0,80,61,1,79,Pork,Cucumbers,Pickles,Jalapenos,Basil,Mayonnaise,,,Turkey,Cheddar cheese,Bacon,,,,,,6,6,3,1000,0,1000,0,1,999,,,,,,,,,,,,,,,
,,,,,,,,,,,,,54679,2020-03-03_14h14.19.066,SandwichStudy,3.2.4,MacIntel,60,"[""space""]",[0.07299995422363281],1,0,80,60,1,79,Chicken,Swiss cheese,Lettuce,Tomatoes,Onions,,,,Chicken,Cheddar cheese,Lettuce,Garlic aioli,Swiss cheese,Tomatoes,,,6,5,6,1000,0,1000,0,1,999,,,,,,,,,,,,,,,
,,,,,,,,,,,,,54679,2020-03-03_14h14.19.066,SandwichStudy,3.2.4,MacIntel,60,"[""l""]",[0.23800015449523926],1,0,80,60,1,79,Chicken,Swiss cheese,Lettuce,Tomatoes,Onions,,,,Chicken,Cheddar cheese,Lettuce,Garlic aioli,Swiss cheese,Tomatoes,,,6,5,6,1000,0,1000,0,1,999,,,,,,,,,,,,,,,
,,,,,,,,,,,,,54679,2020-03-03_14h14.19.066,SandwichStudy,3.2.4,MacIntel,60,"[""space""]",[0.31599998474121094],1,0,80,3,1,79,Chicken,American cheese,Coleslaw,Tomatoes,Pickles,Mayonnaise,,,Swiss cheese,Provolone cheese,Bell peppers,Tomatoes,Onions,,,,6,6,5,1000,0,1000,0,1,999,,,,,,,,,,,,,,,
,,,,,,,,,,,,,54679,2020-03-03_14h14.19.066,SandwichStudy,3.2.4,MacIntel,60,"[""space""]",[0.40000009536743164],1,0,80,3,1,79,Chicken,American cheese,Coleslaw,Tomatoes,Pickles,Mayonnaise,,,Swiss cheese,Provolone cheese,Bell peppers,Tomatoes,Onions,,,,6,6,5,1000,0,1000,0,1,999,,,,,,,,,,,,,,,
,,,,,,,,,,,,,54679,2020-03-03_14h14.19.066,SandwichStudy,3.2.4,MacIntel,60,"[""space""]",[0.4509999752044678],1,0,80,3,1,79,Chicken,American cheese,Coleslaw,Tomatoes,Pickles,Mayonnaise,,,Swiss cheese,Provolone cheese,Bell peppers,Tomatoes,Onions,,,,6,6,5,1000,0,1000,0,1,999,,,,,,,,,,,,,,,
,,,,,,,,,,,,,54679,2020-03-03_14h14.19.066,SandwichStudy,3.2.4,MacIntel,60,"[""space""]",[0.31600022315979004],1,0,80,3,1,79,Chicken,American cheese,Coleslaw,Tomatoes,Pickles,Mayonnaise,,,Swiss cheese,Provolone cheese,Bell peppers,Tomatoes,Onions,,,,6,6,5,1000,0,1000,0,1,999,,,,,,,,,,,,,,,
,,,,,,,,,,,,,54679,2020-03-03_14h14.19.066,SandwichStudy,3.2.4,MacIntel,60,"[""a""]",[1.750999927520752],1,0,80,3,1,79,Chicken,American cheese,Coleslaw,Tomatoes,Pickles,Mayonnaise,,,Swiss cheese,Provolone cheese,Bell peppers,Tomatoes,Onions,,,,6,6,5,1000,0,1000,0,1,999,,,,,,,,,,,,,,,
,,,,,,,,,,,,,54679,2020-03-03_14h14.19.066,SandwichStudy,3.2.4,MacIntel,60,"[""space""]",[1.561000108718872],1,0,80,12,1,79,Turkey,Cheddar cheese,Mayonnaise,,,,,,Ham,Pork,Swiss cheese,Mustard,Pickles,,,,5,3,5,1000,0,1000,0,1,999,,,,,,,,,,,,,,,
,,,,,,,,,,,,,54679,2020-03-03_14h14.19.066,SandwichStudy,3.2.4,MacIntel,60,"[""space""]",[0.8389999866485596],1,0,80,12,1,79,Turkey,Cheddar cheese,Mayonnaise,,,,,,Ham,Pork,Swiss cheese,Mustard,Pickles,,,,5,3,5,1000,0,1000,0,1,999,,,,,,,,,,,,,,,
,,,,,,,,,,,,,54679,2020-03-03_14h14.19.066,SandwichStudy,3.2.4,MacIntel,60,"[""l""]",[0.9079999923706055],1,0,80,12,1,79,Turkey,Cheddar cheese,Mayonnaise,,,,,,Ham,Pork,Swiss cheese,Mustard,Pickles,,,,5,3,5,1000,0,1000,0,1,999,,,,,,,,,,,,,,,
,,,,,,,,,,,,,54679,2020-03-03_14h14.19.066,SandwichStudy,3.2.4,MacIntel,60,"[""l""]",[1.0340001583099365],1,0,80,11,1,79,Pork,Ham,Swiss cheese,Pickles,Mustard,,,,Chicken,Bacon,Mustard,,,,,,5,5,3,1000,0,1000,0,1,999,,,,,,,,,,,,,,,
,,,,,,,,,,,,,54679,2020-03-03_14h14.19.066,SandwichStudy,3.2.4,MacIntel,60,"[""l""]",[0.019999980926513672],1,0,80,23,1,79,Meatballs,Provolone cheese,Marinara sauce,Parmesan cheese,,,,,Turkey,Cheddar cheese,Bacon,,,,,,4,4,3,1000,0,1000,0,1,999,,,,,,,,,,,,,,,
,,,,,,,,,,,,,54679,2020-03-03_14h14.19.066,SandwichStudy,3.2.4,MacIntel,60,"[""a""]",[0.2350001335144043],1,0,80,78,1,79,Chicken,American cheese,Lettuce,Tomatoes,Mayonnaise,,,,Pastrami,Cheddar cheese,Mustard,Pickles,,,,,5,5,4,1000,0,1000,0,1,999,,,,,,,,,,,,,,,
,,,,,,,,,,,,,54679,2020-03-03_14h14.19.066,SandwichStudy,3.2.4,MacIntel,60,"[""space""]",[0.559999942779541],1,0,80,70,1,79,Pastrami,Swiss cheese,Coleslaw,,,,,,Chicken,Cheddar cheese,Bacon,Avocado,Ranch dressing,,,,5,3,5,1000,0,1000,0,1,999,,,,,,,,,,,,,,,
,,,,,,,,,,,,,54679,2020-03-03_14h14.19.066,SandwichStudy,3.2.4,MacIntel,60,"[""space""]",[0.6340000629425049],1,0,80,70,1,79,Pastrami,Swiss cheese,Coleslaw,,,,,,Chicken,Cheddar cheese,Bacon,Avocado,Ranch dressing,,,,5,3,5,1000,0,1000,0,1,999,,,,,,,,,,,,,,,
,,,,,,,,,,,,,54679,2020-03-03_14h14.19.066,SandwichStudy,3.2.4,MacIntel,60,"[""l""]",[0.15400004386901855],1,0,80,70,1,79,Pastrami,Swiss cheese,Coleslaw,,,,,,Chicken,Cheddar cheese,Bacon,Avocado,Ranch dressing,,,,5,3,5,1000,0,1000,0,1,999,,,,,,,,,,,,,,,
,,,,,,,,,,,,,54679,2020-03-03_14h14.19.066,SandwichStudy,3.2.4,MacIntel,60,"[""l""]",[0.309999942779541],1,0,80,30,1,79,Turkey,Ham,Roast beef,Provolone cheese,Spinach,Tomatoes,Mayonnaise,Mustard,Ham,Swiss cheese,Mayonnaise,Mustard,Tomatoes,,,,8,8,5,1000,0,1000,0,1,999,,,,,,,,,,,,,,,
,,,,,,,,,,,,,54679,2020-03-03_14h14.19.066,SandwichStudy,3.2.4,MacIntel,60,"[""a""]",[0.23400020599365234],1,0,80,76,1,79,Bacon,Lettuce,Tomatoes,Ranch dressing,,,,,Chicken,Bacon,Mustard,,,,,,4,4,3,1000,0,1000,0,1,999,,,,,,,,,,,,,,,
,,,,,,,,,,,,,54679,2020-03-03_14h14.19.066,SandwichStudy,3.2.4,MacIntel,60,"[""a""]",[0.10399985313415527],1,0,80,50,1,79,Mozzarella cheese,Bell peppers,Pesto,Spinach,,,,,Chicken,Ham,Swiss cheese,Mayonnaise,,,,,4,4,4,1000,0,1000,0,1,999,,,,,,,,,,,,,,,
,,,,,,,,,,,,,54679,2020-03-03_14h14.19.066,SandwichStudy,3.2.4,MacIntel,60,"[""a""]",[1.7230000495910645],1,0,80,18,1,79,Turkey,Bacon,Pepper jack cheese,Avocado,Ranch dressing,Spinach,Tomatoes,,Chicken,Bacon,Cheddar cheese,Swiss cheese,Spinach,Tomatoes,Mayonnaise,Mustard,8,7,8,1000,0,1000,0,1,999,,,,,,,,,,,,,,,
,,,,,,,,,,,,,54679,2020-03-03_14h14.19.066,SandwichStudy,3.2.4,MacIntel,60,"[""a""]",[1.2309999465942383],1,0,80,62,1,79,Cheddar cheese,Provolone cheese,Swiss cheese,Mushrooms,Mayonnaise,Lettuce,Tomatoes,,Bacon,Turkey,Pepper jack cheese,Mustard,,,,,7,7,4,1000,0,1000,0,1,999,,,,,,,,,,,,,,,
,,,,,,,,,,,,,54679,2020-03-03_14h14.19.066,SandwichStudy,3.2.4,MacIntel,60,"[""space""]",[0.619999885559082],1,0,80,10,1,79,Turkey,Cheddar cheese,Coleslaw,Spinach,Mustard,,,,Salami,Provolone cheese,Lettuce,Tomatoes,Mayonnaise,Mustard,,,6,5,6,1000,0,1000,0,1,999,,,,,,,,,,,,,,,
,,,,,,,,,,,,,54679,2020-03-03_14h14.19.066,SandwichStudy,3.2.4,MacIntel,60,"[""space""]",[0.12200021743774414],1,0,80,10,1,79,Turkey,Cheddar cheese,Coleslaw,Spinach,Mustard,,,,Salami,Provolone cheese,Lettuce,Tomatoes,Mayonnaise,Mustard,,,6,5,6,1000,0,1000,0,1,999,,,,,,,,,,,,,,,
,,,,,,,,,,,,,54679,2020-03-03_14h14.19.066,SandwichStudy,3.2.4,MacIntel,60,"[""space""]",[0.09400010108947754],1,0,80,10,1,79,Turkey,Cheddar cheese,Coleslaw,Spinach,Mustard,,,,Salami,Provolone cheese,Lettuce,Tomatoes,Mayonnaise,Mustard,,,6,5,6,1000,0,1000,0,1,999,,,,,,,,,,,,,,,
,,,,,,,,,,,,,54679,2020-03-03_14h14.19.066,SandwichStudy,3.2.4,MacIntel,60,"[""l""]",[0.8560001850128174],1,0,80,10,1,79,Turkey,Cheddar cheese,Coleslaw,Spinach,Mustard,,,,Salami,Provolone cheese,Lettuce,Tomatoes,Mayonnaise,Mustard,,,6,5,6,1000,0,1000,0,1,999,,,,,,,,,,,,,,,
,,,,,,,,,,,,,54679,2020-03-03_14h14.19.066,SandwichStudy,3.2.4,MacIntel,60,"[""l""]",[0.2070000171661377],1,0,80,38,1,79,Steak,Turkey,Ham,Cheddar cheese,Olives,Lettuce,Tomatoes,Onions,Chicken,Swiss cheese,Lettuce,Tomatoes,Onions,,,,8,8,5,1000,0,1000,0,1,999,,,,,,,,,,,,,,,
,,,,,,,,,,,,,54679,2020-03-03_14h14.19.066,SandwichStudy,3.2.4,MacIntel,60,"[""a""]",[0.4509999752044678],1,0,80,74,1,79,Mushrooms,Swiss cheese,Provolone cheese,Cheddar cheese,Lettuce,Tomatoes,,,Roast beef,Pastrami,Swiss cheese,Mustard,,,,,6,6,4,1000,0,1000,0,1,999,,,,,,,,,,,,,,,
,,,,,,,,,,,,,54679,2020-03-03_14h14.19.066,SandwichStudy,3.2.4,MacIntel,60,"[""a""]",[0.8090000152587891],1,0,80,51,1,79,Turkey,Provolone cheese,Pesto,Bell peppers,,,,,Swiss cheese,Provolone cheese,Bell peppers,Tomatoes,Onions,,,,5,4,5,1000,0,1000,0,1,999,,,,,,,,,,,,,,,
,,,,,,,,,,,,,54679,2020-03-03_14h14.19.066,SandwichStudy,3.2.4,MacIntel,60,"[""space""]",[0.019999980926513672],1,0,80,63,1,79,Onions,Bell peppers,Mushrooms,Jalapenos,American cheese,Steak,,,Turkey,Ham,Roast beef,Provolone cheese,Spinach,Tomatoes,Mayonnaise,Mustard,8,6,8,1000,0,1000,0,1,999,,,,,,,,,,,,,,,
,,,,,,,,,,,,,54679,2020-03-03_14h14.19.066,SandwichStudy,3.2.4,MacIntel,60,"[""space""]",[0.020999908447265625],1,0,80,63,1,79,Onions,Bell peppers,Mushrooms,Jalapenos,American cheese,Steak,,,Turkey,Ham,Roast beef,Provolone cheese,Spinach,Tomatoes,Mayonnaise,Mustard,8,6,8,1000,0,1000,0,1,999,,,,,,,,,,,,,,,
,,,,,,,,,,,,,54679,2020-03-03_14h14.19.066,SandwichStudy,3.2.4,MacIntel,60,"[""a""]",[0.018999814987182617],1,0,80,63,1,79,Onions,Bell peppers,Mushrooms,Jalapenos,American cheese,Steak,,,Turkey,Ham,Roast beef,Provolone cheese,Spinach,Tomatoes,Mayonnaise,Mustard,8,6,8,1000,0,1000,0,1,999,,,,,,,,,,,,,,,
,,,,,,,,,,,,,54679,2020-03-03_14h14.19.066,SandwichStudy,3.2.4,MacIntel,60,"[""l""]",[0.26999998092651367],1,0,80,13,1,79,Chicken,Garlic aioli,Pickles,Cucumbers,Jalapenos,Basil,,,Roast beef,Bacon,Turkey,Mayonnaise,,,,,6,6,4,1000,0,1000,0,1,999,,,,,,,,,,,,,,,
,,,,,,,,,,,,,54679,2020-03-03_14h14.19.066,SandwichStudy,3.2.4,MacIntel,60,,,,,,,,,,,,,,,,,,,,,,,,,,,,,,,,,,space,6.984999895,7,2.082999945,space,3.595999956,1,0,10,7,1,9,Lettuce,,
,,,,,,,,,,,,,54679,2020-03-03_14h14.19.066,SandwichStudy,3.2.4,MacIntel,60,,,,,,,,,,,,,,,,,,,,,,,,,,,,,,,,,,,,1,2.371000051,space,3.315999985,1,0,10,6,1,9,Swiss cheese,,
,,,,,,,,,,,,,54679,2020-03-03_14h14.19.066,SandwichStudy,3.2.4,MacIntel,60,,,,,,,,,,,,,,,,,,,,,,,,,,,,,,,,,,,,5,2.520999908,space,2.838999987,1,0,10,2,1,9,Turkey,,
,,,,,,,,,,,,,54679,2020-03-03_14h14.19.066,SandwichStudy,3.2.4,MacIntel,60,,,,,,,,,,,,,,,,,,,,,,,,,,,,,,,,,,,,1,1.777999878,space,2.085000038,1,0,10,8,1,9,Provolone cheese,,
,,,,,,,,,,,,,54679,2020-03-03_14h14.19.066,SandwichStudy,3.2.4,MacIntel,60,,,,,,,,,,,,,,,,,,,,,,,,,,,,,,,,,,,,6,1.5849998,space,1.868000031,1,0,10,3,1,9,Bacon,,
,,,,,,,,,,,,,54679,2020-03-03_14h14.19.066,SandwichStudy,3.2.4,MacIntel,60,,,,,,,,,,,,,,,,,,,,,,,,,,,,,,,,,,,,6,0.977999926,space,1.241000175,1,0,10,9,1,9,Spinach,,
,,,,,,,,,,,,,54679,2020-03-03_14h14.19.066,SandwichStudy,3.2.4,MacIntel,60,,,,,,,,,,,,,,,,,,,,,,,,,,,,,,,,,,,,3,1.154999971,space,1.453000069,1,0,10,0,1,9,Tomatoes,,
,,,,,,,,,,,,,54679,2020-03-03_14h14.19.066,SandwichStudy,3.2.4,MacIntel,60,,,,,,,,,,,,,,,,,,,,,,,,,,,,,,,,,,,,6,1.590000153,space,1.749000072,1,0,10,1,1,9,Mayonnaise,,
,,,,,,,,,,,,,54679,2020-03-03_14h14.19.066,SandwichStudy,3.2.4,MacIntel,60,,,,,,,,,,,,,,,,,,,,,,,,,,,,,,,,,,,,2,1.937999964,space,2.25,1,0,10,4,1,9,Chicken,,
,,,,,,,,,,,,,54679,2020-03-03_14h14.19.066,SandwichStudy,3.2.4,MacIntel,60,,,,,,,,,,,,,,,,,,,,,,,,,,,,,,,,,,,,1,2.190999985,space,2.43599987,1,0,10,5,1,9,Cheddar cheese,,
,,,,,,,,,,,,,54679,2020-03-03_14h14.19.066,SandwichStudy,3.2.4,MacIntel,60,,,,,,,,,,,,,,,,,,,,,,,,,,,,,,,,,,,,,,,,,,,,,,,return,5.348999977
