sequence,key_resp_4.keys,key_resp_4.rt,VegResp.keys,VegResp.rt,ConfirmResp.keys,ConfirmResp.rt,VegQuestionLoop.thisRepN,VegQuestionLoop.thisTrialN,VegQuestionLoop.thisN,VegQuestionLoop.thisIndex,VegQuestionLoop.ran,VegQuestionLoop.order,participant,date,expName,psychopyVersion,OS,frameRate,Decision.keys,Decision.rt,trials.thisRepN,trials.thisTrialN,trials.thisN,trials.thisIndex,trials.ran,trials.order,s11,s12,s13,s14,s15,s16,s17,s18,s21,s22,s23,s24,s25,s26,s27,s28,IngsInRow,IngIn1,IngIn2,Iter.thisRepN,Iter.thisTrialN,Iter.thisN,Iter.thisIndex,Iter.ran,Iter.order,key_resp_2.keys,key_resp_2.rt,slider.response,slider.rt,key_resp_3.keys,key_resp_3.rt,RatingLoop.thisRepN,RatingLoop.thisTrialN,RatingLoop.thisN,RatingLoop.thisIndex,RatingLoop.ran,RatingLoop.order,ingredientforslider,key_resp.keys,key_resp.rt
"[0,0,0,1,1,0,1,0,0,1,1,0,0,0,1,0,1,0,0,0,0,0,0,1,1,1,0,1,1,1,0,1,1,1,1,0,0,1,0,0,1,0,1,0,0,0,0,1,0,0,0,1,1,1,0,1,1,1,1,0,1,1,1,0,0,0,1,0,0,0,0,1,1,0,0,0,1,0,0,0]",space,2.965999842,y,9.486000061,p,3.604000092,100,0,100,0,1,99,57820,2020-02-27_14h43.36.058,SandwichStudy,3.2.4,MacIntel,60,,,,,,,,,,,,,,,,,,,,,,,,,,,,,,,,,,,,,,,,,,,,,,,,
,,,,,,,,,,,,,57820,2020-02-27_14h43.36.058,SandwichStudy,3.2.4,MacIntel,60,"[""l""]",[8.692999839782715],1,0,80,14,1,79,American cheese,Cheddar cheese,Swiss cheese,Onions,Mustard,,,,Cheddar cheese,Cream cheese,Pickles,Jalapenos,,,,,5,5,4,1000,0,1000,0,1,999,,,,,,,,,,,,,,,
,,,,,,,,,,,,,57820,2020-02-27_14h43.36.058,SandwichStudy,3.2.4,MacIntel,60,"[""l""]",[4.574000120162964],1,0,80,23,1,79,Artichoke hearts,Mushrooms,Pesto,Provolone cheese,,,,,Guacamole,Cheddar cheese,Provolone cheese,Olives,Cucumbers,Mushrooms,Peppers,Lettuce,8,4,8,1000,0,1000,0,1,999,,,,,,,,,,,,,,,
,,,,,,,,,,,,,57820,2020-02-27_14h43.36.058,SandwichStudy,3.2.4,MacIntel,60,"[""l""]",[0.7690000534057617],1,0,80,66,1,79,Soy chicken,Mushrooms,Onions,Provolone cheese,,,,,Hummus,Feta cheese,Artichoke hearts,Cucumbers,Peppers,,,,5,4,5,1000,0,1000,0,1,999,,,,,,,,,,,,,,,
,,,,,,,,,,,,,57820,2020-02-27_14h43.36.058,SandwichStudy,3.2.4,MacIntel,60,"[""l""]",[10.67199993133545],1,0,80,57,1,79,Cheddar cheese,Avocado,Cucumbers,Lettuce,Mustard,Sprouts,,,American cheese,Cheddar cheese,Swiss cheese,Onions,Mustard,,,,6,6,5,1000,0,1000,0,1,999,,,,,,,,,,,,,,,
,,,,,,,,,,,,,57820,2020-02-27_14h43.36.058,SandwichStudy,3.2.4,MacIntel,60,"[""l""]",[0.7860000133514404],1,0,80,44,1,79,Avocado,Tomatoes,Lettuce,Sprouts,Guacamole,Vinaigrette,,,Provolone cheese,Avocado,Cucumbers,Lettuce,Tomatoes,Onions,Sprouts,Mayonnaise,8,6,8,1000,0,1000,0,1,999,,,,,,,,,,,,,,,
,,,,,,,,,,,,,57820,2020-02-27_14h43.36.058,SandwichStudy,3.2.4,MacIntel,60,"[""a""]",[0.8080000877380371],1,0,80,37,1,79,Vegan turkey,Provolone cheese,Vinaigrette,Coleslaw,Mayonnaise,,,,Vegan bacon,Tomatoes,Lettuce,Mayonnaise,,,,,5,5,4,1000,0,1000,0,1,999,,,,,,,,,,,,,,,
,,,,,,,,,,,,,57820,2020-02-27_14h43.36.058,SandwichStudy,3.2.4,MacIntel,60,"[""l""]",[0.43900012969970703],1,0,80,64,1,79,Peppers,Tomatoes,Basil,Spinach,Hummus,Pesto,Olives,,Provolone cheese,Guacamole,Mixed greens,Onions,Tomatoes,Pickles,Cucumbers,Sprouts,8,7,8,1000,0,1000,0,1,999,,,,,,,,,,,,,,,
,,,,,,,,,,,,,57820,2020-02-27_14h43.36.058,SandwichStudy,3.2.4,MacIntel,60,"[""l""]",[1.2890000343322754],1,0,80,22,1,79,Vegan bacon,Tomatoes,Avocado,Pesto,,,,,Provolone cheese,Avocado,Cucumbers,Lettuce,Tomatoes,Onions,Sprouts,Mayonnaise,8,4,8,1000,0,1000,0,1,999,,,,,,,,,,,,,,,
,,,,,,,,,,,,,57820,2020-02-27_14h43.36.058,SandwichStudy,3.2.4,MacIntel,60,"[""a""]",[0.687999963760376],1,0,80,60,1,79,Vegan turkey,Cucumbers,Pickles,Jalapenos,Garlic aioli,,,,Swiss cheese,Cheddar cheese,Pepper jack cheese,Onions,Tomatoes,,,,5,5,5,1000,0,1000,0,1,999,,,,,,,,,,,,,,,
,,,,,,,,,,,,,57820,2020-02-27_14h43.36.058,SandwichStudy,3.2.4,MacIntel,60,"[""a""]",[0.41899991035461426],1,0,80,62,1,79,Guacamole,Sprouts,Tomatoes,Cucumbers,Vinaigrette,,,,Mushrooms,Arugula,Tomatoes,Onions,Swiss cheese,Vinaigrette,,,6,5,6,1000,0,1000,0,1,999,,,,,,,,,,,,,,,
,,,,,,,,,,,,,57820,2020-02-27_14h43.36.058,SandwichStudy,3.2.4,MacIntel,60,"[""l""]",[2.638000011444092],1,0,80,27,1,79,Pepper jack cheese,Spinach,Tomatoes,Garlic aioli,,,,,Black bean patty,Guacamole,Tomatoes,Lettuce,Sprouts,,,,5,4,5,1000,0,1000,0,1,999,,,,,,,,,,,,,,,
,,,,,,,,,,,,,57820,2020-02-27_14h43.36.058,SandwichStudy,3.2.4,MacIntel,60,"[""a""]",[1.9240000247955322],1,0,80,2,1,79,Avocado,Spinach,Tomatoes,Swiss cheese,,,,,Pesto,Tomatoes,Provolone cheese,,,,,,4,4,3,1000,0,1000,0,1,999,,,,,,,,,,,,,,,
,,,,,,,,,,,,,57820,2020-02-27_14h43.36.058,SandwichStudy,3.2.4,MacIntel,60,"[""a""]",[0.0559999942779541],1,0,80,13,1,79,Jalapenos,Cucumbers,Sprouts,Mixed greens,Coleslaw,,,,Onions,Peppers,Mushrooms,Jalapenos,American cheese,,,,5,5,5,1000,0,1000,0,1,999,,,,,,,,,,,,,,,
,,,,,,,,,,,,,57820,2020-02-27_14h43.36.058,SandwichStudy,3.2.4,MacIntel,60,"[""l""]",[6.575999975204468],1,0,80,58,1,79,Black bean patty,Tomatoes,Cheddar cheese,Onions,Pickles,Lettuce,,,Black bean patty,Onions,Peppers,Provolone cheese,,,,,6,6,4,1000,0,1000,0,1,999,,,,,,,,,,,,,,,
,,,,,,,,,,,,,57820,2020-02-27_14h43.36.058,SandwichStudy,3.2.4,MacIntel,60,"[""l""]",[0.37199997901916504],1,0,80,70,1,79,Mushrooms,Peppers,Artichoke hearts,Spinach,Pesto,,,,Hummus,Avocado,Cucumbers,Tomatoes,Onions,Sprouts,,,6,5,6,1000,0,1000,0,1,999,,,,,,,,,,,,,,,
,,,,,,,,,,,,,57820,2020-02-27_14h43.36.058,SandwichStudy,3.2.4,MacIntel,60,"[""a""]",[0.5769999027252197],1,0,80,0,1,79,Provolone cheese,Swiss cheese,Cheddar cheese,Parmesan cheese,Tomatoes,Mustard,,,Soy chicken,Garlic aioli,Pickles,Cucumbers,Jalapenos,Basil,,,6,6,6,1000,0,1000,0,1,999,,,,,,,,,,,,,,,
,,,,,,,,,,,,,57820,2020-02-27_14h43.36.058,SandwichStudy,3.2.4,MacIntel,60,"[""l""]",[1.121999979019165],1,0,80,63,1,79,Mozzarella cheese,Peppers,Pesto,Mixed greens,Mayonnaise,,,,Hummus,Guacamole,Tomatoes,Lettuce,Sprouts,,,,5,5,5,1000,0,1000,0,1,999,,,,,,,,,,,,,,,
,,,,,,,,,,,,,57820,2020-02-27_14h43.36.058,SandwichStudy,3.2.4,MacIntel,60,"[""l""]",[0.39299988746643066],1,0,80,49,1,79,Soy chicken,Pesto,Mixed greens,Tomatoes,Onions,,,,Avocado,Vegan bacon,Garlic aioli,Lettuce,Tomatoes,Onions,,,6,5,6,1000,0,1000,0,1,999,,,,,,,,,,,,,,,
,,,,,,,,,,,,,57820,2020-02-27_14h43.36.058,SandwichStudy,3.2.4,MacIntel,60,"[""a""]",[0.28799986839294434],1,0,80,77,1,79,Mushrooms,Provolone cheese,Mustard,Peppers,Lettuce,Tomatoes,Vinaigrette,,Black bean patty,Onions,Peppers,Provolone cheese,,,,,7,7,4,1000,0,1000,0,1,999,,,,,,,,,,,,,,,
,,,,,,,,,,,,,57820,2020-02-27_14h43.36.058,SandwichStudy,3.2.4,MacIntel,60,"[""a""]",[0.12099981307983398],1,0,80,8,1,79,Avocado,Tomatoes,Lettuce,Sprouts,Guacamole,Vinaigrette,,,Tomatoes,Mozzarella cheese,Spinach,Pesto,,,,,6,6,4,1000,0,1000,0,1,999,,,,,,,,,,,,,,,
,,,,,,,,,,,,,57820,2020-02-27_14h43.36.058,SandwichStudy,3.2.4,MacIntel,60,"[""space""]",[3.240999937057495],1,0,80,34,1,79,Black bean patty,Onions,Peppers,Provolone cheese,,,,,Black bean patty,American cheese,Cheddar cheese,Lettuce,Tomatoes,,,,5,4,5,1000,0,1000,0,1,999,,,,,,,,,,,,,,,
,,,,,,,,,,,,,57820,2020-02-27_14h43.36.058,SandwichStudy,3.2.4,MacIntel,60,"[""a""]",[2.4129998683929443],1,0,80,34,1,79,Black bean patty,Onions,Peppers,Provolone cheese,,,,,Black bean patty,American cheese,Cheddar cheese,Lettuce,Tomatoes,,,,5,4,5,1000,0,1000,0,1,999,,,,,,,,,,,,,,,
,,,,,,,,,,,,,57820,2020-02-27_14h43.36.058,SandwichStudy,3.2.4,MacIntel,60,"[""a""]",[0.38699984550476074],1,0,80,55,1,79,Vegan turkey,Onions,Lettuce,Pickles,Mustard,Mayonnaise,,,Soy chicken,Garlic aioli,Pickles,Cucumbers,Jalapenos,Basil,,,6,6,6,1000,0,1000,0,1,999,,,,,,,,,,,,,,,
,,,,,,,,,,,,,57820,2020-02-27_14h43.36.058,SandwichStudy,3.2.4,MacIntel,60,"[""l""]",[0.22500014305114746],1,0,80,21,1,79,Soy chicken,Mushrooms,Onions,Provolone cheese,,,,,Mushrooms,Arugula,Tomatoes,Onions,Swiss cheese,Vinaigrette,,,6,4,6,1000,0,1000,0,1,999,,,,,,,,,,,,,,,
,,,,,,,,,,,,,57820,2020-02-27_14h43.36.058,SandwichStudy,3.2.4,MacIntel,60,"[""l""]",[1.1530001163482666],1,0,80,24,1,79,Cheddar cheese,Provolone cheese,Swiss cheese,Mushrooms,Mayonnaise,Lettuce,Tomatoes,,Soy chicken,Pepper jack cheese,Tomatoes,Lettuce,Onions,Garlic aioli,,,7,7,6,1000,0,1000,0,1,999,,,,,,,,,,,,,,,
,,,,,,,,,,,,,57820,2020-02-27_14h43.36.058,SandwichStudy,3.2.4,MacIntel,60,"[""l""]",[0.39099979400634766],1,0,80,47,1,79,Pepper jack cheese,Spinach,Tomatoes,Garlic aioli,,,,,Sprouts,Avocado,Onions,Tomatoes,Cucumbers,Spinach,Garlic aioli,,7,4,7,1000,0,1000,0,1,999,,,,,,,,,,,,,,,
,,,,,,,,,,,,,57820,2020-02-27_14h43.36.058,SandwichStudy,3.2.4,MacIntel,60,"[""space""]",[0.7899999618530273],1,0,80,9,1,79,Vegan turkey,Provolone cheese,Lettuce,Tomatoes,Onions,,,,Vegan turkey,Onions,Lettuce,Pickles,Mustard,Mayonnaise,,,6,5,6,1000,0,1000,0,1,999,,,,,,,,,,,,,,,
,,,,,,,,,,,,,57820,2020-02-27_14h43.36.058,SandwichStudy,3.2.4,MacIntel,60,"[""a""]",[0.9220001697540283],1,0,80,9,1,79,Vegan turkey,Provolone cheese,Lettuce,Tomatoes,Onions,,,,Vegan turkey,Onions,Lettuce,Pickles,Mustard,Mayonnaise,,,6,5,6,1000,0,1000,0,1,999,,,,,,,,,,,,,,,
,,,,,,,,,,,,,57820,2020-02-27_14h43.36.058,SandwichStudy,3.2.4,MacIntel,60,"[""l""]",[1.870999813079834],1,0,80,19,1,79,Egg salad,Feta cheese,Spinach,Tomatoes,,,,,Spinach,Tomatoes,Cucumbers,Onions,Peppers,Avocado,Mayonnaise,,7,4,7,1000,0,1000,0,1,999,,,,,,,,,,,,,,,
,,,,,,,,,,,,,57820,2020-02-27_14h43.36.058,SandwichStudy,3.2.4,MacIntel,60,"[""a""]",[0.5949997901916504],1,0,80,40,1,79,Black bean patty,American cheese,Cheddar cheese,Lettuce,Tomatoes,,,,Avocado,Tomatoes,Mayonnaise,Mixed greens,Lettuce,Onions,Vinaigrette,,7,5,7,1000,0,1000,0,1,999,,,,,,,,,,,,,,,
,,,,,,,,,,,,,57820,2020-02-27_14h43.36.058,SandwichStudy,3.2.4,MacIntel,60,"[""a""]",[1.0320000648498535],1,0,80,12,1,79,Egg salad,Tomatoes,Onions,Arugula,Garlic aioli,,,,Hummus,Avocado,Cucumbers,Tomatoes,Onions,Sprouts,,,6,5,6,1000,0,1000,0,1,999,,,,,,,,,,,,,,,
,,,,,,,,,,,,,57820,2020-02-27_14h43.36.058,SandwichStudy,3.2.4,MacIntel,60,"[""a""]",[1.7230000495910645],1,0,80,25,1,79,Vegan turkey,Cucumbers,Tomatoes,Onions,Sprouts,Avocado,Mayonnaise,,Sprouts,Cucumbers,Onions,Spinach,Tomatoes,Vinaigrette,,,7,7,6,1000,0,1000,0,1,999,,,,,,,,,,,,,,,
,,,,,,,,,,,,,57820,2020-02-27_14h43.36.058,SandwichStudy,3.2.4,MacIntel,60,"[""l""]",[0.6430001258850098],1,0,80,10,1,79,Soy chicken,Ranch dressing,Lettuce,Tomatoes,Onions,,,,Swiss cheese,Hummus,Peppers,Mixed greens,Onions,Tomatoes,Pickles,Olives,8,5,8,1000,0,1000,0,1,999,,,,,,,,,,,,,,,
,,,,,,,,,,,,,57820,2020-02-27_14h43.36.058,SandwichStudy,3.2.4,MacIntel,60,"[""a""]",[0.5470001697540283],1,0,80,43,1,79,Soy chicken,Lettuce,Tomatoes,Onions,Guacamole,Mayonnaise,,,Egg salad,Tomatoes,Onions,Arugula,Garlic aioli,,,,6,6,5,1000,0,1000,0,1,999,,,,,,,,,,,,,,,
,,,,,,,,,,,,,57820,2020-02-27_14h43.36.058,SandwichStudy,3.2.4,MacIntel,60,"[""l""]",[0.753000020980835],1,0,80,29,1,79,Mushrooms,Peppers,Artichoke hearts,Spinach,Pesto,,,,Tomatoes,Mozzarella cheese,Pesto,Vinaigrette,Spinach,,,,5,5,5,1000,0,1000,0,1,999,,,,,,,,,,,,,,,
,,,,,,,,,,,,,57820,2020-02-27_14h43.36.058,SandwichStudy,3.2.4,MacIntel,60,"[""l""]",[0.6519999504089355],1,0,80,26,1,79,Avocado,Onions,Cucumbers,Spinach,Cheddar cheese,,,,Hummus,Avocado,Tomatoes,Arugula,Mayonnaise,,,,5,5,5,1000,0,1000,0,1,999,,,,,,,,,,,,,,,
,,,,,,,,,,,,,57820,2020-02-27_14h43.36.058,SandwichStudy,3.2.4,MacIntel,60,"[""l""]",[0.5409998893737793],1,0,80,51,1,79,Jalapenos,Cucumbers,Sprouts,Mixed greens,Coleslaw,,,,Avocado,Pepper jack cheese,Sprouts,Spinach,Cucumbers,Onions,Mayonnaise,Tomatoes,8,5,8,1000,0,1000,0,1,999,,,,,,,,,,,,,,,
,,,,,,,,,,,,,57820,2020-02-27_14h43.36.058,SandwichStudy,3.2.4,MacIntel,60,"[""l""]",[0.7070000171661377],1,0,80,41,1,79,Swiss cheese,Hummus,Peppers,Mixed greens,Onions,Tomatoes,Pickles,Olives,Hummus,Avocado,Tomatoes,Arugula,Mayonnaise,,,,8,8,5,1000,0,1000,0,1,999,,,,,,,,,,,,,,,
,,,,,,,,,,,,,57820,2020-02-27_14h43.36.058,SandwichStudy,3.2.4,MacIntel,60,"[""a""]",[0.35199999809265137],1,0,80,20,1,79,Hummus,Guacamole,Tomatoes,Lettuce,Sprouts,,,,Black bean patty,Pepper jack cheese,Lettuce,Tomatoes,Onions,Avocado,Mustard,,7,5,7,1000,0,1000,0,1,999,,,,,,,,,,,,,,,
,,,,,,,,,,,,,57820,2020-02-27_14h43.36.058,SandwichStudy,3.2.4,MacIntel,60,"[""a""]",[0.44300007820129395],1,0,80,69,1,79,Falafel,Garlic aioli,Cucumbers,Peppers,Arugula,,,,Guacamole,Cheddar cheese,Provolone cheese,Olives,Cucumbers,Mushrooms,Peppers,Lettuce,8,5,8,1000,0,1000,0,1,999,,,,,,,,,,,,,,,
,,,,,,,,,,,,,57820,2020-02-27_14h43.36.058,SandwichStudy,3.2.4,MacIntel,60,"[""l""]",[0.3100001811981201],1,0,80,65,1,79,Soy chicken,Ranch dressing,Lettuce,Tomatoes,Onions,,,,Avocado,Cucumbers,Arugula,Carrots,Tomatoes,Olives,Cream cheese,,7,5,7,1000,0,1000,0,1,999,,,,,,,,,,,,,,,
,,,,,,,,,,,,,57820,2020-02-27_14h43.36.058,SandwichStudy,3.2.4,MacIntel,60,"[""l""]",[0.006999969482421875],1,0,80,36,1,79,Swiss cheese,Cheddar cheese,Pepper jack cheese,Onions,Tomatoes,,,,Sprouts,Avocado,Onions,Tomatoes,Cucumbers,Spinach,Garlic aioli,,7,5,7,1000,0,1000,0,1,999,,,,,,,,,,,,,,,
,,,,,,,,,,,,,57820,2020-02-27_14h43.36.058,SandwichStudy,3.2.4,MacIntel,60,"[""a""]",[2.9880001544952393],1,0,80,45,1,79,Peppers,Provolone cheese,Cucumbers,Mixed greens,Tomatoes,Onions,Hummus,,Pesto,Tomatoes,Provolone cheese,,,,,,7,7,3,1000,0,1000,0,1,999,,,,,,,,,,,,,,,
,,,,,,,,,,,,,57820,2020-02-27_14h43.36.058,SandwichStudy,3.2.4,MacIntel,60,"[""a""]",[0.19099998474121094],1,0,80,38,1,79,Cucumbers,Tomatoes,Peppers,Onions,Mixed greens,Carrots,Sprouts,Avocado,Provolone cheese,Tomatoes,Pesto,Cheddar cheese,,,,,8,8,4,1000,0,1000,0,1,999,,,,,,,,,,,,,,,
,,,,,,,,,,,,,57820,2020-02-27_14h43.36.058,SandwichStudy,3.2.4,MacIntel,60,"[""l""]",[0.15900015830993652],1,0,80,31,1,79,Mushrooms,Provolone cheese,Mustard,Peppers,Lettuce,Tomatoes,Vinaigrette,,Black bean patty,Tomatoes,Cheddar cheese,Onions,Pickles,Lettuce,,,7,7,6,1000,0,1000,0,1,999,,,,,,,,,,,,,,,
,,,,,,,,,,,,,57820,2020-02-27_14h43.36.058,SandwichStudy,3.2.4,MacIntel,60,"[""l""]",[0.06599998474121094],1,0,80,33,1,79,Soy chicken,Pickles,Jalapenos,Basil,,,,,Avocado,Vegan bacon,Garlic aioli,Lettuce,Tomatoes,Onions,,,6,4,6,1000,0,1000,0,1,999,,,,,,,,,,,,,,,
,,,,,,,,,,,,,57820,2020-02-27_14h43.36.058,SandwichStudy,3.2.4,MacIntel,60,"[""l""]",[0.6889998912811279],1,0,80,50,1,79,Tomatoes,Mozzarella cheese,Pesto,Vinaigrette,Spinach,,,,Avocado,Cucumbers,Sprouts,Lettuce,Tomatoes,Onions,Pesto,,7,5,7,1000,0,1000,0,1,999,,,,,,,,,,,,,,,
,,,,,,,,,,,,,57820,2020-02-27_14h43.36.058,SandwichStudy,3.2.4,MacIntel,60,"[""a""]",[0.7399997711181641],1,0,80,15,1,79,Mixed greens,Onions,Hummus,Olives,Cucumbers,Sprouts,Tomatoes,,Mozzarella cheese,Peppers,Pesto,Mixed greens,Mayonnaise,,,,7,7,5,1000,0,1000,0,1,999,,,,,,,,,,,,,,,
,,,,,,,,,,,,,57820,2020-02-27_14h43.36.058,SandwichStudy,3.2.4,MacIntel,60,"[""a""]",[0.27300000190734863],1,0,80,5,1,79,Peppers,Provolone cheese,Cucumbers,Mixed greens,Tomatoes,Onions,Hummus,,Avocado,Tomatoes,Mayonnaise,Mixed greens,Lettuce,Onions,Vinaigrette,,7,7,7,1000,0,1000,0,1,999,,,,,,,,,,,,,,,
,,,,,,,,,,,,,57820,2020-02-27_14h43.36.058,SandwichStudy,3.2.4,MacIntel,60,"[""a""]",[0.19300007820129395],1,0,80,6,1,79,Avocado,Pepper jack cheese,Sprouts,Spinach,Cucumbers,Onions,Mayonnaise,Tomatoes,Pepper jack cheese,Cream cheese,Guacamole,Mixed greens,Onions,Tomatoes,Pickles,Sprouts,8,8,8,1000,0,1000,0,1,999,,,,,,,,,,,,,,,
,,,,,,,,,,,,,57820,2020-02-27_14h43.36.058,SandwichStudy,3.2.4,MacIntel,60,"[""a""]",[0.2200000286102295],1,0,80,17,1,79,Hummus,Cucumbers,Tomatoes,Onions,Spinach,Peppers,Sprouts,,Artichoke hearts,Feta cheese,Provolone cheese,Mayonnaise,Onions,Tomatoes,Pickles,,7,7,7,1000,0,1000,0,1,999,,,,,,,,,,,,,,,
,,,,,,,,,,,,,57820,2020-02-27_14h43.36.058,SandwichStudy,3.2.4,MacIntel,60,"[""l""]",[0.42100000381469727],1,0,80,78,1,79,Soy chicken,Mushrooms,Onions,Provolone cheese,,,,,Avocado,Pesto,Cheddar cheese,,,,,,4,4,3,1000,0,1000,0,1,999,,,,,,,,,,,,,,,
,,,,,,,,,,,,,57820,2020-02-27_14h43.36.058,SandwichStudy,3.2.4,MacIntel,60,"[""l""]",[0.47300004959106445],1,0,80,4,1,79,Black bean patty,Sprouts,Avocado,Tomatoes,Onions,Garlic aioli,,,Provolone cheese,Guacamole,Mixed greens,Onions,Tomatoes,Pickles,Cucumbers,Sprouts,8,6,8,1000,0,1000,0,1,999,,,,,,,,,,,,,,,
,,,,,,,,,,,,,57820,2020-02-27_14h43.36.058,SandwichStudy,3.2.4,MacIntel,60,"[""a""]",[0.9779999256134033],1,0,80,42,1,79,Falafel,Hummus,Garlic aioli,Cucumbers,Basil,Tomatoes,,,Hummus,Cucumbers,Tomatoes,Onions,Spinach,Peppers,Sprouts,,7,6,7,1000,0,1000,0,1,999,,,,,,,,,,,,,,,
,,,,,,,,,,,,,57820,2020-02-27_14h43.36.058,SandwichStudy,3.2.4,MacIntel,60,"[""a""]",[1.250999927520752],1,0,80,35,1,79,Falafel,Garlic aioli,Cucumbers,Peppers,Arugula,,,,Hummus,Feta cheese,Artichoke hearts,Cucumbers,Peppers,,,,5,5,5,1000,0,1000,0,1,999,,,,,,,,,,,,,,,
,,,,,,,,,,,,,57820,2020-02-27_14h43.36.058,SandwichStudy,3.2.4,MacIntel,60,"[""l""]",[0.20999979972839355],1,0,80,1,1,79,Avocado,Pesto,Cheddar cheese,,,,,,Falafel,Hummus,Garlic aioli,Cucumbers,Basil,Tomatoes,,,6,3,6,1000,0,1000,0,1,999,,,,,,,,,,,,,,,
,,,,,,,,,,,,,57820,2020-02-27_14h43.36.058,SandwichStudy,3.2.4,MacIntel,60,"[""l""]",[3.376000165939331],1,0,80,61,1,79,Vegan turkey,Provolone cheese,Lettuce,Tomatoes,Onions,,,,Sprouts,Cucumbers,Onions,Spinach,Tomatoes,Vinaigrette,,,6,5,6,1000,0,1000,0,1,999,,,,,,,,,,,,,,,
,,,,,,,,,,,,,57820,2020-02-27_14h43.36.058,SandwichStudy,3.2.4,MacIntel,60,"[""a""]",[0.1700000762939453],1,0,80,46,1,79,Black bean patty,Pepper jack cheese,Lettuce,Tomatoes,Onions,Avocado,Mustard,,Avocado,Spinach,Tomatoes,Swiss cheese,,,,,7,7,4,1000,0,1000,0,1,999,,,,,,,,,,,,,,,
,,,,,,,,,,,,,57820,2020-02-27_14h43.36.058,SandwichStudy,3.2.4,MacIntel,60,"[""a""]",[0.6310000419616699],1,0,80,56,1,79,Soy chicken,Pickles,Jalapenos,Basil,,,,,Onions,Peppers,Mushrooms,Jalapenos,American cheese,,,,5,4,5,1000,0,1000,0,1,999,,,,,,,,,,,,,,,
,,,,,,,,,,,,,57820,2020-02-27_14h43.36.058,SandwichStudy,3.2.4,MacIntel,60,"[""l""]",[0.12599992752075195],1,0,80,74,1,79,Spinach,Tomatoes,Cucumbers,Onions,Peppers,Avocado,Mayonnaise,,Vegan bacon,Tomatoes,Avocado,Pesto,,,,,7,7,4,1000,0,1000,0,1,999,,,,,,,,,,,,,,,
,,,,,,,,,,,,,57820,2020-02-27_14h43.36.058,SandwichStudy,3.2.4,MacIntel,60,"[""l""]",[0.557999849319458],1,0,80,76,1,79,Cucumbers,Tomatoes,Peppers,Onions,Mixed greens,Carrots,Sprouts,Avocado,Hummus,Guacamole,Tomatoes,Lettuce,Sprouts,,,,8,8,5,1000,0,1000,0,1,999,,,,,,,,,,,,,,,
,,,,,,,,,,,,,57820,2020-02-27_14h43.36.058,SandwichStudy,3.2.4,MacIntel,60,"[""a""]",[0.22600007057189941],1,0,80,68,1,79,Mushrooms,Provolone cheese,Mustard,Peppers,Lettuce,Tomatoes,Vinaigrette,,Vegan turkey,Cucumbers,Tomatoes,Onions,Sprouts,Avocado,Mayonnaise,,7,7,7,1000,0,1000,0,1,999,,,,,,,,,,,,,,,
,,,,,,,,,,,,,57820,2020-02-27_14h43.36.058,SandwichStudy,3.2.4,MacIntel,60,"[""a""]",[0.6559998989105225],1,0,80,53,1,79,Soy chicken,Pepper jack cheese,Tomatoes,Lettuce,Onions,Garlic aioli,,,Mushrooms,Swiss cheese,Provolone cheese,Cheddar cheese,Lettuce,Tomatoes,,,6,6,6,1000,0,1000,0,1,999,,,,,,,,,,,,,,,
,,,,,,,,,,,,,57820,2020-02-27_14h43.36.058,SandwichStudy,3.2.4,MacIntel,60,"[""l""]",[0.44099998474121094],1,0,80,7,1,79,Guacamole,Sprouts,Tomatoes,Cucumbers,Vinaigrette,,,,Soy chicken,Pesto,Mixed greens,Tomatoes,Onions,,,,5,5,5,1000,0,1000,0,1,999,,,,,,,,,,,,,,,
,,,,,,,,,,,,,57820,2020-02-27_14h43.36.058,SandwichStudy,3.2.4,MacIntel,60,"[""a""]",[0.03400015830993652],1,0,80,48,1,79,Cheddar cheese,Swiss cheese,Pepper jack cheese,Avocado,Mayonnaise,Sprouts,Tomatoes,,Egg salad,Feta cheese,Spinach,Tomatoes,,,,,7,7,4,1000,0,1000,0,1,999,,,,,,,,,,,,,,,
,,,,,,,,,,,,,57820,2020-02-27_14h43.36.058,SandwichStudy,3.2.4,MacIntel,60,"[""a""]",[0.2590000629425049],1,0,80,59,1,79,Vegan turkey,Provolone cheese,Vinaigrette,Coleslaw,Mayonnaise,,,,Provolone cheese,Swiss cheese,Cheddar cheese,Parmesan cheese,Tomatoes,Mustard,,,6,5,6,1000,0,1000,0,1,999,,,,,,,,,,,,,,,
,,,,,,,,,,,,,57820,2020-02-27_14h43.36.058,SandwichStudy,3.2.4,MacIntel,60,"[""l""]",[0.4380002021789551],1,0,80,3,1,79,Egg salad,Lettuce,Tomatoes,Onions,,,,,Peppers,Tomatoes,Basil,Spinach,Hummus,Pesto,Olives,,7,4,7,1000,0,1000,0,1,999,,,,,,,,,,,,,,,
,,,,,,,,,,,,,57820,2020-02-27_14h43.36.058,SandwichStudy,3.2.4,MacIntel,60,"[""l""]",[0.2890000343322754],1,0,80,32,1,79,Soy chicken,Coleslaw,Ranch dressing,Pickles,,,,,Avocado,Cucumbers,Arugula,Carrots,Tomatoes,Olives,Cream cheese,,7,4,7,1000,0,1000,0,1,999,,,,,,,,,,,,,,,
,,,,,,,,,,,,,57820,2020-02-27_14h43.36.058,SandwichStudy,3.2.4,MacIntel,60,"[""l""]",[0.27900004386901855],1,0,80,30,1,79,Olives,Tomatoes,Spinach,Feta cheese,Provolone cheese,Vinaigrette,,,Cheddar cheese,Swiss cheese,Pepper jack cheese,Avocado,Mayonnaise,Sprouts,Tomatoes,,7,6,7,1000,0,1000,0,1,999,,,,,,,,,,,,,,,
,,,,,,,,,,,,,57820,2020-02-27_14h43.36.058,SandwichStudy,3.2.4,MacIntel,60,"[""a""]",[0.5399999618530273],1,0,80,75,1,79,Vegan bacon,Tomatoes,Lettuce,Mayonnaise,,,,,Artichoke hearts,Feta cheese,Provolone cheese,Mayonnaise,Onions,Tomatoes,Pickles,,7,4,7,1000,0,1000,0,1,999,,,,,,,,,,,,,,,
,,,,,,,,,,,,,57820,2020-02-27_14h43.36.058,SandwichStudy,3.2.4,MacIntel,60,"[""l""]",[0.16899991035461426],1,0,80,39,1,79,Cheddar cheese,Provolone cheese,Swiss cheese,Mushrooms,Mayonnaise,Lettuce,Tomatoes,,Olives,Tomatoes,Spinach,Feta cheese,Provolone cheese,Vinaigrette,,,7,7,6,1000,0,1000,0,1,999,,,,,,,,,,,,,,,
,,,,,,,,,,,,,57820,2020-02-27_14h43.36.058,SandwichStudy,3.2.4,MacIntel,60,"[""a""]",[0.07799983024597168],1,0,80,67,1,79,Mixed greens,Onions,Hummus,Olives,Cucumbers,Sprouts,Tomatoes,,Egg salad,Lettuce,Tomatoes,Onions,,,,,7,7,4,1000,0,1000,0,1,999,,,,,,,,,,,,,,,
,,,,,,,,,,,,,57820,2020-02-27_14h43.36.058,SandwichStudy,3.2.4,MacIntel,60,"[""l""]",[0.5779998302459717],1,0,80,79,1,79,Artichoke hearts,Mushrooms,Pesto,Provolone cheese,,,,,Vegan turkey,Provolone cheese,Vinaigrette,Coleslaw,Mayonnaise,,,,5,4,5,1000,0,1000,0,1,999,,,,,,,,,,,,,,,
,,,,,,,,,,,,,57820,2020-02-27_14h43.36.058,SandwichStudy,3.2.4,MacIntel,60,"[""a""]",[0.07200002670288086],1,0,80,52,1,79,Cheddar cheese,Cream cheese,Pickles,Jalapenos,,,,,Guacamole,Hummus,Feta cheese,Mixed greens,Onions,Tomatoes,Pickles,Mushrooms,8,4,8,1000,0,1000,0,1,999,,,,,,,,,,,,,,,
,,,,,,,,,,,,,57820,2020-02-27_14h43.36.058,SandwichStudy,3.2.4,MacIntel,60,"[""l""]",[0.06999993324279785],1,0,80,18,1,79,Provolone cheese,Tomatoes,Pesto,Cheddar cheese,,,,,Guacamole,Hummus,Feta cheese,Mixed greens,Onions,Tomatoes,Pickles,Mushrooms,8,4,8,1000,0,1000,0,1,999,,,,,,,,,,,,,,,
,,,,,,,,,,,,,57820,2020-02-27_14h43.36.058,SandwichStudy,3.2.4,MacIntel,60,"[""a""]",[0.7709999084472656],1,0,80,28,1,79,Cucumbers,Tomatoes,Peppers,Onions,Mixed greens,Carrots,Sprouts,Avocado,Mushrooms,Swiss cheese,Provolone cheese,Cheddar cheese,Lettuce,Tomatoes,,,8,8,6,1000,0,1000,0,1,999,,,,,,,,,,,,,,,
,,,,,,,,,,,,,57820,2020-02-27_14h43.36.058,SandwichStudy,3.2.4,MacIntel,60,"[""a""]",[0.9239997863769531],1,0,80,71,1,79,Pepper jack cheese,Cream cheese,Guacamole,Mixed greens,Onions,Tomatoes,Pickles,Sprouts,Black bean patty,Sprouts,Avocado,Tomatoes,Onions,Garlic aioli,,,8,8,6,1000,0,1000,0,1,999,,,,,,,,,,,,,,,
,,,,,,,,,,,,,57820,2020-02-27_14h43.36.058,SandwichStudy,3.2.4,MacIntel,60,"[""l""]",[0.28600001335144043],1,0,80,11,1,79,Soy chicken,Lettuce,Tomatoes,Onions,Guacamole,Mayonnaise,,,Avocado,Cucumbers,Sprouts,Lettuce,Tomatoes,Onions,Pesto,,7,6,7,1000,0,1000,0,1,999,,,,,,,,,,,,,,,
,,,,,,,,,,,,,57820,2020-02-27_14h43.36.058,SandwichStudy,3.2.4,MacIntel,60,"[""a""]",[0.056999921798706055],1,0,80,73,1,79,Soy chicken,Coleslaw,Ranch dressing,Pickles,,,,,Black bean patty,Guacamole,Tomatoes,Lettuce,Sprouts,,,,5,4,5,1000,0,1000,0,1,999,,,,,,,,,,,,,,,
,,,,,,,,,,,,,57820,2020-02-27_14h43.36.058,SandwichStudy,3.2.4,MacIntel,60,"[""l""]",[0.2370002269744873],1,0,80,72,1,79,Artichoke hearts,Mushrooms,Pesto,Provolone cheese,,,,,Avocado,Pesto,Cheddar cheese,,,,,,4,4,3,1000,0,1000,0,1,999,,,,,,,,,,,,,,,
,,,,,,,,,,,,,57820,2020-02-27_14h43.36.058,SandwichStudy,3.2.4,MacIntel,60,"[""l""]",[0.4029998779296875],1,0,80,54,1,79,Tomatoes,Mozzarella cheese,Spinach,Pesto,,,,,Avocado,Onions,Cucumbers,Spinach,Cheddar cheese,,,,5,4,5,1000,0,1000,0,1,999,,,,,,,,,,,,,,,
,,,,,,,,,,,,,57820,2020-02-27_14h43.36.058,SandwichStudy,3.2.4,MacIntel,60,"[""l""]",[0.7200000286102295],1,0,80,16,1,79,Vegan turkey,Cucumbers,Pickles,Jalapenos,Garlic aioli,,,,Cheddar cheese,Avocado,Cucumbers,Lettuce,Mustard,Sprouts,,,6,5,6,1000,0,1000,0,1,999,,,,,,,,,,,,,,,
,,,,,,,,,,,,,57820,2020-02-27_14h43.36.058,SandwichStudy,3.2.4,MacIntel,60,,,,,,,,,,,,,,,,,,,,,,,,,,,,,,,,,,space,3.650000095,6,6.203999996,space,7.798000097,1,0,10,5,1,9,Sprouts,,
,,,,,,,,,,,,,57820,2020-02-27_14h43.36.058,SandwichStudy,3.2.4,MacIntel,60,,,,,,,,,,,,,,,,,,,,,,,,,,,,,,,,,,,,6,2.315000057,space,2.657000065,1,0,10,3,1,9,Lettuce,,
,,,,,,,,,,,,,57820,2020-02-27_14h43.36.058,SandwichStudy,3.2.4,MacIntel,60,,,,,,,,,,,,,,,,,,,,,,,,,,,,,,,,,,,,4,3.769000053,space,4.09800005,1,0,10,8,1,9,Cheddar cheese,,
,,,,,,,,,,,,,57820,2020-02-27_14h43.36.058,SandwichStudy,3.2.4,MacIntel,60,,,,,,,,,,,,,,,,,,,,,,,,,,,,,,,,,,,,3,2.938999891,space,3.238999844,1,0,10,6,1,9,Provolone cheese,,
,,,,,,,,,,,,,57820,2020-02-27_14h43.36.058,SandwichStudy,3.2.4,MacIntel,60,,,,,,,,,,,,,,,,,,,,,,,,,,,,,,,,,,,,6,1.928999901,space,2.315999985,1,0,10,1,1,9,Onions,,
,,,,,,,,,,,,,57820,2020-02-27_14h43.36.058,SandwichStudy,3.2.4,MacIntel,60,,,,,,,,,,,,,,,,,,,,,,,,,,,,,,,,,,,,7,1.288999796,space,1.575000048,1,0,10,4,1,9,Avocado,,
,,,,,,,,,,,,,57820,2020-02-27_14h43.36.058,SandwichStudy,3.2.4,MacIntel,60,,,,,,,,,,,,,,,,,,,,,,,,,,,,,,,,,,,,5,1.372999907,space,1.667000055,1,0,10,9,1,9,Mayonnaise,,
,,,,,,,,,,,,,57820,2020-02-27_14h43.36.058,SandwichStudy,3.2.4,MacIntel,60,,,,,,,,,,,,,,,,,,,,,,,,,,,,,,,,,,,,6,1.255000114,space,1.480999947,1,0,10,2,1,9,Cucumbers,,
,,,,,,,,,,,,,57820,2020-02-27_14h43.36.058,SandwichStudy,3.2.4,MacIntel,60,,,,,,,,,,,,,,,,,,,,,,,,,,,,,,,,,,,,6,1.171000004,space,1.338000059,1,0,10,7,1,9,Peppers,,
,,,,,,,,,,,,,57820,2020-02-27_14h43.36.058,SandwichStudy,3.2.4,MacIntel,60,,,,,,,,,,,,,,,,,,,,,,,,,,,,,,,,,,,,4,1.489000082,space,1.733999968,1,0,10,0,1,9,Tomatoes,,
,,,,,,,,,,,,,57820,2020-02-27_14h43.36.058,SandwichStudy,3.2.4,MacIntel,60,,,,,,,,,,,,,,,,,,,,,,,,,,,,,,,,,,,,,,,,,,,,,,,return,2.851999998
