sequence,key_resp_4.keys,key_resp_4.rt,VegResp.keys,VegResp.rt,ConfirmResp.keys,ConfirmResp.rt,VegQuestionLoop.thisRepN,VegQuestionLoop.thisTrialN,VegQuestionLoop.thisN,VegQuestionLoop.thisIndex,VegQuestionLoop.ran,VegQuestionLoop.order,participant,date,expName,psychopyVersion,OS,frameRate,Decision.keys,Decision.rt,trials.thisRepN,trials.thisTrialN,trials.thisN,trials.thisIndex,trials.ran,trials.order,s11,s12,s13,s14,s15,s16,s17,s18,s21,s22,s23,s24,s25,s26,s27,s28,IngsInRow,IngIn1,IngIn2,Iter.thisRepN,Iter.thisTrialN,Iter.thisN,Iter.thisIndex,Iter.ran,Iter.order,key_resp_2.keys,key_resp_2.rt,slider.response,slider.rt,key_resp_3.keys,key_resp_3.rt,RatingLoop.thisRepN,RatingLoop.thisTrialN,RatingLoop.thisN,RatingLoop.thisIndex,RatingLoop.ran,RatingLoop.order,ingredientforslider,key_resp.keys,key_resp.rt
"[1,1,0,0,0,0,1,0,1,0,1,1,1,0,0,1,0,1,1,0,0,0,1,1,0,0,0,1,0,0,1,0,1,0,0,1,1,0,0,1,0,1,0,0,0,1,0,1,0,1,0,1,0,1,1,1,0,0,0,0,0,0,0,0,0,0,0,0,0,1,0,0,1,0,0,0,0,0,1,0]",space,7.023000002,n,9.237000227,p,4.161999941,100,0,100,0,1,99,57958,2020-02-26_14h16.17.219,SandwichStudy,3.2.4,MacIntel,60,,,,,,,,,,,,,,,,,,,,,,,,,,,,,,,,,,,,,,,,,,,,,,,,
,,,,,,,,,,,,,57958,2020-02-26_14h16.17.219,SandwichStudy,3.2.4,MacIntel,60,"[""a""]",[7.795000076293945],1,0,80,22,1,79,Bacon,Lettuce,Tomatoes,Garlic aioli,Avocado,,,,Ham,Swiss cheese,Spinach,Mustard,,,,,5,5,4,1000,0,1000,0,1,999,,,,,,,,,,,,,,,
,,,,,,,,,,,,,57958,2020-02-26_14h16.17.219,SandwichStudy,3.2.4,MacIntel,60,"[""a""]",[2.197000026702881],1,0,80,44,1,79,Chicken,Gouda cheese,Avocado,Basil,Bell peppers,Mayonnaise,,,Turkey,Gouda cheese,Avocado,Garlic aioli,Jalapenos,Tomatoes,Lettuce,,7,6,7,1000,0,1000,0,1,999,,,,,,,,,,,,,,,
,,,,,,,,,,,,,57958,2020-02-26_14h16.17.219,SandwichStudy,3.2.4,MacIntel,60,"[""a""]",[2.1530001163482666],1,0,80,65,1,79,Chicken,Pepper jack cheese,Ranch dressing,,,,,,Salami,Provolone cheese,Lettuce,Tomatoes,Mayonnaise,Mustard,,,6,3,6,1000,0,1000,0,1,999,,,,,,,,,,,,,,,
,,,,,,,,,,,,,57958,2020-02-26_14h16.17.219,SandwichStudy,3.2.4,MacIntel,60,"[""space""]",[6.503999948501587],1,0,80,9,1,79,Bacon,Turkey,Pepper jack cheese,Mustard,,,,,Bacon,Spinach,Tomatoes,Avocado,Mayonnaise,,,,5,4,5,1000,0,1000,0,1,999,,,,,,,,,,,,,,,
,,,,,,,,,,,,,57958,2020-02-26_14h16.17.219,SandwichStudy,3.2.4,MacIntel,60,"[""space""]",[5.01200008392334],1,0,80,9,1,79,Bacon,Turkey,Pepper jack cheese,Mustard,,,,,Bacon,Spinach,Tomatoes,Avocado,Mayonnaise,,,,5,4,5,1000,0,1000,0,1,999,,,,,,,,,,,,,,,
,,,,,,,,,,,,,57958,2020-02-26_14h16.17.219,SandwichStudy,3.2.4,MacIntel,60,"[""a""]",[3.572000026702881],1,0,80,9,1,79,Bacon,Turkey,Pepper jack cheese,Mustard,,,,,Bacon,Spinach,Tomatoes,Avocado,Mayonnaise,,,,5,4,5,1000,0,1000,0,1,999,,,,,,,,,,,,,,,
,,,,,,,,,,,,,57958,2020-02-26_14h16.17.219,SandwichStudy,3.2.4,MacIntel,60,"[""a""]",[4.1549999713897705],1,0,80,30,1,79,Turkey,Ham,Roast beef,Provolone cheese,Spinach,Tomatoes,Mayonnaise,Mustard,Ham,Swiss cheese,Mayonnaise,Mustard,Tomatoes,,,,8,8,5,1000,0,1000,0,1,999,,,,,,,,,,,,,,,
,,,,,,,,,,,,,57958,2020-02-26_14h16.17.219,SandwichStudy,3.2.4,MacIntel,60,"[""l""]",[3.0850000381469727],1,0,80,5,1,79,Chicken,Cheddar cheese,Mayonnaise,,,,,,Turkey,Provolone cheese,Pesto,Bell peppers,,,,,4,3,4,1000,0,1000,0,1,999,,,,,,,,,,,,,,,
,,,,,,,,,,,,,57958,2020-02-26_14h16.17.219,SandwichStudy,3.2.4,MacIntel,60,"[""space""]",[2.3390002250671387],1,0,80,24,1,79,Steak,Onions,Bell peppers,Provolone cheese,,,,,Tuna,Lettuce,Tomatoes,Mayonnaise,,,,,4,4,4,1000,0,1000,0,1,999,,,,,,,,,,,,,,,
,,,,,,,,,,,,,57958,2020-02-26_14h16.17.219,SandwichStudy,3.2.4,MacIntel,60,"[""a""]",[1.5350000858306885],1,0,80,24,1,79,Steak,Onions,Bell peppers,Provolone cheese,,,,,Tuna,Lettuce,Tomatoes,Mayonnaise,,,,,4,4,4,1000,0,1000,0,1,999,,,,,,,,,,,,,,,
,,,,,,,,,,,,,57958,2020-02-26_14h16.17.219,SandwichStudy,3.2.4,MacIntel,60,"[""space""]",[6.51200008392334],1,0,80,25,1,79,Meatballs,Provolone cheese,Onions,Marinara sauce,,,,,Chicken,Pepper jack cheese,Ranch dressing,,,,,,4,4,3,1000,0,1000,0,1,999,,,,,,,,,,,,,,,
,,,,,,,,,,,,,57958,2020-02-26_14h16.17.219,SandwichStudy,3.2.4,MacIntel,60,"[""l""]",[1.3270001411437988],1,0,80,25,1,79,Meatballs,Provolone cheese,Onions,Marinara sauce,,,,,Chicken,Pepper jack cheese,Ranch dressing,,,,,,4,4,3,1000,0,1000,0,1,999,,,,,,,,,,,,,,,
,,,,,,,,,,,,,57958,2020-02-26_14h16.17.219,SandwichStudy,3.2.4,MacIntel,60,"[""space""]",[2.623000144958496],1,0,80,26,1,79,Turkey,Avocado,Mayonnaise,,,,,,Chicken,Mozzarella cheese,Tomatoes,Onions,Basil,Mayonnaise,,,6,3,6,1000,0,1000,0,1,999,,,,,,,,,,,,,,,
,,,,,,,,,,,,,57958,2020-02-26_14h16.17.219,SandwichStudy,3.2.4,MacIntel,60,"[""l""]",[0.9800000190734863],1,0,80,26,1,79,Turkey,Avocado,Mayonnaise,,,,,,Chicken,Mozzarella cheese,Tomatoes,Onions,Basil,Mayonnaise,,,6,3,6,1000,0,1000,0,1,999,,,,,,,,,,,,,,,
,,,,,,,,,,,,,57958,2020-02-26_14h16.17.219,SandwichStudy,3.2.4,MacIntel,60,"[""space""]",[0.7269999980926514],1,0,80,2,1,79,Turkey,Provolone cheese,Spinach,Garlic aioli,,,,,Chicken,Pickles,Basil,Tomatoes,Cucumbers,,,,5,4,5,1000,0,1000,0,1,999,,,,,,,,,,,,,,,
,,,,,,,,,,,,,57958,2020-02-26_14h16.17.219,SandwichStudy,3.2.4,MacIntel,60,"[""a""]",[2.052000045776367],1,0,80,2,1,79,Turkey,Provolone cheese,Spinach,Garlic aioli,,,,,Chicken,Pickles,Basil,Tomatoes,Cucumbers,,,,5,4,5,1000,0,1000,0,1,999,,,,,,,,,,,,,,,
,,,,,,,,,,,,,57958,2020-02-26_14h16.17.219,SandwichStudy,3.2.4,MacIntel,60,"[""space""]",[2.812000036239624],1,0,80,64,1,79,Tuna,Basil,Cheddar cheese,Garlic aioli,Pickles,Onions,Tomatoes,Spinach,Turkey,Ham,Bacon,Provolone cheese,Lettuce,Tomatoes,Ranch dressing,,8,8,7,1000,0,1000,0,1,999,,,,,,,,,,,,,,,
,,,,,,,,,,,,,57958,2020-02-26_14h16.17.219,SandwichStudy,3.2.4,MacIntel,60,"[""l""]",[6.773000240325928],1,0,80,64,1,79,Tuna,Basil,Cheddar cheese,Garlic aioli,Pickles,Onions,Tomatoes,Spinach,Turkey,Ham,Bacon,Provolone cheese,Lettuce,Tomatoes,Ranch dressing,,8,8,7,1000,0,1000,0,1,999,,,,,,,,,,,,,,,
,,,,,,,,,,,,,57958,2020-02-26_14h16.17.219,SandwichStudy,3.2.4,MacIntel,60,"[""space""]",[0.2370002269744873],1,0,80,63,1,79,Onions,Bell peppers,Mushrooms,Jalapenos,American cheese,Steak,,,Turkey,Ham,Roast beef,Provolone cheese,Spinach,Tomatoes,Mayonnaise,Mustard,8,6,8,1000,0,1000,0,1,999,,,,,,,,,,,,,,,
,,,,,,,,,,,,,57958,2020-02-26_14h16.17.219,SandwichStudy,3.2.4,MacIntel,60,"[""space""]",[2.205000162124634],1,0,80,63,1,79,Onions,Bell peppers,Mushrooms,Jalapenos,American cheese,Steak,,,Turkey,Ham,Roast beef,Provolone cheese,Spinach,Tomatoes,Mayonnaise,Mustard,8,6,8,1000,0,1000,0,1,999,,,,,,,,,,,,,,,
,,,,,,,,,,,,,57958,2020-02-26_14h16.17.219,SandwichStudy,3.2.4,MacIntel,60,"[""space""]",[2.311000108718872],1,0,80,63,1,79,Onions,Bell peppers,Mushrooms,Jalapenos,American cheese,Steak,,,Turkey,Ham,Roast beef,Provolone cheese,Spinach,Tomatoes,Mayonnaise,Mustard,8,6,8,1000,0,1000,0,1,999,,,,,,,,,,,,,,,
,,,,,,,,,,,,,57958,2020-02-26_14h16.17.219,SandwichStudy,3.2.4,MacIntel,60,"[""space""]",[2.195000171661377],1,0,80,63,1,79,Onions,Bell peppers,Mushrooms,Jalapenos,American cheese,Steak,,,Turkey,Ham,Roast beef,Provolone cheese,Spinach,Tomatoes,Mayonnaise,Mustard,8,6,8,1000,0,1000,0,1,999,,,,,,,,,,,,,,,
,,,,,,,,,,,,,57958,2020-02-26_14h16.17.219,SandwichStudy,3.2.4,MacIntel,60,"[""space""]",[0.22800016403198242],1,0,80,63,1,79,Onions,Bell peppers,Mushrooms,Jalapenos,American cheese,Steak,,,Turkey,Ham,Roast beef,Provolone cheese,Spinach,Tomatoes,Mayonnaise,Mustard,8,6,8,1000,0,1000,0,1,999,,,,,,,,,,,,,,,
,,,,,,,,,,,,,57958,2020-02-26_14h16.17.219,SandwichStudy,3.2.4,MacIntel,60,"[""l""]",[5.6519999504089355],1,0,80,63,1,79,Onions,Bell peppers,Mushrooms,Jalapenos,American cheese,Steak,,,Turkey,Ham,Roast beef,Provolone cheese,Spinach,Tomatoes,Mayonnaise,Mustard,8,6,8,1000,0,1000,0,1,999,,,,,,,,,,,,,,,
,,,,,,,,,,,,,57958,2020-02-26_14h16.17.219,SandwichStudy,3.2.4,MacIntel,60,"[""space""]",[0.0970001220703125],1,0,80,46,1,79,Turkey,Ham,Bacon,Swiss cheese,Lettuce,Tomatoes,Onions,,Chicken,Pickles,Basil,Tomatoes,Cucumbers,,,,7,7,5,1000,0,1000,0,1,999,,,,,,,,,,,,,,,
,,,,,,,,,,,,,57958,2020-02-26_14h16.17.219,SandwichStudy,3.2.4,MacIntel,60,"[""space""]",[2.9200000762939453],1,0,80,46,1,79,Turkey,Ham,Bacon,Swiss cheese,Lettuce,Tomatoes,Onions,,Chicken,Pickles,Basil,Tomatoes,Cucumbers,,,,7,7,5,1000,0,1000,0,1,999,,,,,,,,,,,,,,,
,,,,,,,,,,,,,57958,2020-02-26_14h16.17.219,SandwichStudy,3.2.4,MacIntel,60,"[""space""]",[0.3530001640319824],1,0,80,46,1,79,Turkey,Ham,Bacon,Swiss cheese,Lettuce,Tomatoes,Onions,,Chicken,Pickles,Basil,Tomatoes,Cucumbers,,,,7,7,5,1000,0,1000,0,1,999,,,,,,,,,,,,,,,
,,,,,,,,,,,,,57958,2020-02-26_14h16.17.219,SandwichStudy,3.2.4,MacIntel,60,"[""l""]",[0.6360001564025879],1,0,80,46,1,79,Turkey,Ham,Bacon,Swiss cheese,Lettuce,Tomatoes,Onions,,Chicken,Pickles,Basil,Tomatoes,Cucumbers,,,,7,7,5,1000,0,1000,0,1,999,,,,,,,,,,,,,,,
,,,,,,,,,,,,,57958,2020-02-26_14h16.17.219,SandwichStudy,3.2.4,MacIntel,60,"[""space""]",[1.4150002002716064],1,0,80,18,1,79,Turkey,Bacon,Pepper jack cheese,Avocado,Ranch dressing,Spinach,Tomatoes,,Chicken,Bacon,Cheddar cheese,Swiss cheese,Spinach,Tomatoes,Mayonnaise,Mustard,8,7,8,1000,0,1000,0,1,999,,,,,,,,,,,,,,,
,,,,,,,,,,,,,57958,2020-02-26_14h16.17.219,SandwichStudy,3.2.4,MacIntel,60,"[""a""]",[2.0280001163482666],1,0,80,18,1,79,Turkey,Bacon,Pepper jack cheese,Avocado,Ranch dressing,Spinach,Tomatoes,,Chicken,Bacon,Cheddar cheese,Swiss cheese,Spinach,Tomatoes,Mayonnaise,Mustard,8,7,8,1000,0,1000,0,1,999,,,,,,,,,,,,,,,
,,,,,,,,,,,,,57958,2020-02-26_14h16.17.219,SandwichStudy,3.2.4,MacIntel,60,"[""space""]",[1.7390000820159912],1,0,80,15,1,79,Pork,Cucumbers,Pickles,Jalapenos,Basil,Mayonnaise,,,Roast beef,Pastrami,Swiss cheese,Mustard,,,,,6,6,4,1000,0,1000,0,1,999,,,,,,,,,,,,,,,
,,,,,,,,,,,,,57958,2020-02-26_14h16.17.219,SandwichStudy,3.2.4,MacIntel,60,"[""space""]",[3.129000186920166],1,0,80,15,1,79,Pork,Cucumbers,Pickles,Jalapenos,Basil,Mayonnaise,,,Roast beef,Pastrami,Swiss cheese,Mustard,,,,,6,6,4,1000,0,1000,0,1,999,,,,,,,,,,,,,,,
,,,,,,,,,,,,,57958,2020-02-26_14h16.17.219,SandwichStudy,3.2.4,MacIntel,60,"[""space""]",[0.17100000381469727],1,0,80,15,1,79,Pork,Cucumbers,Pickles,Jalapenos,Basil,Mayonnaise,,,Roast beef,Pastrami,Swiss cheese,Mustard,,,,,6,6,4,1000,0,1000,0,1,999,,,,,,,,,,,,,,,
,,,,,,,,,,,,,57958,2020-02-26_14h16.17.219,SandwichStudy,3.2.4,MacIntel,60,"[""a""]",[10.779000043869019],1,0,80,15,1,79,Pork,Cucumbers,Pickles,Jalapenos,Basil,Mayonnaise,,,Roast beef,Pastrami,Swiss cheese,Mustard,,,,,6,6,4,1000,0,1000,0,1,999,,,,,,,,,,,,,,,
,,,,,,,,,,,,,57958,2020-02-26_14h16.17.219,SandwichStudy,3.2.4,MacIntel,60,"[""space""]",[0.35199999809265137],1,0,80,38,1,79,Steak,Turkey,Ham,Cheddar cheese,Olives,Lettuce,Tomatoes,Onions,Chicken,Swiss cheese,Lettuce,Tomatoes,Onions,,,,8,8,5,1000,0,1000,0,1,999,,,,,,,,,,,,,,,
,,,,,,,,,,,,,57958,2020-02-26_14h16.17.219,SandwichStudy,3.2.4,MacIntel,60,"[""space""]",[0.9070000648498535],1,0,80,38,1,79,Steak,Turkey,Ham,Cheddar cheese,Olives,Lettuce,Tomatoes,Onions,Chicken,Swiss cheese,Lettuce,Tomatoes,Onions,,,,8,8,5,1000,0,1000,0,1,999,,,,,,,,,,,,,,,
,,,,,,,,,,,,,57958,2020-02-26_14h16.17.219,SandwichStudy,3.2.4,MacIntel,60,"[""space""]",[0.22300004959106445],1,0,80,38,1,79,Steak,Turkey,Ham,Cheddar cheese,Olives,Lettuce,Tomatoes,Onions,Chicken,Swiss cheese,Lettuce,Tomatoes,Onions,,,,8,8,5,1000,0,1000,0,1,999,,,,,,,,,,,,,,,
,,,,,,,,,,,,,57958,2020-02-26_14h16.17.219,SandwichStudy,3.2.4,MacIntel,60,"[""a""]",[10.39299988746643],1,0,80,38,1,79,Steak,Turkey,Ham,Cheddar cheese,Olives,Lettuce,Tomatoes,Onions,Chicken,Swiss cheese,Lettuce,Tomatoes,Onions,,,,8,8,5,1000,0,1000,0,1,999,,,,,,,,,,,,,,,
,,,,,,,,,,,,,57958,2020-02-26_14h16.17.219,SandwichStudy,3.2.4,MacIntel,60,"[""space""]",[0.07800006866455078],1,0,80,4,1,79,Provolone cheese,Swiss cheese,Cheddar cheese,Parmesan cheese,Tomatoes,,,,Chicken,Lettuce,Tomatoes,Mayonnaise,,,,,5,5,4,1000,0,1000,0,1,999,,,,,,,,,,,,,,,
,,,,,,,,,,,,,57958,2020-02-26_14h16.17.219,SandwichStudy,3.2.4,MacIntel,60,"[""space""]",[0.7190001010894775],1,0,80,4,1,79,Provolone cheese,Swiss cheese,Cheddar cheese,Parmesan cheese,Tomatoes,,,,Chicken,Lettuce,Tomatoes,Mayonnaise,,,,,5,5,4,1000,0,1000,0,1,999,,,,,,,,,,,,,,,
,,,,,,,,,,,,,57958,2020-02-26_14h16.17.219,SandwichStudy,3.2.4,MacIntel,60,"[""l""]",[0.43600010871887207],1,0,80,4,1,79,Provolone cheese,Swiss cheese,Cheddar cheese,Parmesan cheese,Tomatoes,,,,Chicken,Lettuce,Tomatoes,Mayonnaise,,,,,5,5,4,1000,0,1000,0,1,999,,,,,,,,,,,,,,,
,,,,,,,,,,,,,57958,2020-02-26_14h16.17.219,SandwichStudy,3.2.4,MacIntel,60,"[""space""]",[0.25999999046325684],1,0,80,28,1,79,Chicken,Mozzarella cheese,Tomatoes,Pesto,Spinach,,,,Roast beef,Turkey,Pastrami,Mayonnaise,Provolone cheese,,,,5,5,5,1000,0,1000,0,1,999,,,,,,,,,,,,,,,
,,,,,,,,,,,,,57958,2020-02-26_14h16.17.219,SandwichStudy,3.2.4,MacIntel,60,"[""space""]",[0.2110002040863037],1,0,80,28,1,79,Chicken,Mozzarella cheese,Tomatoes,Pesto,Spinach,,,,Roast beef,Turkey,Pastrami,Mayonnaise,Provolone cheese,,,,5,5,5,1000,0,1000,0,1,999,,,,,,,,,,,,,,,
,,,,,,,,,,,,,57958,2020-02-26_14h16.17.219,SandwichStudy,3.2.4,MacIntel,60,"[""space""]",[0.7110002040863037],1,0,80,28,1,79,Chicken,Mozzarella cheese,Tomatoes,Pesto,Spinach,,,,Roast beef,Turkey,Pastrami,Mayonnaise,Provolone cheese,,,,5,5,5,1000,0,1000,0,1,999,,,,,,,,,,,,,,,
,,,,,,,,,,,,,57958,2020-02-26_14h16.17.219,SandwichStudy,3.2.4,MacIntel,60,"[""l""]",[1.2380001544952393],1,0,80,28,1,79,Chicken,Mozzarella cheese,Tomatoes,Pesto,Spinach,,,,Roast beef,Turkey,Pastrami,Mayonnaise,Provolone cheese,,,,5,5,5,1000,0,1000,0,1,999,,,,,,,,,,,,,,,
,,,,,,,,,,,,,57958,2020-02-26_14h16.17.219,SandwichStudy,3.2.4,MacIntel,60,"[""space""]",[1.1740000247955322],1,0,80,75,1,79,Ham,Swiss cheese,Mustard,,,,,,Ham,Swiss cheese,Mayonnaise,Mustard,Tomatoes,,,,5,3,5,1000,0,1000,0,1,999,,,,,,,,,,,,,,,
,,,,,,,,,,,,,57958,2020-02-26_14h16.17.219,SandwichStudy,3.2.4,MacIntel,60,"[""space""]",[0.5610001087188721],1,0,80,75,1,79,Ham,Swiss cheese,Mustard,,,,,,Ham,Swiss cheese,Mayonnaise,Mustard,Tomatoes,,,,5,3,5,1000,0,1000,0,1,999,,,,,,,,,,,,,,,
,,,,,,,,,,,,,57958,2020-02-26_14h16.17.219,SandwichStudy,3.2.4,MacIntel,60,"[""space""]",[0.13700008392333984],1,0,80,75,1,79,Ham,Swiss cheese,Mustard,,,,,,Ham,Swiss cheese,Mayonnaise,Mustard,Tomatoes,,,,5,3,5,1000,0,1000,0,1,999,,,,,,,,,,,,,,,
,,,,,,,,,,,,,57958,2020-02-26_14h16.17.219,SandwichStudy,3.2.4,MacIntel,60,"[""space""]",[0.7210001945495605],1,0,80,75,1,79,Ham,Swiss cheese,Mustard,,,,,,Ham,Swiss cheese,Mayonnaise,Mustard,Tomatoes,,,,5,3,5,1000,0,1000,0,1,999,,,,,,,,,,,,,,,
,,,,,,,,,,,,,57958,2020-02-26_14h16.17.219,SandwichStudy,3.2.4,MacIntel,60,"[""a""]",[4.16100001335144],1,0,80,75,1,79,Ham,Swiss cheese,Mustard,,,,,,Ham,Swiss cheese,Mayonnaise,Mustard,Tomatoes,,,,5,3,5,1000,0,1000,0,1,999,,,,,,,,,,,,,,,
,,,,,,,,,,,,,57958,2020-02-26_14h16.17.219,SandwichStudy,3.2.4,MacIntel,60,"[""space""]",[0.437999963760376],1,0,80,76,1,79,Bacon,Lettuce,Tomatoes,Ranch dressing,,,,,Chicken,Bacon,Mustard,,,,,,4,4,3,1000,0,1000,0,1,999,,,,,,,,,,,,,,,
,,,,,,,,,,,,,57958,2020-02-26_14h16.17.219,SandwichStudy,3.2.4,MacIntel,60,"[""space""]",[1.627000093460083],1,0,80,76,1,79,Bacon,Lettuce,Tomatoes,Ranch dressing,,,,,Chicken,Bacon,Mustard,,,,,,4,4,3,1000,0,1000,0,1,999,,,,,,,,,,,,,,,
,,,,,,,,,,,,,57958,2020-02-26_14h16.17.219,SandwichStudy,3.2.4,MacIntel,60,"[""space""]",[0.379000186920166],1,0,80,76,1,79,Bacon,Lettuce,Tomatoes,Ranch dressing,,,,,Chicken,Bacon,Mustard,,,,,,4,4,3,1000,0,1000,0,1,999,,,,,,,,,,,,,,,
,,,,,,,,,,,,,57958,2020-02-26_14h16.17.219,SandwichStudy,3.2.4,MacIntel,60,"[""l""]",[1.5770001411437988],1,0,80,76,1,79,Bacon,Lettuce,Tomatoes,Ranch dressing,,,,,Chicken,Bacon,Mustard,,,,,,4,4,3,1000,0,1000,0,1,999,,,,,,,,,,,,,,,
,,,,,,,,,,,,,57958,2020-02-26_14h16.17.219,SandwichStudy,3.2.4,MacIntel,60,"[""space""]",[0.23000001907348633],1,0,80,73,1,79,Turkey,Avocado,Bacon,Garlic aioli,Tomatoes,Spinach,Onions,,Tuna,Lettuce,Tomatoes,Mayonnaise,,,,,7,7,4,1000,0,1000,0,1,999,,,,,,,,,,,,,,,
,,,,,,,,,,,,,57958,2020-02-26_14h16.17.219,SandwichStudy,3.2.4,MacIntel,60,"[""space""]",[1.761000156402588],1,0,80,73,1,79,Turkey,Avocado,Bacon,Garlic aioli,Tomatoes,Spinach,Onions,,Tuna,Lettuce,Tomatoes,Mayonnaise,,,,,7,7,4,1000,0,1000,0,1,999,,,,,,,,,,,,,,,
,,,,,,,,,,,,,57958,2020-02-26_14h16.17.219,SandwichStudy,3.2.4,MacIntel,60,"[""space""]",[0.6429998874664307],1,0,80,73,1,79,Turkey,Avocado,Bacon,Garlic aioli,Tomatoes,Spinach,Onions,,Tuna,Lettuce,Tomatoes,Mayonnaise,,,,,7,7,4,1000,0,1000,0,1,999,,,,,,,,,,,,,,,
,,,,,,,,,,,,,57958,2020-02-26_14h16.17.219,SandwichStudy,3.2.4,MacIntel,60,"[""space""]",[0.877000093460083],1,0,80,73,1,79,Turkey,Avocado,Bacon,Garlic aioli,Tomatoes,Spinach,Onions,,Tuna,Lettuce,Tomatoes,Mayonnaise,,,,,7,7,4,1000,0,1000,0,1,999,,,,,,,,,,,,,,,
,,,,,,,,,,,,,57958,2020-02-26_14h16.17.219,SandwichStudy,3.2.4,MacIntel,60,"[""a""]",[4.587000131607056],1,0,80,73,1,79,Turkey,Avocado,Bacon,Garlic aioli,Tomatoes,Spinach,Onions,,Tuna,Lettuce,Tomatoes,Mayonnaise,,,,,7,7,4,1000,0,1000,0,1,999,,,,,,,,,,,,,,,
,,,,,,,,,,,,,57958,2020-02-26_14h16.17.219,SandwichStudy,3.2.4,MacIntel,60,"[""space""]",[0.1550002098083496],1,0,80,45,1,79,Bell peppers,Provolone cheese,Cucumbers,Spinach,Tomatoes,Onions,Hummus,,Roast beef,Bacon,Turkey,Mayonnaise,,,,,7,7,4,1000,0,1000,0,1,999,,,,,,,,,,,,,,,
,,,,,,,,,,,,,57958,2020-02-26_14h16.17.219,SandwichStudy,3.2.4,MacIntel,60,"[""space""]",[0.02700018882751465],1,0,80,45,1,79,Bell peppers,Provolone cheese,Cucumbers,Spinach,Tomatoes,Onions,Hummus,,Roast beef,Bacon,Turkey,Mayonnaise,,,,,7,7,4,1000,0,1000,0,1,999,,,,,,,,,,,,,,,
,,,,,,,,,,,,,57958,2020-02-26_14h16.17.219,SandwichStudy,3.2.4,MacIntel,60,"[""space""]",[0.5760002136230469],1,0,80,45,1,79,Bell peppers,Provolone cheese,Cucumbers,Spinach,Tomatoes,Onions,Hummus,,Roast beef,Bacon,Turkey,Mayonnaise,,,,,7,7,4,1000,0,1000,0,1,999,,,,,,,,,,,,,,,
,,,,,,,,,,,,,57958,2020-02-26_14h16.17.219,SandwichStudy,3.2.4,MacIntel,60,"[""space""]",[1.6140000820159912],1,0,80,45,1,79,Bell peppers,Provolone cheese,Cucumbers,Spinach,Tomatoes,Onions,Hummus,,Roast beef,Bacon,Turkey,Mayonnaise,,,,,7,7,4,1000,0,1000,0,1,999,,,,,,,,,,,,,,,
,,,,,,,,,,,,,57958,2020-02-26_14h16.17.219,SandwichStudy,3.2.4,MacIntel,60,"[""space""]",[0.4890000820159912],1,0,80,45,1,79,Bell peppers,Provolone cheese,Cucumbers,Spinach,Tomatoes,Onions,Hummus,,Roast beef,Bacon,Turkey,Mayonnaise,,,,,7,7,4,1000,0,1000,0,1,999,,,,,,,,,,,,,,,
,,,,,,,,,,,,,57958,2020-02-26_14h16.17.219,SandwichStudy,3.2.4,MacIntel,60,"[""space""]",[0.569000244140625],1,0,80,45,1,79,Bell peppers,Provolone cheese,Cucumbers,Spinach,Tomatoes,Onions,Hummus,,Roast beef,Bacon,Turkey,Mayonnaise,,,,,7,7,4,1000,0,1000,0,1,999,,,,,,,,,,,,,,,
,,,,,,,,,,,,,57958,2020-02-26_14h16.17.219,SandwichStudy,3.2.4,MacIntel,60,"[""l""]",[2.6019999980926514],1,0,80,45,1,79,Bell peppers,Provolone cheese,Cucumbers,Spinach,Tomatoes,Onions,Hummus,,Roast beef,Bacon,Turkey,Mayonnaise,,,,,7,7,4,1000,0,1000,0,1,999,,,,,,,,,,,,,,,
,,,,,,,,,,,,,57958,2020-02-26_14h16.17.219,SandwichStudy,3.2.4,MacIntel,60,"[""space""]",[1.0950000286102295],1,0,80,66,1,79,Bacon,Spinach,Tomatoes,Avocado,Mayonnaise,,,,Provolone cheese,Swiss cheese,Cheddar cheese,Parmesan cheese,Tomatoes,,,,5,5,5,1000,0,1000,0,1,999,,,,,,,,,,,,,,,
,,,,,,,,,,,,,57958,2020-02-26_14h16.17.219,SandwichStudy,3.2.4,MacIntel,60,"[""space""]",[2.618000030517578],1,0,80,66,1,79,Bacon,Spinach,Tomatoes,Avocado,Mayonnaise,,,,Provolone cheese,Swiss cheese,Cheddar cheese,Parmesan cheese,Tomatoes,,,,5,5,5,1000,0,1000,0,1,999,,,,,,,,,,,,,,,
,,,,,,,,,,,,,57958,2020-02-26_14h16.17.219,SandwichStudy,3.2.4,MacIntel,60,"[""space""]",[2.561000108718872],1,0,80,66,1,79,Bacon,Spinach,Tomatoes,Avocado,Mayonnaise,,,,Provolone cheese,Swiss cheese,Cheddar cheese,Parmesan cheese,Tomatoes,,,,5,5,5,1000,0,1000,0,1,999,,,,,,,,,,,,,,,
,,,,,,,,,,,,,57958,2020-02-26_14h16.17.219,SandwichStudy,3.2.4,MacIntel,60,"[""space""]",[0.0280001163482666],1,0,80,66,1,79,Bacon,Spinach,Tomatoes,Avocado,Mayonnaise,,,,Provolone cheese,Swiss cheese,Cheddar cheese,Parmesan cheese,Tomatoes,,,,5,5,5,1000,0,1000,0,1,999,,,,,,,,,,,,,,,
,,,,,,,,,,,,,57958,2020-02-26_14h16.17.219,SandwichStudy,3.2.4,MacIntel,60,"[""l""]",[6.440000057220459],1,0,80,66,1,79,Bacon,Spinach,Tomatoes,Avocado,Mayonnaise,,,,Provolone cheese,Swiss cheese,Cheddar cheese,Parmesan cheese,Tomatoes,,,,5,5,5,1000,0,1000,0,1,999,,,,,,,,,,,,,,,
,,,,,,,,,,,,,57958,2020-02-26_14h16.17.219,SandwichStudy,3.2.4,MacIntel,60,"[""space""]",[0.20300030708312988],1,0,80,3,1,79,Chicken,American cheese,Coleslaw,Tomatoes,Pickles,Mayonnaise,,,Swiss cheese,Provolone cheese,Bell peppers,Tomatoes,Onions,,,,6,6,5,1000,0,1000,0,1,999,,,,,,,,,,,,,,,
,,,,,,,,,,,,,57958,2020-02-26_14h16.17.219,SandwichStudy,3.2.4,MacIntel,60,"[""space""]",[1.319000005722046],1,0,80,3,1,79,Chicken,American cheese,Coleslaw,Tomatoes,Pickles,Mayonnaise,,,Swiss cheese,Provolone cheese,Bell peppers,Tomatoes,Onions,,,,6,6,5,1000,0,1000,0,1,999,,,,,,,,,,,,,,,
,,,,,,,,,,,,,57958,2020-02-26_14h16.17.219,SandwichStudy,3.2.4,MacIntel,60,"[""l""]",[0.6110000610351562],1,0,80,3,1,79,Chicken,American cheese,Coleslaw,Tomatoes,Pickles,Mayonnaise,,,Swiss cheese,Provolone cheese,Bell peppers,Tomatoes,Onions,,,,6,6,5,1000,0,1000,0,1,999,,,,,,,,,,,,,,,
,,,,,,,,,,,,,57958,2020-02-26_14h16.17.219,SandwichStudy,3.2.4,MacIntel,60,"[""space""]",[0.006999969482421875],1,0,80,14,1,79,Steak,Bacon,American cheese,Tomatoes,Onions,Pickles,,,Bell peppers,Provolone cheese,Cucumbers,Spinach,Tomatoes,Onions,Hummus,,7,6,7,1000,0,1000,0,1,999,,,,,,,,,,,,,,,
,,,,,,,,,,,,,57958,2020-02-26_14h16.17.219,SandwichStudy,3.2.4,MacIntel,60,"[""space""]",[0.6350002288818359],1,0,80,14,1,79,Steak,Bacon,American cheese,Tomatoes,Onions,Pickles,,,Bell peppers,Provolone cheese,Cucumbers,Spinach,Tomatoes,Onions,Hummus,,7,6,7,1000,0,1000,0,1,999,,,,,,,,,,,,,,,
,,,,,,,,,,,,,57958,2020-02-26_14h16.17.219,SandwichStudy,3.2.4,MacIntel,60,"[""space""]",[0.3020002841949463],1,0,80,14,1,79,Steak,Bacon,American cheese,Tomatoes,Onions,Pickles,,,Bell peppers,Provolone cheese,Cucumbers,Spinach,Tomatoes,Onions,Hummus,,7,6,7,1000,0,1000,0,1,999,,,,,,,,,,,,,,,
,,,,,,,,,,,,,57958,2020-02-26_14h16.17.219,SandwichStudy,3.2.4,MacIntel,60,"[""space""]",[0.21199989318847656],1,0,80,14,1,79,Steak,Bacon,American cheese,Tomatoes,Onions,Pickles,,,Bell peppers,Provolone cheese,Cucumbers,Spinach,Tomatoes,Onions,Hummus,,7,6,7,1000,0,1000,0,1,999,,,,,,,,,,,,,,,
,,,,,,,,,,,,,57958,2020-02-26_14h16.17.219,SandwichStudy,3.2.4,MacIntel,60,"[""space""]",[0.014000177383422852],1,0,80,14,1,79,Steak,Bacon,American cheese,Tomatoes,Onions,Pickles,,,Bell peppers,Provolone cheese,Cucumbers,Spinach,Tomatoes,Onions,Hummus,,7,6,7,1000,0,1000,0,1,999,,,,,,,,,,,,,,,
,,,,,,,,,,,,,57958,2020-02-26_14h16.17.219,SandwichStudy,3.2.4,MacIntel,60,"[""a""]",[2.5859999656677246],1,0,80,14,1,79,Steak,Bacon,American cheese,Tomatoes,Onions,Pickles,,,Bell peppers,Provolone cheese,Cucumbers,Spinach,Tomatoes,Onions,Hummus,,7,6,7,1000,0,1000,0,1,999,,,,,,,,,,,,,,,
,,,,,,,,,,,,,57958,2020-02-26_14h16.17.219,SandwichStudy,3.2.4,MacIntel,60,"[""space""]",[0.254000186920166],1,0,80,49,1,79,Spinach,Tomatoes,Cucumbers,Onions,Bell peppers,Avocado,Mayonnaise,,Turkey,Provolone cheese,Spinach,Garlic aioli,,,,,7,7,4,1000,0,1000,0,1,999,,,,,,,,,,,,,,,
,,,,,,,,,,,,,57958,2020-02-26_14h16.17.219,SandwichStudy,3.2.4,MacIntel,60,"[""space""]",[0.14499998092651367],1,0,80,49,1,79,Spinach,Tomatoes,Cucumbers,Onions,Bell peppers,Avocado,Mayonnaise,,Turkey,Provolone cheese,Spinach,Garlic aioli,,,,,7,7,4,1000,0,1000,0,1,999,,,,,,,,,,,,,,,
,,,,,,,,,,,,,57958,2020-02-26_14h16.17.219,SandwichStudy,3.2.4,MacIntel,60,"[""space""]",[0.12000012397766113],1,0,80,49,1,79,Spinach,Tomatoes,Cucumbers,Onions,Bell peppers,Avocado,Mayonnaise,,Turkey,Provolone cheese,Spinach,Garlic aioli,,,,,7,7,4,1000,0,1000,0,1,999,,,,,,,,,,,,,,,
,,,,,,,,,,,,,57958,2020-02-26_14h16.17.219,SandwichStudy,3.2.4,MacIntel,60,"[""space""]",[0.2780001163482666],1,0,80,49,1,79,Spinach,Tomatoes,Cucumbers,Onions,Bell peppers,Avocado,Mayonnaise,,Turkey,Provolone cheese,Spinach,Garlic aioli,,,,,7,7,4,1000,0,1000,0,1,999,,,,,,,,,,,,,,,
,,,,,,,,,,,,,57958,2020-02-26_14h16.17.219,SandwichStudy,3.2.4,MacIntel,60,"[""space""]",[0.009999990463256836],1,0,80,49,1,79,Spinach,Tomatoes,Cucumbers,Onions,Bell peppers,Avocado,Mayonnaise,,Turkey,Provolone cheese,Spinach,Garlic aioli,,,,,7,7,4,1000,0,1000,0,1,999,,,,,,,,,,,,,,,
,,,,,,,,,,,,,57958,2020-02-26_14h16.17.219,SandwichStudy,3.2.4,MacIntel,60,"[""space""]",[0.3450000286102295],1,0,80,49,1,79,Spinach,Tomatoes,Cucumbers,Onions,Bell peppers,Avocado,Mayonnaise,,Turkey,Provolone cheese,Spinach,Garlic aioli,,,,,7,7,4,1000,0,1000,0,1,999,,,,,,,,,,,,,,,
,,,,,,,,,,,,,57958,2020-02-26_14h16.17.219,SandwichStudy,3.2.4,MacIntel,60,"[""l""]",[0.6050000190734863],1,0,80,49,1,79,Spinach,Tomatoes,Cucumbers,Onions,Bell peppers,Avocado,Mayonnaise,,Turkey,Provolone cheese,Spinach,Garlic aioli,,,,,7,7,4,1000,0,1000,0,1,999,,,,,,,,,,,,,,,
,,,,,,,,,,,,,57958,2020-02-26_14h16.17.219,SandwichStudy,3.2.4,MacIntel,60,"[""space""]",[0.38499999046325684],1,0,80,31,1,79,Spinach,Tomatoes,Cucumbers,Onions,Bell peppers,Avocado,Mayonnaise,,Turkey,Ham,Bacon,Swiss cheese,Lettuce,Tomatoes,Onions,,7,7,7,1000,0,1000,0,1,999,,,,,,,,,,,,,,,
,,,,,,,,,,,,,57958,2020-02-26_14h16.17.219,SandwichStudy,3.2.4,MacIntel,60,"[""space""]",[0.051000118255615234],1,0,80,31,1,79,Spinach,Tomatoes,Cucumbers,Onions,Bell peppers,Avocado,Mayonnaise,,Turkey,Ham,Bacon,Swiss cheese,Lettuce,Tomatoes,Onions,,7,7,7,1000,0,1000,0,1,999,,,,,,,,,,,,,,,
,,,,,,,,,,,,,57958,2020-02-26_14h16.17.219,SandwichStudy,3.2.4,MacIntel,60,"[""space""]",[0.31100010871887207],1,0,80,31,1,79,Spinach,Tomatoes,Cucumbers,Onions,Bell peppers,Avocado,Mayonnaise,,Turkey,Ham,Bacon,Swiss cheese,Lettuce,Tomatoes,Onions,,7,7,7,1000,0,1000,0,1,999,,,,,,,,,,,,,,,
,,,,,,,,,,,,,57958,2020-02-26_14h16.17.219,SandwichStudy,3.2.4,MacIntel,60,"[""space""]",[0.004000186920166016],1,0,80,31,1,79,Spinach,Tomatoes,Cucumbers,Onions,Bell peppers,Avocado,Mayonnaise,,Turkey,Ham,Bacon,Swiss cheese,Lettuce,Tomatoes,Onions,,7,7,7,1000,0,1000,0,1,999,,,,,,,,,,,,,,,
,,,,,,,,,,,,,57958,2020-02-26_14h16.17.219,SandwichStudy,3.2.4,MacIntel,60,"[""space""]",[0.9769999980926514],1,0,80,31,1,79,Spinach,Tomatoes,Cucumbers,Onions,Bell peppers,Avocado,Mayonnaise,,Turkey,Ham,Bacon,Swiss cheese,Lettuce,Tomatoes,Onions,,7,7,7,1000,0,1000,0,1,999,,,,,,,,,,,,,,,
,,,,,,,,,,,,,57958,2020-02-26_14h16.17.219,SandwichStudy,3.2.4,MacIntel,60,"[""l""]",[0.5199999809265137],1,0,80,31,1,79,Spinach,Tomatoes,Cucumbers,Onions,Bell peppers,Avocado,Mayonnaise,,Turkey,Ham,Bacon,Swiss cheese,Lettuce,Tomatoes,Onions,,7,7,7,1000,0,1000,0,1,999,,,,,,,,,,,,,,,
,,,,,,,,,,,,,57958,2020-02-26_14h16.17.219,SandwichStudy,3.2.4,MacIntel,60,"[""space""]",[0.27700018882751465],1,0,80,56,1,79,Turkey,Salami,Cheddar cheese,Mayonnaise,,,,,Turkey,Bacon,Avocado,Provolone cheese,Lettuce,Tomatoes,Onions,Ranch dressing,8,4,8,1000,0,1000,0,1,999,,,,,,,,,,,,,,,
,,,,,,,,,,,,,57958,2020-02-26_14h16.17.219,SandwichStudy,3.2.4,MacIntel,60,"[""space""]",[0.3619999885559082],1,0,80,56,1,79,Turkey,Salami,Cheddar cheese,Mayonnaise,,,,,Turkey,Bacon,Avocado,Provolone cheese,Lettuce,Tomatoes,Onions,Ranch dressing,8,4,8,1000,0,1000,0,1,999,,,,,,,,,,,,,,,
,,,,,,,,,,,,,57958,2020-02-26_14h16.17.219,SandwichStudy,3.2.4,MacIntel,60,"[""space""]",[0.26999998092651367],1,0,80,56,1,79,Turkey,Salami,Cheddar cheese,Mayonnaise,,,,,Turkey,Bacon,Avocado,Provolone cheese,Lettuce,Tomatoes,Onions,Ranch dressing,8,4,8,1000,0,1000,0,1,999,,,,,,,,,,,,,,,
,,,,,,,,,,,,,57958,2020-02-26_14h16.17.219,SandwichStudy,3.2.4,MacIntel,60,"[""space""]",[0.26999998092651367],1,0,80,56,1,79,Turkey,Salami,Cheddar cheese,Mayonnaise,,,,,Turkey,Bacon,Avocado,Provolone cheese,Lettuce,Tomatoes,Onions,Ranch dressing,8,4,8,1000,0,1000,0,1,999,,,,,,,,,,,,,,,
,,,,,,,,,,,,,57958,2020-02-26_14h16.17.219,SandwichStudy,3.2.4,MacIntel,60,"[""a""]",[0.254000186920166],1,0,80,56,1,79,Turkey,Salami,Cheddar cheese,Mayonnaise,,,,,Turkey,Bacon,Avocado,Provolone cheese,Lettuce,Tomatoes,Onions,Ranch dressing,8,4,8,1000,0,1000,0,1,999,,,,,,,,,,,,,,,
,,,,,,,,,,,,,57958,2020-02-26_14h16.17.219,SandwichStudy,3.2.4,MacIntel,60,"[""space""]",[0.24399995803833008],1,0,80,67,1,79,Avocado,Onions,Cucumbers,,,,,,Meatballs,Provolone cheese,Marinara sauce,Parmesan cheese,,,,,4,3,4,1000,0,1000,0,1,999,,,,,,,,,,,,,,,
,,,,,,,,,,,,,57958,2020-02-26_14h16.17.219,SandwichStudy,3.2.4,MacIntel,60,"[""space""]",[0.08600020408630371],1,0,80,67,1,79,Avocado,Onions,Cucumbers,,,,,,Meatballs,Provolone cheese,Marinara sauce,Parmesan cheese,,,,,4,3,4,1000,0,1000,0,1,999,,,,,,,,,,,,,,,
,,,,,,,,,,,,,57958,2020-02-26_14h16.17.219,SandwichStudy,3.2.4,MacIntel,60,"[""space""]",[0.24399995803833008],1,0,80,67,1,79,Avocado,Onions,Cucumbers,,,,,,Meatballs,Provolone cheese,Marinara sauce,Parmesan cheese,,,,,4,3,4,1000,0,1000,0,1,999,,,,,,,,,,,,,,,
,,,,,,,,,,,,,57958,2020-02-26_14h16.17.219,SandwichStudy,3.2.4,MacIntel,60,"[""l""]",[0.31400012969970703],1,0,80,67,1,79,Avocado,Onions,Cucumbers,,,,,,Meatballs,Provolone cheese,Marinara sauce,Parmesan cheese,,,,,4,3,4,1000,0,1000,0,1,999,,,,,,,,,,,,,,,
,,,,,,,,,,,,,57958,2020-02-26_14h16.17.219,SandwichStudy,3.2.4,MacIntel,60,"[""space""]",[0.4679999351501465],1,0,80,41,1,79,Bacon,Provolone cheese,Mushrooms,Parmesan cheese,,,,,Turkey,Bacon,Jalapenos,Lettuce,Avocado,Garlic aioli,Tomatoes,,7,4,7,1000,0,1000,0,1,999,,,,,,,,,,,,,,,
,,,,,,,,,,,,,57958,2020-02-26_14h16.17.219,SandwichStudy,3.2.4,MacIntel,60,"[""space""]",[7.245000123977661],1,0,80,41,1,79,Bacon,Provolone cheese,Mushrooms,Parmesan cheese,,,,,Turkey,Bacon,Jalapenos,Lettuce,Avocado,Garlic aioli,Tomatoes,,7,4,7,1000,0,1000,0,1,999,,,,,,,,,,,,,,,
,,,,,,,,,,,,,57958,2020-02-26_14h16.17.219,SandwichStudy,3.2.4,MacIntel,60,"[""l""]",[0.8280000686645508],1,0,80,41,1,79,Bacon,Provolone cheese,Mushrooms,Parmesan cheese,,,,,Turkey,Bacon,Jalapenos,Lettuce,Avocado,Garlic aioli,Tomatoes,,7,4,7,1000,0,1000,0,1,999,,,,,,,,,,,,,,,
,,,,,,,,,,,,,57958,2020-02-26_14h16.17.219,SandwichStudy,3.2.4,MacIntel,60,"[""space""]",[0.35900020599365234],1,0,80,68,1,79,Tomatoes,Mozzarella cheese,Spinach,Pesto,,,,,Steak,Bacon,American cheese,Tomatoes,Onions,Pickles,,,6,4,6,1000,0,1000,0,1,999,,,,,,,,,,,,,,,
,,,,,,,,,,,,,57958,2020-02-26_14h16.17.219,SandwichStudy,3.2.4,MacIntel,60,"[""space""]",[0.08899998664855957],1,0,80,68,1,79,Tomatoes,Mozzarella cheese,Spinach,Pesto,,,,,Steak,Bacon,American cheese,Tomatoes,Onions,Pickles,,,6,4,6,1000,0,1000,0,1,999,,,,,,,,,,,,,,,
,,,,,,,,,,,,,57958,2020-02-26_14h16.17.219,SandwichStudy,3.2.4,MacIntel,60,"[""space""]",[0.0560002326965332],1,0,80,68,1,79,Tomatoes,Mozzarella cheese,Spinach,Pesto,,,,,Steak,Bacon,American cheese,Tomatoes,Onions,Pickles,,,6,4,6,1000,0,1000,0,1,999,,,,,,,,,,,,,,,
,,,,,,,,,,,,,57958,2020-02-26_14h16.17.219,SandwichStudy,3.2.4,MacIntel,60,"[""a""]",[1.4640002250671387],1,0,80,68,1,79,Tomatoes,Mozzarella cheese,Spinach,Pesto,,,,,Steak,Bacon,American cheese,Tomatoes,Onions,Pickles,,,6,4,6,1000,0,1000,0,1,999,,,,,,,,,,,,,,,
,,,,,,,,,,,,,57958,2020-02-26_14h16.17.219,SandwichStudy,3.2.4,MacIntel,60,"[""space""]",[0.17600011825561523],1,0,80,16,1,79,Chicken,American cheese,Lettuce,Tomatoes,Mayonnaise,,,,Cheddar cheese,Avocado,Onions,Tomatoes,Mayonnaise,,,,5,5,5,1000,0,1000,0,1,999,,,,,,,,,,,,,,,
,,,,,,,,,,,,,57958,2020-02-26_14h16.17.219,SandwichStudy,3.2.4,MacIntel,60,"[""space""]",[1.6620001792907715],1,0,80,16,1,79,Chicken,American cheese,Lettuce,Tomatoes,Mayonnaise,,,,Cheddar cheese,Avocado,Onions,Tomatoes,Mayonnaise,,,,5,5,5,1000,0,1000,0,1,999,,,,,,,,,,,,,,,
,,,,,,,,,,,,,57958,2020-02-26_14h16.17.219,SandwichStudy,3.2.4,MacIntel,60,"[""space""]",[0.24699997901916504],1,0,80,16,1,79,Chicken,American cheese,Lettuce,Tomatoes,Mayonnaise,,,,Cheddar cheese,Avocado,Onions,Tomatoes,Mayonnaise,,,,5,5,5,1000,0,1000,0,1,999,,,,,,,,,,,,,,,
,,,,,,,,,,,,,57958,2020-02-26_14h16.17.219,SandwichStudy,3.2.4,MacIntel,60,"[""a""]",[0.9620001316070557],1,0,80,16,1,79,Chicken,American cheese,Lettuce,Tomatoes,Mayonnaise,,,,Cheddar cheese,Avocado,Onions,Tomatoes,Mayonnaise,,,,5,5,5,1000,0,1000,0,1,999,,,,,,,,,,,,,,,
,,,,,,,,,,,,,57958,2020-02-26_14h16.17.219,SandwichStudy,3.2.4,MacIntel,60,"[""space""]",[0.23600006103515625],1,0,80,20,1,79,Pastrami,Swiss cheese,Coleslaw,,,,,,Chicken,Bacon,Feta cheese,Bell peppers,Basil,Garlic aioli,,,6,3,6,1000,0,1000,0,1,999,,,,,,,,,,,,,,,
,,,,,,,,,,,,,57958,2020-02-26_14h16.17.219,SandwichStudy,3.2.4,MacIntel,60,"[""space""]",[0.046000003814697266],1,0,80,20,1,79,Pastrami,Swiss cheese,Coleslaw,,,,,,Chicken,Bacon,Feta cheese,Bell peppers,Basil,Garlic aioli,,,6,3,6,1000,0,1000,0,1,999,,,,,,,,,,,,,,,
,,,,,,,,,,,,,57958,2020-02-26_14h16.17.219,SandwichStudy,3.2.4,MacIntel,60,"[""space""]",[0.3600001335144043],1,0,80,20,1,79,Pastrami,Swiss cheese,Coleslaw,,,,,,Chicken,Bacon,Feta cheese,Bell peppers,Basil,Garlic aioli,,,6,3,6,1000,0,1000,0,1,999,,,,,,,,,,,,,,,
,,,,,,,,,,,,,57958,2020-02-26_14h16.17.219,SandwichStudy,3.2.4,MacIntel,60,"[""space""]",[0.44300007820129395],1,0,80,20,1,79,Pastrami,Swiss cheese,Coleslaw,,,,,,Chicken,Bacon,Feta cheese,Bell peppers,Basil,Garlic aioli,,,6,3,6,1000,0,1000,0,1,999,,,,,,,,,,,,,,,
,,,,,,,,,,,,,57958,2020-02-26_14h16.17.219,SandwichStudy,3.2.4,MacIntel,60,"[""space""]",[1.186000108718872],1,0,80,20,1,79,Pastrami,Swiss cheese,Coleslaw,,,,,,Chicken,Bacon,Feta cheese,Bell peppers,Basil,Garlic aioli,,,6,3,6,1000,0,1000,0,1,999,,,,,,,,,,,,,,,
,,,,,,,,,,,,,57958,2020-02-26_14h16.17.219,SandwichStudy,3.2.4,MacIntel,60,"[""l""]",[13.36900019645691],1,0,80,20,1,79,Pastrami,Swiss cheese,Coleslaw,,,,,,Chicken,Bacon,Feta cheese,Bell peppers,Basil,Garlic aioli,,,6,3,6,1000,0,1000,0,1,999,,,,,,,,,,,,,,,
,,,,,,,,,,,,,57958,2020-02-26_14h16.17.219,SandwichStudy,3.2.4,MacIntel,60,"[""space""]",[0.2870001792907715],1,0,80,59,1,79,Chicken,Ham,Cheddar cheese,Mayonnaise,,,,,Turkey,Garlic aioli,Bacon,Spinach,,,,,4,4,4,1000,0,1000,0,1,999,,,,,,,,,,,,,,,
,,,,,,,,,,,,,57958,2020-02-26_14h16.17.219,SandwichStudy,3.2.4,MacIntel,60,"[""space""]",[2.06000018119812],1,0,80,59,1,79,Chicken,Ham,Cheddar cheese,Mayonnaise,,,,,Turkey,Garlic aioli,Bacon,Spinach,,,,,4,4,4,1000,0,1000,0,1,999,,,,,,,,,,,,,,,
,,,,,,,,,,,,,57958,2020-02-26_14h16.17.219,SandwichStudy,3.2.4,MacIntel,60,"[""space""]",[0.3269999027252197],1,0,80,59,1,79,Chicken,Ham,Cheddar cheese,Mayonnaise,,,,,Turkey,Garlic aioli,Bacon,Spinach,,,,,4,4,4,1000,0,1000,0,1,999,,,,,,,,,,,,,,,
,,,,,,,,,,,,,57958,2020-02-26_14h16.17.219,SandwichStudy,3.2.4,MacIntel,60,"[""l""]",[3.4220001697540283],1,0,80,59,1,79,Chicken,Ham,Cheddar cheese,Mayonnaise,,,,,Turkey,Garlic aioli,Bacon,Spinach,,,,,4,4,4,1000,0,1000,0,1,999,,,,,,,,,,,,,,,
,,,,,,,,,,,,,57958,2020-02-26_14h16.17.219,SandwichStudy,3.2.4,MacIntel,60,"[""space""]",[0.026999950408935547],1,0,80,11,1,79,Pork,Ham,Swiss cheese,Pickles,Mustard,,,,Chicken,Bacon,Mustard,,,,,,5,5,3,1000,0,1000,0,1,999,,,,,,,,,,,,,,,
,,,,,,,,,,,,,57958,2020-02-26_14h16.17.219,SandwichStudy,3.2.4,MacIntel,60,"[""space""]",[0.16900014877319336],1,0,80,11,1,79,Pork,Ham,Swiss cheese,Pickles,Mustard,,,,Chicken,Bacon,Mustard,,,,,,5,5,3,1000,0,1000,0,1,999,,,,,,,,,,,,,,,
,,,,,,,,,,,,,57958,2020-02-26_14h16.17.219,SandwichStudy,3.2.4,MacIntel,60,"[""space""]",[0.04400014877319336],1,0,80,11,1,79,Pork,Ham,Swiss cheese,Pickles,Mustard,,,,Chicken,Bacon,Mustard,,,,,,5,5,3,1000,0,1000,0,1,999,,,,,,,,,,,,,,,
,,,,,,,,,,,,,57958,2020-02-26_14h16.17.219,SandwichStudy,3.2.4,MacIntel,60,"[""space""]",[0.2560000419616699],1,0,80,11,1,79,Pork,Ham,Swiss cheese,Pickles,Mustard,,,,Chicken,Bacon,Mustard,,,,,,5,5,3,1000,0,1000,0,1,999,,,,,,,,,,,,,,,
,,,,,,,,,,,,,57958,2020-02-26_14h16.17.219,SandwichStudy,3.2.4,MacIntel,60,"[""l""]",[1.7370002269744873],1,0,80,11,1,79,Pork,Ham,Swiss cheese,Pickles,Mustard,,,,Chicken,Bacon,Mustard,,,,,,5,5,3,1000,0,1000,0,1,999,,,,,,,,,,,,,,,
,,,,,,,,,,,,,57958,2020-02-26_14h16.17.219,SandwichStudy,3.2.4,MacIntel,60,"[""space""]",[0.36100006103515625],1,0,80,52,1,79,Cheddar cheese,Avocado,Onions,Tomatoes,Mayonnaise,,,,Bacon,Ham,Turkey,Mayonnaise,Cheddar cheese,Tomatoes,Spinach,Swiss cheese,8,5,8,1000,0,1000,0,1,999,,,,,,,,,,,,,,,
,,,,,,,,,,,,,57958,2020-02-26_14h16.17.219,SandwichStudy,3.2.4,MacIntel,60,"[""space""]",[0.2869999408721924],1,0,80,52,1,79,Cheddar cheese,Avocado,Onions,Tomatoes,Mayonnaise,,,,Bacon,Ham,Turkey,Mayonnaise,Cheddar cheese,Tomatoes,Spinach,Swiss cheese,8,5,8,1000,0,1000,0,1,999,,,,,,,,,,,,,,,
,,,,,,,,,,,,,57958,2020-02-26_14h16.17.219,SandwichStudy,3.2.4,MacIntel,60,"[""space""]",[0.30700016021728516],1,0,80,52,1,79,Cheddar cheese,Avocado,Onions,Tomatoes,Mayonnaise,,,,Bacon,Ham,Turkey,Mayonnaise,Cheddar cheese,Tomatoes,Spinach,Swiss cheese,8,5,8,1000,0,1000,0,1,999,,,,,,,,,,,,,,,
,,,,,,,,,,,,,57958,2020-02-26_14h16.17.219,SandwichStudy,3.2.4,MacIntel,60,"[""space""]",[0.35500001907348633],1,0,80,52,1,79,Cheddar cheese,Avocado,Onions,Tomatoes,Mayonnaise,,,,Bacon,Ham,Turkey,Mayonnaise,Cheddar cheese,Tomatoes,Spinach,Swiss cheese,8,5,8,1000,0,1000,0,1,999,,,,,,,,,,,,,,,
,,,,,,,,,,,,,57958,2020-02-26_14h16.17.219,SandwichStudy,3.2.4,MacIntel,60,"[""a""]",[0.8400001525878906],1,0,80,52,1,79,Cheddar cheese,Avocado,Onions,Tomatoes,Mayonnaise,,,,Bacon,Ham,Turkey,Mayonnaise,Cheddar cheese,Tomatoes,Spinach,Swiss cheese,8,5,8,1000,0,1000,0,1,999,,,,,,,,,,,,,,,
,,,,,,,,,,,,,57958,2020-02-26_14h16.17.219,SandwichStudy,3.2.4,MacIntel,60,"[""space""]",[0.08800005912780762],1,0,80,17,1,79,Salami,Roast beef,Turkey,Ham,Swiss cheese,Lettuce,Tomatoes,Mayonnaise,Chicken,Gouda cheese,Avocado,Basil,Bell peppers,Mayonnaise,,,8,8,6,1000,0,1000,0,1,999,,,,,,,,,,,,,,,
,,,,,,,,,,,,,57958,2020-02-26_14h16.17.219,SandwichStudy,3.2.4,MacIntel,60,"[""space""]",[0.1549999713897705],1,0,80,17,1,79,Salami,Roast beef,Turkey,Ham,Swiss cheese,Lettuce,Tomatoes,Mayonnaise,Chicken,Gouda cheese,Avocado,Basil,Bell peppers,Mayonnaise,,,8,8,6,1000,0,1000,0,1,999,,,,,,,,,,,,,,,
,,,,,,,,,,,,,57958,2020-02-26_14h16.17.219,SandwichStudy,3.2.4,MacIntel,60,"[""a""]",[0.812000036239624],1,0,80,17,1,79,Salami,Roast beef,Turkey,Ham,Swiss cheese,Lettuce,Tomatoes,Mayonnaise,Chicken,Gouda cheese,Avocado,Basil,Bell peppers,Mayonnaise,,,8,8,6,1000,0,1000,0,1,999,,,,,,,,,,,,,,,
,,,,,,,,,,,,,57958,2020-02-26_14h16.17.219,SandwichStudy,3.2.4,MacIntel,60,"[""space""]",[1.2450001239776611],1,0,80,57,1,79,Avocado,Spinach,Tomatoes,Swiss cheese,,,,,Chicken,Ham,Swiss cheese,Mayonnaise,Mustard,,,,5,4,5,1000,0,1000,0,1,999,,,,,,,,,,,,,,,
,,,,,,,,,,,,,57958,2020-02-26_14h16.17.219,SandwichStudy,3.2.4,MacIntel,60,"[""space""]",[0.17300009727478027],1,0,80,57,1,79,Avocado,Spinach,Tomatoes,Swiss cheese,,,,,Chicken,Ham,Swiss cheese,Mayonnaise,Mustard,,,,5,4,5,1000,0,1000,0,1,999,,,,,,,,,,,,,,,
,,,,,,,,,,,,,57958,2020-02-26_14h16.17.219,SandwichStudy,3.2.4,MacIntel,60,"[""space""]",[2.1389999389648438],1,0,80,57,1,79,Avocado,Spinach,Tomatoes,Swiss cheese,,,,,Chicken,Ham,Swiss cheese,Mayonnaise,Mustard,,,,5,4,5,1000,0,1000,0,1,999,,,,,,,,,,,,,,,
,,,,,,,,,,,,,57958,2020-02-26_14h16.17.219,SandwichStudy,3.2.4,MacIntel,60,"[""space""]",[0.7630000114440918],1,0,80,57,1,79,Avocado,Spinach,Tomatoes,Swiss cheese,,,,,Chicken,Ham,Swiss cheese,Mayonnaise,Mustard,,,,5,4,5,1000,0,1000,0,1,999,,,,,,,,,,,,,,,
,,,,,,,,,,,,,57958,2020-02-26_14h16.17.219,SandwichStudy,3.2.4,MacIntel,60,"[""l""]",[1.2110002040863037],1,0,80,57,1,79,Avocado,Spinach,Tomatoes,Swiss cheese,,,,,Chicken,Ham,Swiss cheese,Mayonnaise,Mustard,,,,5,4,5,1000,0,1000,0,1,999,,,,,,,,,,,,,,,
,,,,,,,,,,,,,57958,2020-02-26_14h16.17.219,SandwichStudy,3.2.4,MacIntel,60,"[""space""]",[0.562999963760376],1,0,80,1,1,79,Tomatoes,Mozzarella cheese,Spinach,Pesto,,,,,Ham,Swiss cheese,Mustard,,,,,,4,4,3,1000,0,1000,0,1,999,,,,,,,,,,,,,,,
,,,,,,,,,,,,,57958,2020-02-26_14h16.17.219,SandwichStudy,3.2.4,MacIntel,60,"[""space""]",[0.34200024604797363],1,0,80,1,1,79,Tomatoes,Mozzarella cheese,Spinach,Pesto,,,,,Ham,Swiss cheese,Mustard,,,,,,4,4,3,1000,0,1000,0,1,999,,,,,,,,,,,,,,,
,,,,,,,,,,,,,57958,2020-02-26_14h16.17.219,SandwichStudy,3.2.4,MacIntel,60,"[""space""]",[0.003000020980834961],1,0,80,1,1,79,Tomatoes,Mozzarella cheese,Spinach,Pesto,,,,,Ham,Swiss cheese,Mustard,,,,,,4,4,3,1000,0,1000,0,1,999,,,,,,,,,,,,,,,
,,,,,,,,,,,,,57958,2020-02-26_14h16.17.219,SandwichStudy,3.2.4,MacIntel,60,"[""space""]",[0.7440001964569092],1,0,80,1,1,79,Tomatoes,Mozzarella cheese,Spinach,Pesto,,,,,Ham,Swiss cheese,Mustard,,,,,,4,4,3,1000,0,1000,0,1,999,,,,,,,,,,,,,,,
,,,,,,,,,,,,,57958,2020-02-26_14h16.17.219,SandwichStudy,3.2.4,MacIntel,60,"[""space""]",[0.33500003814697266],1,0,80,1,1,79,Tomatoes,Mozzarella cheese,Spinach,Pesto,,,,,Ham,Swiss cheese,Mustard,,,,,,4,4,3,1000,0,1000,0,1,999,,,,,,,,,,,,,,,
,,,,,,,,,,,,,57958,2020-02-26_14h16.17.219,SandwichStudy,3.2.4,MacIntel,60,"[""l""]",[0.6820001602172852],1,0,80,1,1,79,Tomatoes,Mozzarella cheese,Spinach,Pesto,,,,,Ham,Swiss cheese,Mustard,,,,,,4,4,3,1000,0,1000,0,1,999,,,,,,,,,,,,,,,
,,,,,,,,,,,,,57958,2020-02-26_14h16.17.219,SandwichStudy,3.2.4,MacIntel,60,"[""space""]",[0.9300000667572021],1,0,80,78,1,79,Chicken,American cheese,Lettuce,Tomatoes,Mayonnaise,,,,Pastrami,Cheddar cheese,Mustard,Pickles,,,,,5,5,4,1000,0,1000,0,1,999,,,,,,,,,,,,,,,
,,,,,,,,,,,,,57958,2020-02-26_14h16.17.219,SandwichStudy,3.2.4,MacIntel,60,"[""space""]",[0.7139999866485596],1,0,80,78,1,79,Chicken,American cheese,Lettuce,Tomatoes,Mayonnaise,,,,Pastrami,Cheddar cheese,Mustard,Pickles,,,,,5,5,4,1000,0,1000,0,1,999,,,,,,,,,,,,,,,
,,,,,,,,,,,,,57958,2020-02-26_14h16.17.219,SandwichStudy,3.2.4,MacIntel,60,"[""space""]",[0.08999991416931152],1,0,80,78,1,79,Chicken,American cheese,Lettuce,Tomatoes,Mayonnaise,,,,Pastrami,Cheddar cheese,Mustard,Pickles,,,,,5,5,4,1000,0,1000,0,1,999,,,,,,,,,,,,,,,
,,,,,,,,,,,,,57958,2020-02-26_14h16.17.219,SandwichStudy,3.2.4,MacIntel,60,"[""space""]",[0.9070003032684326],1,0,80,78,1,79,Chicken,American cheese,Lettuce,Tomatoes,Mayonnaise,,,,Pastrami,Cheddar cheese,Mustard,Pickles,,,,,5,5,4,1000,0,1000,0,1,999,,,,,,,,,,,,,,,
,,,,,,,,,,,,,57958,2020-02-26_14h16.17.219,SandwichStudy,3.2.4,MacIntel,60,"[""l""]",[1.0529999732971191],1,0,80,78,1,79,Chicken,American cheese,Lettuce,Tomatoes,Mayonnaise,,,,Pastrami,Cheddar cheese,Mustard,Pickles,,,,,5,5,4,1000,0,1000,0,1,999,,,,,,,,,,,,,,,
,,,,,,,,,,,,,57958,2020-02-26_14h16.17.219,SandwichStudy,3.2.4,MacIntel,60,"[""space""]",[0.3810000419616699],1,0,80,47,1,79,Chicken,Cheddar cheese,Mayonnaise,,,,,,Turkey,Cheddar cheese,Coleslaw,Spinach,Mustard,,,,5,3,5,1000,0,1000,0,1,999,,,,,,,,,,,,,,,
,,,,,,,,,,,,,57958,2020-02-26_14h16.17.219,SandwichStudy,3.2.4,MacIntel,60,"[""space""]",[0.5130000114440918],1,0,80,47,1,79,Chicken,Cheddar cheese,Mayonnaise,,,,,,Turkey,Cheddar cheese,Coleslaw,Spinach,Mustard,,,,5,3,5,1000,0,1000,0,1,999,,,,,,,,,,,,,,,
,,,,,,,,,,,,,57958,2020-02-26_14h16.17.219,SandwichStudy,3.2.4,MacIntel,60,"[""space""]",[2.490000009536743],1,0,80,47,1,79,Chicken,Cheddar cheese,Mayonnaise,,,,,,Turkey,Cheddar cheese,Coleslaw,Spinach,Mustard,,,,5,3,5,1000,0,1000,0,1,999,,,,,,,,,,,,,,,
,,,,,,,,,,,,,57958,2020-02-26_14h16.17.219,SandwichStudy,3.2.4,MacIntel,60,"[""l""]",[3.0290002822875977],1,0,80,47,1,79,Chicken,Cheddar cheese,Mayonnaise,,,,,,Turkey,Cheddar cheese,Coleslaw,Spinach,Mustard,,,,5,3,5,1000,0,1000,0,1,999,,,,,,,,,,,,,,,
,,,,,,,,,,,,,57958,2020-02-26_14h16.17.219,SandwichStudy,3.2.4,MacIntel,60,"[""space""]",[0.24500012397766113],1,0,80,21,1,79,Chicken,Ham,Cheddar cheese,Mayonnaise,,,,,Turkey,Bacon,Avocado,Provolone cheese,Lettuce,Tomatoes,Onions,Ranch dressing,8,4,8,1000,0,1000,0,1,999,,,,,,,,,,,,,,,
,,,,,,,,,,,,,57958,2020-02-26_14h16.17.219,SandwichStudy,3.2.4,MacIntel,60,"[""space""]",[0.35199999809265137],1,0,80,21,1,79,Chicken,Ham,Cheddar cheese,Mayonnaise,,,,,Turkey,Bacon,Avocado,Provolone cheese,Lettuce,Tomatoes,Onions,Ranch dressing,8,4,8,1000,0,1000,0,1,999,,,,,,,,,,,,,,,
,,,,,,,,,,,,,57958,2020-02-26_14h16.17.219,SandwichStudy,3.2.4,MacIntel,60,"[""space""]",[0.3040001392364502],1,0,80,21,1,79,Chicken,Ham,Cheddar cheese,Mayonnaise,,,,,Turkey,Bacon,Avocado,Provolone cheese,Lettuce,Tomatoes,Onions,Ranch dressing,8,4,8,1000,0,1000,0,1,999,,,,,,,,,,,,,,,
,,,,,,,,,,,,,57958,2020-02-26_14h16.17.219,SandwichStudy,3.2.4,MacIntel,60,"[""space""]",[0.47100019454956055],1,0,80,21,1,79,Chicken,Ham,Cheddar cheese,Mayonnaise,,,,,Turkey,Bacon,Avocado,Provolone cheese,Lettuce,Tomatoes,Onions,Ranch dressing,8,4,8,1000,0,1000,0,1,999,,,,,,,,,,,,,,,
,,,,,,,,,,,,,57958,2020-02-26_14h16.17.219,SandwichStudy,3.2.4,MacIntel,60,"[""a""]",[5.628999948501587],1,0,80,21,1,79,Chicken,Ham,Cheddar cheese,Mayonnaise,,,,,Turkey,Bacon,Avocado,Provolone cheese,Lettuce,Tomatoes,Onions,Ranch dressing,8,4,8,1000,0,1000,0,1,999,,,,,,,,,,,,,,,
,,,,,,,,,,,,,57958,2020-02-26_14h16.17.219,SandwichStudy,3.2.4,MacIntel,60,"[""space""]",[0.023000001907348633],1,0,80,72,1,79,Chicken,Mozzarella cheese,Tomatoes,Onions,Basil,Mayonnaise,,,Chicken,American cheese,Coleslaw,Tomatoes,Pickles,Mayonnaise,,,6,6,6,1000,0,1000,0,1,999,,,,,,,,,,,,,,,
,,,,,,,,,,,,,57958,2020-02-26_14h16.17.219,SandwichStudy,3.2.4,MacIntel,60,"[""space""]",[0.3940000534057617],1,0,80,72,1,79,Chicken,Mozzarella cheese,Tomatoes,Onions,Basil,Mayonnaise,,,Chicken,American cheese,Coleslaw,Tomatoes,Pickles,Mayonnaise,,,6,6,6,1000,0,1000,0,1,999,,,,,,,,,,,,,,,
,,,,,,,,,,,,,57958,2020-02-26_14h16.17.219,SandwichStudy,3.2.4,MacIntel,60,"[""a""]",[6.464000225067139],1,0,80,72,1,79,Chicken,Mozzarella cheese,Tomatoes,Onions,Basil,Mayonnaise,,,Chicken,American cheese,Coleslaw,Tomatoes,Pickles,Mayonnaise,,,6,6,6,1000,0,1000,0,1,999,,,,,,,,,,,,,,,
,,,,,,,,,,,,,57958,2020-02-26_14h16.17.219,SandwichStudy,3.2.4,MacIntel,60,"[""space""]",[0.3060002326965332],1,0,80,29,1,79,Turkey,Garlic aioli,Bacon,Spinach,,,,,Chicken,Mayonnaise,Cheddar cheese,,,,,,4,4,3,1000,0,1000,0,1,999,,,,,,,,,,,,,,,
,,,,,,,,,,,,,57958,2020-02-26_14h16.17.219,SandwichStudy,3.2.4,MacIntel,60,"[""space""]",[0.023000240325927734],1,0,80,29,1,79,Turkey,Garlic aioli,Bacon,Spinach,,,,,Chicken,Mayonnaise,Cheddar cheese,,,,,,4,4,3,1000,0,1000,0,1,999,,,,,,,,,,,,,,,
,,,,,,,,,,,,,57958,2020-02-26_14h16.17.219,SandwichStudy,3.2.4,MacIntel,60,"[""space""]",[0.4630002975463867],1,0,80,29,1,79,Turkey,Garlic aioli,Bacon,Spinach,,,,,Chicken,Mayonnaise,Cheddar cheese,,,,,,4,4,3,1000,0,1000,0,1,999,,,,,,,,,,,,,,,
,,,,,,,,,,,,,57958,2020-02-26_14h16.17.219,SandwichStudy,3.2.4,MacIntel,60,"[""a""]",[1.5929999351501465],1,0,80,29,1,79,Turkey,Garlic aioli,Bacon,Spinach,,,,,Chicken,Mayonnaise,Cheddar cheese,,,,,,4,4,3,1000,0,1000,0,1,999,,,,,,,,,,,,,,,
,,,,,,,,,,,,,57958,2020-02-26_14h16.17.219,SandwichStudy,3.2.4,MacIntel,60,"[""space""]",[0.23600006103515625],1,0,80,43,1,79,Meatballs,Provolone cheese,Onions,Marinara sauce,,,,,Chicken,Mozzarella cheese,Tomatoes,Pesto,Spinach,,,,5,4,5,1000,0,1000,0,1,999,,,,,,,,,,,,,,,
,,,,,,,,,,,,,57958,2020-02-26_14h16.17.219,SandwichStudy,3.2.4,MacIntel,60,"[""space""]",[0.0690000057220459],1,0,80,43,1,79,Meatballs,Provolone cheese,Onions,Marinara sauce,,,,,Chicken,Mozzarella cheese,Tomatoes,Pesto,Spinach,,,,5,4,5,1000,0,1000,0,1,999,,,,,,,,,,,,,,,
,,,,,,,,,,,,,57958,2020-02-26_14h16.17.219,SandwichStudy,3.2.4,MacIntel,60,"[""space""]",[0.37800025939941406],1,0,80,43,1,79,Meatballs,Provolone cheese,Onions,Marinara sauce,,,,,Chicken,Mozzarella cheese,Tomatoes,Pesto,Spinach,,,,5,4,5,1000,0,1000,0,1,999,,,,,,,,,,,,,,,
,,,,,,,,,,,,,57958,2020-02-26_14h16.17.219,SandwichStudy,3.2.4,MacIntel,60,"[""space""]",[1.2980000972747803],1,0,80,43,1,79,Meatballs,Provolone cheese,Onions,Marinara sauce,,,,,Chicken,Mozzarella cheese,Tomatoes,Pesto,Spinach,,,,5,4,5,1000,0,1000,0,1,999,,,,,,,,,,,,,,,
,,,,,,,,,,,,,57958,2020-02-26_14h16.17.219,SandwichStudy,3.2.4,MacIntel,60,"[""space""]",[4.336999893188477],1,0,80,43,1,79,Meatballs,Provolone cheese,Onions,Marinara sauce,,,,,Chicken,Mozzarella cheese,Tomatoes,Pesto,Spinach,,,,5,4,5,1000,0,1000,0,1,999,,,,,,,,,,,,,,,
,,,,,,,,,,,,,57958,2020-02-26_14h16.17.219,SandwichStudy,3.2.4,MacIntel,60,"[""a""]",[0.559999942779541],1,0,80,43,1,79,Meatballs,Provolone cheese,Onions,Marinara sauce,,,,,Chicken,Mozzarella cheese,Tomatoes,Pesto,Spinach,,,,5,4,5,1000,0,1000,0,1,999,,,,,,,,,,,,,,,
,,,,,,,,,,,,,57958,2020-02-26_14h16.17.219,SandwichStudy,3.2.4,MacIntel,60,"[""space""]",[0.38500022888183594],1,0,80,55,1,79,Roast beef,Turkey,Pastrami,Mayonnaise,Provolone cheese,,,,Ham,Swiss cheese,Spinach,Mustard,,,,,5,5,4,1000,0,1000,0,1,999,,,,,,,,,,,,,,,
,,,,,,,,,,,,,57958,2020-02-26_14h16.17.219,SandwichStudy,3.2.4,MacIntel,60,"[""space""]",[0.5440001487731934],1,0,80,55,1,79,Roast beef,Turkey,Pastrami,Mayonnaise,Provolone cheese,,,,Ham,Swiss cheese,Spinach,Mustard,,,,,5,5,4,1000,0,1000,0,1,999,,,,,,,,,,,,,,,
,,,,,,,,,,,,,57958,2020-02-26_14h16.17.219,SandwichStudy,3.2.4,MacIntel,60,"[""space""]",[0.04399991035461426],1,0,80,55,1,79,Roast beef,Turkey,Pastrami,Mayonnaise,Provolone cheese,,,,Ham,Swiss cheese,Spinach,Mustard,,,,,5,5,4,1000,0,1000,0,1,999,,,,,,,,,,,,,,,
,,,,,,,,,,,,,57958,2020-02-26_14h16.17.219,SandwichStudy,3.2.4,MacIntel,60,"[""space""]",[0.2720000743865967],1,0,80,55,1,79,Roast beef,Turkey,Pastrami,Mayonnaise,Provolone cheese,,,,Ham,Swiss cheese,Spinach,Mustard,,,,,5,5,4,1000,0,1000,0,1,999,,,,,,,,,,,,,,,
,,,,,,,,,,,,,57958,2020-02-26_14h16.17.219,SandwichStudy,3.2.4,MacIntel,60,"[""a""]",[1.371000051498413],1,0,80,55,1,79,Roast beef,Turkey,Pastrami,Mayonnaise,Provolone cheese,,,,Ham,Swiss cheese,Spinach,Mustard,,,,,5,5,4,1000,0,1000,0,1,999,,,,,,,,,,,,,,,
,,,,,,,,,,,,,57958,2020-02-26_14h16.17.219,SandwichStudy,3.2.4,MacIntel,60,"[""space""]",[0.256000280380249],1,0,80,36,1,79,Chicken,Bell peppers,Bacon,Provolone cheese,Ranch dressing,Lettuce,Tomatoes,,Pastrami,Cheddar cheese,Mustard,Pickles,,,,,7,7,4,1000,0,1000,0,1,999,,,,,,,,,,,,,,,
,,,,,,,,,,,,,57958,2020-02-26_14h16.17.219,SandwichStudy,3.2.4,MacIntel,60,"[""space""]",[0.006000041961669922],1,0,80,36,1,79,Chicken,Bell peppers,Bacon,Provolone cheese,Ranch dressing,Lettuce,Tomatoes,,Pastrami,Cheddar cheese,Mustard,Pickles,,,,,7,7,4,1000,0,1000,0,1,999,,,,,,,,,,,,,,,
,,,,,,,,,,,,,57958,2020-02-26_14h16.17.219,SandwichStudy,3.2.4,MacIntel,60,"[""space""]",[0.5780000686645508],1,0,80,36,1,79,Chicken,Bell peppers,Bacon,Provolone cheese,Ranch dressing,Lettuce,Tomatoes,,Pastrami,Cheddar cheese,Mustard,Pickles,,,,,7,7,4,1000,0,1000,0,1,999,,,,,,,,,,,,,,,
,,,,,,,,,,,,,57958,2020-02-26_14h16.17.219,SandwichStudy,3.2.4,MacIntel,60,"[""a""]",[5.062999963760376],1,0,80,36,1,79,Chicken,Bell peppers,Bacon,Provolone cheese,Ranch dressing,Lettuce,Tomatoes,,Pastrami,Cheddar cheese,Mustard,Pickles,,,,,7,7,4,1000,0,1000,0,1,999,,,,,,,,,,,,,,,
,,,,,,,,,,,,,57958,2020-02-26_14h16.17.219,SandwichStudy,3.2.4,MacIntel,60,"[""space""]",[0.254000186920166],1,0,80,51,1,79,Turkey,Provolone cheese,Pesto,Bell peppers,,,,,Swiss cheese,Provolone cheese,Bell peppers,Tomatoes,Onions,,,,5,4,5,1000,0,1000,0,1,999,,,,,,,,,,,,,,,
,,,,,,,,,,,,,57958,2020-02-26_14h16.17.219,SandwichStudy,3.2.4,MacIntel,60,"[""space""]",[0.437000036239624],1,0,80,51,1,79,Turkey,Provolone cheese,Pesto,Bell peppers,,,,,Swiss cheese,Provolone cheese,Bell peppers,Tomatoes,Onions,,,,5,4,5,1000,0,1000,0,1,999,,,,,,,,,,,,,,,
,,,,,,,,,,,,,57958,2020-02-26_14h16.17.219,SandwichStudy,3.2.4,MacIntel,60,"[""space""]",[0.1100001335144043],1,0,80,51,1,79,Turkey,Provolone cheese,Pesto,Bell peppers,,,,,Swiss cheese,Provolone cheese,Bell peppers,Tomatoes,Onions,,,,5,4,5,1000,0,1000,0,1,999,,,,,,,,,,,,,,,
,,,,,,,,,,,,,57958,2020-02-26_14h16.17.219,SandwichStudy,3.2.4,MacIntel,60,"[""space""]",[1.4780001640319824],1,0,80,51,1,79,Turkey,Provolone cheese,Pesto,Bell peppers,,,,,Swiss cheese,Provolone cheese,Bell peppers,Tomatoes,Onions,,,,5,4,5,1000,0,1000,0,1,999,,,,,,,,,,,,,,,
,,,,,,,,,,,,,57958,2020-02-26_14h16.17.219,SandwichStudy,3.2.4,MacIntel,60,"[""l""]",[0.9790000915527344],1,0,80,51,1,79,Turkey,Provolone cheese,Pesto,Bell peppers,,,,,Swiss cheese,Provolone cheese,Bell peppers,Tomatoes,Onions,,,,5,4,5,1000,0,1000,0,1,999,,,,,,,,,,,,,,,
,,,,,,,,,,,,,57958,2020-02-26_14h16.17.219,SandwichStudy,3.2.4,MacIntel,60,"[""space""]",[0.08899998664855957],1,0,80,7,1,79,Mozzarella cheese,Bell peppers,Pesto,Spinach,,,,,Ham,Lettuce,Tomatoes,Mayonnaise,Mustard,,,,5,4,5,1000,0,1000,0,1,999,,,,,,,,,,,,,,,
,,,,,,,,,,,,,57958,2020-02-26_14h16.17.219,SandwichStudy,3.2.4,MacIntel,60,"[""space""]",[0.009999990463256836],1,0,80,7,1,79,Mozzarella cheese,Bell peppers,Pesto,Spinach,,,,,Ham,Lettuce,Tomatoes,Mayonnaise,Mustard,,,,5,4,5,1000,0,1000,0,1,999,,,,,,,,,,,,,,,
,,,,,,,,,,,,,57958,2020-02-26_14h16.17.219,SandwichStudy,3.2.4,MacIntel,60,"[""space""]",[0.21200013160705566],1,0,80,7,1,79,Mozzarella cheese,Bell peppers,Pesto,Spinach,,,,,Ham,Lettuce,Tomatoes,Mayonnaise,Mustard,,,,5,4,5,1000,0,1000,0,1,999,,,,,,,,,,,,,,,
,,,,,,,,,,,,,57958,2020-02-26_14h16.17.219,SandwichStudy,3.2.4,MacIntel,60,"[""space""]",[20.934000253677368],1,0,80,7,1,79,Mozzarella cheese,Bell peppers,Pesto,Spinach,,,,,Ham,Lettuce,Tomatoes,Mayonnaise,Mustard,,,,5,4,5,1000,0,1000,0,1,999,,,,,,,,,,,,,,,
,,,,,,,,,,,,,57958,2020-02-26_14h16.17.219,SandwichStudy,3.2.4,MacIntel,60,"[""l""]",[6.210999965667725],1,0,80,7,1,79,Mozzarella cheese,Bell peppers,Pesto,Spinach,,,,,Ham,Lettuce,Tomatoes,Mayonnaise,Mustard,,,,5,4,5,1000,0,1000,0,1,999,,,,,,,,,,,,,,,
,,,,,,,,,,,,,57958,2020-02-26_14h16.17.219,SandwichStudy,3.2.4,MacIntel,60,"[""space""]",[0.3940000534057617],1,0,80,58,1,79,Chicken,Mayonnaise,Cheddar cheese,,,,,,Steak,Onions,Bell peppers,Provolone cheese,,,,,4,3,4,1000,0,1000,0,1,999,,,,,,,,,,,,,,,
,,,,,,,,,,,,,57958,2020-02-26_14h16.17.219,SandwichStudy,3.2.4,MacIntel,60,"[""space""]",[0.06400012969970703],1,0,80,58,1,79,Chicken,Mayonnaise,Cheddar cheese,,,,,,Steak,Onions,Bell peppers,Provolone cheese,,,,,4,3,4,1000,0,1000,0,1,999,,,,,,,,,,,,,,,
,,,,,,,,,,,,,57958,2020-02-26_14h16.17.219,SandwichStudy,3.2.4,MacIntel,60,"[""space""]",[1.3480000495910645],1,0,80,58,1,79,Chicken,Mayonnaise,Cheddar cheese,,,,,,Steak,Onions,Bell peppers,Provolone cheese,,,,,4,3,4,1000,0,1000,0,1,999,,,,,,,,,,,,,,,
,,,,,,,,,,,,,57958,2020-02-26_14h16.17.219,SandwichStudy,3.2.4,MacIntel,60,"[""a""]",[4.67300009727478],1,0,80,58,1,79,Chicken,Mayonnaise,Cheddar cheese,,,,,,Steak,Onions,Bell peppers,Provolone cheese,,,,,4,3,4,1000,0,1000,0,1,999,,,,,,,,,,,,,,,
,,,,,,,,,,,,,57958,2020-02-26_14h16.17.219,SandwichStudy,3.2.4,MacIntel,60,"[""space""]",[0.0559999942779541],1,0,80,13,1,79,Chicken,Garlic aioli,Pickles,Cucumbers,Jalapenos,Basil,,,Roast beef,Bacon,Turkey,Mayonnaise,,,,,6,6,4,1000,0,1000,0,1,999,,,,,,,,,,,,,,,
,,,,,,,,,,,,,57958,2020-02-26_14h16.17.219,SandwichStudy,3.2.4,MacIntel,60,"[""space""]",[0.10299992561340332],1,0,80,13,1,79,Chicken,Garlic aioli,Pickles,Cucumbers,Jalapenos,Basil,,,Roast beef,Bacon,Turkey,Mayonnaise,,,,,6,6,4,1000,0,1000,0,1,999,,,,,,,,,,,,,,,
,,,,,,,,,,,,,57958,2020-02-26_14h16.17.219,SandwichStudy,3.2.4,MacIntel,60,"[""space""]",[0.45200014114379883],1,0,80,13,1,79,Chicken,Garlic aioli,Pickles,Cucumbers,Jalapenos,Basil,,,Roast beef,Bacon,Turkey,Mayonnaise,,,,,6,6,4,1000,0,1000,0,1,999,,,,,,,,,,,,,,,
,,,,,,,,,,,,,57958,2020-02-26_14h16.17.219,SandwichStudy,3.2.4,MacIntel,60,"[""space""]",[2.818000078201294],1,0,80,13,1,79,Chicken,Garlic aioli,Pickles,Cucumbers,Jalapenos,Basil,,,Roast beef,Bacon,Turkey,Mayonnaise,,,,,6,6,4,1000,0,1000,0,1,999,,,,,,,,,,,,,,,
,,,,,,,,,,,,,57958,2020-02-26_14h16.17.219,SandwichStudy,3.2.4,MacIntel,60,"[""space""]",[0.5060000419616699],1,0,80,13,1,79,Chicken,Garlic aioli,Pickles,Cucumbers,Jalapenos,Basil,,,Roast beef,Bacon,Turkey,Mayonnaise,,,,,6,6,4,1000,0,1000,0,1,999,,,,,,,,,,,,,,,
,,,,,,,,,,,,,57958,2020-02-26_14h16.17.219,SandwichStudy,3.2.4,MacIntel,60,"[""l""]",[7.854000091552734],1,0,80,13,1,79,Chicken,Garlic aioli,Pickles,Cucumbers,Jalapenos,Basil,,,Roast beef,Bacon,Turkey,Mayonnaise,,,,,6,6,4,1000,0,1000,0,1,999,,,,,,,,,,,,,,,
,,,,,,,,,,,,,57958,2020-02-26_14h16.17.219,SandwichStudy,3.2.4,MacIntel,60,"[""space""]",[0.4780001640319824],1,0,80,60,1,79,Chicken,Swiss cheese,Lettuce,Tomatoes,Onions,,,,Chicken,Cheddar cheese,Lettuce,Garlic aioli,Swiss cheese,Tomatoes,,,6,5,6,1000,0,1000,0,1,999,,,,,,,,,,,,,,,
,,,,,,,,,,,,,57958,2020-02-26_14h16.17.219,SandwichStudy,3.2.4,MacIntel,60,"[""space""]",[0.5090000629425049],1,0,80,60,1,79,Chicken,Swiss cheese,Lettuce,Tomatoes,Onions,,,,Chicken,Cheddar cheese,Lettuce,Garlic aioli,Swiss cheese,Tomatoes,,,6,5,6,1000,0,1000,0,1,999,,,,,,,,,,,,,,,
,,,,,,,,,,,,,57958,2020-02-26_14h16.17.219,SandwichStudy,3.2.4,MacIntel,60,"[""space""]",[0.1700000762939453],1,0,80,60,1,79,Chicken,Swiss cheese,Lettuce,Tomatoes,Onions,,,,Chicken,Cheddar cheese,Lettuce,Garlic aioli,Swiss cheese,Tomatoes,,,6,5,6,1000,0,1000,0,1,999,,,,,,,,,,,,,,,
,,,,,,,,,,,,,57958,2020-02-26_14h16.17.219,SandwichStudy,3.2.4,MacIntel,60,"[""space""]",[1.561000108718872],1,0,80,60,1,79,Chicken,Swiss cheese,Lettuce,Tomatoes,Onions,,,,Chicken,Cheddar cheese,Lettuce,Garlic aioli,Swiss cheese,Tomatoes,,,6,5,6,1000,0,1000,0,1,999,,,,,,,,,,,,,,,
,,,,,,,,,,,,,57958,2020-02-26_14h16.17.219,SandwichStudy,3.2.4,MacIntel,60,"[""space""]",[0.3280000686645508],1,0,80,60,1,79,Chicken,Swiss cheese,Lettuce,Tomatoes,Onions,,,,Chicken,Cheddar cheese,Lettuce,Garlic aioli,Swiss cheese,Tomatoes,,,6,5,6,1000,0,1000,0,1,999,,,,,,,,,,,,,,,
,,,,,,,,,,,,,57958,2020-02-26_14h16.17.219,SandwichStudy,3.2.4,MacIntel,60,"[""l""]",[4.128000020980835],1,0,80,60,1,79,Chicken,Swiss cheese,Lettuce,Tomatoes,Onions,,,,Chicken,Cheddar cheese,Lettuce,Garlic aioli,Swiss cheese,Tomatoes,,,6,5,6,1000,0,1000,0,1,999,,,,,,,,,,,,,,,
,,,,,,,,,,,,,57958,2020-02-26_14h16.17.219,SandwichStudy,3.2.4,MacIntel,60,"[""space""]",[0.4519999027252197],1,0,80,79,1,79,Salami,Roast beef,Turkey,Ham,Swiss cheese,Lettuce,Tomatoes,Mayonnaise,Turkey,Cheddar cheese,Mayonnaise,,,,,,8,8,3,1000,0,1000,0,1,999,,,,,,,,,,,,,,,
,,,,,,,,,,,,,57958,2020-02-26_14h16.17.219,SandwichStudy,3.2.4,MacIntel,60,"[""space""]",[0.8880000114440918],1,0,80,79,1,79,Salami,Roast beef,Turkey,Ham,Swiss cheese,Lettuce,Tomatoes,Mayonnaise,Turkey,Cheddar cheese,Mayonnaise,,,,,,8,8,3,1000,0,1000,0,1,999,,,,,,,,,,,,,,,
,,,,,,,,,,,,,57958,2020-02-26_14h16.17.219,SandwichStudy,3.2.4,MacIntel,60,"[""space""]",[0.4609999656677246],1,0,80,79,1,79,Salami,Roast beef,Turkey,Ham,Swiss cheese,Lettuce,Tomatoes,Mayonnaise,Turkey,Cheddar cheese,Mayonnaise,,,,,,8,8,3,1000,0,1000,0,1,999,,,,,,,,,,,,,,,
,,,,,,,,,,,,,57958,2020-02-26_14h16.17.219,SandwichStudy,3.2.4,MacIntel,60,"[""l""]",[7.070000171661377],1,0,80,79,1,79,Salami,Roast beef,Turkey,Ham,Swiss cheese,Lettuce,Tomatoes,Mayonnaise,Turkey,Cheddar cheese,Mayonnaise,,,,,,8,8,3,1000,0,1000,0,1,999,,,,,,,,,,,,,,,
,,,,,,,,,,,,,57958,2020-02-26_14h16.17.219,SandwichStudy,3.2.4,MacIntel,60,"[""space""]",[0.28600001335144043],1,0,80,61,1,79,Pork,Cucumbers,Pickles,Jalapenos,Basil,Mayonnaise,,,Turkey,Cheddar cheese,Bacon,,,,,,6,6,3,1000,0,1000,0,1,999,,,,,,,,,,,,,,,
,,,,,,,,,,,,,57958,2020-02-26_14h16.17.219,SandwichStudy,3.2.4,MacIntel,60,"[""space""]",[0.3430001735687256],1,0,80,61,1,79,Pork,Cucumbers,Pickles,Jalapenos,Basil,Mayonnaise,,,Turkey,Cheddar cheese,Bacon,,,,,,6,6,3,1000,0,1000,0,1,999,,,,,,,,,,,,,,,
,,,,,,,,,,,,,57958,2020-02-26_14h16.17.219,SandwichStudy,3.2.4,MacIntel,60,"[""space""]",[0.11899995803833008],1,0,80,61,1,79,Pork,Cucumbers,Pickles,Jalapenos,Basil,Mayonnaise,,,Turkey,Cheddar cheese,Bacon,,,,,,6,6,3,1000,0,1000,0,1,999,,,,,,,,,,,,,,,
,,,,,,,,,,,,,57958,2020-02-26_14h16.17.219,SandwichStudy,3.2.4,MacIntel,60,"[""space""]",[0.18000006675720215],1,0,80,61,1,79,Pork,Cucumbers,Pickles,Jalapenos,Basil,Mayonnaise,,,Turkey,Cheddar cheese,Bacon,,,,,,6,6,3,1000,0,1000,0,1,999,,,,,,,,,,,,,,,
,,,,,,,,,,,,,57958,2020-02-26_14h16.17.219,SandwichStudy,3.2.4,MacIntel,60,"[""space""]",[1.7120001316070557],1,0,80,61,1,79,Pork,Cucumbers,Pickles,Jalapenos,Basil,Mayonnaise,,,Turkey,Cheddar cheese,Bacon,,,,,,6,6,3,1000,0,1000,0,1,999,,,,,,,,,,,,,,,
,,,,,,,,,,,,,57958,2020-02-26_14h16.17.219,SandwichStudy,3.2.4,MacIntel,60,"[""a""]",[0.09300017356872559],1,0,80,61,1,79,Pork,Cucumbers,Pickles,Jalapenos,Basil,Mayonnaise,,,Turkey,Cheddar cheese,Bacon,,,,,,6,6,3,1000,0,1000,0,1,999,,,,,,,,,,,,,,,
,,,,,,,,,,,,,57958,2020-02-26_14h16.17.219,SandwichStudy,3.2.4,MacIntel,60,"[""space""]",[0.442000150680542],1,0,80,53,1,79,Turkey,Avocado,Mayonnaise,,,,,,Ham,Pork,Swiss cheese,Mustard,Pickles,,,,5,3,5,1000,0,1000,0,1,999,,,,,,,,,,,,,,,
,,,,,,,,,,,,,57958,2020-02-26_14h16.17.219,SandwichStudy,3.2.4,MacIntel,60,"[""space""]",[0.0280001163482666],1,0,80,53,1,79,Turkey,Avocado,Mayonnaise,,,,,,Ham,Pork,Swiss cheese,Mustard,Pickles,,,,5,3,5,1000,0,1000,0,1,999,,,,,,,,,,,,,,,
,,,,,,,,,,,,,57958,2020-02-26_14h16.17.219,SandwichStudy,3.2.4,MacIntel,60,"[""space""]",[0.2690000534057617],1,0,80,53,1,79,Turkey,Avocado,Mayonnaise,,,,,,Ham,Pork,Swiss cheese,Mustard,Pickles,,,,5,3,5,1000,0,1000,0,1,999,,,,,,,,,,,,,,,
,,,,,,,,,,,,,57958,2020-02-26_14h16.17.219,SandwichStudy,3.2.4,MacIntel,60,"[""space""]",[0.19700002670288086],1,0,80,53,1,79,Turkey,Avocado,Mayonnaise,,,,,,Ham,Pork,Swiss cheese,Mustard,Pickles,,,,5,3,5,1000,0,1000,0,1,999,,,,,,,,,,,,,,,
,,,,,,,,,,,,,57958,2020-02-26_14h16.17.219,SandwichStudy,3.2.4,MacIntel,60,"[""l""]",[0.505000114440918],1,0,80,53,1,79,Turkey,Avocado,Mayonnaise,,,,,,Ham,Pork,Swiss cheese,Mustard,Pickles,,,,5,3,5,1000,0,1000,0,1,999,,,,,,,,,,,,,,,
,,,,,,,,,,,,,57958,2020-02-26_14h16.17.219,SandwichStudy,3.2.4,MacIntel,60,"[""space""]",[0.3380000591278076],1,0,80,33,1,79,Bacon,Ham,Turkey,Mayonnaise,Mustard,Cheddar cheese,Tomatoes,Spinach,Turkey,Avocado,Bacon,Garlic aioli,Tomatoes,Spinach,Onions,,8,8,7,1000,0,1000,0,1,999,,,,,,,,,,,,,,,
,,,,,,,,,,,,,57958,2020-02-26_14h16.17.219,SandwichStudy,3.2.4,MacIntel,60,"[""space""]",[0.3040001392364502],1,0,80,33,1,79,Bacon,Ham,Turkey,Mayonnaise,Mustard,Cheddar cheese,Tomatoes,Spinach,Turkey,Avocado,Bacon,Garlic aioli,Tomatoes,Spinach,Onions,,8,8,7,1000,0,1000,0,1,999,,,,,,,,,,,,,,,
,,,,,,,,,,,,,57958,2020-02-26_14h16.17.219,SandwichStudy,3.2.4,MacIntel,60,"[""space""]",[0.5360002517700195],1,0,80,33,1,79,Bacon,Ham,Turkey,Mayonnaise,Mustard,Cheddar cheese,Tomatoes,Spinach,Turkey,Avocado,Bacon,Garlic aioli,Tomatoes,Spinach,Onions,,8,8,7,1000,0,1000,0,1,999,,,,,,,,,,,,,,,
,,,,,,,,,,,,,57958,2020-02-26_14h16.17.219,SandwichStudy,3.2.4,MacIntel,60,"[""space""]",[0.7860000133514404],1,0,80,33,1,79,Bacon,Ham,Turkey,Mayonnaise,Mustard,Cheddar cheese,Tomatoes,Spinach,Turkey,Avocado,Bacon,Garlic aioli,Tomatoes,Spinach,Onions,,8,8,7,1000,0,1000,0,1,999,,,,,,,,,,,,,,,
,,,,,,,,,,,,,57958,2020-02-26_14h16.17.219,SandwichStudy,3.2.4,MacIntel,60,"[""space""]",[2.126000165939331],1,0,80,33,1,79,Bacon,Ham,Turkey,Mayonnaise,Mustard,Cheddar cheese,Tomatoes,Spinach,Turkey,Avocado,Bacon,Garlic aioli,Tomatoes,Spinach,Onions,,8,8,7,1000,0,1000,0,1,999,,,,,,,,,,,,,,,
,,,,,,,,,,,,,57958,2020-02-26_14h16.17.219,SandwichStudy,3.2.4,MacIntel,60,"[""space""]",[2.5530002117156982],1,0,80,33,1,79,Bacon,Ham,Turkey,Mayonnaise,Mustard,Cheddar cheese,Tomatoes,Spinach,Turkey,Avocado,Bacon,Garlic aioli,Tomatoes,Spinach,Onions,,8,8,7,1000,0,1000,0,1,999,,,,,,,,,,,,,,,
,,,,,,,,,,,,,57958,2020-02-26_14h16.17.219,SandwichStudy,3.2.4,MacIntel,60,"[""space""]",[0.4550001621246338],1,0,80,33,1,79,Bacon,Ham,Turkey,Mayonnaise,Mustard,Cheddar cheese,Tomatoes,Spinach,Turkey,Avocado,Bacon,Garlic aioli,Tomatoes,Spinach,Onions,,8,8,7,1000,0,1000,0,1,999,,,,,,,,,,,,,,,
,,,,,,,,,,,,,57958,2020-02-26_14h16.17.219,SandwichStudy,3.2.4,MacIntel,60,"[""a""]",[3.7280001640319824],1,0,80,33,1,79,Bacon,Ham,Turkey,Mayonnaise,Mustard,Cheddar cheese,Tomatoes,Spinach,Turkey,Avocado,Bacon,Garlic aioli,Tomatoes,Spinach,Onions,,8,8,7,1000,0,1000,0,1,999,,,,,,,,,,,,,,,
,,,,,,,,,,,,,57958,2020-02-26_14h16.17.219,SandwichStudy,3.2.4,MacIntel,60,"[""space""]",[0.4890000820159912],1,0,80,12,1,79,Turkey,Cheddar cheese,Mayonnaise,,,,,,Ham,Pork,Swiss cheese,Mustard,Pickles,,,,5,3,5,1000,0,1000,0,1,999,,,,,,,,,,,,,,,
,,,,,,,,,,,,,57958,2020-02-26_14h16.17.219,SandwichStudy,3.2.4,MacIntel,60,"[""space""]",[0.0280001163482666],1,0,80,12,1,79,Turkey,Cheddar cheese,Mayonnaise,,,,,,Ham,Pork,Swiss cheese,Mustard,Pickles,,,,5,3,5,1000,0,1000,0,1,999,,,,,,,,,,,,,,,
,,,,,,,,,,,,,57958,2020-02-26_14h16.17.219,SandwichStudy,3.2.4,MacIntel,60,"[""space""]",[0.08700013160705566],1,0,80,12,1,79,Turkey,Cheddar cheese,Mayonnaise,,,,,,Ham,Pork,Swiss cheese,Mustard,Pickles,,,,5,3,5,1000,0,1000,0,1,999,,,,,,,,,,,,,,,
,,,,,,,,,,,,,57958,2020-02-26_14h16.17.219,SandwichStudy,3.2.4,MacIntel,60,"[""space""]",[0.38500022888183594],1,0,80,12,1,79,Turkey,Cheddar cheese,Mayonnaise,,,,,,Ham,Pork,Swiss cheese,Mustard,Pickles,,,,5,3,5,1000,0,1000,0,1,999,,,,,,,,,,,,,,,
,,,,,,,,,,,,,57958,2020-02-26_14h16.17.219,SandwichStudy,3.2.4,MacIntel,60,"[""space""]",[0.5210001468658447],1,0,80,12,1,79,Turkey,Cheddar cheese,Mayonnaise,,,,,,Ham,Pork,Swiss cheese,Mustard,Pickles,,,,5,3,5,1000,0,1000,0,1,999,,,,,,,,,,,,,,,
,,,,,,,,,,,,,57958,2020-02-26_14h16.17.219,SandwichStudy,3.2.4,MacIntel,60,"[""a""]",[0.6600000858306885],1,0,80,12,1,79,Turkey,Cheddar cheese,Mayonnaise,,,,,,Ham,Pork,Swiss cheese,Mustard,Pickles,,,,5,3,5,1000,0,1000,0,1,999,,,,,,,,,,,,,,,
,,,,,,,,,,,,,57958,2020-02-26_14h16.17.219,SandwichStudy,3.2.4,MacIntel,60,"[""space""]",[0.1770000457763672],1,0,80,32,1,79,Turkey,Ham,Bacon,Provolone cheese,Lettuce,Tomatoes,Ranch dressing,,Chicken,Cheddar cheese,Bacon,Avocado,Ranch dressing,,,,7,7,5,1000,0,1000,0,1,999,,,,,,,,,,,,,,,
,,,,,,,,,,,,,57958,2020-02-26_14h16.17.219,SandwichStudy,3.2.4,MacIntel,60,"[""space""]",[0.127000093460083],1,0,80,32,1,79,Turkey,Ham,Bacon,Provolone cheese,Lettuce,Tomatoes,Ranch dressing,,Chicken,Cheddar cheese,Bacon,Avocado,Ranch dressing,,,,7,7,5,1000,0,1000,0,1,999,,,,,,,,,,,,,,,
,,,,,,,,,,,,,57958,2020-02-26_14h16.17.219,SandwichStudy,3.2.4,MacIntel,60,"[""space""]",[0.07700014114379883],1,0,80,32,1,79,Turkey,Ham,Bacon,Provolone cheese,Lettuce,Tomatoes,Ranch dressing,,Chicken,Cheddar cheese,Bacon,Avocado,Ranch dressing,,,,7,7,5,1000,0,1000,0,1,999,,,,,,,,,,,,,,,
,,,,,,,,,,,,,57958,2020-02-26_14h16.17.219,SandwichStudy,3.2.4,MacIntel,60,"[""space""]",[0.4200000762939453],1,0,80,32,1,79,Turkey,Ham,Bacon,Provolone cheese,Lettuce,Tomatoes,Ranch dressing,,Chicken,Cheddar cheese,Bacon,Avocado,Ranch dressing,,,,7,7,5,1000,0,1000,0,1,999,,,,,,,,,,,,,,,
,,,,,,,,,,,,,57958,2020-02-26_14h16.17.219,SandwichStudy,3.2.4,MacIntel,60,"[""a""]",[2.5880000591278076],1,0,80,32,1,79,Turkey,Ham,Bacon,Provolone cheese,Lettuce,Tomatoes,Ranch dressing,,Chicken,Cheddar cheese,Bacon,Avocado,Ranch dressing,,,,7,7,5,1000,0,1000,0,1,999,,,,,,,,,,,,,,,
,,,,,,,,,,,,,57958,2020-02-26_14h16.17.219,SandwichStudy,3.2.4,MacIntel,60,"[""space""]",[0.38700008392333984],1,0,80,37,1,79,Turkey,Ham,Cheddar cheese,Mayonnaise,,,,,Chicken,Ham,Swiss cheese,Mayonnaise,Mustard,,,,5,4,5,1000,0,1000,0,1,999,,,,,,,,,,,,,,,
,,,,,,,,,,,,,57958,2020-02-26_14h16.17.219,SandwichStudy,3.2.4,MacIntel,60,"[""space""]",[0.02700018882751465],1,0,80,37,1,79,Turkey,Ham,Cheddar cheese,Mayonnaise,,,,,Chicken,Ham,Swiss cheese,Mayonnaise,Mustard,,,,5,4,5,1000,0,1000,0,1,999,,,,,,,,,,,,,,,
,,,,,,,,,,,,,57958,2020-02-26_14h16.17.219,SandwichStudy,3.2.4,MacIntel,60,"[""space""]",[0.2850000858306885],1,0,80,37,1,79,Turkey,Ham,Cheddar cheese,Mayonnaise,,,,,Chicken,Ham,Swiss cheese,Mayonnaise,Mustard,,,,5,4,5,1000,0,1000,0,1,999,,,,,,,,,,,,,,,
,,,,,,,,,,,,,57958,2020-02-26_14h16.17.219,SandwichStudy,3.2.4,MacIntel,60,"[""space""]",[0.08500027656555176],1,0,80,37,1,79,Turkey,Ham,Cheddar cheese,Mayonnaise,,,,,Chicken,Ham,Swiss cheese,Mayonnaise,Mustard,,,,5,4,5,1000,0,1000,0,1,999,,,,,,,,,,,,,,,
,,,,,,,,,,,,,57958,2020-02-26_14h16.17.219,SandwichStudy,3.2.4,MacIntel,60,"[""l""]",[14.145000219345093],1,0,80,37,1,79,Turkey,Ham,Cheddar cheese,Mayonnaise,,,,,Chicken,Ham,Swiss cheese,Mayonnaise,Mustard,,,,5,4,5,1000,0,1000,0,1,999,,,,,,,,,,,,,,,
,,,,,,,,,,,,,57958,2020-02-26_14h16.17.219,SandwichStudy,3.2.4,MacIntel,60,"[""space""]",[1.636000156402588],1,0,80,62,1,79,Cheddar cheese,Provolone cheese,Swiss cheese,Mushrooms,Mayonnaise,Lettuce,Tomatoes,,Bacon,Turkey,Pepper jack cheese,Mustard,,,,,7,7,4,1000,0,1000,0,1,999,,,,,,,,,,,,,,,
,,,,,,,,,,,,,57958,2020-02-26_14h16.17.219,SandwichStudy,3.2.4,MacIntel,60,"[""space""]",[0.30500006675720215],1,0,80,62,1,79,Cheddar cheese,Provolone cheese,Swiss cheese,Mushrooms,Mayonnaise,Lettuce,Tomatoes,,Bacon,Turkey,Pepper jack cheese,Mustard,,,,,7,7,4,1000,0,1000,0,1,999,,,,,,,,,,,,,,,
,,,,,,,,,,,,,57958,2020-02-26_14h16.17.219,SandwichStudy,3.2.4,MacIntel,60,"[""space""]",[0.08500003814697266],1,0,80,62,1,79,Cheddar cheese,Provolone cheese,Swiss cheese,Mushrooms,Mayonnaise,Lettuce,Tomatoes,,Bacon,Turkey,Pepper jack cheese,Mustard,,,,,7,7,4,1000,0,1000,0,1,999,,,,,,,,,,,,,,,
,,,,,,,,,,,,,57958,2020-02-26_14h16.17.219,SandwichStudy,3.2.4,MacIntel,60,"[""space""]",[0.08700013160705566],1,0,80,62,1,79,Cheddar cheese,Provolone cheese,Swiss cheese,Mushrooms,Mayonnaise,Lettuce,Tomatoes,,Bacon,Turkey,Pepper jack cheese,Mustard,,,,,7,7,4,1000,0,1000,0,1,999,,,,,,,,,,,,,,,
,,,,,,,,,,,,,57958,2020-02-26_14h16.17.219,SandwichStudy,3.2.4,MacIntel,60,"[""space""]",[4.770000219345093],1,0,80,62,1,79,Cheddar cheese,Provolone cheese,Swiss cheese,Mushrooms,Mayonnaise,Lettuce,Tomatoes,,Bacon,Turkey,Pepper jack cheese,Mustard,,,,,7,7,4,1000,0,1000,0,1,999,,,,,,,,,,,,,,,
,,,,,,,,,,,,,57958,2020-02-26_14h16.17.219,SandwichStudy,3.2.4,MacIntel,60,"[""l""]",[0.7190001010894775],1,0,80,62,1,79,Cheddar cheese,Provolone cheese,Swiss cheese,Mushrooms,Mayonnaise,Lettuce,Tomatoes,,Bacon,Turkey,Pepper jack cheese,Mustard,,,,,7,7,4,1000,0,1000,0,1,999,,,,,,,,,,,,,,,
,,,,,,,,,,,,,57958,2020-02-26_14h16.17.219,SandwichStudy,3.2.4,MacIntel,60,"[""space""]",[0.26999998092651367],1,0,80,35,1,79,Bacon,Lettuce,Tomatoes,Ranch dressing,,,,,Turkey,Gouda cheese,Avocado,Garlic aioli,Jalapenos,Tomatoes,Lettuce,,7,4,7,1000,0,1000,0,1,999,,,,,,,,,,,,,,,
,,,,,,,,,,,,,57958,2020-02-26_14h16.17.219,SandwichStudy,3.2.4,MacIntel,60,"[""space""]",[0.06000018119812012],1,0,80,35,1,79,Bacon,Lettuce,Tomatoes,Ranch dressing,,,,,Turkey,Gouda cheese,Avocado,Garlic aioli,Jalapenos,Tomatoes,Lettuce,,7,4,7,1000,0,1000,0,1,999,,,,,,,,,,,,,,,
,,,,,,,,,,,,,57958,2020-02-26_14h16.17.219,SandwichStudy,3.2.4,MacIntel,60,"[""space""]",[0.12199997901916504],1,0,80,35,1,79,Bacon,Lettuce,Tomatoes,Ranch dressing,,,,,Turkey,Gouda cheese,Avocado,Garlic aioli,Jalapenos,Tomatoes,Lettuce,,7,4,7,1000,0,1000,0,1,999,,,,,,,,,,,,,,,
,,,,,,,,,,,,,57958,2020-02-26_14h16.17.219,SandwichStudy,3.2.4,MacIntel,60,"[""space""]",[0.06800007820129395],1,0,80,35,1,79,Bacon,Lettuce,Tomatoes,Ranch dressing,,,,,Turkey,Gouda cheese,Avocado,Garlic aioli,Jalapenos,Tomatoes,Lettuce,,7,4,7,1000,0,1000,0,1,999,,,,,,,,,,,,,,,
,,,,,,,,,,,,,57958,2020-02-26_14h16.17.219,SandwichStudy,3.2.4,MacIntel,60,"[""space""]",[0.5200002193450928],1,0,80,35,1,79,Bacon,Lettuce,Tomatoes,Ranch dressing,,,,,Turkey,Gouda cheese,Avocado,Garlic aioli,Jalapenos,Tomatoes,Lettuce,,7,4,7,1000,0,1000,0,1,999,,,,,,,,,,,,,,,
,,,,,,,,,,,,,57958,2020-02-26_14h16.17.219,SandwichStudy,3.2.4,MacIntel,60,"[""space""]",[0.1940000057220459],1,0,80,35,1,79,Bacon,Lettuce,Tomatoes,Ranch dressing,,,,,Turkey,Gouda cheese,Avocado,Garlic aioli,Jalapenos,Tomatoes,Lettuce,,7,4,7,1000,0,1000,0,1,999,,,,,,,,,,,,,,,
,,,,,,,,,,,,,57958,2020-02-26_14h16.17.219,SandwichStudy,3.2.4,MacIntel,60,"[""space""]",[0.4530000686645508],1,0,80,35,1,79,Bacon,Lettuce,Tomatoes,Ranch dressing,,,,,Turkey,Gouda cheese,Avocado,Garlic aioli,Jalapenos,Tomatoes,Lettuce,,7,4,7,1000,0,1000,0,1,999,,,,,,,,,,,,,,,
,,,,,,,,,,,,,57958,2020-02-26_14h16.17.219,SandwichStudy,3.2.4,MacIntel,60,"[""l""]",[7.27400016784668],1,0,80,35,1,79,Bacon,Lettuce,Tomatoes,Ranch dressing,,,,,Turkey,Gouda cheese,Avocado,Garlic aioli,Jalapenos,Tomatoes,Lettuce,,7,4,7,1000,0,1000,0,1,999,,,,,,,,,,,,,,,
,,,,,,,,,,,,,57958,2020-02-26_14h16.17.219,SandwichStudy,3.2.4,MacIntel,60,"[""space""]",[0.6389999389648438],1,0,80,27,1,79,Mushrooms,Swiss cheese,Provolone cheese,Cheddar cheese,Lettuce,Tomatoes,,,Avocado,Spinach,Tomatoes,Swiss cheese,,,,,6,6,4,1000,0,1000,0,1,999,,,,,,,,,,,,,,,
,,,,,,,,,,,,,57958,2020-02-26_14h16.17.219,SandwichStudy,3.2.4,MacIntel,60,"[""space""]",[0.01399993896484375],1,0,80,27,1,79,Mushrooms,Swiss cheese,Provolone cheese,Cheddar cheese,Lettuce,Tomatoes,,,Avocado,Spinach,Tomatoes,Swiss cheese,,,,,6,6,4,1000,0,1000,0,1,999,,,,,,,,,,,,,,,
,,,,,,,,,,,,,57958,2020-02-26_14h16.17.219,SandwichStudy,3.2.4,MacIntel,60,"[""space""]",[0.22600007057189941],1,0,80,27,1,79,Mushrooms,Swiss cheese,Provolone cheese,Cheddar cheese,Lettuce,Tomatoes,,,Avocado,Spinach,Tomatoes,Swiss cheese,,,,,6,6,4,1000,0,1000,0,1,999,,,,,,,,,,,,,,,
,,,,,,,,,,,,,57958,2020-02-26_14h16.17.219,SandwichStudy,3.2.4,MacIntel,60,"[""space""]",[0.3100001811981201],1,0,80,27,1,79,Mushrooms,Swiss cheese,Provolone cheese,Cheddar cheese,Lettuce,Tomatoes,,,Avocado,Spinach,Tomatoes,Swiss cheese,,,,,6,6,4,1000,0,1000,0,1,999,,,,,,,,,,,,,,,
,,,,,,,,,,,,,57958,2020-02-26_14h16.17.219,SandwichStudy,3.2.4,MacIntel,60,"[""l""]",[1.0199999809265137],1,0,80,27,1,79,Mushrooms,Swiss cheese,Provolone cheese,Cheddar cheese,Lettuce,Tomatoes,,,Avocado,Spinach,Tomatoes,Swiss cheese,,,,,6,6,4,1000,0,1000,0,1,999,,,,,,,,,,,,,,,
,,,,,,,,,,,,,57958,2020-02-26_14h16.17.219,SandwichStudy,3.2.4,MacIntel,60,"[""space""]",[0.13900017738342285],1,0,80,70,1,79,Pastrami,Swiss cheese,Coleslaw,,,,,,Chicken,Cheddar cheese,Bacon,Avocado,Ranch dressing,,,,5,3,5,1000,0,1000,0,1,999,,,,,,,,,,,,,,,
,,,,,,,,,,,,,57958,2020-02-26_14h16.17.219,SandwichStudy,3.2.4,MacIntel,60,"[""space""]",[0.09100008010864258],1,0,80,70,1,79,Pastrami,Swiss cheese,Coleslaw,,,,,,Chicken,Cheddar cheese,Bacon,Avocado,Ranch dressing,,,,5,3,5,1000,0,1000,0,1,999,,,,,,,,,,,,,,,
,,,,,,,,,,,,,57958,2020-02-26_14h16.17.219,SandwichStudy,3.2.4,MacIntel,60,"[""space""]",[0.3689999580383301],1,0,80,70,1,79,Pastrami,Swiss cheese,Coleslaw,,,,,,Chicken,Cheddar cheese,Bacon,Avocado,Ranch dressing,,,,5,3,5,1000,0,1000,0,1,999,,,,,,,,,,,,,,,
,,,,,,,,,,,,,57958,2020-02-26_14h16.17.219,SandwichStudy,3.2.4,MacIntel,60,"[""space""]",[0.16199994087219238],1,0,80,70,1,79,Pastrami,Swiss cheese,Coleslaw,,,,,,Chicken,Cheddar cheese,Bacon,Avocado,Ranch dressing,,,,5,3,5,1000,0,1000,0,1,999,,,,,,,,,,,,,,,
,,,,,,,,,,,,,57958,2020-02-26_14h16.17.219,SandwichStudy,3.2.4,MacIntel,60,"[""l""]",[4.42300009727478],1,0,80,70,1,79,Pastrami,Swiss cheese,Coleslaw,,,,,,Chicken,Cheddar cheese,Bacon,Avocado,Ranch dressing,,,,5,3,5,1000,0,1000,0,1,999,,,,,,,,,,,,,,,
,,,,,,,,,,,,,57958,2020-02-26_14h16.17.219,SandwichStudy,3.2.4,MacIntel,60,"[""space""]",[0.06400012969970703],1,0,80,39,1,79,Chicken,Provolone cheese,Pesto,,,,,,Turkey,Bacon,Jalapenos,Lettuce,Avocado,Garlic aioli,Tomatoes,,7,3,7,1000,0,1000,0,1,999,,,,,,,,,,,,,,,
,,,,,,,,,,,,,57958,2020-02-26_14h16.17.219,SandwichStudy,3.2.4,MacIntel,60,"[""space""]",[0.05500006675720215],1,0,80,39,1,79,Chicken,Provolone cheese,Pesto,,,,,,Turkey,Bacon,Jalapenos,Lettuce,Avocado,Garlic aioli,Tomatoes,,7,3,7,1000,0,1000,0,1,999,,,,,,,,,,,,,,,
,,,,,,,,,,,,,57958,2020-02-26_14h16.17.219,SandwichStudy,3.2.4,MacIntel,60,"[""space""]",[0.13700008392333984],1,0,80,39,1,79,Chicken,Provolone cheese,Pesto,,,,,,Turkey,Bacon,Jalapenos,Lettuce,Avocado,Garlic aioli,Tomatoes,,7,3,7,1000,0,1000,0,1,999,,,,,,,,,,,,,,,
,,,,,,,,,,,,,57958,2020-02-26_14h16.17.219,SandwichStudy,3.2.4,MacIntel,60,"[""l""]",[1.5950002670288086],1,0,80,39,1,79,Chicken,Provolone cheese,Pesto,,,,,,Turkey,Bacon,Jalapenos,Lettuce,Avocado,Garlic aioli,Tomatoes,,7,3,7,1000,0,1000,0,1,999,,,,,,,,,,,,,,,
,,,,,,,,,,,,,57958,2020-02-26_14h16.17.219,SandwichStudy,3.2.4,MacIntel,60,"[""space""]",[0.24600005149841309],1,0,80,74,1,79,Mushrooms,Swiss cheese,Provolone cheese,Cheddar cheese,Lettuce,Tomatoes,,,Roast beef,Pastrami,Swiss cheese,Mustard,,,,,6,6,4,1000,0,1000,0,1,999,,,,,,,,,,,,,,,
,,,,,,,,,,,,,57958,2020-02-26_14h16.17.219,SandwichStudy,3.2.4,MacIntel,60,"[""space""]",[0.01100015640258789],1,0,80,74,1,79,Mushrooms,Swiss cheese,Provolone cheese,Cheddar cheese,Lettuce,Tomatoes,,,Roast beef,Pastrami,Swiss cheese,Mustard,,,,,6,6,4,1000,0,1000,0,1,999,,,,,,,,,,,,,,,
,,,,,,,,,,,,,57958,2020-02-26_14h16.17.219,SandwichStudy,3.2.4,MacIntel,60,"[""space""]",[0.34800004959106445],1,0,80,74,1,79,Mushrooms,Swiss cheese,Provolone cheese,Cheddar cheese,Lettuce,Tomatoes,,,Roast beef,Pastrami,Swiss cheese,Mustard,,,,,6,6,4,1000,0,1000,0,1,999,,,,,,,,,,,,,,,
,,,,,,,,,,,,,57958,2020-02-26_14h16.17.219,SandwichStudy,3.2.4,MacIntel,60,"[""space""]",[0.10300016403198242],1,0,80,74,1,79,Mushrooms,Swiss cheese,Provolone cheese,Cheddar cheese,Lettuce,Tomatoes,,,Roast beef,Pastrami,Swiss cheese,Mustard,,,,,6,6,4,1000,0,1000,0,1,999,,,,,,,,,,,,,,,
,,,,,,,,,,,,,57958,2020-02-26_14h16.17.219,SandwichStudy,3.2.4,MacIntel,60,"[""space""]",[0.9350001811981201],1,0,80,74,1,79,Mushrooms,Swiss cheese,Provolone cheese,Cheddar cheese,Lettuce,Tomatoes,,,Roast beef,Pastrami,Swiss cheese,Mustard,,,,,6,6,4,1000,0,1000,0,1,999,,,,,,,,,,,,,,,
,,,,,,,,,,,,,57958,2020-02-26_14h16.17.219,SandwichStudy,3.2.4,MacIntel,60,"[""a""]",[3.064000129699707],1,0,80,74,1,79,Mushrooms,Swiss cheese,Provolone cheese,Cheddar cheese,Lettuce,Tomatoes,,,Roast beef,Pastrami,Swiss cheese,Mustard,,,,,6,6,4,1000,0,1000,0,1,999,,,,,,,,,,,,,,,
,,,,,,,,,,,,,57958,2020-02-26_14h16.17.219,SandwichStudy,3.2.4,MacIntel,60,"[""l""]",[5.772000074386597],1,0,80,48,1,79,Chicken,Provolone cheese,Pesto,,,,,,Ham,Lettuce,Tomatoes,Mayonnaise,Mustard,,,,5,3,5,1000,0,1000,0,1,999,,,,,,,,,,,,,,,
,,,,,,,,,,,,,57958,2020-02-26_14h16.17.219,SandwichStudy,3.2.4,MacIntel,60,"[""l""]",[0.005000114440917969],1,0,80,0,1,79,Onions,Bell peppers,Mushrooms,Jalapenos,American cheese,Steak,,,Bacon,Provolone cheese,Mushrooms,Parmesan cheese,,,,,6,6,4,1000,0,1000,0,1,999,,,,,,,,,,,,,,,
,,,,,,,,,,,,,57958,2020-02-26_14h16.17.219,SandwichStudy,3.2.4,MacIntel,60,"[""space""]",[8.246000051498413],1,0,80,40,1,79,Pork,Ham,Swiss cheese,Pickles,Mustard,,,,Steak,Turkey,Ham,Cheddar cheese,Olives,Lettuce,Tomatoes,Onions,8,5,8,1000,0,1000,0,1,999,,,,,,,,,,,,,,,
,,,,,,,,,,,,,57958,2020-02-26_14h16.17.219,SandwichStudy,3.2.4,MacIntel,60,"[""space""]",[0.809999942779541],1,0,80,40,1,79,Pork,Ham,Swiss cheese,Pickles,Mustard,,,,Steak,Turkey,Ham,Cheddar cheese,Olives,Lettuce,Tomatoes,Onions,8,5,8,1000,0,1000,0,1,999,,,,,,,,,,,,,,,
,,,,,,,,,,,,,57958,2020-02-26_14h16.17.219,SandwichStudy,3.2.4,MacIntel,60,"[""space""]",[1.5600001811981201],1,0,80,40,1,79,Pork,Ham,Swiss cheese,Pickles,Mustard,,,,Steak,Turkey,Ham,Cheddar cheese,Olives,Lettuce,Tomatoes,Onions,8,5,8,1000,0,1000,0,1,999,,,,,,,,,,,,,,,
,,,,,,,,,,,,,57958,2020-02-26_14h16.17.219,SandwichStudy,3.2.4,MacIntel,60,"[""space""]",[0.5039999485015869],1,0,80,40,1,79,Pork,Ham,Swiss cheese,Pickles,Mustard,,,,Steak,Turkey,Ham,Cheddar cheese,Olives,Lettuce,Tomatoes,Onions,8,5,8,1000,0,1000,0,1,999,,,,,,,,,,,,,,,
,,,,,,,,,,,,,57958,2020-02-26_14h16.17.219,SandwichStudy,3.2.4,MacIntel,60,"[""space""]",[0.8220000267028809],1,0,80,40,1,79,Pork,Ham,Swiss cheese,Pickles,Mustard,,,,Steak,Turkey,Ham,Cheddar cheese,Olives,Lettuce,Tomatoes,Onions,8,5,8,1000,0,1000,0,1,999,,,,,,,,,,,,,,,
,,,,,,,,,,,,,57958,2020-02-26_14h16.17.219,SandwichStudy,3.2.4,MacIntel,60,"[""l""]",[1.2279999256134033],1,0,80,40,1,79,Pork,Ham,Swiss cheese,Pickles,Mustard,,,,Steak,Turkey,Ham,Cheddar cheese,Olives,Lettuce,Tomatoes,Onions,8,5,8,1000,0,1000,0,1,999,,,,,,,,,,,,,,,
,,,,,,,,,,,,,57958,2020-02-26_14h16.17.219,SandwichStudy,3.2.4,MacIntel,60,"[""space""]",[0.377000093460083],1,0,80,10,1,79,Turkey,Cheddar cheese,Coleslaw,Spinach,Mustard,,,,Salami,Provolone cheese,Lettuce,Tomatoes,Mayonnaise,Mustard,,,6,5,6,1000,0,1000,0,1,999,,,,,,,,,,,,,,,
,,,,,,,,,,,,,57958,2020-02-26_14h16.17.219,SandwichStudy,3.2.4,MacIntel,60,"[""space""]",[0.22099995613098145],1,0,80,10,1,79,Turkey,Cheddar cheese,Coleslaw,Spinach,Mustard,,,,Salami,Provolone cheese,Lettuce,Tomatoes,Mayonnaise,Mustard,,,6,5,6,1000,0,1000,0,1,999,,,,,,,,,,,,,,,
,,,,,,,,,,,,,57958,2020-02-26_14h16.17.219,SandwichStudy,3.2.4,MacIntel,60,"[""space""]",[0.15400004386901855],1,0,80,10,1,79,Turkey,Cheddar cheese,Coleslaw,Spinach,Mustard,,,,Salami,Provolone cheese,Lettuce,Tomatoes,Mayonnaise,Mustard,,,6,5,6,1000,0,1000,0,1,999,,,,,,,,,,,,,,,
,,,,,,,,,,,,,57958,2020-02-26_14h16.17.219,SandwichStudy,3.2.4,MacIntel,60,"[""space""]",[0.4549999237060547],1,0,80,10,1,79,Turkey,Cheddar cheese,Coleslaw,Spinach,Mustard,,,,Salami,Provolone cheese,Lettuce,Tomatoes,Mayonnaise,Mustard,,,6,5,6,1000,0,1000,0,1,999,,,,,,,,,,,,,,,
,,,,,,,,,,,,,57958,2020-02-26_14h16.17.219,SandwichStudy,3.2.4,MacIntel,60,"[""space""]",[0.08500003814697266],1,0,80,10,1,79,Turkey,Cheddar cheese,Coleslaw,Spinach,Mustard,,,,Salami,Provolone cheese,Lettuce,Tomatoes,Mayonnaise,Mustard,,,6,5,6,1000,0,1000,0,1,999,,,,,,,,,,,,,,,
,,,,,,,,,,,,,57958,2020-02-26_14h16.17.219,SandwichStudy,3.2.4,MacIntel,60,"[""a""]",[1.375999927520752],1,0,80,10,1,79,Turkey,Cheddar cheese,Coleslaw,Spinach,Mustard,,,,Salami,Provolone cheese,Lettuce,Tomatoes,Mayonnaise,Mustard,,,6,5,6,1000,0,1000,0,1,999,,,,,,,,,,,,,,,
,,,,,,,,,,,,,57958,2020-02-26_14h16.17.219,SandwichStudy,3.2.4,MacIntel,60,"[""space""]",[0.09600019454956055],1,0,80,8,1,79,Chicken,Ham,Swiss cheese,Mayonnaise,,,,,Pepperoni,Meatballs,Marinara sauce,Provolone cheese,Mushrooms,,,,5,4,5,1000,0,1000,0,1,999,,,,,,,,,,,,,,,
,,,,,,,,,,,,,57958,2020-02-26_14h16.17.219,SandwichStudy,3.2.4,MacIntel,60,"[""space""]",[0.05200004577636719],1,0,80,8,1,79,Chicken,Ham,Swiss cheese,Mayonnaise,,,,,Pepperoni,Meatballs,Marinara sauce,Provolone cheese,Mushrooms,,,,5,4,5,1000,0,1000,0,1,999,,,,,,,,,,,,,,,
,,,,,,,,,,,,,57958,2020-02-26_14h16.17.219,SandwichStudy,3.2.4,MacIntel,60,"[""space""]",[0.15900015830993652],1,0,80,8,1,79,Chicken,Ham,Swiss cheese,Mayonnaise,,,,,Pepperoni,Meatballs,Marinara sauce,Provolone cheese,Mushrooms,,,,5,4,5,1000,0,1000,0,1,999,,,,,,,,,,,,,,,
,,,,,,,,,,,,,57958,2020-02-26_14h16.17.219,SandwichStudy,3.2.4,MacIntel,60,"[""space""]",[0.2850000858306885],1,0,80,8,1,79,Chicken,Ham,Swiss cheese,Mayonnaise,,,,,Pepperoni,Meatballs,Marinara sauce,Provolone cheese,Mushrooms,,,,5,4,5,1000,0,1000,0,1,999,,,,,,,,,,,,,,,
,,,,,,,,,,,,,57958,2020-02-26_14h16.17.219,SandwichStudy,3.2.4,MacIntel,60,"[""space""]",[0.3530001640319824],1,0,80,8,1,79,Chicken,Ham,Swiss cheese,Mayonnaise,,,,,Pepperoni,Meatballs,Marinara sauce,Provolone cheese,Mushrooms,,,,5,4,5,1000,0,1000,0,1,999,,,,,,,,,,,,,,,
,,,,,,,,,,,,,57958,2020-02-26_14h16.17.219,SandwichStudy,3.2.4,MacIntel,60,"[""l""]",[2.4210000038146973],1,0,80,8,1,79,Chicken,Ham,Swiss cheese,Mayonnaise,,,,,Pepperoni,Meatballs,Marinara sauce,Provolone cheese,Mushrooms,,,,5,4,5,1000,0,1000,0,1,999,,,,,,,,,,,,,,,
,,,,,,,,,,,,,57958,2020-02-26_14h16.17.219,SandwichStudy,3.2.4,MacIntel,60,"[""space""]",[0.3880000114440918],1,0,80,23,1,79,Meatballs,Provolone cheese,Marinara sauce,Parmesan cheese,,,,,Turkey,Cheddar cheese,Bacon,,,,,,4,4,3,1000,0,1000,0,1,999,,,,,,,,,,,,,,,
,,,,,,,,,,,,,57958,2020-02-26_14h16.17.219,SandwichStudy,3.2.4,MacIntel,60,"[""space""]",[0.36300015449523926],1,0,80,23,1,79,Meatballs,Provolone cheese,Marinara sauce,Parmesan cheese,,,,,Turkey,Cheddar cheese,Bacon,,,,,,4,4,3,1000,0,1000,0,1,999,,,,,,,,,,,,,,,
,,,,,,,,,,,,,57958,2020-02-26_14h16.17.219,SandwichStudy,3.2.4,MacIntel,60,"[""space""]",[0.4049999713897705],1,0,80,23,1,79,Meatballs,Provolone cheese,Marinara sauce,Parmesan cheese,,,,,Turkey,Cheddar cheese,Bacon,,,,,,4,4,3,1000,0,1000,0,1,999,,,,,,,,,,,,,,,
,,,,,,,,,,,,,57958,2020-02-26_14h16.17.219,SandwichStudy,3.2.4,MacIntel,60,"[""l""]",[7.5960001945495605],1,0,80,23,1,79,Meatballs,Provolone cheese,Marinara sauce,Parmesan cheese,,,,,Turkey,Cheddar cheese,Bacon,,,,,,4,4,3,1000,0,1000,0,1,999,,,,,,,,,,,,,,,
,,,,,,,,,,,,,57958,2020-02-26_14h16.17.219,SandwichStudy,3.2.4,MacIntel,60,"[""space""]",[0.09299993515014648],1,0,80,69,1,79,Chicken,Garlic aioli,Pickles,Cucumbers,Jalapenos,Basil,,,Chicken,Bacon,Cheddar cheese,Swiss cheese,Spinach,Tomatoes,Mayonnaise,Mustard,8,6,8,1000,0,1000,0,1,999,,,,,,,,,,,,,,,
,,,,,,,,,,,,,57958,2020-02-26_14h16.17.219,SandwichStudy,3.2.4,MacIntel,60,"[""space""]",[0.16900014877319336],1,0,80,69,1,79,Chicken,Garlic aioli,Pickles,Cucumbers,Jalapenos,Basil,,,Chicken,Bacon,Cheddar cheese,Swiss cheese,Spinach,Tomatoes,Mayonnaise,Mustard,8,6,8,1000,0,1000,0,1,999,,,,,,,,,,,,,,,
,,,,,,,,,,,,,57958,2020-02-26_14h16.17.219,SandwichStudy,3.2.4,MacIntel,60,"[""space""]",[0.1960000991821289],1,0,80,69,1,79,Chicken,Garlic aioli,Pickles,Cucumbers,Jalapenos,Basil,,,Chicken,Bacon,Cheddar cheese,Swiss cheese,Spinach,Tomatoes,Mayonnaise,Mustard,8,6,8,1000,0,1000,0,1,999,,,,,,,,,,,,,,,
,,,,,,,,,,,,,57958,2020-02-26_14h16.17.219,SandwichStudy,3.2.4,MacIntel,60,"[""l""]",[0.6460001468658447],1,0,80,69,1,79,Chicken,Garlic aioli,Pickles,Cucumbers,Jalapenos,Basil,,,Chicken,Bacon,Cheddar cheese,Swiss cheese,Spinach,Tomatoes,Mayonnaise,Mustard,8,6,8,1000,0,1000,0,1,999,,,,,,,,,,,,,,,
,,,,,,,,,,,,,57958,2020-02-26_14h16.17.219,SandwichStudy,3.2.4,MacIntel,60,"[""space""]",[0.3530001640319824],1,0,80,71,1,79,Bacon,Ham,Turkey,Mayonnaise,Mustard,Cheddar cheese,Tomatoes,Spinach,Bacon,Lettuce,Tomatoes,Garlic aioli,Avocado,,,,8,8,5,1000,0,1000,0,1,999,,,,,,,,,,,,,,,
,,,,,,,,,,,,,57958,2020-02-26_14h16.17.219,SandwichStudy,3.2.4,MacIntel,60,"[""space""]",[0.3430001735687256],1,0,80,71,1,79,Bacon,Ham,Turkey,Mayonnaise,Mustard,Cheddar cheese,Tomatoes,Spinach,Bacon,Lettuce,Tomatoes,Garlic aioli,Avocado,,,,8,8,5,1000,0,1000,0,1,999,,,,,,,,,,,,,,,
,,,,,,,,,,,,,57958,2020-02-26_14h16.17.219,SandwichStudy,3.2.4,MacIntel,60,"[""space""]",[0.15199995040893555],1,0,80,71,1,79,Bacon,Ham,Turkey,Mayonnaise,Mustard,Cheddar cheese,Tomatoes,Spinach,Bacon,Lettuce,Tomatoes,Garlic aioli,Avocado,,,,8,8,5,1000,0,1000,0,1,999,,,,,,,,,,,,,,,
,,,,,,,,,,,,,57958,2020-02-26_14h16.17.219,SandwichStudy,3.2.4,MacIntel,60,"[""l""]",[0.3599998950958252],1,0,80,71,1,79,Bacon,Ham,Turkey,Mayonnaise,Mustard,Cheddar cheese,Tomatoes,Spinach,Bacon,Lettuce,Tomatoes,Garlic aioli,Avocado,,,,8,8,5,1000,0,1000,0,1,999,,,,,,,,,,,,,,,
,,,,,,,,,,,,,57958,2020-02-26_14h16.17.219,SandwichStudy,3.2.4,MacIntel,60,"[""space""]",[0.1360001564025879],1,0,80,6,1,79,Chicken,Cheddar cheese,Lettuce,Garlic aioli,Swiss cheese,Tomatoes,,,Cheddar cheese,Provolone cheese,Swiss cheese,Mushrooms,Mayonnaise,Lettuce,Tomatoes,,7,6,7,1000,0,1000,0,1,999,,,,,,,,,,,,,,,
,,,,,,,,,,,,,57958,2020-02-26_14h16.17.219,SandwichStudy,3.2.4,MacIntel,60,"[""space""]",[0.10700011253356934],1,0,80,6,1,79,Chicken,Cheddar cheese,Lettuce,Garlic aioli,Swiss cheese,Tomatoes,,,Cheddar cheese,Provolone cheese,Swiss cheese,Mushrooms,Mayonnaise,Lettuce,Tomatoes,,7,6,7,1000,0,1000,0,1,999,,,,,,,,,,,,,,,
,,,,,,,,,,,,,57958,2020-02-26_14h16.17.219,SandwichStudy,3.2.4,MacIntel,60,"[""a""]",[4.138000011444092],1,0,80,6,1,79,Chicken,Cheddar cheese,Lettuce,Garlic aioli,Swiss cheese,Tomatoes,,,Cheddar cheese,Provolone cheese,Swiss cheese,Mushrooms,Mayonnaise,Lettuce,Tomatoes,,7,6,7,1000,0,1000,0,1,999,,,,,,,,,,,,,,,
,,,,,,,,,,,,,57958,2020-02-26_14h16.17.219,SandwichStudy,3.2.4,MacIntel,60,"[""space""]",[1.0350000858306885],1,0,80,42,1,79,Chicken,Bacon,Feta cheese,Bell peppers,Basil,Garlic aioli,,,Turkey,Ham,Cheddar cheese,Mayonnaise,,,,,6,6,4,1000,0,1000,0,1,999,,,,,,,,,,,,,,,
,,,,,,,,,,,,,57958,2020-02-26_14h16.17.219,SandwichStudy,3.2.4,MacIntel,60,"[""space""]",[0.2390000820159912],1,0,80,42,1,79,Chicken,Bacon,Feta cheese,Bell peppers,Basil,Garlic aioli,,,Turkey,Ham,Cheddar cheese,Mayonnaise,,,,,6,6,4,1000,0,1000,0,1,999,,,,,,,,,,,,,,,
,,,,,,,,,,,,,57958,2020-02-26_14h16.17.219,SandwichStudy,3.2.4,MacIntel,60,"[""space""]",[0.2390000820159912],1,0,80,42,1,79,Chicken,Bacon,Feta cheese,Bell peppers,Basil,Garlic aioli,,,Turkey,Ham,Cheddar cheese,Mayonnaise,,,,,6,6,4,1000,0,1000,0,1,999,,,,,,,,,,,,,,,
,,,,,,,,,,,,,57958,2020-02-26_14h16.17.219,SandwichStudy,3.2.4,MacIntel,60,"[""l""]",[0.568000078201294],1,0,80,42,1,79,Chicken,Bacon,Feta cheese,Bell peppers,Basil,Garlic aioli,,,Turkey,Ham,Cheddar cheese,Mayonnaise,,,,,6,6,4,1000,0,1000,0,1,999,,,,,,,,,,,,,,,
,,,,,,,,,,,,,57958,2020-02-26_14h16.17.219,SandwichStudy,3.2.4,MacIntel,60,"[""space""]",[0.06999993324279785],1,0,80,77,1,79,Chicken,Lettuce,Tomatoes,Mayonnaise,,,,,Pepperoni,Meatballs,Marinara sauce,Provolone cheese,Mushrooms,,,,5,4,5,1000,0,1000,0,1,999,,,,,,,,,,,,,,,
,,,,,,,,,,,,,57958,2020-02-26_14h16.17.219,SandwichStudy,3.2.4,MacIntel,60,"[""space""]",[0.0970001220703125],1,0,80,77,1,79,Chicken,Lettuce,Tomatoes,Mayonnaise,,,,,Pepperoni,Meatballs,Marinara sauce,Provolone cheese,Mushrooms,,,,5,4,5,1000,0,1000,0,1,999,,,,,,,,,,,,,,,
,,,,,,,,,,,,,57958,2020-02-26_14h16.17.219,SandwichStudy,3.2.4,MacIntel,60,"[""space""]",[0.2700002193450928],1,0,80,77,1,79,Chicken,Lettuce,Tomatoes,Mayonnaise,,,,,Pepperoni,Meatballs,Marinara sauce,Provolone cheese,Mushrooms,,,,5,4,5,1000,0,1000,0,1,999,,,,,,,,,,,,,,,
,,,,,,,,,,,,,57958,2020-02-26_14h16.17.219,SandwichStudy,3.2.4,MacIntel,60,"[""space""]",[0.5539999008178711],1,0,80,77,1,79,Chicken,Lettuce,Tomatoes,Mayonnaise,,,,,Pepperoni,Meatballs,Marinara sauce,Provolone cheese,Mushrooms,,,,5,4,5,1000,0,1000,0,1,999,,,,,,,,,,,,,,,
,,,,,,,,,,,,,57958,2020-02-26_14h16.17.219,SandwichStudy,3.2.4,MacIntel,60,"[""a""]",[0.02200007438659668],1,0,80,77,1,79,Chicken,Lettuce,Tomatoes,Mayonnaise,,,,,Pepperoni,Meatballs,Marinara sauce,Provolone cheese,Mushrooms,,,,5,4,5,1000,0,1000,0,1,999,,,,,,,,,,,,,,,
,,,,,,,,,,,,,57958,2020-02-26_14h16.17.219,SandwichStudy,3.2.4,MacIntel,60,"[""space""]",[0.10599994659423828],1,0,80,50,1,79,Mozzarella cheese,Bell peppers,Pesto,Spinach,,,,,Chicken,Ham,Swiss cheese,Mayonnaise,,,,,4,4,4,1000,0,1000,0,1,999,,,,,,,,,,,,,,,
,,,,,,,,,,,,,57958,2020-02-26_14h16.17.219,SandwichStudy,3.2.4,MacIntel,60,"[""space""]",[0.069000244140625],1,0,80,50,1,79,Mozzarella cheese,Bell peppers,Pesto,Spinach,,,,,Chicken,Ham,Swiss cheese,Mayonnaise,,,,,4,4,4,1000,0,1000,0,1,999,,,,,,,,,,,,,,,
,,,,,,,,,,,,,57958,2020-02-26_14h16.17.219,SandwichStudy,3.2.4,MacIntel,60,"[""space""]",[0.023000001907348633],1,0,80,50,1,79,Mozzarella cheese,Bell peppers,Pesto,Spinach,,,,,Chicken,Ham,Swiss cheese,Mayonnaise,,,,,4,4,4,1000,0,1000,0,1,999,,,,,,,,,,,,,,,
,,,,,,,,,,,,,57958,2020-02-26_14h16.17.219,SandwichStudy,3.2.4,MacIntel,60,"[""l""]",[3.254000186920166],1,0,80,50,1,79,Mozzarella cheese,Bell peppers,Pesto,Spinach,,,,,Chicken,Ham,Swiss cheese,Mayonnaise,,,,,4,4,4,1000,0,1000,0,1,999,,,,,,,,,,,,,,,
,,,,,,,,,,,,,57958,2020-02-26_14h16.17.219,SandwichStudy,3.2.4,MacIntel,60,"[""space""]",[0.020999908447265625],1,0,80,19,1,79,Bacon,Ham,Turkey,Mayonnaise,Cheddar cheese,Tomatoes,Spinach,Swiss cheese,Turkey,Salami,Cheddar cheese,Mayonnaise,,,,,8,8,4,1000,0,1000,0,1,999,,,,,,,,,,,,,,,
,,,,,,,,,,,,,57958,2020-02-26_14h16.17.219,SandwichStudy,3.2.4,MacIntel,60,"[""space""]",[0.5350000858306885],1,0,80,19,1,79,Bacon,Ham,Turkey,Mayonnaise,Cheddar cheese,Tomatoes,Spinach,Swiss cheese,Turkey,Salami,Cheddar cheese,Mayonnaise,,,,,8,8,4,1000,0,1000,0,1,999,,,,,,,,,,,,,,,
,,,,,,,,,,,,,57958,2020-02-26_14h16.17.219,SandwichStudy,3.2.4,MacIntel,60,"[""space""]",[0.7640001773834229],1,0,80,19,1,79,Bacon,Ham,Turkey,Mayonnaise,Cheddar cheese,Tomatoes,Spinach,Swiss cheese,Turkey,Salami,Cheddar cheese,Mayonnaise,,,,,8,8,4,1000,0,1000,0,1,999,,,,,,,,,,,,,,,
,,,,,,,,,,,,,57958,2020-02-26_14h16.17.219,SandwichStudy,3.2.4,MacIntel,60,"[""a""]",[1.0759999752044678],1,0,80,19,1,79,Bacon,Ham,Turkey,Mayonnaise,Cheddar cheese,Tomatoes,Spinach,Swiss cheese,Turkey,Salami,Cheddar cheese,Mayonnaise,,,,,8,8,4,1000,0,1000,0,1,999,,,,,,,,,,,,,,,
,,,,,,,,,,,,,57958,2020-02-26_14h16.17.219,SandwichStudy,3.2.4,MacIntel,60,"[""space""]",[0.3380000591278076],1,0,80,54,1,79,Chicken,Bell peppers,Bacon,Provolone cheese,Ranch dressing,Lettuce,Tomatoes,,Turkey,Bacon,Pepper jack cheese,Avocado,Ranch dressing,Spinach,Tomatoes,,7,7,7,1000,0,1000,0,1,999,,,,,,,,,,,,,,,
,,,,,,,,,,,,,57958,2020-02-26_14h16.17.219,SandwichStudy,3.2.4,MacIntel,60,"[""space""]",[0.39300012588500977],1,0,80,54,1,79,Chicken,Bell peppers,Bacon,Provolone cheese,Ranch dressing,Lettuce,Tomatoes,,Turkey,Bacon,Pepper jack cheese,Avocado,Ranch dressing,Spinach,Tomatoes,,7,7,7,1000,0,1000,0,1,999,,,,,,,,,,,,,,,
,,,,,,,,,,,,,57958,2020-02-26_14h16.17.219,SandwichStudy,3.2.4,MacIntel,60,"[""space""]",[0.5730001926422119],1,0,80,54,1,79,Chicken,Bell peppers,Bacon,Provolone cheese,Ranch dressing,Lettuce,Tomatoes,,Turkey,Bacon,Pepper jack cheese,Avocado,Ranch dressing,Spinach,Tomatoes,,7,7,7,1000,0,1000,0,1,999,,,,,,,,,,,,,,,
,,,,,,,,,,,,,57958,2020-02-26_14h16.17.219,SandwichStudy,3.2.4,MacIntel,60,"[""space""]",[0.440000057220459],1,0,80,54,1,79,Chicken,Bell peppers,Bacon,Provolone cheese,Ranch dressing,Lettuce,Tomatoes,,Turkey,Bacon,Pepper jack cheese,Avocado,Ranch dressing,Spinach,Tomatoes,,7,7,7,1000,0,1000,0,1,999,,,,,,,,,,,,,,,
,,,,,,,,,,,,,57958,2020-02-26_14h16.17.219,SandwichStudy,3.2.4,MacIntel,60,"[""a""]",[4.041000127792358],1,0,80,54,1,79,Chicken,Bell peppers,Bacon,Provolone cheese,Ranch dressing,Lettuce,Tomatoes,,Turkey,Bacon,Pepper jack cheese,Avocado,Ranch dressing,Spinach,Tomatoes,,7,7,7,1000,0,1000,0,1,999,,,,,,,,,,,,,,,
,,,,,,,,,,,,,57958,2020-02-26_14h16.17.219,SandwichStudy,3.2.4,MacIntel,60,"[""space""]",[0.37200021743774414],1,0,80,34,1,79,Avocado,Onions,Cucumbers,,,,,,Tuna,Basil,Cheddar cheese,Garlic aioli,Pickles,Onions,Tomatoes,Spinach,8,3,8,1000,0,1000,0,1,999,,,,,,,,,,,,,,,
,,,,,,,,,,,,,57958,2020-02-26_14h16.17.219,SandwichStudy,3.2.4,MacIntel,60,"[""space""]",[0.04200005531311035],1,0,80,34,1,79,Avocado,Onions,Cucumbers,,,,,,Tuna,Basil,Cheddar cheese,Garlic aioli,Pickles,Onions,Tomatoes,Spinach,8,3,8,1000,0,1000,0,1,999,,,,,,,,,,,,,,,
,,,,,,,,,,,,,57958,2020-02-26_14h16.17.219,SandwichStudy,3.2.4,MacIntel,60,"[""space""]",[0.2350001335144043],1,0,80,34,1,79,Avocado,Onions,Cucumbers,,,,,,Tuna,Basil,Cheddar cheese,Garlic aioli,Pickles,Onions,Tomatoes,Spinach,8,3,8,1000,0,1000,0,1,999,,,,,,,,,,,,,,,
,,,,,,,,,,,,,57958,2020-02-26_14h16.17.219,SandwichStudy,3.2.4,MacIntel,60,"[""space""]",[0.07300019264221191],1,0,80,34,1,79,Avocado,Onions,Cucumbers,,,,,,Tuna,Basil,Cheddar cheese,Garlic aioli,Pickles,Onions,Tomatoes,Spinach,8,3,8,1000,0,1000,0,1,999,,,,,,,,,,,,,,,
,,,,,,,,,,,,,57958,2020-02-26_14h16.17.219,SandwichStudy,3.2.4,MacIntel,60,"[""l""]",[4.5279998779296875],1,0,80,34,1,79,Avocado,Onions,Cucumbers,,,,,,Tuna,Basil,Cheddar cheese,Garlic aioli,Pickles,Onions,Tomatoes,Spinach,8,3,8,1000,0,1000,0,1,999,,,,,,,,,,,,,,,
,,,,,,,,,,,,,57958,2020-02-26_14h16.17.219,SandwichStudy,3.2.4,MacIntel,60,,,,,,,,,,,,,,,,,,,,,,,,,,,,,,,,,,space,6.58100009,4,5.930999994,space,8.048000097,1,0,10,1,1,9,Mayonnaise,,
,,,,,,,,,,,,,57958,2020-02-26_14h16.17.219,SandwichStudy,3.2.4,MacIntel,60,,,,,,,,,,,,,,,,,,,,,,,,,,,,,,,,,,,,6,5.921999931,space,7.036999941,1,0,10,7,1,9,Lettuce,,
,,,,,,,,,,,,,57958,2020-02-26_14h16.17.219,SandwichStudy,3.2.4,MacIntel,60,,,,,,,,,,,,,,,,,,,,,,,,,,,,,,,,,,,,3,4.858999968,space,5.507000208,1,0,10,0,1,9,Tomatoes,,
,,,,,,,,,,,,,57958,2020-02-26_14h16.17.219,SandwichStudy,3.2.4,MacIntel,60,,,,,,,,,,,,,,,,,,,,,,,,,,,,,,,,,,,,2,5.295000076,space,6.479000092,1,0,10,8,1,9,Provolone cheese,,
,,,,,,,,,,,,,57958,2020-02-26_14h16.17.219,SandwichStudy,3.2.4,MacIntel,60,,,,,,,,,,,,,,,,,,,,,,,,,,,,,,,,,,,,2,1.852999926,space,2.594000101,1,0,10,5,1,9,Cheddar cheese,,
,,,,,,,,,,,,,57958,2020-02-26_14h16.17.219,SandwichStudy,3.2.4,MacIntel,60,,,,,,,,,,,,,,,,,,,,,,,,,,,,,,,,,,,,2,2.473999977,space,2.800000191,1,0,10,6,1,9,Swiss cheese,,
,,,,,,,,,,,,,57958,2020-02-26_14h16.17.219,SandwichStudy,3.2.4,MacIntel,60,,,,,,,,,,,,,,,,,,,,,,,,,,,,,,,,,,,,5,3.670000076,space,4.196000099,1,0,10,4,1,9,Chicken,,
,,,,,,,,,,,,,57958,2020-02-26_14h16.17.219,SandwichStudy,3.2.4,MacIntel,60,,,,,,,,,,,,,,,,,,,,,,,,,,,,,,,,,,,,6,2.1650002,space,2.755000114,1,0,10,2,1,9,Turkey,,
,,,,,,,,,,,,,57958,2020-02-26_14h16.17.219,SandwichStudy,3.2.4,MacIntel,60,,,,,,,,,,,,,,,,,,,,,,,,,,,,,,,,,,,,4,2.012000084,space,2.514000177,1,0,10,3,1,9,Bacon,,
,,,,,,,,,,,,,57958,2020-02-26_14h16.17.219,SandwichStudy,3.2.4,MacIntel,60,,,,,,,,,,,,,,,,,,,,,,,,,,,,,,,,,,,,7,3.305999994,space,4.055000067,1,0,10,9,1,9,Spinach,,
,,,,,,,,,,,,,57958,2020-02-26_14h16.17.219,SandwichStudy,3.2.4,MacIntel,60,,,,,,,,,,,,,,,,,,,,,,,,,,,,,,,,,,,,,,,,,,,,,,,return,14.0309999
