sequence,key_resp_4.keys,key_resp_4.rt,VegResp.keys,VegResp.rt,ConfirmResp.keys,ConfirmResp.rt,VegQuestionLoop.thisRepN,VegQuestionLoop.thisTrialN,VegQuestionLoop.thisN,VegQuestionLoop.thisIndex,VegQuestionLoop.ran,VegQuestionLoop.order,participant,date,expName,psychopyVersion,OS,frameRate,Decision.keys,Decision.rt,trials.thisRepN,trials.thisTrialN,trials.thisN,trials.thisIndex,trials.ran,trials.order,s11,s12,s13,s14,s15,s16,s17,s18,s21,s22,s23,s24,s25,s26,s27,s28,IngsInRow,IngIn1,IngIn2,Iter.thisRepN,Iter.thisTrialN,Iter.thisN,Iter.thisIndex,Iter.ran,Iter.order,key_resp_2.keys,key_resp_2.rt,slider.response,slider.rt,key_resp_3.keys,key_resp_3.rt,RatingLoop.thisRepN,RatingLoop.thisTrialN,RatingLoop.thisN,RatingLoop.thisIndex,RatingLoop.ran,RatingLoop.order,ingredientforslider,key_resp.keys,key_resp.rt
"[1,1,1,1,0,0,0,1,0,1,0,1,0,0,1,0,0,0,1,1,1,1,1,0,1,1,1,1,0,0,1,1,1,0,1,1,1,0,0,0,1,1,1,1,1,1,1,1,0,1,0,1,0,1,0,0,0,0,0,0,0,0,0,0,1,1,0,0,1,0,0,1,0,1,0,1,0,1,0,1]",space,6.686000109,n,8.756000042,p,3.516000271,100,0,100,0,1,99,58120,2020-03-04_15h12.47.348,SandwichStudy,3.2.4,MacIntel,60,,,,,,,,,,,,,,,,,,,,,,,,,,,,,,,,,,,,,,,,,,,,,,,,
,,,,,,,,,,,,,58120,2020-03-04_15h12.47.348,SandwichStudy,3.2.4,MacIntel,60,"[""a""]",[3.6040000915527344],1,0,80,4,1,79,Provolone cheese,Swiss cheese,Cheddar cheese,Parmesan cheese,Tomatoes,,,,Chicken,Lettuce,Tomatoes,Mayonnaise,,,,,5,5,4,1000,0,1000,0,1,999,,,,,,,,,,,,,,,
,,,,,,,,,,,,,58120,2020-03-04_15h12.47.348,SandwichStudy,3.2.4,MacIntel,60,"[""l""]",[1.758000135421753],1,0,80,13,1,79,Chicken,Garlic aioli,Pickles,Cucumbers,Jalapenos,Basil,,,Roast beef,Bacon,Turkey,Mayonnaise,,,,,6,6,4,1000,0,1000,0,1,999,,,,,,,,,,,,,,,
,,,,,,,,,,,,,58120,2020-03-04_15h12.47.348,SandwichStudy,3.2.4,MacIntel,60,"[""l""]",[1.760000228881836],1,0,80,21,1,79,Chicken,Ham,Cheddar cheese,Mayonnaise,,,,,Turkey,Bacon,Avocado,Provolone cheese,Lettuce,Tomatoes,Onions,Ranch dressing,8,4,8,1000,0,1000,0,1,999,,,,,,,,,,,,,,,
,,,,,,,,,,,,,58120,2020-03-04_15h12.47.348,SandwichStudy,3.2.4,MacIntel,60,"[""a""]",[0.5930001735687256],1,0,80,23,1,79,Meatballs,Provolone cheese,Marinara sauce,Parmesan cheese,,,,,Turkey,Cheddar cheese,Bacon,,,,,,4,4,3,1000,0,1000,0,1,999,,,,,,,,,,,,,,,
,,,,,,,,,,,,,58120,2020-03-04_15h12.47.348,SandwichStudy,3.2.4,MacIntel,60,"[""a""]",[0.25500011444091797],1,0,80,65,1,79,Chicken,Pepper jack cheese,Ranch dressing,,,,,,Salami,Provolone cheese,Lettuce,Tomatoes,Mayonnaise,Mustard,,,6,3,6,1000,0,1000,0,1,999,,,,,,,,,,,,,,,
,,,,,,,,,,,,,58120,2020-03-04_15h12.47.348,SandwichStudy,3.2.4,MacIntel,60,"[""a""]",[1.0620002746582031],1,0,80,42,1,79,Chicken,Bacon,Feta cheese,Bell peppers,Basil,Garlic aioli,,,Turkey,Ham,Cheddar cheese,Mayonnaise,,,,,6,6,4,1000,0,1000,0,1,999,,,,,,,,,,,,,,,
,,,,,,,,,,,,,58120,2020-03-04_15h12.47.348,SandwichStudy,3.2.4,MacIntel,60,"[""l""]",[0.3410000801086426],1,0,80,25,1,79,Meatballs,Provolone cheese,Onions,Marinara sauce,,,,,Chicken,Pepper jack cheese,Ranch dressing,,,,,,4,4,3,1000,0,1000,0,1,999,,,,,,,,,,,,,,,
,,,,,,,,,,,,,58120,2020-03-04_15h12.47.348,SandwichStudy,3.2.4,MacIntel,60,"[""space""]",[2.2380001544952393],1,0,80,27,1,79,Mushrooms,Swiss cheese,Provolone cheese,Cheddar cheese,Lettuce,Tomatoes,,,Avocado,Spinach,Tomatoes,Swiss cheese,,,,,6,6,4,1000,0,1000,0,1,999,,,,,,,,,,,,,,,
,,,,,,,,,,,,,58120,2020-03-04_15h12.47.348,SandwichStudy,3.2.4,MacIntel,60,"[""space""]",[4.206000089645386],1,0,80,27,1,79,Mushrooms,Swiss cheese,Provolone cheese,Cheddar cheese,Lettuce,Tomatoes,,,Avocado,Spinach,Tomatoes,Swiss cheese,,,,,6,6,4,1000,0,1000,0,1,999,,,,,,,,,,,,,,,
,,,,,,,,,,,,,58120,2020-03-04_15h12.47.348,SandwichStudy,3.2.4,MacIntel,60,"[""space""]",[1.308000087738037],1,0,80,27,1,79,Mushrooms,Swiss cheese,Provolone cheese,Cheddar cheese,Lettuce,Tomatoes,,,Avocado,Spinach,Tomatoes,Swiss cheese,,,,,6,6,4,1000,0,1000,0,1,999,,,,,,,,,,,,,,,
,,,,,,,,,,,,,58120,2020-03-04_15h12.47.348,SandwichStudy,3.2.4,MacIntel,60,"[""space""]",[5.858000040054321],1,0,80,27,1,79,Mushrooms,Swiss cheese,Provolone cheese,Cheddar cheese,Lettuce,Tomatoes,,,Avocado,Spinach,Tomatoes,Swiss cheese,,,,,6,6,4,1000,0,1000,0,1,999,,,,,,,,,,,,,,,
,,,,,,,,,,,,,58120,2020-03-04_15h12.47.348,SandwichStudy,3.2.4,MacIntel,60,"[""space""]",[0.44700026512145996],1,0,80,27,1,79,Mushrooms,Swiss cheese,Provolone cheese,Cheddar cheese,Lettuce,Tomatoes,,,Avocado,Spinach,Tomatoes,Swiss cheese,,,,,6,6,4,1000,0,1000,0,1,999,,,,,,,,,,,,,,,
,,,,,,,,,,,,,58120,2020-03-04_15h12.47.348,SandwichStudy,3.2.4,MacIntel,60,"[""a""]",[10.83899998664856],1,0,80,27,1,79,Mushrooms,Swiss cheese,Provolone cheese,Cheddar cheese,Lettuce,Tomatoes,,,Avocado,Spinach,Tomatoes,Swiss cheese,,,,,6,6,4,1000,0,1000,0,1,999,,,,,,,,,,,,,,,
,,,,,,,,,,,,,58120,2020-03-04_15h12.47.348,SandwichStudy,3.2.4,MacIntel,60,"[""space""]",[1.6090002059936523],1,0,80,58,1,79,Chicken,Mayonnaise,Cheddar cheese,,,,,,Steak,Onions,Bell peppers,Provolone cheese,,,,,4,3,4,1000,0,1000,0,1,999,,,,,,,,,,,,,,,
,,,,,,,,,,,,,58120,2020-03-04_15h12.47.348,SandwichStudy,3.2.4,MacIntel,60,"[""space""]",[0.2710001468658447],1,0,80,58,1,79,Chicken,Mayonnaise,Cheddar cheese,,,,,,Steak,Onions,Bell peppers,Provolone cheese,,,,,4,3,4,1000,0,1000,0,1,999,,,,,,,,,,,,,,,
,,,,,,,,,,,,,58120,2020-03-04_15h12.47.348,SandwichStudy,3.2.4,MacIntel,60,"[""a""]",[0.4250001907348633],1,0,80,58,1,79,Chicken,Mayonnaise,Cheddar cheese,,,,,,Steak,Onions,Bell peppers,Provolone cheese,,,,,4,3,4,1000,0,1000,0,1,999,,,,,,,,,,,,,,,
,,,,,,,,,,,,,58120,2020-03-04_15h12.47.348,SandwichStudy,3.2.4,MacIntel,60,"[""l""]",[0.9460000991821289],1,0,80,35,1,79,Bacon,Lettuce,Tomatoes,Ranch dressing,,,,,Turkey,Gouda cheese,Avocado,Garlic aioli,Jalapenos,Tomatoes,Lettuce,,7,4,7,1000,0,1000,0,1,999,,,,,,,,,,,,,,,
,,,,,,,,,,,,,58120,2020-03-04_15h12.47.348,SandwichStudy,3.2.4,MacIntel,60,"[""space""]",[0.6680002212524414],1,0,80,11,1,79,Pork,Ham,Swiss cheese,Pickles,Mustard,,,,Chicken,Bacon,Mustard,,,,,,5,5,3,1000,0,1000,0,1,999,,,,,,,,,,,,,,,
,,,,,,,,,,,,,58120,2020-03-04_15h12.47.348,SandwichStudy,3.2.4,MacIntel,60,"[""l""]",[3.574000120162964],1,0,80,11,1,79,Pork,Ham,Swiss cheese,Pickles,Mustard,,,,Chicken,Bacon,Mustard,,,,,,5,5,3,1000,0,1000,0,1,999,,,,,,,,,,,,,,,
,,,,,,,,,,,,,58120,2020-03-04_15h12.47.348,SandwichStudy,3.2.4,MacIntel,60,"[""space""]",[0.09200024604797363],1,0,80,56,1,79,Turkey,Salami,Cheddar cheese,Mayonnaise,,,,,Turkey,Bacon,Avocado,Provolone cheese,Lettuce,Tomatoes,Onions,Ranch dressing,8,4,8,1000,0,1000,0,1,999,,,,,,,,,,,,,,,
,,,,,,,,,,,,,58120,2020-03-04_15h12.47.348,SandwichStudy,3.2.4,MacIntel,60,"[""space""]",[0.4780001640319824],1,0,80,56,1,79,Turkey,Salami,Cheddar cheese,Mayonnaise,,,,,Turkey,Bacon,Avocado,Provolone cheese,Lettuce,Tomatoes,Onions,Ranch dressing,8,4,8,1000,0,1000,0,1,999,,,,,,,,,,,,,,,
,,,,,,,,,,,,,58120,2020-03-04_15h12.47.348,SandwichStudy,3.2.4,MacIntel,60,"[""space""]",[0.4070000648498535],1,0,80,56,1,79,Turkey,Salami,Cheddar cheese,Mayonnaise,,,,,Turkey,Bacon,Avocado,Provolone cheese,Lettuce,Tomatoes,Onions,Ranch dressing,8,4,8,1000,0,1000,0,1,999,,,,,,,,,,,,,,,
,,,,,,,,,,,,,58120,2020-03-04_15h12.47.348,SandwichStudy,3.2.4,MacIntel,60,"[""space""]",[0.2710001468658447],1,0,80,56,1,79,Turkey,Salami,Cheddar cheese,Mayonnaise,,,,,Turkey,Bacon,Avocado,Provolone cheese,Lettuce,Tomatoes,Onions,Ranch dressing,8,4,8,1000,0,1000,0,1,999,,,,,,,,,,,,,,,
,,,,,,,,,,,,,58120,2020-03-04_15h12.47.348,SandwichStudy,3.2.4,MacIntel,60,"[""space""]",[0.08700013160705566],1,0,80,56,1,79,Turkey,Salami,Cheddar cheese,Mayonnaise,,,,,Turkey,Bacon,Avocado,Provolone cheese,Lettuce,Tomatoes,Onions,Ranch dressing,8,4,8,1000,0,1000,0,1,999,,,,,,,,,,,,,,,
,,,,,,,,,,,,,58120,2020-03-04_15h12.47.348,SandwichStudy,3.2.4,MacIntel,60,"[""space""]",[0.8580000400543213],1,0,80,56,1,79,Turkey,Salami,Cheddar cheese,Mayonnaise,,,,,Turkey,Bacon,Avocado,Provolone cheese,Lettuce,Tomatoes,Onions,Ranch dressing,8,4,8,1000,0,1000,0,1,999,,,,,,,,,,,,,,,
,,,,,,,,,,,,,58120,2020-03-04_15h12.47.348,SandwichStudy,3.2.4,MacIntel,60,"[""space""]",[0.8210000991821289],1,0,80,56,1,79,Turkey,Salami,Cheddar cheese,Mayonnaise,,,,,Turkey,Bacon,Avocado,Provolone cheese,Lettuce,Tomatoes,Onions,Ranch dressing,8,4,8,1000,0,1000,0,1,999,,,,,,,,,,,,,,,
,,,,,,,,,,,,,58120,2020-03-04_15h12.47.348,SandwichStudy,3.2.4,MacIntel,60,"[""a""]",[6.871000289916992],1,0,80,56,1,79,Turkey,Salami,Cheddar cheese,Mayonnaise,,,,,Turkey,Bacon,Avocado,Provolone cheese,Lettuce,Tomatoes,Onions,Ranch dressing,8,4,8,1000,0,1000,0,1,999,,,,,,,,,,,,,,,
,,,,,,,,,,,,,58120,2020-03-04_15h12.47.348,SandwichStudy,3.2.4,MacIntel,60,"[""space""]",[0.9100003242492676],1,0,80,61,1,79,Pork,Cucumbers,Pickles,Jalapenos,Basil,Mayonnaise,,,Turkey,Cheddar cheese,Bacon,,,,,,6,6,3,1000,0,1000,0,1,999,,,,,,,,,,,,,,,
,,,,,,,,,,,,,58120,2020-03-04_15h12.47.348,SandwichStudy,3.2.4,MacIntel,60,"[""space""]",[0.5550003051757812],1,0,80,61,1,79,Pork,Cucumbers,Pickles,Jalapenos,Basil,Mayonnaise,,,Turkey,Cheddar cheese,Bacon,,,,,,6,6,3,1000,0,1000,0,1,999,,,,,,,,,,,,,,,
,,,,,,,,,,,,,58120,2020-03-04_15h12.47.348,SandwichStudy,3.2.4,MacIntel,60,"[""l""]",[1.121000051498413],1,0,80,61,1,79,Pork,Cucumbers,Pickles,Jalapenos,Basil,Mayonnaise,,,Turkey,Cheddar cheese,Bacon,,,,,,6,6,3,1000,0,1000,0,1,999,,,,,,,,,,,,,,,
,,,,,,,,,,,,,58120,2020-03-04_15h12.47.348,SandwichStudy,3.2.4,MacIntel,60,"[""space""]",[1.7040002346038818],1,0,80,2,1,79,Turkey,Provolone cheese,Spinach,Garlic aioli,,,,,Chicken,Pickles,Basil,Tomatoes,Cucumbers,,,,5,4,5,1000,0,1000,0,1,999,,,,,,,,,,,,,,,
,,,,,,,,,,,,,58120,2020-03-04_15h12.47.348,SandwichStudy,3.2.4,MacIntel,60,"[""space""]",[1.438000202178955],1,0,80,2,1,79,Turkey,Provolone cheese,Spinach,Garlic aioli,,,,,Chicken,Pickles,Basil,Tomatoes,Cucumbers,,,,5,4,5,1000,0,1000,0,1,999,,,,,,,,,,,,,,,
,,,,,,,,,,,,,58120,2020-03-04_15h12.47.348,SandwichStudy,3.2.4,MacIntel,60,"[""space""]",[1.8410003185272217],1,0,80,2,1,79,Turkey,Provolone cheese,Spinach,Garlic aioli,,,,,Chicken,Pickles,Basil,Tomatoes,Cucumbers,,,,5,4,5,1000,0,1000,0,1,999,,,,,,,,,,,,,,,
,,,,,,,,,,,,,58120,2020-03-04_15h12.47.348,SandwichStudy,3.2.4,MacIntel,60,"[""space""]",[2.240000009536743],1,0,80,2,1,79,Turkey,Provolone cheese,Spinach,Garlic aioli,,,,,Chicken,Pickles,Basil,Tomatoes,Cucumbers,,,,5,4,5,1000,0,1000,0,1,999,,,,,,,,,,,,,,,
,,,,,,,,,,,,,58120,2020-03-04_15h12.47.348,SandwichStudy,3.2.4,MacIntel,60,"[""a""]",[0.49500036239624023],1,0,80,2,1,79,Turkey,Provolone cheese,Spinach,Garlic aioli,,,,,Chicken,Pickles,Basil,Tomatoes,Cucumbers,,,,5,4,5,1000,0,1000,0,1,999,,,,,,,,,,,,,,,
,,,,,,,,,,,,,58120,2020-03-04_15h12.47.348,SandwichStudy,3.2.4,MacIntel,60,"[""space""]",[0.629000186920166],1,0,80,77,1,79,Chicken,Lettuce,Tomatoes,Mayonnaise,,,,,Pepperoni,Meatballs,Marinara sauce,Provolone cheese,Mushrooms,,,,5,4,5,1000,0,1000,0,1,999,,,,,,,,,,,,,,,
,,,,,,,,,,,,,58120,2020-03-04_15h12.47.348,SandwichStudy,3.2.4,MacIntel,60,"[""space""]",[0.1790001392364502],1,0,80,77,1,79,Chicken,Lettuce,Tomatoes,Mayonnaise,,,,,Pepperoni,Meatballs,Marinara sauce,Provolone cheese,Mushrooms,,,,5,4,5,1000,0,1000,0,1,999,,,,,,,,,,,,,,,
,,,,,,,,,,,,,58120,2020-03-04_15h12.47.348,SandwichStudy,3.2.4,MacIntel,60,"[""space""]",[0.3640000820159912],1,0,80,77,1,79,Chicken,Lettuce,Tomatoes,Mayonnaise,,,,,Pepperoni,Meatballs,Marinara sauce,Provolone cheese,Mushrooms,,,,5,4,5,1000,0,1000,0,1,999,,,,,,,,,,,,,,,
,,,,,,,,,,,,,58120,2020-03-04_15h12.47.348,SandwichStudy,3.2.4,MacIntel,60,"[""l""]",[0.021000146865844727],1,0,80,77,1,79,Chicken,Lettuce,Tomatoes,Mayonnaise,,,,,Pepperoni,Meatballs,Marinara sauce,Provolone cheese,Mushrooms,,,,5,4,5,1000,0,1000,0,1,999,,,,,,,,,,,,,,,
,,,,,,,,,,,,,58120,2020-03-04_15h12.47.348,SandwichStudy,3.2.4,MacIntel,60,"[""space""]",[1.5729999542236328],1,0,80,18,1,79,Turkey,Bacon,Pepper jack cheese,Avocado,Ranch dressing,Spinach,Tomatoes,,Chicken,Bacon,Cheddar cheese,Swiss cheese,Spinach,Tomatoes,Mayonnaise,Mustard,8,7,8,1000,0,1000,0,1,999,,,,,,,,,,,,,,,
,,,,,,,,,,,,,58120,2020-03-04_15h12.47.348,SandwichStudy,3.2.4,MacIntel,60,"[""space""]",[0.7130002975463867],1,0,80,18,1,79,Turkey,Bacon,Pepper jack cheese,Avocado,Ranch dressing,Spinach,Tomatoes,,Chicken,Bacon,Cheddar cheese,Swiss cheese,Spinach,Tomatoes,Mayonnaise,Mustard,8,7,8,1000,0,1000,0,1,999,,,,,,,,,,,,,,,
,,,,,,,,,,,,,58120,2020-03-04_15h12.47.348,SandwichStudy,3.2.4,MacIntel,60,"[""l""]",[0.6250002384185791],1,0,80,18,1,79,Turkey,Bacon,Pepper jack cheese,Avocado,Ranch dressing,Spinach,Tomatoes,,Chicken,Bacon,Cheddar cheese,Swiss cheese,Spinach,Tomatoes,Mayonnaise,Mustard,8,7,8,1000,0,1000,0,1,999,,,,,,,,,,,,,,,
,,,,,,,,,,,,,58120,2020-03-04_15h12.47.348,SandwichStudy,3.2.4,MacIntel,60,"[""space""]",[0.5920002460479736],1,0,80,32,1,79,Turkey,Ham,Bacon,Provolone cheese,Lettuce,Tomatoes,Ranch dressing,,Chicken,Cheddar cheese,Bacon,Avocado,Ranch dressing,,,,7,7,5,1000,0,1000,0,1,999,,,,,,,,,,,,,,,
,,,,,,,,,,,,,58120,2020-03-04_15h12.47.348,SandwichStudy,3.2.4,MacIntel,60,"[""space""]",[1.3360002040863037],1,0,80,32,1,79,Turkey,Ham,Bacon,Provolone cheese,Lettuce,Tomatoes,Ranch dressing,,Chicken,Cheddar cheese,Bacon,Avocado,Ranch dressing,,,,7,7,5,1000,0,1000,0,1,999,,,,,,,,,,,,,,,
,,,,,,,,,,,,,58120,2020-03-04_15h12.47.348,SandwichStudy,3.2.4,MacIntel,60,"[""l""]",[1.8050000667572021],1,0,80,32,1,79,Turkey,Ham,Bacon,Provolone cheese,Lettuce,Tomatoes,Ranch dressing,,Chicken,Cheddar cheese,Bacon,Avocado,Ranch dressing,,,,7,7,5,1000,0,1000,0,1,999,,,,,,,,,,,,,,,
,,,,,,,,,,,,,58120,2020-03-04_15h12.47.348,SandwichStudy,3.2.4,MacIntel,60,"[""space""]",[0.03900027275085449],1,0,80,43,1,79,Meatballs,Provolone cheese,Onions,Marinara sauce,,,,,Chicken,Mozzarella cheese,Tomatoes,Pesto,Spinach,,,,5,4,5,1000,0,1000,0,1,999,,,,,,,,,,,,,,,
,,,,,,,,,,,,,58120,2020-03-04_15h12.47.348,SandwichStudy,3.2.4,MacIntel,60,"[""space""]",[0.38900017738342285],1,0,80,43,1,79,Meatballs,Provolone cheese,Onions,Marinara sauce,,,,,Chicken,Mozzarella cheese,Tomatoes,Pesto,Spinach,,,,5,4,5,1000,0,1000,0,1,999,,,,,,,,,,,,,,,
,,,,,,,,,,,,,58120,2020-03-04_15h12.47.348,SandwichStudy,3.2.4,MacIntel,60,"[""space""]",[0.47300004959106445],1,0,80,43,1,79,Meatballs,Provolone cheese,Onions,Marinara sauce,,,,,Chicken,Mozzarella cheese,Tomatoes,Pesto,Spinach,,,,5,4,5,1000,0,1000,0,1,999,,,,,,,,,,,,,,,
,,,,,,,,,,,,,58120,2020-03-04_15h12.47.348,SandwichStudy,3.2.4,MacIntel,60,"[""l""]",[1.253000259399414],1,0,80,43,1,79,Meatballs,Provolone cheese,Onions,Marinara sauce,,,,,Chicken,Mozzarella cheese,Tomatoes,Pesto,Spinach,,,,5,4,5,1000,0,1000,0,1,999,,,,,,,,,,,,,,,
,,,,,,,,,,,,,58120,2020-03-04_15h12.47.348,SandwichStudy,3.2.4,MacIntel,60,"[""space""]",[0.28800034523010254],1,0,80,70,1,79,Pastrami,Swiss cheese,Coleslaw,,,,,,Chicken,Cheddar cheese,Bacon,Avocado,Ranch dressing,,,,5,3,5,1000,0,1000,0,1,999,,,,,,,,,,,,,,,
,,,,,,,,,,,,,58120,2020-03-04_15h12.47.348,SandwichStudy,3.2.4,MacIntel,60,"[""space""]",[1.1550002098083496],1,0,80,70,1,79,Pastrami,Swiss cheese,Coleslaw,,,,,,Chicken,Cheddar cheese,Bacon,Avocado,Ranch dressing,,,,5,3,5,1000,0,1000,0,1,999,,,,,,,,,,,,,,,
,,,,,,,,,,,,,58120,2020-03-04_15h12.47.348,SandwichStudy,3.2.4,MacIntel,60,"[""a""]",[0.14100003242492676],1,0,80,70,1,79,Pastrami,Swiss cheese,Coleslaw,,,,,,Chicken,Cheddar cheese,Bacon,Avocado,Ranch dressing,,,,5,3,5,1000,0,1000,0,1,999,,,,,,,,,,,,,,,
,,,,,,,,,,,,,58120,2020-03-04_15h12.47.348,SandwichStudy,3.2.4,MacIntel,60,"[""l""]",[0.3960001468658447],1,0,80,51,1,79,Turkey,Provolone cheese,Pesto,Bell peppers,,,,,Swiss cheese,Provolone cheese,Bell peppers,Tomatoes,Onions,,,,5,4,5,1000,0,1000,0,1,999,,,,,,,,,,,,,,,
,,,,,,,,,,,,,58120,2020-03-04_15h12.47.348,SandwichStudy,3.2.4,MacIntel,60,"[""space""]",[0.8400001525878906],1,0,80,46,1,79,Turkey,Ham,Bacon,Swiss cheese,Lettuce,Tomatoes,Onions,,Chicken,Pickles,Basil,Tomatoes,Cucumbers,,,,7,7,5,1000,0,1000,0,1,999,,,,,,,,,,,,,,,
,,,,,,,,,,,,,58120,2020-03-04_15h12.47.348,SandwichStudy,3.2.4,MacIntel,60,"[""space""]",[1.3720002174377441],1,0,80,46,1,79,Turkey,Ham,Bacon,Swiss cheese,Lettuce,Tomatoes,Onions,,Chicken,Pickles,Basil,Tomatoes,Cucumbers,,,,7,7,5,1000,0,1000,0,1,999,,,,,,,,,,,,,,,
,,,,,,,,,,,,,58120,2020-03-04_15h12.47.348,SandwichStudy,3.2.4,MacIntel,60,"[""space""]",[1.8900001049041748],1,0,80,46,1,79,Turkey,Ham,Bacon,Swiss cheese,Lettuce,Tomatoes,Onions,,Chicken,Pickles,Basil,Tomatoes,Cucumbers,,,,7,7,5,1000,0,1000,0,1,999,,,,,,,,,,,,,,,
,,,,,,,,,,,,,58120,2020-03-04_15h12.47.348,SandwichStudy,3.2.4,MacIntel,60,"[""l""]",[0.2850000858306885],1,0,80,46,1,79,Turkey,Ham,Bacon,Swiss cheese,Lettuce,Tomatoes,Onions,,Chicken,Pickles,Basil,Tomatoes,Cucumbers,,,,7,7,5,1000,0,1000,0,1,999,,,,,,,,,,,,,,,
,,,,,,,,,,,,,58120,2020-03-04_15h12.47.348,SandwichStudy,3.2.4,MacIntel,60,"[""space""]",[0.7090001106262207],1,0,80,5,1,79,Chicken,Cheddar cheese,Mayonnaise,,,,,,Turkey,Provolone cheese,Pesto,Bell peppers,,,,,4,3,4,1000,0,1000,0,1,999,,,,,,,,,,,,,,,
,,,,,,,,,,,,,58120,2020-03-04_15h12.47.348,SandwichStudy,3.2.4,MacIntel,60,"[""space""]",[1.0880000591278076],1,0,80,5,1,79,Chicken,Cheddar cheese,Mayonnaise,,,,,,Turkey,Provolone cheese,Pesto,Bell peppers,,,,,4,3,4,1000,0,1000,0,1,999,,,,,,,,,,,,,,,
,,,,,,,,,,,,,58120,2020-03-04_15h12.47.348,SandwichStudy,3.2.4,MacIntel,60,"[""space""]",[0.3060002326965332],1,0,80,5,1,79,Chicken,Cheddar cheese,Mayonnaise,,,,,,Turkey,Provolone cheese,Pesto,Bell peppers,,,,,4,3,4,1000,0,1000,0,1,999,,,,,,,,,,,,,,,
,,,,,,,,,,,,,58120,2020-03-04_15h12.47.348,SandwichStudy,3.2.4,MacIntel,60,"[""l""]",[0.3250000476837158],1,0,80,5,1,79,Chicken,Cheddar cheese,Mayonnaise,,,,,,Turkey,Provolone cheese,Pesto,Bell peppers,,,,,4,3,4,1000,0,1000,0,1,999,,,,,,,,,,,,,,,
,,,,,,,,,,,,,58120,2020-03-04_15h12.47.348,SandwichStudy,3.2.4,MacIntel,60,"[""space""]",[0.6050000190734863],1,0,80,68,1,79,Tomatoes,Mozzarella cheese,Spinach,Pesto,,,,,Steak,Bacon,American cheese,Tomatoes,Onions,Pickles,,,6,4,6,1000,0,1000,0,1,999,,,,,,,,,,,,,,,
,,,,,,,,,,,,,58120,2020-03-04_15h12.47.348,SandwichStudy,3.2.4,MacIntel,60,"[""space""]",[0.41100025177001953],1,0,80,68,1,79,Tomatoes,Mozzarella cheese,Spinach,Pesto,,,,,Steak,Bacon,American cheese,Tomatoes,Onions,Pickles,,,6,4,6,1000,0,1000,0,1,999,,,,,,,,,,,,,,,
,,,,,,,,,,,,,58120,2020-03-04_15h12.47.348,SandwichStudy,3.2.4,MacIntel,60,"[""space""]",[0.4230003356933594],1,0,80,68,1,79,Tomatoes,Mozzarella cheese,Spinach,Pesto,,,,,Steak,Bacon,American cheese,Tomatoes,Onions,Pickles,,,6,4,6,1000,0,1000,0,1,999,,,,,,,,,,,,,,,
,,,,,,,,,,,,,58120,2020-03-04_15h12.47.348,SandwichStudy,3.2.4,MacIntel,60,"[""a""]",[0.037000179290771484],1,0,80,68,1,79,Tomatoes,Mozzarella cheese,Spinach,Pesto,,,,,Steak,Bacon,American cheese,Tomatoes,Onions,Pickles,,,6,4,6,1000,0,1000,0,1,999,,,,,,,,,,,,,,,
,,,,,,,,,,,,,58120,2020-03-04_15h12.47.348,SandwichStudy,3.2.4,MacIntel,60,"[""space""]",[0.2390000820159912],1,0,80,24,1,79,Steak,Onions,Bell peppers,Provolone cheese,,,,,Tuna,Lettuce,Tomatoes,Mayonnaise,,,,,4,4,4,1000,0,1000,0,1,999,,,,,,,,,,,,,,,
,,,,,,,,,,,,,58120,2020-03-04_15h12.47.348,SandwichStudy,3.2.4,MacIntel,60,"[""space""]",[0.8710002899169922],1,0,80,24,1,79,Steak,Onions,Bell peppers,Provolone cheese,,,,,Tuna,Lettuce,Tomatoes,Mayonnaise,,,,,4,4,4,1000,0,1000,0,1,999,,,,,,,,,,,,,,,
,,,,,,,,,,,,,58120,2020-03-04_15h12.47.348,SandwichStudy,3.2.4,MacIntel,60,"[""space""]",[0.3540000915527344],1,0,80,24,1,79,Steak,Onions,Bell peppers,Provolone cheese,,,,,Tuna,Lettuce,Tomatoes,Mayonnaise,,,,,4,4,4,1000,0,1000,0,1,999,,,,,,,,,,,,,,,
,,,,,,,,,,,,,58120,2020-03-04_15h12.47.348,SandwichStudy,3.2.4,MacIntel,60,"[""l""]",[5.506999969482422],1,0,80,24,1,79,Steak,Onions,Bell peppers,Provolone cheese,,,,,Tuna,Lettuce,Tomatoes,Mayonnaise,,,,,4,4,4,1000,0,1000,0,1,999,,,,,,,,,,,,,,,
,,,,,,,,,,,,,58120,2020-03-04_15h12.47.348,SandwichStudy,3.2.4,MacIntel,60,"[""space""]",[0.49700021743774414],1,0,80,34,1,79,Avocado,Onions,Cucumbers,,,,,,Tuna,Basil,Cheddar cheese,Garlic aioli,Pickles,Onions,Tomatoes,Spinach,8,3,8,1000,0,1000,0,1,999,,,,,,,,,,,,,,,
,,,,,,,,,,,,,58120,2020-03-04_15h12.47.348,SandwichStudy,3.2.4,MacIntel,60,"[""space""]",[0.3540000915527344],1,0,80,34,1,79,Avocado,Onions,Cucumbers,,,,,,Tuna,Basil,Cheddar cheese,Garlic aioli,Pickles,Onions,Tomatoes,Spinach,8,3,8,1000,0,1000,0,1,999,,,,,,,,,,,,,,,
,,,,,,,,,,,,,58120,2020-03-04_15h12.47.348,SandwichStudy,3.2.4,MacIntel,60,"[""space""]",[1.4560003280639648],1,0,80,34,1,79,Avocado,Onions,Cucumbers,,,,,,Tuna,Basil,Cheddar cheese,Garlic aioli,Pickles,Onions,Tomatoes,Spinach,8,3,8,1000,0,1000,0,1,999,,,,,,,,,,,,,,,
,,,,,,,,,,,,,58120,2020-03-04_15h12.47.348,SandwichStudy,3.2.4,MacIntel,60,"[""space""]",[0.8540000915527344],1,0,80,34,1,79,Avocado,Onions,Cucumbers,,,,,,Tuna,Basil,Cheddar cheese,Garlic aioli,Pickles,Onions,Tomatoes,Spinach,8,3,8,1000,0,1000,0,1,999,,,,,,,,,,,,,,,
,,,,,,,,,,,,,58120,2020-03-04_15h12.47.348,SandwichStudy,3.2.4,MacIntel,60,"[""a""]",[1.7080001831054688],1,0,80,34,1,79,Avocado,Onions,Cucumbers,,,,,,Tuna,Basil,Cheddar cheese,Garlic aioli,Pickles,Onions,Tomatoes,Spinach,8,3,8,1000,0,1000,0,1,999,,,,,,,,,,,,,,,
,,,,,,,,,,,,,58120,2020-03-04_15h12.47.348,SandwichStudy,3.2.4,MacIntel,60,"[""space""]",[0.4570002555847168],1,0,80,38,1,79,Steak,Turkey,Ham,Cheddar cheese,Olives,Lettuce,Tomatoes,Onions,Chicken,Swiss cheese,Lettuce,Tomatoes,Onions,,,,8,8,5,1000,0,1000,0,1,999,,,,,,,,,,,,,,,
,,,,,,,,,,,,,58120,2020-03-04_15h12.47.348,SandwichStudy,3.2.4,MacIntel,60,"[""space""]",[0.08600020408630371],1,0,80,38,1,79,Steak,Turkey,Ham,Cheddar cheese,Olives,Lettuce,Tomatoes,Onions,Chicken,Swiss cheese,Lettuce,Tomatoes,Onions,,,,8,8,5,1000,0,1000,0,1,999,,,,,,,,,,,,,,,
,,,,,,,,,,,,,58120,2020-03-04_15h12.47.348,SandwichStudy,3.2.4,MacIntel,60,"[""space""]",[19.57800006866455],1,0,80,38,1,79,Steak,Turkey,Ham,Cheddar cheese,Olives,Lettuce,Tomatoes,Onions,Chicken,Swiss cheese,Lettuce,Tomatoes,Onions,,,,8,8,5,1000,0,1000,0,1,999,,,,,,,,,,,,,,,
,,,,,,,,,,,,,58120,2020-03-04_15h12.47.348,SandwichStudy,3.2.4,MacIntel,60,"[""l""]",[1.688000202178955],1,0,80,38,1,79,Steak,Turkey,Ham,Cheddar cheese,Olives,Lettuce,Tomatoes,Onions,Chicken,Swiss cheese,Lettuce,Tomatoes,Onions,,,,8,8,5,1000,0,1000,0,1,999,,,,,,,,,,,,,,,
,,,,,,,,,,,,,58120,2020-03-04_15h12.47.348,SandwichStudy,3.2.4,MacIntel,60,"[""a""]",[0.35199999809265137],1,0,80,26,1,79,Turkey,Avocado,Mayonnaise,,,,,,Chicken,Mozzarella cheese,Tomatoes,Onions,Basil,Mayonnaise,,,6,3,6,1000,0,1000,0,1,999,,,,,,,,,,,,,,,
,,,,,,,,,,,,,58120,2020-03-04_15h12.47.348,SandwichStudy,3.2.4,MacIntel,60,"[""space""]",[0.10500001907348633],1,0,80,73,1,79,Turkey,Avocado,Bacon,Garlic aioli,Tomatoes,Spinach,Onions,,Tuna,Lettuce,Tomatoes,Mayonnaise,,,,,7,7,4,1000,0,1000,0,1,999,,,,,,,,,,,,,,,
,,,,,,,,,,,,,58120,2020-03-04_15h12.47.348,SandwichStudy,3.2.4,MacIntel,60,"[""space""]",[0.21900010108947754],1,0,80,73,1,79,Turkey,Avocado,Bacon,Garlic aioli,Tomatoes,Spinach,Onions,,Tuna,Lettuce,Tomatoes,Mayonnaise,,,,,7,7,4,1000,0,1000,0,1,999,,,,,,,,,,,,,,,
,,,,,,,,,,,,,58120,2020-03-04_15h12.47.348,SandwichStudy,3.2.4,MacIntel,60,"[""space""]",[2.2209999561309814],1,0,80,73,1,79,Turkey,Avocado,Bacon,Garlic aioli,Tomatoes,Spinach,Onions,,Tuna,Lettuce,Tomatoes,Mayonnaise,,,,,7,7,4,1000,0,1000,0,1,999,,,,,,,,,,,,,,,
,,,,,,,,,,,,,58120,2020-03-04_15h12.47.348,SandwichStudy,3.2.4,MacIntel,60,"[""a""]",[0.192000150680542],1,0,80,73,1,79,Turkey,Avocado,Bacon,Garlic aioli,Tomatoes,Spinach,Onions,,Tuna,Lettuce,Tomatoes,Mayonnaise,,,,,7,7,4,1000,0,1000,0,1,999,,,,,,,,,,,,,,,
,,,,,,,,,,,,,58120,2020-03-04_15h12.47.348,SandwichStudy,3.2.4,MacIntel,60,"[""space""]",[0.2710001468658447],1,0,80,71,1,79,Bacon,Ham,Turkey,Mayonnaise,Mustard,Cheddar cheese,Tomatoes,Spinach,Bacon,Lettuce,Tomatoes,Garlic aioli,Avocado,,,,8,8,5,1000,0,1000,0,1,999,,,,,,,,,,,,,,,
,,,,,,,,,,,,,58120,2020-03-04_15h12.47.348,SandwichStudy,3.2.4,MacIntel,60,"[""space""]",[0.30500006675720215],1,0,80,71,1,79,Bacon,Ham,Turkey,Mayonnaise,Mustard,Cheddar cheese,Tomatoes,Spinach,Bacon,Lettuce,Tomatoes,Garlic aioli,Avocado,,,,8,8,5,1000,0,1000,0,1,999,,,,,,,,,,,,,,,
,,,,,,,,,,,,,58120,2020-03-04_15h12.47.348,SandwichStudy,3.2.4,MacIntel,60,"[""space""]",[3.4750001430511475],1,0,80,71,1,79,Bacon,Ham,Turkey,Mayonnaise,Mustard,Cheddar cheese,Tomatoes,Spinach,Bacon,Lettuce,Tomatoes,Garlic aioli,Avocado,,,,8,8,5,1000,0,1000,0,1,999,,,,,,,,,,,,,,,
,,,,,,,,,,,,,58120,2020-03-04_15h12.47.348,SandwichStudy,3.2.4,MacIntel,60,"[""l""]",[0.002000093460083008],1,0,80,71,1,79,Bacon,Ham,Turkey,Mayonnaise,Mustard,Cheddar cheese,Tomatoes,Spinach,Bacon,Lettuce,Tomatoes,Garlic aioli,Avocado,,,,8,8,5,1000,0,1000,0,1,999,,,,,,,,,,,,,,,
,,,,,,,,,,,,,58120,2020-03-04_15h12.47.348,SandwichStudy,3.2.4,MacIntel,60,"[""space""]",[0.02200007438659668],1,0,80,7,1,79,Mozzarella cheese,Bell peppers,Pesto,Spinach,,,,,Ham,Lettuce,Tomatoes,Mayonnaise,Mustard,,,,5,4,5,1000,0,1000,0,1,999,,,,,,,,,,,,,,,
,,,,,,,,,,,,,58120,2020-03-04_15h12.47.348,SandwichStudy,3.2.4,MacIntel,60,"[""space""]",[1.9019999504089355],1,0,80,7,1,79,Mozzarella cheese,Bell peppers,Pesto,Spinach,,,,,Ham,Lettuce,Tomatoes,Mayonnaise,Mustard,,,,5,4,5,1000,0,1000,0,1,999,,,,,,,,,,,,,,,
,,,,,,,,,,,,,58120,2020-03-04_15h12.47.348,SandwichStudy,3.2.4,MacIntel,60,"[""l""]",[2.2230002880096436],1,0,80,7,1,79,Mozzarella cheese,Bell peppers,Pesto,Spinach,,,,,Ham,Lettuce,Tomatoes,Mayonnaise,Mustard,,,,5,4,5,1000,0,1000,0,1,999,,,,,,,,,,,,,,,
,,,,,,,,,,,,,58120,2020-03-04_15h12.47.348,SandwichStudy,3.2.4,MacIntel,60,"[""space""]",[0.5890002250671387],1,0,80,17,1,79,Salami,Roast beef,Turkey,Ham,Swiss cheese,Lettuce,Tomatoes,Mayonnaise,Chicken,Gouda cheese,Avocado,Basil,Bell peppers,Mayonnaise,,,8,8,6,1000,0,1000,0,1,999,,,,,,,,,,,,,,,
,,,,,,,,,,,,,58120,2020-03-04_15h12.47.348,SandwichStudy,3.2.4,MacIntel,60,"[""space""]",[0.8210000991821289],1,0,80,17,1,79,Salami,Roast beef,Turkey,Ham,Swiss cheese,Lettuce,Tomatoes,Mayonnaise,Chicken,Gouda cheese,Avocado,Basil,Bell peppers,Mayonnaise,,,8,8,6,1000,0,1000,0,1,999,,,,,,,,,,,,,,,
,,,,,,,,,,,,,58120,2020-03-04_15h12.47.348,SandwichStudy,3.2.4,MacIntel,60,"[""space""]",[2.204000234603882],1,0,80,17,1,79,Salami,Roast beef,Turkey,Ham,Swiss cheese,Lettuce,Tomatoes,Mayonnaise,Chicken,Gouda cheese,Avocado,Basil,Bell peppers,Mayonnaise,,,8,8,6,1000,0,1000,0,1,999,,,,,,,,,,,,,,,
,,,,,,,,,,,,,58120,2020-03-04_15h12.47.348,SandwichStudy,3.2.4,MacIntel,60,"[""space""]",[0.2220001220703125],1,0,80,17,1,79,Salami,Roast beef,Turkey,Ham,Swiss cheese,Lettuce,Tomatoes,Mayonnaise,Chicken,Gouda cheese,Avocado,Basil,Bell peppers,Mayonnaise,,,8,8,6,1000,0,1000,0,1,999,,,,,,,,,,,,,,,
,,,,,,,,,,,,,58120,2020-03-04_15h12.47.348,SandwichStudy,3.2.4,MacIntel,60,"[""space""]",[1.2230002880096436],1,0,80,17,1,79,Salami,Roast beef,Turkey,Ham,Swiss cheese,Lettuce,Tomatoes,Mayonnaise,Chicken,Gouda cheese,Avocado,Basil,Bell peppers,Mayonnaise,,,8,8,6,1000,0,1000,0,1,999,,,,,,,,,,,,,,,
,,,,,,,,,,,,,58120,2020-03-04_15h12.47.348,SandwichStudy,3.2.4,MacIntel,60,"[""space""]",[0.20600032806396484],1,0,80,17,1,79,Salami,Roast beef,Turkey,Ham,Swiss cheese,Lettuce,Tomatoes,Mayonnaise,Chicken,Gouda cheese,Avocado,Basil,Bell peppers,Mayonnaise,,,8,8,6,1000,0,1000,0,1,999,,,,,,,,,,,,,,,
,,,,,,,,,,,,,58120,2020-03-04_15h12.47.348,SandwichStudy,3.2.4,MacIntel,60,"[""l""]",[0.1380000114440918],1,0,80,17,1,79,Salami,Roast beef,Turkey,Ham,Swiss cheese,Lettuce,Tomatoes,Mayonnaise,Chicken,Gouda cheese,Avocado,Basil,Bell peppers,Mayonnaise,,,8,8,6,1000,0,1000,0,1,999,,,,,,,,,,,,,,,
,,,,,,,,,,,,,58120,2020-03-04_15h12.47.348,SandwichStudy,3.2.4,MacIntel,60,"[""space""]",[0.2110002040863037],1,0,80,76,1,79,Bacon,Lettuce,Tomatoes,Ranch dressing,,,,,Chicken,Bacon,Mustard,,,,,,4,4,3,1000,0,1000,0,1,999,,,,,,,,,,,,,,,
,,,,,,,,,,,,,58120,2020-03-04_15h12.47.348,SandwichStudy,3.2.4,MacIntel,60,"[""space""]",[4.107000350952148],1,0,80,76,1,79,Bacon,Lettuce,Tomatoes,Ranch dressing,,,,,Chicken,Bacon,Mustard,,,,,,4,4,3,1000,0,1000,0,1,999,,,,,,,,,,,,,,,
,,,,,,,,,,,,,58120,2020-03-04_15h12.47.348,SandwichStudy,3.2.4,MacIntel,60,"[""l""]",[0.3900001049041748],1,0,80,76,1,79,Bacon,Lettuce,Tomatoes,Ranch dressing,,,,,Chicken,Bacon,Mustard,,,,,,4,4,3,1000,0,1000,0,1,999,,,,,,,,,,,,,,,
,,,,,,,,,,,,,58120,2020-03-04_15h12.47.348,SandwichStudy,3.2.4,MacIntel,60,"[""space""]",[2.371000289916992],1,0,80,40,1,79,Pork,Ham,Swiss cheese,Pickles,Mustard,,,,Steak,Turkey,Ham,Cheddar cheese,Olives,Lettuce,Tomatoes,Onions,8,5,8,1000,0,1000,0,1,999,,,,,,,,,,,,,,,
,,,,,,,,,,,,,58120,2020-03-04_15h12.47.348,SandwichStudy,3.2.4,MacIntel,60,"[""space""]",[4.06000018119812],1,0,80,40,1,79,Pork,Ham,Swiss cheese,Pickles,Mustard,,,,Steak,Turkey,Ham,Cheddar cheese,Olives,Lettuce,Tomatoes,Onions,8,5,8,1000,0,1000,0,1,999,,,,,,,,,,,,,,,
,,,,,,,,,,,,,58120,2020-03-04_15h12.47.348,SandwichStudy,3.2.4,MacIntel,60,"[""space""]",[1.6450002193450928],1,0,80,40,1,79,Pork,Ham,Swiss cheese,Pickles,Mustard,,,,Steak,Turkey,Ham,Cheddar cheese,Olives,Lettuce,Tomatoes,Onions,8,5,8,1000,0,1000,0,1,999,,,,,,,,,,,,,,,
,,,,,,,,,,,,,58120,2020-03-04_15h12.47.348,SandwichStudy,3.2.4,MacIntel,60,"[""space""]",[0.02200031280517578],1,0,80,40,1,79,Pork,Ham,Swiss cheese,Pickles,Mustard,,,,Steak,Turkey,Ham,Cheddar cheese,Olives,Lettuce,Tomatoes,Onions,8,5,8,1000,0,1000,0,1,999,,,,,,,,,,,,,,,
,,,,,,,,,,,,,58120,2020-03-04_15h12.47.348,SandwichStudy,3.2.4,MacIntel,60,"[""a""]",[0.10700035095214844],1,0,80,40,1,79,Pork,Ham,Swiss cheese,Pickles,Mustard,,,,Steak,Turkey,Ham,Cheddar cheese,Olives,Lettuce,Tomatoes,Onions,8,5,8,1000,0,1000,0,1,999,,,,,,,,,,,,,,,
,,,,,,,,,,,,,58120,2020-03-04_15h12.47.348,SandwichStudy,3.2.4,MacIntel,60,"[""space""]",[0.04700016975402832],1,0,80,74,1,79,Mushrooms,Swiss cheese,Provolone cheese,Cheddar cheese,Lettuce,Tomatoes,,,Roast beef,Pastrami,Swiss cheese,Mustard,,,,,6,6,4,1000,0,1000,0,1,999,,,,,,,,,,,,,,,
,,,,,,,,,,,,,58120,2020-03-04_15h12.47.348,SandwichStudy,3.2.4,MacIntel,60,"[""space""]",[0.3710000514984131],1,0,80,74,1,79,Mushrooms,Swiss cheese,Provolone cheese,Cheddar cheese,Lettuce,Tomatoes,,,Roast beef,Pastrami,Swiss cheese,Mustard,,,,,6,6,4,1000,0,1000,0,1,999,,,,,,,,,,,,,,,
,,,,,,,,,,,,,58120,2020-03-04_15h12.47.348,SandwichStudy,3.2.4,MacIntel,60,"[""space""]",[0.36300039291381836],1,0,80,74,1,79,Mushrooms,Swiss cheese,Provolone cheese,Cheddar cheese,Lettuce,Tomatoes,,,Roast beef,Pastrami,Swiss cheese,Mustard,,,,,6,6,4,1000,0,1000,0,1,999,,,,,,,,,,,,,,,
,,,,,,,,,,,,,58120,2020-03-04_15h12.47.348,SandwichStudy,3.2.4,MacIntel,60,"[""a""]",[1.3389999866485596],1,0,80,74,1,79,Mushrooms,Swiss cheese,Provolone cheese,Cheddar cheese,Lettuce,Tomatoes,,,Roast beef,Pastrami,Swiss cheese,Mustard,,,,,6,6,4,1000,0,1000,0,1,999,,,,,,,,,,,,,,,
,,,,,,,,,,,,,58120,2020-03-04_15h12.47.348,SandwichStudy,3.2.4,MacIntel,60,"[""space""]",[0.3530001640319824],1,0,80,75,1,79,Ham,Swiss cheese,Mustard,,,,,,Ham,Swiss cheese,Mayonnaise,Mustard,Tomatoes,,,,5,3,5,1000,0,1000,0,1,999,,,,,,,,,,,,,,,
,,,,,,,,,,,,,58120,2020-03-04_15h12.47.348,SandwichStudy,3.2.4,MacIntel,60,"[""space""]",[19.859000205993652],1,0,80,75,1,79,Ham,Swiss cheese,Mustard,,,,,,Ham,Swiss cheese,Mayonnaise,Mustard,Tomatoes,,,,5,3,5,1000,0,1000,0,1,999,,,,,,,,,,,,,,,
,,,,,,,,,,,,,58120,2020-03-04_15h12.47.348,SandwichStudy,3.2.4,MacIntel,60,"[""a""]",[2.7720000743865967],1,0,80,75,1,79,Ham,Swiss cheese,Mustard,,,,,,Ham,Swiss cheese,Mayonnaise,Mustard,Tomatoes,,,,5,3,5,1000,0,1000,0,1,999,,,,,,,,,,,,,,,
,,,,,,,,,,,,,58120,2020-03-04_15h12.47.348,SandwichStudy,3.2.4,MacIntel,60,"[""space""]",[0.7620000839233398],1,0,80,79,1,79,Salami,Roast beef,Turkey,Ham,Swiss cheese,Lettuce,Tomatoes,Mayonnaise,Turkey,Cheddar cheese,Mayonnaise,,,,,,8,8,3,1000,0,1000,0,1,999,,,,,,,,,,,,,,,
,,,,,,,,,,,,,58120,2020-03-04_15h12.47.348,SandwichStudy,3.2.4,MacIntel,60,"[""space""]",[0.194000244140625],1,0,80,79,1,79,Salami,Roast beef,Turkey,Ham,Swiss cheese,Lettuce,Tomatoes,Mayonnaise,Turkey,Cheddar cheese,Mayonnaise,,,,,,8,8,3,1000,0,1000,0,1,999,,,,,,,,,,,,,,,
,,,,,,,,,,,,,58120,2020-03-04_15h12.47.348,SandwichStudy,3.2.4,MacIntel,60,"[""a""]",[0.8080000877380371],1,0,80,79,1,79,Salami,Roast beef,Turkey,Ham,Swiss cheese,Lettuce,Tomatoes,Mayonnaise,Turkey,Cheddar cheese,Mayonnaise,,,,,,8,8,3,1000,0,1000,0,1,999,,,,,,,,,,,,,,,
,,,,,,,,,,,,,58120,2020-03-04_15h12.47.348,SandwichStudy,3.2.4,MacIntel,60,"[""space""]",[0.7060000896453857],1,0,80,39,1,79,Chicken,Provolone cheese,Pesto,,,,,,Turkey,Bacon,Jalapenos,Lettuce,Avocado,Garlic aioli,Tomatoes,,7,3,7,1000,0,1000,0,1,999,,,,,,,,,,,,,,,
,,,,,,,,,,,,,58120,2020-03-04_15h12.47.348,SandwichStudy,3.2.4,MacIntel,60,"[""space""]",[0.2390000820159912],1,0,80,39,1,79,Chicken,Provolone cheese,Pesto,,,,,,Turkey,Bacon,Jalapenos,Lettuce,Avocado,Garlic aioli,Tomatoes,,7,3,7,1000,0,1000,0,1,999,,,,,,,,,,,,,,,
,,,,,,,,,,,,,58120,2020-03-04_15h12.47.348,SandwichStudy,3.2.4,MacIntel,60,"[""a""]",[1.323000192642212],1,0,80,39,1,79,Chicken,Provolone cheese,Pesto,,,,,,Turkey,Bacon,Jalapenos,Lettuce,Avocado,Garlic aioli,Tomatoes,,7,3,7,1000,0,1000,0,1,999,,,,,,,,,,,,,,,
,,,,,,,,,,,,,58120,2020-03-04_15h12.47.348,SandwichStudy,3.2.4,MacIntel,60,"[""space""]",[0.5110001564025879],1,0,80,57,1,79,Avocado,Spinach,Tomatoes,Swiss cheese,,,,,Chicken,Ham,Swiss cheese,Mayonnaise,Mustard,,,,5,4,5,1000,0,1000,0,1,999,,,,,,,,,,,,,,,
,,,,,,,,,,,,,58120,2020-03-04_15h12.47.348,SandwichStudy,3.2.4,MacIntel,60,"[""space""]",[0.43200016021728516],1,0,80,57,1,79,Avocado,Spinach,Tomatoes,Swiss cheese,,,,,Chicken,Ham,Swiss cheese,Mayonnaise,Mustard,,,,5,4,5,1000,0,1000,0,1,999,,,,,,,,,,,,,,,
,,,,,,,,,,,,,58120,2020-03-04_15h12.47.348,SandwichStudy,3.2.4,MacIntel,60,"[""space""]",[3.4580001831054688],1,0,80,57,1,79,Avocado,Spinach,Tomatoes,Swiss cheese,,,,,Chicken,Ham,Swiss cheese,Mayonnaise,Mustard,,,,5,4,5,1000,0,1000,0,1,999,,,,,,,,,,,,,,,
,,,,,,,,,,,,,58120,2020-03-04_15h12.47.348,SandwichStudy,3.2.4,MacIntel,60,"[""l""]",[1.0200002193450928],1,0,80,57,1,79,Avocado,Spinach,Tomatoes,Swiss cheese,,,,,Chicken,Ham,Swiss cheese,Mayonnaise,Mustard,,,,5,4,5,1000,0,1000,0,1,999,,,,,,,,,,,,,,,
,,,,,,,,,,,,,58120,2020-03-04_15h12.47.348,SandwichStudy,3.2.4,MacIntel,60,"[""space""]",[1.4240002632141113],1,0,80,52,1,79,Cheddar cheese,Avocado,Onions,Tomatoes,Mayonnaise,,,,Bacon,Ham,Turkey,Mayonnaise,Cheddar cheese,Tomatoes,Spinach,Swiss cheese,8,5,8,1000,0,1000,0,1,999,,,,,,,,,,,,,,,
,,,,,,,,,,,,,58120,2020-03-04_15h12.47.348,SandwichStudy,3.2.4,MacIntel,60,"[""space""]",[3.0220000743865967],1,0,80,52,1,79,Cheddar cheese,Avocado,Onions,Tomatoes,Mayonnaise,,,,Bacon,Ham,Turkey,Mayonnaise,Cheddar cheese,Tomatoes,Spinach,Swiss cheese,8,5,8,1000,0,1000,0,1,999,,,,,,,,,,,,,,,
,,,,,,,,,,,,,58120,2020-03-04_15h12.47.348,SandwichStudy,3.2.4,MacIntel,60,"[""space""]",[0.9290001392364502],1,0,80,52,1,79,Cheddar cheese,Avocado,Onions,Tomatoes,Mayonnaise,,,,Bacon,Ham,Turkey,Mayonnaise,Cheddar cheese,Tomatoes,Spinach,Swiss cheese,8,5,8,1000,0,1000,0,1,999,,,,,,,,,,,,,,,
,,,,,,,,,,,,,58120,2020-03-04_15h12.47.348,SandwichStudy,3.2.4,MacIntel,60,"[""space""]",[0.23100018501281738],1,0,80,52,1,79,Cheddar cheese,Avocado,Onions,Tomatoes,Mayonnaise,,,,Bacon,Ham,Turkey,Mayonnaise,Cheddar cheese,Tomatoes,Spinach,Swiss cheese,8,5,8,1000,0,1000,0,1,999,,,,,,,,,,,,,,,
,,,,,,,,,,,,,58120,2020-03-04_15h12.47.348,SandwichStudy,3.2.4,MacIntel,60,"[""space""]",[0.2700002193450928],1,0,80,52,1,79,Cheddar cheese,Avocado,Onions,Tomatoes,Mayonnaise,,,,Bacon,Ham,Turkey,Mayonnaise,Cheddar cheese,Tomatoes,Spinach,Swiss cheese,8,5,8,1000,0,1000,0,1,999,,,,,,,,,,,,,,,
,,,,,,,,,,,,,58120,2020-03-04_15h12.47.348,SandwichStudy,3.2.4,MacIntel,60,"[""l""]",[0.1120002269744873],1,0,80,52,1,79,Cheddar cheese,Avocado,Onions,Tomatoes,Mayonnaise,,,,Bacon,Ham,Turkey,Mayonnaise,Cheddar cheese,Tomatoes,Spinach,Swiss cheese,8,5,8,1000,0,1000,0,1,999,,,,,,,,,,,,,,,
,,,,,,,,,,,,,58120,2020-03-04_15h12.47.348,SandwichStudy,3.2.4,MacIntel,60,"[""space""]",[0.03400015830993652],1,0,80,49,1,79,Spinach,Tomatoes,Cucumbers,Onions,Bell peppers,Avocado,Mayonnaise,,Turkey,Provolone cheese,Spinach,Garlic aioli,,,,,7,7,4,1000,0,1000,0,1,999,,,,,,,,,,,,,,,
,,,,,,,,,,,,,58120,2020-03-04_15h12.47.348,SandwichStudy,3.2.4,MacIntel,60,"[""space""]",[0.1360001564025879],1,0,80,49,1,79,Spinach,Tomatoes,Cucumbers,Onions,Bell peppers,Avocado,Mayonnaise,,Turkey,Provolone cheese,Spinach,Garlic aioli,,,,,7,7,4,1000,0,1000,0,1,999,,,,,,,,,,,,,,,
,,,,,,,,,,,,,58120,2020-03-04_15h12.47.348,SandwichStudy,3.2.4,MacIntel,60,"[""space""]",[1.1770002841949463],1,0,80,49,1,79,Spinach,Tomatoes,Cucumbers,Onions,Bell peppers,Avocado,Mayonnaise,,Turkey,Provolone cheese,Spinach,Garlic aioli,,,,,7,7,4,1000,0,1000,0,1,999,,,,,,,,,,,,,,,
,,,,,,,,,,,,,58120,2020-03-04_15h12.47.348,SandwichStudy,3.2.4,MacIntel,60,"[""space""]",[2.022000312805176],1,0,80,49,1,79,Spinach,Tomatoes,Cucumbers,Onions,Bell peppers,Avocado,Mayonnaise,,Turkey,Provolone cheese,Spinach,Garlic aioli,,,,,7,7,4,1000,0,1000,0,1,999,,,,,,,,,,,,,,,
,,,,,,,,,,,,,58120,2020-03-04_15h12.47.348,SandwichStudy,3.2.4,MacIntel,60,"[""l""]",[2.430000066757202],1,0,80,49,1,79,Spinach,Tomatoes,Cucumbers,Onions,Bell peppers,Avocado,Mayonnaise,,Turkey,Provolone cheese,Spinach,Garlic aioli,,,,,7,7,4,1000,0,1000,0,1,999,,,,,,,,,,,,,,,
,,,,,,,,,,,,,58120,2020-03-04_15h12.47.348,SandwichStudy,3.2.4,MacIntel,60,"[""space""]",[2.008000135421753],1,0,80,1,1,79,Tomatoes,Mozzarella cheese,Spinach,Pesto,,,,,Ham,Swiss cheese,Mustard,,,,,,4,4,3,1000,0,1000,0,1,999,,,,,,,,,,,,,,,
,,,,,,,,,,,,,58120,2020-03-04_15h12.47.348,SandwichStudy,3.2.4,MacIntel,60,"[""space""]",[2.0230002403259277],1,0,80,1,1,79,Tomatoes,Mozzarella cheese,Spinach,Pesto,,,,,Ham,Swiss cheese,Mustard,,,,,,4,4,3,1000,0,1000,0,1,999,,,,,,,,,,,,,,,
,,,,,,,,,,,,,58120,2020-03-04_15h12.47.348,SandwichStudy,3.2.4,MacIntel,60,"[""l""]",[1.135000228881836],1,0,80,1,1,79,Tomatoes,Mozzarella cheese,Spinach,Pesto,,,,,Ham,Swiss cheese,Mustard,,,,,,4,4,3,1000,0,1000,0,1,999,,,,,,,,,,,,,,,
,,,,,,,,,,,,,58120,2020-03-04_15h12.47.348,SandwichStudy,3.2.4,MacIntel,60,"[""space""]",[0.3580000400543213],1,0,80,33,1,79,Bacon,Ham,Turkey,Mayonnaise,Mustard,Cheddar cheese,Tomatoes,Spinach,Turkey,Avocado,Bacon,Garlic aioli,Tomatoes,Spinach,Onions,,8,8,7,1000,0,1000,0,1,999,,,,,,,,,,,,,,,
,,,,,,,,,,,,,58120,2020-03-04_15h12.47.348,SandwichStudy,3.2.4,MacIntel,60,"[""space""]",[1.124000072479248],1,0,80,33,1,79,Bacon,Ham,Turkey,Mayonnaise,Mustard,Cheddar cheese,Tomatoes,Spinach,Turkey,Avocado,Bacon,Garlic aioli,Tomatoes,Spinach,Onions,,8,8,7,1000,0,1000,0,1,999,,,,,,,,,,,,,,,
,,,,,,,,,,,,,58120,2020-03-04_15h12.47.348,SandwichStudy,3.2.4,MacIntel,60,"[""space""]",[1.9070000648498535],1,0,80,33,1,79,Bacon,Ham,Turkey,Mayonnaise,Mustard,Cheddar cheese,Tomatoes,Spinach,Turkey,Avocado,Bacon,Garlic aioli,Tomatoes,Spinach,Onions,,8,8,7,1000,0,1000,0,1,999,,,,,,,,,,,,,,,
,,,,,,,,,,,,,58120,2020-03-04_15h12.47.348,SandwichStudy,3.2.4,MacIntel,60,"[""l""]",[0.2370002269744873],1,0,80,33,1,79,Bacon,Ham,Turkey,Mayonnaise,Mustard,Cheddar cheese,Tomatoes,Spinach,Turkey,Avocado,Bacon,Garlic aioli,Tomatoes,Spinach,Onions,,8,8,7,1000,0,1000,0,1,999,,,,,,,,,,,,,,,
,,,,,,,,,,,,,58120,2020-03-04_15h12.47.348,SandwichStudy,3.2.4,MacIntel,60,"[""space""]",[1.2130002975463867],1,0,80,63,1,79,Onions,Bell peppers,Mushrooms,Jalapenos,American cheese,Steak,,,Turkey,Ham,Roast beef,Provolone cheese,Spinach,Tomatoes,Mayonnaise,Mustard,8,6,8,1000,0,1000,0,1,999,,,,,,,,,,,,,,,
,,,,,,,,,,,,,58120,2020-03-04_15h12.47.348,SandwichStudy,3.2.4,MacIntel,60,"[""space""]",[0.3730003833770752],1,0,80,63,1,79,Onions,Bell peppers,Mushrooms,Jalapenos,American cheese,Steak,,,Turkey,Ham,Roast beef,Provolone cheese,Spinach,Tomatoes,Mayonnaise,Mustard,8,6,8,1000,0,1000,0,1,999,,,,,,,,,,,,,,,
,,,,,,,,,,,,,58120,2020-03-04_15h12.47.348,SandwichStudy,3.2.4,MacIntel,60,"[""space""]",[1.3470001220703125],1,0,80,63,1,79,Onions,Bell peppers,Mushrooms,Jalapenos,American cheese,Steak,,,Turkey,Ham,Roast beef,Provolone cheese,Spinach,Tomatoes,Mayonnaise,Mustard,8,6,8,1000,0,1000,0,1,999,,,,,,,,,,,,,,,
,,,,,,,,,,,,,58120,2020-03-04_15h12.47.348,SandwichStudy,3.2.4,MacIntel,60,"[""a""]",[0.4610002040863037],1,0,80,63,1,79,Onions,Bell peppers,Mushrooms,Jalapenos,American cheese,Steak,,,Turkey,Ham,Roast beef,Provolone cheese,Spinach,Tomatoes,Mayonnaise,Mustard,8,6,8,1000,0,1000,0,1,999,,,,,,,,,,,,,,,
,,,,,,,,,,,,,58120,2020-03-04_15h12.47.348,SandwichStudy,3.2.4,MacIntel,60,"[""space""]",[0.39300012588500977],1,0,80,15,1,79,Pork,Cucumbers,Pickles,Jalapenos,Basil,Mayonnaise,,,Roast beef,Pastrami,Swiss cheese,Mustard,,,,,6,6,4,1000,0,1000,0,1,999,,,,,,,,,,,,,,,
,,,,,,,,,,,,,58120,2020-03-04_15h12.47.348,SandwichStudy,3.2.4,MacIntel,60,"[""space""]",[0.40200018882751465],1,0,80,15,1,79,Pork,Cucumbers,Pickles,Jalapenos,Basil,Mayonnaise,,,Roast beef,Pastrami,Swiss cheese,Mustard,,,,,6,6,4,1000,0,1000,0,1,999,,,,,,,,,,,,,,,
,,,,,,,,,,,,,58120,2020-03-04_15h12.47.348,SandwichStudy,3.2.4,MacIntel,60,"[""space""]",[2.6430001258850098],1,0,80,15,1,79,Pork,Cucumbers,Pickles,Jalapenos,Basil,Mayonnaise,,,Roast beef,Pastrami,Swiss cheese,Mustard,,,,,6,6,4,1000,0,1000,0,1,999,,,,,,,,,,,,,,,
,,,,,,,,,,,,,58120,2020-03-04_15h12.47.348,SandwichStudy,3.2.4,MacIntel,60,"[""l""]",[0.07900023460388184],1,0,80,15,1,79,Pork,Cucumbers,Pickles,Jalapenos,Basil,Mayonnaise,,,Roast beef,Pastrami,Swiss cheese,Mustard,,,,,6,6,4,1000,0,1000,0,1,999,,,,,,,,,,,,,,,
,,,,,,,,,,,,,58120,2020-03-04_15h12.47.348,SandwichStudy,3.2.4,MacIntel,60,"[""space""]",[0.4910001754760742],1,0,80,10,1,79,Turkey,Cheddar cheese,Coleslaw,Spinach,Mustard,,,,Salami,Provolone cheese,Lettuce,Tomatoes,Mayonnaise,Mustard,,,6,5,6,1000,0,1000,0,1,999,,,,,,,,,,,,,,,
,,,,,,,,,,,,,58120,2020-03-04_15h12.47.348,SandwichStudy,3.2.4,MacIntel,60,"[""space""]",[0.6900002956390381],1,0,80,10,1,79,Turkey,Cheddar cheese,Coleslaw,Spinach,Mustard,,,,Salami,Provolone cheese,Lettuce,Tomatoes,Mayonnaise,Mustard,,,6,5,6,1000,0,1000,0,1,999,,,,,,,,,,,,,,,
,,,,,,,,,,,,,58120,2020-03-04_15h12.47.348,SandwichStudy,3.2.4,MacIntel,60,"[""space""]",[1.128000259399414],1,0,80,10,1,79,Turkey,Cheddar cheese,Coleslaw,Spinach,Mustard,,,,Salami,Provolone cheese,Lettuce,Tomatoes,Mayonnaise,Mustard,,,6,5,6,1000,0,1000,0,1,999,,,,,,,,,,,,,,,
,,,,,,,,,,,,,58120,2020-03-04_15h12.47.348,SandwichStudy,3.2.4,MacIntel,60,"[""space""]",[0.07200026512145996],1,0,80,10,1,79,Turkey,Cheddar cheese,Coleslaw,Spinach,Mustard,,,,Salami,Provolone cheese,Lettuce,Tomatoes,Mayonnaise,Mustard,,,6,5,6,1000,0,1000,0,1,999,,,,,,,,,,,,,,,
,,,,,,,,,,,,,58120,2020-03-04_15h12.47.348,SandwichStudy,3.2.4,MacIntel,60,"[""space""]",[1.688000202178955],1,0,80,10,1,79,Turkey,Cheddar cheese,Coleslaw,Spinach,Mustard,,,,Salami,Provolone cheese,Lettuce,Tomatoes,Mayonnaise,Mustard,,,6,5,6,1000,0,1000,0,1,999,,,,,,,,,,,,,,,
,,,,,,,,,,,,,58120,2020-03-04_15h12.47.348,SandwichStudy,3.2.4,MacIntel,60,"[""a""]",[8.575999975204468],1,0,80,10,1,79,Turkey,Cheddar cheese,Coleslaw,Spinach,Mustard,,,,Salami,Provolone cheese,Lettuce,Tomatoes,Mayonnaise,Mustard,,,6,5,6,1000,0,1000,0,1,999,,,,,,,,,,,,,,,
,,,,,,,,,,,,,58120,2020-03-04_15h12.47.348,SandwichStudy,3.2.4,MacIntel,60,"[""space""]",[0.9250001907348633],1,0,80,0,1,79,Onions,Bell peppers,Mushrooms,Jalapenos,American cheese,Steak,,,Bacon,Provolone cheese,Mushrooms,Parmesan cheese,,,,,6,6,4,1000,0,1000,0,1,999,,,,,,,,,,,,,,,
,,,,,,,,,,,,,58120,2020-03-04_15h12.47.348,SandwichStudy,3.2.4,MacIntel,60,"[""space""]",[1.6440000534057617],1,0,80,0,1,79,Onions,Bell peppers,Mushrooms,Jalapenos,American cheese,Steak,,,Bacon,Provolone cheese,Mushrooms,Parmesan cheese,,,,,6,6,4,1000,0,1000,0,1,999,,,,,,,,,,,,,,,
,,,,,,,,,,,,,58120,2020-03-04_15h12.47.348,SandwichStudy,3.2.4,MacIntel,60,"[""space""]",[2.389000177383423],1,0,80,0,1,79,Onions,Bell peppers,Mushrooms,Jalapenos,American cheese,Steak,,,Bacon,Provolone cheese,Mushrooms,Parmesan cheese,,,,,6,6,4,1000,0,1000,0,1,999,,,,,,,,,,,,,,,
,,,,,,,,,,,,,58120,2020-03-04_15h12.47.348,SandwichStudy,3.2.4,MacIntel,60,"[""a""]",[1.8070001602172852],1,0,80,0,1,79,Onions,Bell peppers,Mushrooms,Jalapenos,American cheese,Steak,,,Bacon,Provolone cheese,Mushrooms,Parmesan cheese,,,,,6,6,4,1000,0,1000,0,1,999,,,,,,,,,,,,,,,
,,,,,,,,,,,,,58120,2020-03-04_15h12.47.348,SandwichStudy,3.2.4,MacIntel,60,"[""space""]",[0.6690001487731934],1,0,80,69,1,79,Chicken,Garlic aioli,Pickles,Cucumbers,Jalapenos,Basil,,,Chicken,Bacon,Cheddar cheese,Swiss cheese,Spinach,Tomatoes,Mayonnaise,Mustard,8,6,8,1000,0,1000,0,1,999,,,,,,,,,,,,,,,
,,,,,,,,,,,,,58120,2020-03-04_15h12.47.348,SandwichStudy,3.2.4,MacIntel,60,"[""space""]",[0.20600032806396484],1,0,80,69,1,79,Chicken,Garlic aioli,Pickles,Cucumbers,Jalapenos,Basil,,,Chicken,Bacon,Cheddar cheese,Swiss cheese,Spinach,Tomatoes,Mayonnaise,Mustard,8,6,8,1000,0,1000,0,1,999,,,,,,,,,,,,,,,
,,,,,,,,,,,,,58120,2020-03-04_15h12.47.348,SandwichStudy,3.2.4,MacIntel,60,"[""space""]",[0.5400002002716064],1,0,80,69,1,79,Chicken,Garlic aioli,Pickles,Cucumbers,Jalapenos,Basil,,,Chicken,Bacon,Cheddar cheese,Swiss cheese,Spinach,Tomatoes,Mayonnaise,Mustard,8,6,8,1000,0,1000,0,1,999,,,,,,,,,,,,,,,
,,,,,,,,,,,,,58120,2020-03-04_15h12.47.348,SandwichStudy,3.2.4,MacIntel,60,"[""space""]",[0.4960000514984131],1,0,80,69,1,79,Chicken,Garlic aioli,Pickles,Cucumbers,Jalapenos,Basil,,,Chicken,Bacon,Cheddar cheese,Swiss cheese,Spinach,Tomatoes,Mayonnaise,Mustard,8,6,8,1000,0,1000,0,1,999,,,,,,,,,,,,,,,
,,,,,,,,,,,,,58120,2020-03-04_15h12.47.348,SandwichStudy,3.2.4,MacIntel,60,"[""space""]",[0.192000150680542],1,0,80,69,1,79,Chicken,Garlic aioli,Pickles,Cucumbers,Jalapenos,Basil,,,Chicken,Bacon,Cheddar cheese,Swiss cheese,Spinach,Tomatoes,Mayonnaise,Mustard,8,6,8,1000,0,1000,0,1,999,,,,,,,,,,,,,,,
,,,,,,,,,,,,,58120,2020-03-04_15h12.47.348,SandwichStudy,3.2.4,MacIntel,60,"[""space""]",[0.5030002593994141],1,0,80,69,1,79,Chicken,Garlic aioli,Pickles,Cucumbers,Jalapenos,Basil,,,Chicken,Bacon,Cheddar cheese,Swiss cheese,Spinach,Tomatoes,Mayonnaise,Mustard,8,6,8,1000,0,1000,0,1,999,,,,,,,,,,,,,,,
,,,,,,,,,,,,,58120,2020-03-04_15h12.47.348,SandwichStudy,3.2.4,MacIntel,60,"[""a""]",[0.8720002174377441],1,0,80,69,1,79,Chicken,Garlic aioli,Pickles,Cucumbers,Jalapenos,Basil,,,Chicken,Bacon,Cheddar cheese,Swiss cheese,Spinach,Tomatoes,Mayonnaise,Mustard,8,6,8,1000,0,1000,0,1,999,,,,,,,,,,,,,,,
,,,,,,,,,,,,,58120,2020-03-04_15h12.47.348,SandwichStudy,3.2.4,MacIntel,60,"[""space""]",[0.30900025367736816],1,0,80,8,1,79,Chicken,Ham,Swiss cheese,Mayonnaise,,,,,Pepperoni,Meatballs,Marinara sauce,Provolone cheese,Mushrooms,,,,5,4,5,1000,0,1000,0,1,999,,,,,,,,,,,,,,,
,,,,,,,,,,,,,58120,2020-03-04_15h12.47.348,SandwichStudy,3.2.4,MacIntel,60,"[""space""]",[0.05800032615661621],1,0,80,8,1,79,Chicken,Ham,Swiss cheese,Mayonnaise,,,,,Pepperoni,Meatballs,Marinara sauce,Provolone cheese,Mushrooms,,,,5,4,5,1000,0,1000,0,1,999,,,,,,,,,,,,,,,
,,,,,,,,,,,,,58120,2020-03-04_15h12.47.348,SandwichStudy,3.2.4,MacIntel,60,"[""space""]",[0.57200026512146],1,0,80,8,1,79,Chicken,Ham,Swiss cheese,Mayonnaise,,,,,Pepperoni,Meatballs,Marinara sauce,Provolone cheese,Mushrooms,,,,5,4,5,1000,0,1000,0,1,999,,,,,,,,,,,,,,,
,,,,,,,,,,,,,58120,2020-03-04_15h12.47.348,SandwichStudy,3.2.4,MacIntel,60,"[""l""]",[0.9890000820159912],1,0,80,8,1,79,Chicken,Ham,Swiss cheese,Mayonnaise,,,,,Pepperoni,Meatballs,Marinara sauce,Provolone cheese,Mushrooms,,,,5,4,5,1000,0,1000,0,1,999,,,,,,,,,,,,,,,
,,,,,,,,,,,,,58120,2020-03-04_15h12.47.348,SandwichStudy,3.2.4,MacIntel,60,"[""space""]",[0.7400002479553223],1,0,80,54,1,79,Chicken,Bell peppers,Bacon,Provolone cheese,Ranch dressing,Lettuce,Tomatoes,,Turkey,Bacon,Pepper jack cheese,Avocado,Ranch dressing,Spinach,Tomatoes,,7,7,7,1000,0,1000,0,1,999,,,,,,,,,,,,,,,
,,,,,,,,,,,,,58120,2020-03-04_15h12.47.348,SandwichStudy,3.2.4,MacIntel,60,"[""space""]",[1.0360000133514404],1,0,80,54,1,79,Chicken,Bell peppers,Bacon,Provolone cheese,Ranch dressing,Lettuce,Tomatoes,,Turkey,Bacon,Pepper jack cheese,Avocado,Ranch dressing,Spinach,Tomatoes,,7,7,7,1000,0,1000,0,1,999,,,,,,,,,,,,,,,
,,,,,,,,,,,,,58120,2020-03-04_15h12.47.348,SandwichStudy,3.2.4,MacIntel,60,"[""l""]",[0.4140002727508545],1,0,80,54,1,79,Chicken,Bell peppers,Bacon,Provolone cheese,Ranch dressing,Lettuce,Tomatoes,,Turkey,Bacon,Pepper jack cheese,Avocado,Ranch dressing,Spinach,Tomatoes,,7,7,7,1000,0,1000,0,1,999,,,,,,,,,,,,,,,
,,,,,,,,,,,,,58120,2020-03-04_15h12.47.348,SandwichStudy,3.2.4,MacIntel,60,"[""space""]",[0.6060001850128174],1,0,80,48,1,79,Chicken,Provolone cheese,Pesto,,,,,,Ham,Lettuce,Tomatoes,Mayonnaise,Mustard,,,,5,3,5,1000,0,1000,0,1,999,,,,,,,,,,,,,,,
,,,,,,,,,,,,,58120,2020-03-04_15h12.47.348,SandwichStudy,3.2.4,MacIntel,60,"[""space""]",[2.305999994277954],1,0,80,48,1,79,Chicken,Provolone cheese,Pesto,,,,,,Ham,Lettuce,Tomatoes,Mayonnaise,Mustard,,,,5,3,5,1000,0,1000,0,1,999,,,,,,,,,,,,,,,
,,,,,,,,,,,,,58120,2020-03-04_15h12.47.348,SandwichStudy,3.2.4,MacIntel,60,"[""space""]",[0.125],1,0,80,48,1,79,Chicken,Provolone cheese,Pesto,,,,,,Ham,Lettuce,Tomatoes,Mayonnaise,Mustard,,,,5,3,5,1000,0,1000,0,1,999,,,,,,,,,,,,,,,
,,,,,,,,,,,,,58120,2020-03-04_15h12.47.348,SandwichStudy,3.2.4,MacIntel,60,"[""space""]",[0.5970003604888916],1,0,80,48,1,79,Chicken,Provolone cheese,Pesto,,,,,,Ham,Lettuce,Tomatoes,Mayonnaise,Mustard,,,,5,3,5,1000,0,1000,0,1,999,,,,,,,,,,,,,,,
,,,,,,,,,,,,,58120,2020-03-04_15h12.47.348,SandwichStudy,3.2.4,MacIntel,60,"[""l""]",[1.5920002460479736],1,0,80,48,1,79,Chicken,Provolone cheese,Pesto,,,,,,Ham,Lettuce,Tomatoes,Mayonnaise,Mustard,,,,5,3,5,1000,0,1000,0,1,999,,,,,,,,,,,,,,,
,,,,,,,,,,,,,58120,2020-03-04_15h12.47.348,SandwichStudy,3.2.4,MacIntel,60,"[""space""]",[0.05200004577636719],1,0,80,22,1,79,Bacon,Lettuce,Tomatoes,Garlic aioli,Avocado,,,,Ham,Swiss cheese,Spinach,Mustard,,,,,5,5,4,1000,0,1000,0,1,999,,,,,,,,,,,,,,,
,,,,,,,,,,,,,58120,2020-03-04_15h12.47.348,SandwichStudy,3.2.4,MacIntel,60,"[""space""]",[0.29000020027160645],1,0,80,22,1,79,Bacon,Lettuce,Tomatoes,Garlic aioli,Avocado,,,,Ham,Swiss cheese,Spinach,Mustard,,,,,5,5,4,1000,0,1000,0,1,999,,,,,,,,,,,,,,,
,,,,,,,,,,,,,58120,2020-03-04_15h12.47.348,SandwichStudy,3.2.4,MacIntel,60,"[""space""]",[1.5889999866485596],1,0,80,22,1,79,Bacon,Lettuce,Tomatoes,Garlic aioli,Avocado,,,,Ham,Swiss cheese,Spinach,Mustard,,,,,5,5,4,1000,0,1000,0,1,999,,,,,,,,,,,,,,,
,,,,,,,,,,,,,58120,2020-03-04_15h12.47.348,SandwichStudy,3.2.4,MacIntel,60,"[""space""]",[0.33900022506713867],1,0,80,22,1,79,Bacon,Lettuce,Tomatoes,Garlic aioli,Avocado,,,,Ham,Swiss cheese,Spinach,Mustard,,,,,5,5,4,1000,0,1000,0,1,999,,,,,,,,,,,,,,,
,,,,,,,,,,,,,58120,2020-03-04_15h12.47.348,SandwichStudy,3.2.4,MacIntel,60,"[""a""]",[0.29400014877319336],1,0,80,22,1,79,Bacon,Lettuce,Tomatoes,Garlic aioli,Avocado,,,,Ham,Swiss cheese,Spinach,Mustard,,,,,5,5,4,1000,0,1000,0,1,999,,,,,,,,,,,,,,,
,,,,,,,,,,,,,58120,2020-03-04_15h12.47.348,SandwichStudy,3.2.4,MacIntel,60,"[""space""]",[0.2970001697540283],1,0,80,37,1,79,Turkey,Ham,Cheddar cheese,Mayonnaise,,,,,Chicken,Ham,Swiss cheese,Mayonnaise,Mustard,,,,5,4,5,1000,0,1000,0,1,999,,,,,,,,,,,,,,,
,,,,,,,,,,,,,58120,2020-03-04_15h12.47.348,SandwichStudy,3.2.4,MacIntel,60,"[""space""]",[0.6250002384185791],1,0,80,37,1,79,Turkey,Ham,Cheddar cheese,Mayonnaise,,,,,Chicken,Ham,Swiss cheese,Mayonnaise,Mustard,,,,5,4,5,1000,0,1000,0,1,999,,,,,,,,,,,,,,,
,,,,,,,,,,,,,58120,2020-03-04_15h12.47.348,SandwichStudy,3.2.4,MacIntel,60,"[""space""]",[0.2239999771118164],1,0,80,37,1,79,Turkey,Ham,Cheddar cheese,Mayonnaise,,,,,Chicken,Ham,Swiss cheese,Mayonnaise,Mustard,,,,5,4,5,1000,0,1000,0,1,999,,,,,,,,,,,,,,,
,,,,,,,,,,,,,58120,2020-03-04_15h12.47.348,SandwichStudy,3.2.4,MacIntel,60,"[""l""]",[3.7240002155303955],1,0,80,37,1,79,Turkey,Ham,Cheddar cheese,Mayonnaise,,,,,Chicken,Ham,Swiss cheese,Mayonnaise,Mustard,,,,5,4,5,1000,0,1000,0,1,999,,,,,,,,,,,,,,,
,,,,,,,,,,,,,58120,2020-03-04_15h12.47.348,SandwichStudy,3.2.4,MacIntel,60,"[""space""]",[0.40600013732910156],1,0,80,67,1,79,Avocado,Onions,Cucumbers,,,,,,Meatballs,Provolone cheese,Marinara sauce,Parmesan cheese,,,,,4,3,4,1000,0,1000,0,1,999,,,,,,,,,,,,,,,
,,,,,,,,,,,,,58120,2020-03-04_15h12.47.348,SandwichStudy,3.2.4,MacIntel,60,"[""space""]",[0.12100005149841309],1,0,80,67,1,79,Avocado,Onions,Cucumbers,,,,,,Meatballs,Provolone cheese,Marinara sauce,Parmesan cheese,,,,,4,3,4,1000,0,1000,0,1,999,,,,,,,,,,,,,,,
,,,,,,,,,,,,,58120,2020-03-04_15h12.47.348,SandwichStudy,3.2.4,MacIntel,60,"[""space""]",[0.5410001277923584],1,0,80,67,1,79,Avocado,Onions,Cucumbers,,,,,,Meatballs,Provolone cheese,Marinara sauce,Parmesan cheese,,,,,4,3,4,1000,0,1000,0,1,999,,,,,,,,,,,,,,,
,,,,,,,,,,,,,58120,2020-03-04_15h12.47.348,SandwichStudy,3.2.4,MacIntel,60,"[""space""]",[0.4250001907348633],1,0,80,67,1,79,Avocado,Onions,Cucumbers,,,,,,Meatballs,Provolone cheese,Marinara sauce,Parmesan cheese,,,,,4,3,4,1000,0,1000,0,1,999,,,,,,,,,,,,,,,
,,,,,,,,,,,,,58120,2020-03-04_15h12.47.348,SandwichStudy,3.2.4,MacIntel,60,"[""space""]",[0.25300025939941406],1,0,80,67,1,79,Avocado,Onions,Cucumbers,,,,,,Meatballs,Provolone cheese,Marinara sauce,Parmesan cheese,,,,,4,3,4,1000,0,1000,0,1,999,,,,,,,,,,,,,,,
,,,,,,,,,,,,,58120,2020-03-04_15h12.47.348,SandwichStudy,3.2.4,MacIntel,60,"[""l""]",[12.428000211715698],1,0,80,67,1,79,Avocado,Onions,Cucumbers,,,,,,Meatballs,Provolone cheese,Marinara sauce,Parmesan cheese,,,,,4,3,4,1000,0,1000,0,1,999,,,,,,,,,,,,,,,
,,,,,,,,,,,,,58120,2020-03-04_15h12.47.348,SandwichStudy,3.2.4,MacIntel,60,"[""space""]",[0.3730001449584961],1,0,80,50,1,79,Mozzarella cheese,Bell peppers,Pesto,Spinach,,,,,Chicken,Ham,Swiss cheese,Mayonnaise,,,,,4,4,4,1000,0,1000,0,1,999,,,,,,,,,,,,,,,
,,,,,,,,,,,,,58120,2020-03-04_15h12.47.348,SandwichStudy,3.2.4,MacIntel,60,"[""space""]",[0.7090001106262207],1,0,80,50,1,79,Mozzarella cheese,Bell peppers,Pesto,Spinach,,,,,Chicken,Ham,Swiss cheese,Mayonnaise,,,,,4,4,4,1000,0,1000,0,1,999,,,,,,,,,,,,,,,
,,,,,,,,,,,,,58120,2020-03-04_15h12.47.348,SandwichStudy,3.2.4,MacIntel,60,"[""space""]",[0.28600025177001953],1,0,80,50,1,79,Mozzarella cheese,Bell peppers,Pesto,Spinach,,,,,Chicken,Ham,Swiss cheese,Mayonnaise,,,,,4,4,4,1000,0,1000,0,1,999,,,,,,,,,,,,,,,
,,,,,,,,,,,,,58120,2020-03-04_15h12.47.348,SandwichStudy,3.2.4,MacIntel,60,"[""a""]",[0.8700001239776611],1,0,80,50,1,79,Mozzarella cheese,Bell peppers,Pesto,Spinach,,,,,Chicken,Ham,Swiss cheese,Mayonnaise,,,,,4,4,4,1000,0,1000,0,1,999,,,,,,,,,,,,,,,
,,,,,,,,,,,,,58120,2020-03-04_15h12.47.348,SandwichStudy,3.2.4,MacIntel,60,"[""space""]",[0.00800013542175293],1,0,80,31,1,79,Spinach,Tomatoes,Cucumbers,Onions,Bell peppers,Avocado,Mayonnaise,,Turkey,Ham,Bacon,Swiss cheese,Lettuce,Tomatoes,Onions,,7,7,7,1000,0,1000,0,1,999,,,,,,,,,,,,,,,
,,,,,,,,,,,,,58120,2020-03-04_15h12.47.348,SandwichStudy,3.2.4,MacIntel,60,"[""space""]",[0.7900002002716064],1,0,80,31,1,79,Spinach,Tomatoes,Cucumbers,Onions,Bell peppers,Avocado,Mayonnaise,,Turkey,Ham,Bacon,Swiss cheese,Lettuce,Tomatoes,Onions,,7,7,7,1000,0,1000,0,1,999,,,,,,,,,,,,,,,
,,,,,,,,,,,,,58120,2020-03-04_15h12.47.348,SandwichStudy,3.2.4,MacIntel,60,"[""space""]",[1.9910001754760742],1,0,80,31,1,79,Spinach,Tomatoes,Cucumbers,Onions,Bell peppers,Avocado,Mayonnaise,,Turkey,Ham,Bacon,Swiss cheese,Lettuce,Tomatoes,Onions,,7,7,7,1000,0,1000,0,1,999,,,,,,,,,,,,,,,
,,,,,,,,,,,,,58120,2020-03-04_15h12.47.348,SandwichStudy,3.2.4,MacIntel,60,"[""space""]",[0.46000003814697266],1,0,80,31,1,79,Spinach,Tomatoes,Cucumbers,Onions,Bell peppers,Avocado,Mayonnaise,,Turkey,Ham,Bacon,Swiss cheese,Lettuce,Tomatoes,Onions,,7,7,7,1000,0,1000,0,1,999,,,,,,,,,,,,,,,
,,,,,,,,,,,,,58120,2020-03-04_15h12.47.348,SandwichStudy,3.2.4,MacIntel,60,"[""space""]",[0.48800015449523926],1,0,80,31,1,79,Spinach,Tomatoes,Cucumbers,Onions,Bell peppers,Avocado,Mayonnaise,,Turkey,Ham,Bacon,Swiss cheese,Lettuce,Tomatoes,Onions,,7,7,7,1000,0,1000,0,1,999,,,,,,,,,,,,,,,
,,,,,,,,,,,,,58120,2020-03-04_15h12.47.348,SandwichStudy,3.2.4,MacIntel,60,"[""l""]",[0.5550000667572021],1,0,80,31,1,79,Spinach,Tomatoes,Cucumbers,Onions,Bell peppers,Avocado,Mayonnaise,,Turkey,Ham,Bacon,Swiss cheese,Lettuce,Tomatoes,Onions,,7,7,7,1000,0,1000,0,1,999,,,,,,,,,,,,,,,
,,,,,,,,,,,,,58120,2020-03-04_15h12.47.348,SandwichStudy,3.2.4,MacIntel,60,"[""space""]",[0.4200000762939453],1,0,80,20,1,79,Pastrami,Swiss cheese,Coleslaw,,,,,,Chicken,Bacon,Feta cheese,Bell peppers,Basil,Garlic aioli,,,6,3,6,1000,0,1000,0,1,999,,,,,,,,,,,,,,,
,,,,,,,,,,,,,58120,2020-03-04_15h12.47.348,SandwichStudy,3.2.4,MacIntel,60,"[""space""]",[22.37600016593933],1,0,80,20,1,79,Pastrami,Swiss cheese,Coleslaw,,,,,,Chicken,Bacon,Feta cheese,Bell peppers,Basil,Garlic aioli,,,6,3,6,1000,0,1000,0,1,999,,,,,,,,,,,,,,,
,,,,,,,,,,,,,58120,2020-03-04_15h12.47.348,SandwichStudy,3.2.4,MacIntel,60,"[""space""]",[0.08800029754638672],1,0,80,20,1,79,Pastrami,Swiss cheese,Coleslaw,,,,,,Chicken,Bacon,Feta cheese,Bell peppers,Basil,Garlic aioli,,,6,3,6,1000,0,1000,0,1,999,,,,,,,,,,,,,,,
,,,,,,,,,,,,,58120,2020-03-04_15h12.47.348,SandwichStudy,3.2.4,MacIntel,60,"[""space""]",[0.6089999675750732],1,0,80,20,1,79,Pastrami,Swiss cheese,Coleslaw,,,,,,Chicken,Bacon,Feta cheese,Bell peppers,Basil,Garlic aioli,,,6,3,6,1000,0,1000,0,1,999,,,,,,,,,,,,,,,
,,,,,,,,,,,,,58120,2020-03-04_15h12.47.348,SandwichStudy,3.2.4,MacIntel,60,"[""space""]",[0.11300015449523926],1,0,80,20,1,79,Pastrami,Swiss cheese,Coleslaw,,,,,,Chicken,Bacon,Feta cheese,Bell peppers,Basil,Garlic aioli,,,6,3,6,1000,0,1000,0,1,999,,,,,,,,,,,,,,,
,,,,,,,,,,,,,58120,2020-03-04_15h12.47.348,SandwichStudy,3.2.4,MacIntel,60,"[""l""]",[3.2090001106262207],1,0,80,20,1,79,Pastrami,Swiss cheese,Coleslaw,,,,,,Chicken,Bacon,Feta cheese,Bell peppers,Basil,Garlic aioli,,,6,3,6,1000,0,1000,0,1,999,,,,,,,,,,,,,,,
,,,,,,,,,,,,,58120,2020-03-04_15h12.47.348,SandwichStudy,3.2.4,MacIntel,60,"[""space""]",[0.35200023651123047],1,0,80,41,1,79,Bacon,Provolone cheese,Mushrooms,Parmesan cheese,,,,,Turkey,Bacon,Jalapenos,Lettuce,Avocado,Garlic aioli,Tomatoes,,7,4,7,1000,0,1000,0,1,999,,,,,,,,,,,,,,,
,,,,,,,,,,,,,58120,2020-03-04_15h12.47.348,SandwichStudy,3.2.4,MacIntel,60,"[""space""]",[0.3410000801086426],1,0,80,41,1,79,Bacon,Provolone cheese,Mushrooms,Parmesan cheese,,,,,Turkey,Bacon,Jalapenos,Lettuce,Avocado,Garlic aioli,Tomatoes,,7,4,7,1000,0,1000,0,1,999,,,,,,,,,,,,,,,
,,,,,,,,,,,,,58120,2020-03-04_15h12.47.348,SandwichStudy,3.2.4,MacIntel,60,"[""space""]",[0.257000207901001],1,0,80,41,1,79,Bacon,Provolone cheese,Mushrooms,Parmesan cheese,,,,,Turkey,Bacon,Jalapenos,Lettuce,Avocado,Garlic aioli,Tomatoes,,7,4,7,1000,0,1000,0,1,999,,,,,,,,,,,,,,,
,,,,,,,,,,,,,58120,2020-03-04_15h12.47.348,SandwichStudy,3.2.4,MacIntel,60,"[""space""]",[0.03900027275085449],1,0,80,41,1,79,Bacon,Provolone cheese,Mushrooms,Parmesan cheese,,,,,Turkey,Bacon,Jalapenos,Lettuce,Avocado,Garlic aioli,Tomatoes,,7,4,7,1000,0,1000,0,1,999,,,,,,,,,,,,,,,
,,,,,,,,,,,,,58120,2020-03-04_15h12.47.348,SandwichStudy,3.2.4,MacIntel,60,"[""l""]",[4.444000005722046],1,0,80,41,1,79,Bacon,Provolone cheese,Mushrooms,Parmesan cheese,,,,,Turkey,Bacon,Jalapenos,Lettuce,Avocado,Garlic aioli,Tomatoes,,7,4,7,1000,0,1000,0,1,999,,,,,,,,,,,,,,,
,,,,,,,,,,,,,58120,2020-03-04_15h12.47.348,SandwichStudy,3.2.4,MacIntel,60,"[""space""]",[0.10500001907348633],1,0,80,60,1,79,Chicken,Swiss cheese,Lettuce,Tomatoes,Onions,,,,Chicken,Cheddar cheese,Lettuce,Garlic aioli,Swiss cheese,Tomatoes,,,6,5,6,1000,0,1000,0,1,999,,,,,,,,,,,,,,,
,,,,,,,,,,,,,58120,2020-03-04_15h12.47.348,SandwichStudy,3.2.4,MacIntel,60,"[""space""]",[0.2700002193450928],1,0,80,60,1,79,Chicken,Swiss cheese,Lettuce,Tomatoes,Onions,,,,Chicken,Cheddar cheese,Lettuce,Garlic aioli,Swiss cheese,Tomatoes,,,6,5,6,1000,0,1000,0,1,999,,,,,,,,,,,,,,,
,,,,,,,,,,,,,58120,2020-03-04_15h12.47.348,SandwichStudy,3.2.4,MacIntel,60,"[""space""]",[0.08800029754638672],1,0,80,60,1,79,Chicken,Swiss cheese,Lettuce,Tomatoes,Onions,,,,Chicken,Cheddar cheese,Lettuce,Garlic aioli,Swiss cheese,Tomatoes,,,6,5,6,1000,0,1000,0,1,999,,,,,,,,,,,,,,,
,,,,,,,,,,,,,58120,2020-03-04_15h12.47.348,SandwichStudy,3.2.4,MacIntel,60,"[""space""]",[1.0220000743865967],1,0,80,60,1,79,Chicken,Swiss cheese,Lettuce,Tomatoes,Onions,,,,Chicken,Cheddar cheese,Lettuce,Garlic aioli,Swiss cheese,Tomatoes,,,6,5,6,1000,0,1000,0,1,999,,,,,,,,,,,,,,,
,,,,,,,,,,,,,58120,2020-03-04_15h12.47.348,SandwichStudy,3.2.4,MacIntel,60,"[""space""]",[0.36100006103515625],1,0,80,60,1,79,Chicken,Swiss cheese,Lettuce,Tomatoes,Onions,,,,Chicken,Cheddar cheese,Lettuce,Garlic aioli,Swiss cheese,Tomatoes,,,6,5,6,1000,0,1000,0,1,999,,,,,,,,,,,,,,,
,,,,,,,,,,,,,58120,2020-03-04_15h12.47.348,SandwichStudy,3.2.4,MacIntel,60,"[""l""]",[5.275000095367432],1,0,80,60,1,79,Chicken,Swiss cheese,Lettuce,Tomatoes,Onions,,,,Chicken,Cheddar cheese,Lettuce,Garlic aioli,Swiss cheese,Tomatoes,,,6,5,6,1000,0,1000,0,1,999,,,,,,,,,,,,,,,
,,,,,,,,,,,,,58120,2020-03-04_15h12.47.348,SandwichStudy,3.2.4,MacIntel,60,"[""space""]",[0.8870000839233398],1,0,80,29,1,79,Turkey,Garlic aioli,Bacon,Spinach,,,,,Chicken,Mayonnaise,Cheddar cheese,,,,,,4,4,3,1000,0,1000,0,1,999,,,,,,,,,,,,,,,
,,,,,,,,,,,,,58120,2020-03-04_15h12.47.348,SandwichStudy,3.2.4,MacIntel,60,"[""space""]",[0.11100029945373535],1,0,80,29,1,79,Turkey,Garlic aioli,Bacon,Spinach,,,,,Chicken,Mayonnaise,Cheddar cheese,,,,,,4,4,3,1000,0,1000,0,1,999,,,,,,,,,,,,,,,
,,,,,,,,,,,,,58120,2020-03-04_15h12.47.348,SandwichStudy,3.2.4,MacIntel,60,"[""l""]",[0.9870002269744873],1,0,80,29,1,79,Turkey,Garlic aioli,Bacon,Spinach,,,,,Chicken,Mayonnaise,Cheddar cheese,,,,,,4,4,3,1000,0,1000,0,1,999,,,,,,,,,,,,,,,
,,,,,,,,,,,,,58120,2020-03-04_15h12.47.348,SandwichStudy,3.2.4,MacIntel,60,"[""space""]",[0.504000186920166],1,0,80,44,1,79,Chicken,Gouda cheese,Avocado,Basil,Bell peppers,Mayonnaise,,,Turkey,Gouda cheese,Avocado,Garlic aioli,Jalapenos,Tomatoes,Lettuce,,7,6,7,1000,0,1000,0,1,999,,,,,,,,,,,,,,,
,,,,,,,,,,,,,58120,2020-03-04_15h12.47.348,SandwichStudy,3.2.4,MacIntel,60,"[""space""]",[0.1400001049041748],1,0,80,44,1,79,Chicken,Gouda cheese,Avocado,Basil,Bell peppers,Mayonnaise,,,Turkey,Gouda cheese,Avocado,Garlic aioli,Jalapenos,Tomatoes,Lettuce,,7,6,7,1000,0,1000,0,1,999,,,,,,,,,,,,,,,
,,,,,,,,,,,,,58120,2020-03-04_15h12.47.348,SandwichStudy,3.2.4,MacIntel,60,"[""space""]",[1.2260000705718994],1,0,80,44,1,79,Chicken,Gouda cheese,Avocado,Basil,Bell peppers,Mayonnaise,,,Turkey,Gouda cheese,Avocado,Garlic aioli,Jalapenos,Tomatoes,Lettuce,,7,6,7,1000,0,1000,0,1,999,,,,,,,,,,,,,,,
,,,,,,,,,,,,,58120,2020-03-04_15h12.47.348,SandwichStudy,3.2.4,MacIntel,60,"[""space""]",[1.3570003509521484],1,0,80,44,1,79,Chicken,Gouda cheese,Avocado,Basil,Bell peppers,Mayonnaise,,,Turkey,Gouda cheese,Avocado,Garlic aioli,Jalapenos,Tomatoes,Lettuce,,7,6,7,1000,0,1000,0,1,999,,,,,,,,,,,,,,,
,,,,,,,,,,,,,58120,2020-03-04_15h12.47.348,SandwichStudy,3.2.4,MacIntel,60,"[""a""]",[1.0930001735687256],1,0,80,44,1,79,Chicken,Gouda cheese,Avocado,Basil,Bell peppers,Mayonnaise,,,Turkey,Gouda cheese,Avocado,Garlic aioli,Jalapenos,Tomatoes,Lettuce,,7,6,7,1000,0,1000,0,1,999,,,,,,,,,,,,,,,
,,,,,,,,,,,,,58120,2020-03-04_15h12.47.348,SandwichStudy,3.2.4,MacIntel,60,"[""space""]",[0.10500001907348633],1,0,80,14,1,79,Steak,Bacon,American cheese,Tomatoes,Onions,Pickles,,,Bell peppers,Provolone cheese,Cucumbers,Spinach,Tomatoes,Onions,Hummus,,7,6,7,1000,0,1000,0,1,999,,,,,,,,,,,,,,,
,,,,,,,,,,,,,58120,2020-03-04_15h12.47.348,SandwichStudy,3.2.4,MacIntel,60,"[""space""]",[0.8390002250671387],1,0,80,14,1,79,Steak,Bacon,American cheese,Tomatoes,Onions,Pickles,,,Bell peppers,Provolone cheese,Cucumbers,Spinach,Tomatoes,Onions,Hummus,,7,6,7,1000,0,1000,0,1,999,,,,,,,,,,,,,,,
,,,,,,,,,,,,,58120,2020-03-04_15h12.47.348,SandwichStudy,3.2.4,MacIntel,60,"[""space""]",[0.3710000514984131],1,0,80,14,1,79,Steak,Bacon,American cheese,Tomatoes,Onions,Pickles,,,Bell peppers,Provolone cheese,Cucumbers,Spinach,Tomatoes,Onions,Hummus,,7,6,7,1000,0,1000,0,1,999,,,,,,,,,,,,,,,
,,,,,,,,,,,,,58120,2020-03-04_15h12.47.348,SandwichStudy,3.2.4,MacIntel,60,"[""a""]",[0.38700008392333984],1,0,80,14,1,79,Steak,Bacon,American cheese,Tomatoes,Onions,Pickles,,,Bell peppers,Provolone cheese,Cucumbers,Spinach,Tomatoes,Onions,Hummus,,7,6,7,1000,0,1000,0,1,999,,,,,,,,,,,,,,,
,,,,,,,,,,,,,58120,2020-03-04_15h12.47.348,SandwichStudy,3.2.4,MacIntel,60,"[""space""]",[0.3580002784729004],1,0,80,3,1,79,Chicken,American cheese,Coleslaw,Tomatoes,Pickles,Mayonnaise,,,Swiss cheese,Provolone cheese,Bell peppers,Tomatoes,Onions,,,,6,6,5,1000,0,1000,0,1,999,,,,,,,,,,,,,,,
,,,,,,,,,,,,,58120,2020-03-04_15h12.47.348,SandwichStudy,3.2.4,MacIntel,60,"[""space""]",[0.1960000991821289],1,0,80,3,1,79,Chicken,American cheese,Coleslaw,Tomatoes,Pickles,Mayonnaise,,,Swiss cheese,Provolone cheese,Bell peppers,Tomatoes,Onions,,,,6,6,5,1000,0,1000,0,1,999,,,,,,,,,,,,,,,
,,,,,,,,,,,,,58120,2020-03-04_15h12.47.348,SandwichStudy,3.2.4,MacIntel,60,"[""space""]",[0.18900012969970703],1,0,80,3,1,79,Chicken,American cheese,Coleslaw,Tomatoes,Pickles,Mayonnaise,,,Swiss cheese,Provolone cheese,Bell peppers,Tomatoes,Onions,,,,6,6,5,1000,0,1000,0,1,999,,,,,,,,,,,,,,,
,,,,,,,,,,,,,58120,2020-03-04_15h12.47.348,SandwichStudy,3.2.4,MacIntel,60,"[""space""]",[0.3060002326965332],1,0,80,3,1,79,Chicken,American cheese,Coleslaw,Tomatoes,Pickles,Mayonnaise,,,Swiss cheese,Provolone cheese,Bell peppers,Tomatoes,Onions,,,,6,6,5,1000,0,1000,0,1,999,,,,,,,,,,,,,,,
,,,,,,,,,,,,,58120,2020-03-04_15h12.47.348,SandwichStudy,3.2.4,MacIntel,60,"[""space""]",[0.569000244140625],1,0,80,3,1,79,Chicken,American cheese,Coleslaw,Tomatoes,Pickles,Mayonnaise,,,Swiss cheese,Provolone cheese,Bell peppers,Tomatoes,Onions,,,,6,6,5,1000,0,1000,0,1,999,,,,,,,,,,,,,,,
,,,,,,,,,,,,,58120,2020-03-04_15h12.47.348,SandwichStudy,3.2.4,MacIntel,60,"[""a""]",[0.040000200271606445],1,0,80,3,1,79,Chicken,American cheese,Coleslaw,Tomatoes,Pickles,Mayonnaise,,,Swiss cheese,Provolone cheese,Bell peppers,Tomatoes,Onions,,,,6,6,5,1000,0,1000,0,1,999,,,,,,,,,,,,,,,
,,,,,,,,,,,,,58120,2020-03-04_15h12.47.348,SandwichStudy,3.2.4,MacIntel,60,"[""space""]",[0.20200014114379883],1,0,80,53,1,79,Turkey,Avocado,Mayonnaise,,,,,,Ham,Pork,Swiss cheese,Mustard,Pickles,,,,5,3,5,1000,0,1000,0,1,999,,,,,,,,,,,,,,,
,,,,,,,,,,,,,58120,2020-03-04_15h12.47.348,SandwichStudy,3.2.4,MacIntel,60,"[""space""]",[0.2710001468658447],1,0,80,53,1,79,Turkey,Avocado,Mayonnaise,,,,,,Ham,Pork,Swiss cheese,Mustard,Pickles,,,,5,3,5,1000,0,1000,0,1,999,,,,,,,,,,,,,,,
,,,,,,,,,,,,,58120,2020-03-04_15h12.47.348,SandwichStudy,3.2.4,MacIntel,60,"[""space""]",[0.2760002613067627],1,0,80,53,1,79,Turkey,Avocado,Mayonnaise,,,,,,Ham,Pork,Swiss cheese,Mustard,Pickles,,,,5,3,5,1000,0,1000,0,1,999,,,,,,,,,,,,,,,
,,,,,,,,,,,,,58120,2020-03-04_15h12.47.348,SandwichStudy,3.2.4,MacIntel,60,"[""space""]",[0.02200007438659668],1,0,80,53,1,79,Turkey,Avocado,Mayonnaise,,,,,,Ham,Pork,Swiss cheese,Mustard,Pickles,,,,5,3,5,1000,0,1000,0,1,999,,,,,,,,,,,,,,,
,,,,,,,,,,,,,58120,2020-03-04_15h12.47.348,SandwichStudy,3.2.4,MacIntel,60,"[""a""]",[4.690000057220459],1,0,80,53,1,79,Turkey,Avocado,Mayonnaise,,,,,,Ham,Pork,Swiss cheese,Mustard,Pickles,,,,5,3,5,1000,0,1000,0,1,999,,,,,,,,,,,,,,,
,,,,,,,,,,,,,58120,2020-03-04_15h12.47.348,SandwichStudy,3.2.4,MacIntel,60,"[""space""]",[0.2720003128051758],1,0,80,66,1,79,Bacon,Spinach,Tomatoes,Avocado,Mayonnaise,,,,Provolone cheese,Swiss cheese,Cheddar cheese,Parmesan cheese,Tomatoes,,,,5,5,5,1000,0,1000,0,1,999,,,,,,,,,,,,,,,
,,,,,,,,,,,,,58120,2020-03-04_15h12.47.348,SandwichStudy,3.2.4,MacIntel,60,"[""space""]",[0.5240001678466797],1,0,80,66,1,79,Bacon,Spinach,Tomatoes,Avocado,Mayonnaise,,,,Provolone cheese,Swiss cheese,Cheddar cheese,Parmesan cheese,Tomatoes,,,,5,5,5,1000,0,1000,0,1,999,,,,,,,,,,,,,,,
,,,,,,,,,,,,,58120,2020-03-04_15h12.47.348,SandwichStudy,3.2.4,MacIntel,60,"[""space""]",[0.1790001392364502],1,0,80,66,1,79,Bacon,Spinach,Tomatoes,Avocado,Mayonnaise,,,,Provolone cheese,Swiss cheese,Cheddar cheese,Parmesan cheese,Tomatoes,,,,5,5,5,1000,0,1000,0,1,999,,,,,,,,,,,,,,,
,,,,,,,,,,,,,58120,2020-03-04_15h12.47.348,SandwichStudy,3.2.4,MacIntel,60,"[""space""]",[1.5220003128051758],1,0,80,66,1,79,Bacon,Spinach,Tomatoes,Avocado,Mayonnaise,,,,Provolone cheese,Swiss cheese,Cheddar cheese,Parmesan cheese,Tomatoes,,,,5,5,5,1000,0,1000,0,1,999,,,,,,,,,,,,,,,
,,,,,,,,,,,,,58120,2020-03-04_15h12.47.348,SandwichStudy,3.2.4,MacIntel,60,"[""a""]",[0.3210000991821289],1,0,80,66,1,79,Bacon,Spinach,Tomatoes,Avocado,Mayonnaise,,,,Provolone cheese,Swiss cheese,Cheddar cheese,Parmesan cheese,Tomatoes,,,,5,5,5,1000,0,1000,0,1,999,,,,,,,,,,,,,,,
,,,,,,,,,,,,,58120,2020-03-04_15h12.47.348,SandwichStudy,3.2.4,MacIntel,60,"[""space""]",[0.12100028991699219],1,0,80,45,1,79,Bell peppers,Provolone cheese,Cucumbers,Spinach,Tomatoes,Onions,Hummus,,Roast beef,Bacon,Turkey,Mayonnaise,,,,,7,7,4,1000,0,1000,0,1,999,,,,,,,,,,,,,,,
,,,,,,,,,,,,,58120,2020-03-04_15h12.47.348,SandwichStudy,3.2.4,MacIntel,60,"[""space""]",[1.2270002365112305],1,0,80,45,1,79,Bell peppers,Provolone cheese,Cucumbers,Spinach,Tomatoes,Onions,Hummus,,Roast beef,Bacon,Turkey,Mayonnaise,,,,,7,7,4,1000,0,1000,0,1,999,,,,,,,,,,,,,,,
,,,,,,,,,,,,,58120,2020-03-04_15h12.47.348,SandwichStudy,3.2.4,MacIntel,60,"[""space""]",[0.43900012969970703],1,0,80,45,1,79,Bell peppers,Provolone cheese,Cucumbers,Spinach,Tomatoes,Onions,Hummus,,Roast beef,Bacon,Turkey,Mayonnaise,,,,,7,7,4,1000,0,1000,0,1,999,,,,,,,,,,,,,,,
,,,,,,,,,,,,,58120,2020-03-04_15h12.47.348,SandwichStudy,3.2.4,MacIntel,60,"[""space""]",[0.512000322341919],1,0,80,45,1,79,Bell peppers,Provolone cheese,Cucumbers,Spinach,Tomatoes,Onions,Hummus,,Roast beef,Bacon,Turkey,Mayonnaise,,,,,7,7,4,1000,0,1000,0,1,999,,,,,,,,,,,,,,,
,,,,,,,,,,,,,58120,2020-03-04_15h12.47.348,SandwichStudy,3.2.4,MacIntel,60,"[""space""]",[0.3860001564025879],1,0,80,45,1,79,Bell peppers,Provolone cheese,Cucumbers,Spinach,Tomatoes,Onions,Hummus,,Roast beef,Bacon,Turkey,Mayonnaise,,,,,7,7,4,1000,0,1000,0,1,999,,,,,,,,,,,,,,,
,,,,,,,,,,,,,58120,2020-03-04_15h12.47.348,SandwichStudy,3.2.4,MacIntel,60,"[""space""]",[0.10600018501281738],1,0,80,45,1,79,Bell peppers,Provolone cheese,Cucumbers,Spinach,Tomatoes,Onions,Hummus,,Roast beef,Bacon,Turkey,Mayonnaise,,,,,7,7,4,1000,0,1000,0,1,999,,,,,,,,,,,,,,,
,,,,,,,,,,,,,58120,2020-03-04_15h12.47.348,SandwichStudy,3.2.4,MacIntel,60,"[""a""]",[0.37200021743774414],1,0,80,45,1,79,Bell peppers,Provolone cheese,Cucumbers,Spinach,Tomatoes,Onions,Hummus,,Roast beef,Bacon,Turkey,Mayonnaise,,,,,7,7,4,1000,0,1000,0,1,999,,,,,,,,,,,,,,,
,,,,,,,,,,,,,58120,2020-03-04_15h12.47.348,SandwichStudy,3.2.4,MacIntel,60,"[""space""]",[0.57200026512146],1,0,80,47,1,79,Chicken,Cheddar cheese,Mayonnaise,,,,,,Turkey,Cheddar cheese,Coleslaw,Spinach,Mustard,,,,5,3,5,1000,0,1000,0,1,999,,,,,,,,,,,,,,,
,,,,,,,,,,,,,58120,2020-03-04_15h12.47.348,SandwichStudy,3.2.4,MacIntel,60,"[""space""]",[0.4680001735687256],1,0,80,47,1,79,Chicken,Cheddar cheese,Mayonnaise,,,,,,Turkey,Cheddar cheese,Coleslaw,Spinach,Mustard,,,,5,3,5,1000,0,1000,0,1,999,,,,,,,,,,,,,,,
,,,,,,,,,,,,,58120,2020-03-04_15h12.47.348,SandwichStudy,3.2.4,MacIntel,60,"[""space""]",[0.6060001850128174],1,0,80,47,1,79,Chicken,Cheddar cheese,Mayonnaise,,,,,,Turkey,Cheddar cheese,Coleslaw,Spinach,Mustard,,,,5,3,5,1000,0,1000,0,1,999,,,,,,,,,,,,,,,
,,,,,,,,,,,,,58120,2020-03-04_15h12.47.348,SandwichStudy,3.2.4,MacIntel,60,"[""space""]",[0.02200031280517578],1,0,80,47,1,79,Chicken,Cheddar cheese,Mayonnaise,,,,,,Turkey,Cheddar cheese,Coleslaw,Spinach,Mustard,,,,5,3,5,1000,0,1000,0,1,999,,,,,,,,,,,,,,,
,,,,,,,,,,,,,58120,2020-03-04_15h12.47.348,SandwichStudy,3.2.4,MacIntel,60,"[""l""]",[2.5900001525878906],1,0,80,47,1,79,Chicken,Cheddar cheese,Mayonnaise,,,,,,Turkey,Cheddar cheese,Coleslaw,Spinach,Mustard,,,,5,3,5,1000,0,1000,0,1,999,,,,,,,,,,,,,,,
,,,,,,,,,,,,,58120,2020-03-04_15h12.47.348,SandwichStudy,3.2.4,MacIntel,60,"[""space""]",[0.026000022888183594],1,0,80,78,1,79,Chicken,American cheese,Lettuce,Tomatoes,Mayonnaise,,,,Pastrami,Cheddar cheese,Mustard,Pickles,,,,,5,5,4,1000,0,1000,0,1,999,,,,,,,,,,,,,,,
,,,,,,,,,,,,,58120,2020-03-04_15h12.47.348,SandwichStudy,3.2.4,MacIntel,60,"[""space""]",[0.24000024795532227],1,0,80,78,1,79,Chicken,American cheese,Lettuce,Tomatoes,Mayonnaise,,,,Pastrami,Cheddar cheese,Mustard,Pickles,,,,,5,5,4,1000,0,1000,0,1,999,,,,,,,,,,,,,,,
,,,,,,,,,,,,,58120,2020-03-04_15h12.47.348,SandwichStudy,3.2.4,MacIntel,60,"[""space""]",[0.12200021743774414],1,0,80,78,1,79,Chicken,American cheese,Lettuce,Tomatoes,Mayonnaise,,,,Pastrami,Cheddar cheese,Mustard,Pickles,,,,,5,5,4,1000,0,1000,0,1,999,,,,,,,,,,,,,,,
,,,,,,,,,,,,,58120,2020-03-04_15h12.47.348,SandwichStudy,3.2.4,MacIntel,60,"[""a""]",[0.7910001277923584],1,0,80,78,1,79,Chicken,American cheese,Lettuce,Tomatoes,Mayonnaise,,,,Pastrami,Cheddar cheese,Mustard,Pickles,,,,,5,5,4,1000,0,1000,0,1,999,,,,,,,,,,,,,,,
,,,,,,,,,,,,,58120,2020-03-04_15h12.47.348,SandwichStudy,3.2.4,MacIntel,60,"[""space""]",[0.2390000820159912],1,0,80,6,1,79,Chicken,Cheddar cheese,Lettuce,Garlic aioli,Swiss cheese,Tomatoes,,,Cheddar cheese,Provolone cheese,Swiss cheese,Mushrooms,Mayonnaise,Lettuce,Tomatoes,,7,6,7,1000,0,1000,0,1,999,,,,,,,,,,,,,,,
,,,,,,,,,,,,,58120,2020-03-04_15h12.47.348,SandwichStudy,3.2.4,MacIntel,60,"[""space""]",[0.5290002822875977],1,0,80,6,1,79,Chicken,Cheddar cheese,Lettuce,Garlic aioli,Swiss cheese,Tomatoes,,,Cheddar cheese,Provolone cheese,Swiss cheese,Mushrooms,Mayonnaise,Lettuce,Tomatoes,,7,6,7,1000,0,1000,0,1,999,,,,,,,,,,,,,,,
,,,,,,,,,,,,,58120,2020-03-04_15h12.47.348,SandwichStudy,3.2.4,MacIntel,60,"[""space""]",[0.1360001564025879],1,0,80,6,1,79,Chicken,Cheddar cheese,Lettuce,Garlic aioli,Swiss cheese,Tomatoes,,,Cheddar cheese,Provolone cheese,Swiss cheese,Mushrooms,Mayonnaise,Lettuce,Tomatoes,,7,6,7,1000,0,1000,0,1,999,,,,,,,,,,,,,,,
,,,,,,,,,,,,,58120,2020-03-04_15h12.47.348,SandwichStudy,3.2.4,MacIntel,60,"[""a""]",[0.18800020217895508],1,0,80,6,1,79,Chicken,Cheddar cheese,Lettuce,Garlic aioli,Swiss cheese,Tomatoes,,,Cheddar cheese,Provolone cheese,Swiss cheese,Mushrooms,Mayonnaise,Lettuce,Tomatoes,,7,6,7,1000,0,1000,0,1,999,,,,,,,,,,,,,,,
,,,,,,,,,,,,,58120,2020-03-04_15h12.47.348,SandwichStudy,3.2.4,MacIntel,60,"[""space""]",[0.3560001850128174],1,0,80,16,1,79,Chicken,American cheese,Lettuce,Tomatoes,Mayonnaise,,,,Cheddar cheese,Avocado,Onions,Tomatoes,Mayonnaise,,,,5,5,5,1000,0,1000,0,1,999,,,,,,,,,,,,,,,
,,,,,,,,,,,,,58120,2020-03-04_15h12.47.348,SandwichStudy,3.2.4,MacIntel,60,"[""space""]",[0.30300021171569824],1,0,80,16,1,79,Chicken,American cheese,Lettuce,Tomatoes,Mayonnaise,,,,Cheddar cheese,Avocado,Onions,Tomatoes,Mayonnaise,,,,5,5,5,1000,0,1000,0,1,999,,,,,,,,,,,,,,,
,,,,,,,,,,,,,58120,2020-03-04_15h12.47.348,SandwichStudy,3.2.4,MacIntel,60,"[""space""]",[2.252000093460083],1,0,80,16,1,79,Chicken,American cheese,Lettuce,Tomatoes,Mayonnaise,,,,Cheddar cheese,Avocado,Onions,Tomatoes,Mayonnaise,,,,5,5,5,1000,0,1000,0,1,999,,,,,,,,,,,,,,,
,,,,,,,,,,,,,58120,2020-03-04_15h12.47.348,SandwichStudy,3.2.4,MacIntel,60,"[""space""]",[0.5210001468658447],1,0,80,16,1,79,Chicken,American cheese,Lettuce,Tomatoes,Mayonnaise,,,,Cheddar cheese,Avocado,Onions,Tomatoes,Mayonnaise,,,,5,5,5,1000,0,1000,0,1,999,,,,,,,,,,,,,,,
,,,,,,,,,,,,,58120,2020-03-04_15h12.47.348,SandwichStudy,3.2.4,MacIntel,60,"[""l""]",[0.4940001964569092],1,0,80,16,1,79,Chicken,American cheese,Lettuce,Tomatoes,Mayonnaise,,,,Cheddar cheese,Avocado,Onions,Tomatoes,Mayonnaise,,,,5,5,5,1000,0,1000,0,1,999,,,,,,,,,,,,,,,
,,,,,,,,,,,,,58120,2020-03-04_15h12.47.348,SandwichStudy,3.2.4,MacIntel,60,"[""space""]",[0.45200014114379883],1,0,80,28,1,79,Chicken,Mozzarella cheese,Tomatoes,Pesto,Spinach,,,,Roast beef,Turkey,Pastrami,Mayonnaise,Provolone cheese,,,,5,5,5,1000,0,1000,0,1,999,,,,,,,,,,,,,,,
,,,,,,,,,,,,,58120,2020-03-04_15h12.47.348,SandwichStudy,3.2.4,MacIntel,60,"[""space""]",[2.4560000896453857],1,0,80,28,1,79,Chicken,Mozzarella cheese,Tomatoes,Pesto,Spinach,,,,Roast beef,Turkey,Pastrami,Mayonnaise,Provolone cheese,,,,5,5,5,1000,0,1000,0,1,999,,,,,,,,,,,,,,,
,,,,,,,,,,,,,58120,2020-03-04_15h12.47.348,SandwichStudy,3.2.4,MacIntel,60,"[""space""]",[0.3860001564025879],1,0,80,28,1,79,Chicken,Mozzarella cheese,Tomatoes,Pesto,Spinach,,,,Roast beef,Turkey,Pastrami,Mayonnaise,Provolone cheese,,,,5,5,5,1000,0,1000,0,1,999,,,,,,,,,,,,,,,
,,,,,,,,,,,,,58120,2020-03-04_15h12.47.348,SandwichStudy,3.2.4,MacIntel,60,"[""a""]",[0.49000000953674316],1,0,80,28,1,79,Chicken,Mozzarella cheese,Tomatoes,Pesto,Spinach,,,,Roast beef,Turkey,Pastrami,Mayonnaise,Provolone cheese,,,,5,5,5,1000,0,1000,0,1,999,,,,,,,,,,,,,,,
,,,,,,,,,,,,,58120,2020-03-04_15h12.47.348,SandwichStudy,3.2.4,MacIntel,60,"[""space""]",[0.2070002555847168],1,0,80,12,1,79,Turkey,Cheddar cheese,Mayonnaise,,,,,,Ham,Pork,Swiss cheese,Mustard,Pickles,,,,5,3,5,1000,0,1000,0,1,999,,,,,,,,,,,,,,,
,,,,,,,,,,,,,58120,2020-03-04_15h12.47.348,SandwichStudy,3.2.4,MacIntel,60,"[""space""]",[0.319000244140625],1,0,80,12,1,79,Turkey,Cheddar cheese,Mayonnaise,,,,,,Ham,Pork,Swiss cheese,Mustard,Pickles,,,,5,3,5,1000,0,1000,0,1,999,,,,,,,,,,,,,,,
,,,,,,,,,,,,,58120,2020-03-04_15h12.47.348,SandwichStudy,3.2.4,MacIntel,60,"[""a""]",[0.35500025749206543],1,0,80,12,1,79,Turkey,Cheddar cheese,Mayonnaise,,,,,,Ham,Pork,Swiss cheese,Mustard,Pickles,,,,5,3,5,1000,0,1000,0,1,999,,,,,,,,,,,,,,,
,,,,,,,,,,,,,58120,2020-03-04_15h12.47.348,SandwichStudy,3.2.4,MacIntel,60,"[""space""]",[0.19099998474121094],1,0,80,36,1,79,Chicken,Bell peppers,Bacon,Provolone cheese,Ranch dressing,Lettuce,Tomatoes,,Pastrami,Cheddar cheese,Mustard,Pickles,,,,,7,7,4,1000,0,1000,0,1,999,,,,,,,,,,,,,,,
,,,,,,,,,,,,,58120,2020-03-04_15h12.47.348,SandwichStudy,3.2.4,MacIntel,60,"[""space""]",[0.1360001564025879],1,0,80,36,1,79,Chicken,Bell peppers,Bacon,Provolone cheese,Ranch dressing,Lettuce,Tomatoes,,Pastrami,Cheddar cheese,Mustard,Pickles,,,,,7,7,4,1000,0,1000,0,1,999,,,,,,,,,,,,,,,
,,,,,,,,,,,,,58120,2020-03-04_15h12.47.348,SandwichStudy,3.2.4,MacIntel,60,"[""l""]",[0.49700021743774414],1,0,80,36,1,79,Chicken,Bell peppers,Bacon,Provolone cheese,Ranch dressing,Lettuce,Tomatoes,,Pastrami,Cheddar cheese,Mustard,Pickles,,,,,7,7,4,1000,0,1000,0,1,999,,,,,,,,,,,,,,,
,,,,,,,,,,,,,58120,2020-03-04_15h12.47.348,SandwichStudy,3.2.4,MacIntel,60,"[""space""]",[0.39100003242492676],1,0,80,19,1,79,Bacon,Ham,Turkey,Mayonnaise,Cheddar cheese,Tomatoes,Spinach,Swiss cheese,Turkey,Salami,Cheddar cheese,Mayonnaise,,,,,8,8,4,1000,0,1000,0,1,999,,,,,,,,,,,,,,,
,,,,,,,,,,,,,58120,2020-03-04_15h12.47.348,SandwichStudy,3.2.4,MacIntel,60,"[""space""]",[0.5060000419616699],1,0,80,19,1,79,Bacon,Ham,Turkey,Mayonnaise,Cheddar cheese,Tomatoes,Spinach,Swiss cheese,Turkey,Salami,Cheddar cheese,Mayonnaise,,,,,8,8,4,1000,0,1000,0,1,999,,,,,,,,,,,,,,,
,,,,,,,,,,,,,58120,2020-03-04_15h12.47.348,SandwichStudy,3.2.4,MacIntel,60,"[""space""]",[0.8220000267028809],1,0,80,19,1,79,Bacon,Ham,Turkey,Mayonnaise,Cheddar cheese,Tomatoes,Spinach,Swiss cheese,Turkey,Salami,Cheddar cheese,Mayonnaise,,,,,8,8,4,1000,0,1000,0,1,999,,,,,,,,,,,,,,,
,,,,,,,,,,,,,58120,2020-03-04_15h12.47.348,SandwichStudy,3.2.4,MacIntel,60,"[""space""]",[3.385000228881836],1,0,80,19,1,79,Bacon,Ham,Turkey,Mayonnaise,Cheddar cheese,Tomatoes,Spinach,Swiss cheese,Turkey,Salami,Cheddar cheese,Mayonnaise,,,,,8,8,4,1000,0,1000,0,1,999,,,,,,,,,,,,,,,
,,,,,,,,,,,,,58120,2020-03-04_15h12.47.348,SandwichStudy,3.2.4,MacIntel,60,"[""a""]",[0.24000024795532227],1,0,80,19,1,79,Bacon,Ham,Turkey,Mayonnaise,Cheddar cheese,Tomatoes,Spinach,Swiss cheese,Turkey,Salami,Cheddar cheese,Mayonnaise,,,,,8,8,4,1000,0,1000,0,1,999,,,,,,,,,,,,,,,
,,,,,,,,,,,,,58120,2020-03-04_15h12.47.348,SandwichStudy,3.2.4,MacIntel,60,"[""space""]",[0.3900003433227539],1,0,80,9,1,79,Bacon,Turkey,Pepper jack cheese,Mustard,,,,,Bacon,Spinach,Tomatoes,Avocado,Mayonnaise,,,,5,4,5,1000,0,1000,0,1,999,,,,,,,,,,,,,,,
,,,,,,,,,,,,,58120,2020-03-04_15h12.47.348,SandwichStudy,3.2.4,MacIntel,60,"[""space""]",[0.054000139236450195],1,0,80,9,1,79,Bacon,Turkey,Pepper jack cheese,Mustard,,,,,Bacon,Spinach,Tomatoes,Avocado,Mayonnaise,,,,5,4,5,1000,0,1000,0,1,999,,,,,,,,,,,,,,,
,,,,,,,,,,,,,58120,2020-03-04_15h12.47.348,SandwichStudy,3.2.4,MacIntel,60,"[""space""]",[0.5850002765655518],1,0,80,9,1,79,Bacon,Turkey,Pepper jack cheese,Mustard,,,,,Bacon,Spinach,Tomatoes,Avocado,Mayonnaise,,,,5,4,5,1000,0,1000,0,1,999,,,,,,,,,,,,,,,
,,,,,,,,,,,,,58120,2020-03-04_15h12.47.348,SandwichStudy,3.2.4,MacIntel,60,"[""space""]",[0.25500011444091797],1,0,80,9,1,79,Bacon,Turkey,Pepper jack cheese,Mustard,,,,,Bacon,Spinach,Tomatoes,Avocado,Mayonnaise,,,,5,4,5,1000,0,1000,0,1,999,,,,,,,,,,,,,,,
,,,,,,,,,,,,,58120,2020-03-04_15h12.47.348,SandwichStudy,3.2.4,MacIntel,60,"[""a""]",[0.28800010681152344],1,0,80,9,1,79,Bacon,Turkey,Pepper jack cheese,Mustard,,,,,Bacon,Spinach,Tomatoes,Avocado,Mayonnaise,,,,5,4,5,1000,0,1000,0,1,999,,,,,,,,,,,,,,,
,,,,,,,,,,,,,58120,2020-03-04_15h12.47.348,SandwichStudy,3.2.4,MacIntel,60,"[""space""]",[0.5170001983642578],1,0,80,59,1,79,Chicken,Ham,Cheddar cheese,Mayonnaise,,,,,Turkey,Garlic aioli,Bacon,Spinach,,,,,4,4,4,1000,0,1000,0,1,999,,,,,,,,,,,,,,,
,,,,,,,,,,,,,58120,2020-03-04_15h12.47.348,SandwichStudy,3.2.4,MacIntel,60,"[""space""]",[0.23600029945373535],1,0,80,59,1,79,Chicken,Ham,Cheddar cheese,Mayonnaise,,,,,Turkey,Garlic aioli,Bacon,Spinach,,,,,4,4,4,1000,0,1000,0,1,999,,,,,,,,,,,,,,,
,,,,,,,,,,,,,58120,2020-03-04_15h12.47.348,SandwichStudy,3.2.4,MacIntel,60,"[""space""]",[2.057000160217285],1,0,80,59,1,79,Chicken,Ham,Cheddar cheese,Mayonnaise,,,,,Turkey,Garlic aioli,Bacon,Spinach,,,,,4,4,4,1000,0,1000,0,1,999,,,,,,,,,,,,,,,
,,,,,,,,,,,,,58120,2020-03-04_15h12.47.348,SandwichStudy,3.2.4,MacIntel,60,"[""space""]",[0.14100027084350586],1,0,80,59,1,79,Chicken,Ham,Cheddar cheese,Mayonnaise,,,,,Turkey,Garlic aioli,Bacon,Spinach,,,,,4,4,4,1000,0,1000,0,1,999,,,,,,,,,,,,,,,
,,,,,,,,,,,,,58120,2020-03-04_15h12.47.348,SandwichStudy,3.2.4,MacIntel,60,"[""a""]",[0.26800012588500977],1,0,80,59,1,79,Chicken,Ham,Cheddar cheese,Mayonnaise,,,,,Turkey,Garlic aioli,Bacon,Spinach,,,,,4,4,4,1000,0,1000,0,1,999,,,,,,,,,,,,,,,
,,,,,,,,,,,,,58120,2020-03-04_15h12.47.348,SandwichStudy,3.2.4,MacIntel,60,"[""space""]",[0.01900005340576172],1,0,80,30,1,79,Turkey,Ham,Roast beef,Provolone cheese,Spinach,Tomatoes,Mayonnaise,Mustard,Ham,Swiss cheese,Mayonnaise,Mustard,Tomatoes,,,,8,8,5,1000,0,1000,0,1,999,,,,,,,,,,,,,,,
,,,,,,,,,,,,,58120,2020-03-04_15h12.47.348,SandwichStudy,3.2.4,MacIntel,60,"[""space""]",[0.12800025939941406],1,0,80,30,1,79,Turkey,Ham,Roast beef,Provolone cheese,Spinach,Tomatoes,Mayonnaise,Mustard,Ham,Swiss cheese,Mayonnaise,Mustard,Tomatoes,,,,8,8,5,1000,0,1000,0,1,999,,,,,,,,,,,,,,,
,,,,,,,,,,,,,58120,2020-03-04_15h12.47.348,SandwichStudy,3.2.4,MacIntel,60,"[""space""]",[7.325000047683716],1,0,80,30,1,79,Turkey,Ham,Roast beef,Provolone cheese,Spinach,Tomatoes,Mayonnaise,Mustard,Ham,Swiss cheese,Mayonnaise,Mustard,Tomatoes,,,,8,8,5,1000,0,1000,0,1,999,,,,,,,,,,,,,,,
,,,,,,,,,,,,,58120,2020-03-04_15h12.47.348,SandwichStudy,3.2.4,MacIntel,60,"[""space""]",[0.4230003356933594],1,0,80,30,1,79,Turkey,Ham,Roast beef,Provolone cheese,Spinach,Tomatoes,Mayonnaise,Mustard,Ham,Swiss cheese,Mayonnaise,Mustard,Tomatoes,,,,8,8,5,1000,0,1000,0,1,999,,,,,,,,,,,,,,,
,,,,,,,,,,,,,58120,2020-03-04_15h12.47.348,SandwichStudy,3.2.4,MacIntel,60,"[""space""]",[2.0380001068115234],1,0,80,30,1,79,Turkey,Ham,Roast beef,Provolone cheese,Spinach,Tomatoes,Mayonnaise,Mustard,Ham,Swiss cheese,Mayonnaise,Mustard,Tomatoes,,,,8,8,5,1000,0,1000,0,1,999,,,,,,,,,,,,,,,
,,,,,,,,,,,,,58120,2020-03-04_15h12.47.348,SandwichStudy,3.2.4,MacIntel,60,"[""space""]",[0.4780001640319824],1,0,80,30,1,79,Turkey,Ham,Roast beef,Provolone cheese,Spinach,Tomatoes,Mayonnaise,Mustard,Ham,Swiss cheese,Mayonnaise,Mustard,Tomatoes,,,,8,8,5,1000,0,1000,0,1,999,,,,,,,,,,,,,,,
,,,,,,,,,,,,,58120,2020-03-04_15h12.47.348,SandwichStudy,3.2.4,MacIntel,60,"[""l""]",[0.8890001773834229],1,0,80,30,1,79,Turkey,Ham,Roast beef,Provolone cheese,Spinach,Tomatoes,Mayonnaise,Mustard,Ham,Swiss cheese,Mayonnaise,Mustard,Tomatoes,,,,8,8,5,1000,0,1000,0,1,999,,,,,,,,,,,,,,,
,,,,,,,,,,,,,58120,2020-03-04_15h12.47.348,SandwichStudy,3.2.4,MacIntel,60,"[""space""]",[0.17200016975402832],1,0,80,55,1,79,Roast beef,Turkey,Pastrami,Mayonnaise,Provolone cheese,,,,Ham,Swiss cheese,Spinach,Mustard,,,,,5,5,4,1000,0,1000,0,1,999,,,,,,,,,,,,,,,
,,,,,,,,,,,,,58120,2020-03-04_15h12.47.348,SandwichStudy,3.2.4,MacIntel,60,"[""space""]",[1.3570003509521484],1,0,80,55,1,79,Roast beef,Turkey,Pastrami,Mayonnaise,Provolone cheese,,,,Ham,Swiss cheese,Spinach,Mustard,,,,,5,5,4,1000,0,1000,0,1,999,,,,,,,,,,,,,,,
,,,,,,,,,,,,,58120,2020-03-04_15h12.47.348,SandwichStudy,3.2.4,MacIntel,60,"[""space""]",[1.1200003623962402],1,0,80,55,1,79,Roast beef,Turkey,Pastrami,Mayonnaise,Provolone cheese,,,,Ham,Swiss cheese,Spinach,Mustard,,,,,5,5,4,1000,0,1000,0,1,999,,,,,,,,,,,,,,,
,,,,,,,,,,,,,58120,2020-03-04_15h12.47.348,SandwichStudy,3.2.4,MacIntel,60,"[""space""]",[0.4760003089904785],1,0,80,55,1,79,Roast beef,Turkey,Pastrami,Mayonnaise,Provolone cheese,,,,Ham,Swiss cheese,Spinach,Mustard,,,,,5,5,4,1000,0,1000,0,1,999,,,,,,,,,,,,,,,
,,,,,,,,,,,,,58120,2020-03-04_15h12.47.348,SandwichStudy,3.2.4,MacIntel,60,"[""a""]",[7.272000074386597],1,0,80,55,1,79,Roast beef,Turkey,Pastrami,Mayonnaise,Provolone cheese,,,,Ham,Swiss cheese,Spinach,Mustard,,,,,5,5,4,1000,0,1000,0,1,999,,,,,,,,,,,,,,,
,,,,,,,,,,,,,58120,2020-03-04_15h12.47.348,SandwichStudy,3.2.4,MacIntel,60,"[""space""]",[0.32700014114379883],1,0,80,62,1,79,Cheddar cheese,Provolone cheese,Swiss cheese,Mushrooms,Mayonnaise,Lettuce,Tomatoes,,Bacon,Turkey,Pepper jack cheese,Mustard,,,,,7,7,4,1000,0,1000,0,1,999,,,,,,,,,,,,,,,
,,,,,,,,,,,,,58120,2020-03-04_15h12.47.348,SandwichStudy,3.2.4,MacIntel,60,"[""space""]",[3.1530003547668457],1,0,80,62,1,79,Cheddar cheese,Provolone cheese,Swiss cheese,Mushrooms,Mayonnaise,Lettuce,Tomatoes,,Bacon,Turkey,Pepper jack cheese,Mustard,,,,,7,7,4,1000,0,1000,0,1,999,,,,,,,,,,,,,,,
,,,,,,,,,,,,,58120,2020-03-04_15h12.47.348,SandwichStudy,3.2.4,MacIntel,60,"[""space""]",[0.21900010108947754],1,0,80,62,1,79,Cheddar cheese,Provolone cheese,Swiss cheese,Mushrooms,Mayonnaise,Lettuce,Tomatoes,,Bacon,Turkey,Pepper jack cheese,Mustard,,,,,7,7,4,1000,0,1000,0,1,999,,,,,,,,,,,,,,,
,,,,,,,,,,,,,58120,2020-03-04_15h12.47.348,SandwichStudy,3.2.4,MacIntel,60,"[""space""]",[0.28600025177001953],1,0,80,62,1,79,Cheddar cheese,Provolone cheese,Swiss cheese,Mushrooms,Mayonnaise,Lettuce,Tomatoes,,Bacon,Turkey,Pepper jack cheese,Mustard,,,,,7,7,4,1000,0,1000,0,1,999,,,,,,,,,,,,,,,
,,,,,,,,,,,,,58120,2020-03-04_15h12.47.348,SandwichStudy,3.2.4,MacIntel,60,"[""space""]",[1.073000192642212],1,0,80,62,1,79,Cheddar cheese,Provolone cheese,Swiss cheese,Mushrooms,Mayonnaise,Lettuce,Tomatoes,,Bacon,Turkey,Pepper jack cheese,Mustard,,,,,7,7,4,1000,0,1000,0,1,999,,,,,,,,,,,,,,,
,,,,,,,,,,,,,58120,2020-03-04_15h12.47.348,SandwichStudy,3.2.4,MacIntel,60,"[""a""]",[0.6630001068115234],1,0,80,62,1,79,Cheddar cheese,Provolone cheese,Swiss cheese,Mushrooms,Mayonnaise,Lettuce,Tomatoes,,Bacon,Turkey,Pepper jack cheese,Mustard,,,,,7,7,4,1000,0,1000,0,1,999,,,,,,,,,,,,,,,
,,,,,,,,,,,,,58120,2020-03-04_15h12.47.348,SandwichStudy,3.2.4,MacIntel,60,"[""space""]",[0.020000219345092773],1,0,80,72,1,79,Chicken,Mozzarella cheese,Tomatoes,Onions,Basil,Mayonnaise,,,Chicken,American cheese,Coleslaw,Tomatoes,Pickles,Mayonnaise,,,6,6,6,1000,0,1000,0,1,999,,,,,,,,,,,,,,,
,,,,,,,,,,,,,58120,2020-03-04_15h12.47.348,SandwichStudy,3.2.4,MacIntel,60,"[""space""]",[0.03900027275085449],1,0,80,72,1,79,Chicken,Mozzarella cheese,Tomatoes,Onions,Basil,Mayonnaise,,,Chicken,American cheese,Coleslaw,Tomatoes,Pickles,Mayonnaise,,,6,6,6,1000,0,1000,0,1,999,,,,,,,,,,,,,,,
,,,,,,,,,,,,,58120,2020-03-04_15h12.47.348,SandwichStudy,3.2.4,MacIntel,60,"[""space""]",[0.21000027656555176],1,0,80,72,1,79,Chicken,Mozzarella cheese,Tomatoes,Onions,Basil,Mayonnaise,,,Chicken,American cheese,Coleslaw,Tomatoes,Pickles,Mayonnaise,,,6,6,6,1000,0,1000,0,1,999,,,,,,,,,,,,,,,
,,,,,,,,,,,,,58120,2020-03-04_15h12.47.348,SandwichStudy,3.2.4,MacIntel,60,"[""space""]",[0.4760000705718994],1,0,80,72,1,79,Chicken,Mozzarella cheese,Tomatoes,Onions,Basil,Mayonnaise,,,Chicken,American cheese,Coleslaw,Tomatoes,Pickles,Mayonnaise,,,6,6,6,1000,0,1000,0,1,999,,,,,,,,,,,,,,,
,,,,,,,,,,,,,58120,2020-03-04_15h12.47.348,SandwichStudy,3.2.4,MacIntel,60,"[""space""]",[0.259000301361084],1,0,80,72,1,79,Chicken,Mozzarella cheese,Tomatoes,Onions,Basil,Mayonnaise,,,Chicken,American cheese,Coleslaw,Tomatoes,Pickles,Mayonnaise,,,6,6,6,1000,0,1000,0,1,999,,,,,,,,,,,,,,,
,,,,,,,,,,,,,58120,2020-03-04_15h12.47.348,SandwichStudy,3.2.4,MacIntel,60,"[""a""]",[8.44100022315979],1,0,80,72,1,79,Chicken,Mozzarella cheese,Tomatoes,Onions,Basil,Mayonnaise,,,Chicken,American cheese,Coleslaw,Tomatoes,Pickles,Mayonnaise,,,6,6,6,1000,0,1000,0,1,999,,,,,,,,,,,,,,,
,,,,,,,,,,,,,58120,2020-03-04_15h12.47.348,SandwichStudy,3.2.4,MacIntel,60,"[""space""]",[0.26200032234191895],1,0,80,64,1,79,Tuna,Basil,Cheddar cheese,Garlic aioli,Pickles,Onions,Tomatoes,Spinach,Turkey,Ham,Bacon,Provolone cheese,Lettuce,Tomatoes,Ranch dressing,,8,8,7,1000,0,1000,0,1,999,,,,,,,,,,,,,,,
,,,,,,,,,,,,,58120,2020-03-04_15h12.47.348,SandwichStudy,3.2.4,MacIntel,60,"[""space""]",[0.14100027084350586],1,0,80,64,1,79,Tuna,Basil,Cheddar cheese,Garlic aioli,Pickles,Onions,Tomatoes,Spinach,Turkey,Ham,Bacon,Provolone cheese,Lettuce,Tomatoes,Ranch dressing,,8,8,7,1000,0,1000,0,1,999,,,,,,,,,,,,,,,
,,,,,,,,,,,,,58120,2020-03-04_15h12.47.348,SandwichStudy,3.2.4,MacIntel,60,"[""space""]",[0.30700039863586426],1,0,80,64,1,79,Tuna,Basil,Cheddar cheese,Garlic aioli,Pickles,Onions,Tomatoes,Spinach,Turkey,Ham,Bacon,Provolone cheese,Lettuce,Tomatoes,Ranch dressing,,8,8,7,1000,0,1000,0,1,999,,,,,,,,,,,,,,,
,,,,,,,,,,,,,58120,2020-03-04_15h12.47.348,SandwichStudy,3.2.4,MacIntel,60,"[""space""]",[0.08800005912780762],1,0,80,64,1,79,Tuna,Basil,Cheddar cheese,Garlic aioli,Pickles,Onions,Tomatoes,Spinach,Turkey,Ham,Bacon,Provolone cheese,Lettuce,Tomatoes,Ranch dressing,,8,8,7,1000,0,1000,0,1,999,,,,,,,,,,,,,,,
,,,,,,,,,,,,,58120,2020-03-04_15h12.47.348,SandwichStudy,3.2.4,MacIntel,60,"[""space""]",[0.1790001392364502],1,0,80,64,1,79,Tuna,Basil,Cheddar cheese,Garlic aioli,Pickles,Onions,Tomatoes,Spinach,Turkey,Ham,Bacon,Provolone cheese,Lettuce,Tomatoes,Ranch dressing,,8,8,7,1000,0,1000,0,1,999,,,,,,,,,,,,,,,
,,,,,,,,,,,,,58120,2020-03-04_15h12.47.348,SandwichStudy,3.2.4,MacIntel,60,"[""space""]",[0.16200017929077148],1,0,80,64,1,79,Tuna,Basil,Cheddar cheese,Garlic aioli,Pickles,Onions,Tomatoes,Spinach,Turkey,Ham,Bacon,Provolone cheese,Lettuce,Tomatoes,Ranch dressing,,8,8,7,1000,0,1000,0,1,999,,,,,,,,,,,,,,,
,,,,,,,,,,,,,58120,2020-03-04_15h12.47.348,SandwichStudy,3.2.4,MacIntel,60,"[""space""]",[0.046000003814697266],1,0,80,64,1,79,Tuna,Basil,Cheddar cheese,Garlic aioli,Pickles,Onions,Tomatoes,Spinach,Turkey,Ham,Bacon,Provolone cheese,Lettuce,Tomatoes,Ranch dressing,,8,8,7,1000,0,1000,0,1,999,,,,,,,,,,,,,,,
,,,,,,,,,,,,,58120,2020-03-04_15h12.47.348,SandwichStudy,3.2.4,MacIntel,60,"[""a""]",[7.841000080108643],1,0,80,64,1,79,Tuna,Basil,Cheddar cheese,Garlic aioli,Pickles,Onions,Tomatoes,Spinach,Turkey,Ham,Bacon,Provolone cheese,Lettuce,Tomatoes,Ranch dressing,,8,8,7,1000,0,1000,0,1,999,,,,,,,,,,,,,,,
,,,,,,,,,,,,,58120,2020-03-04_15h12.47.348,SandwichStudy,3.2.4,MacIntel,60,,,,,,,,,,,,,,,,,,,,,,,,,,,,,,,,,,space,11.49700022,7,7.527000189,space,9.178000212,1,0,10,4,1,9,Chicken,,
,,,,,,,,,,,,,58120,2020-03-04_15h12.47.348,SandwichStudy,3.2.4,MacIntel,60,,,,,,,,,,,,,,,,,,,,,,,,,,,,,,,,,,,,4,2.895999908,space,3.389000177,1,0,10,6,1,9,Swiss cheese,,
,,,,,,,,,,,,,58120,2020-03-04_15h12.47.348,SandwichStudy,3.2.4,MacIntel,60,,,,,,,,,,,,,,,,,,,,,,,,,,,,,,,,,,,,6,4.101999998,space,4.658000231,1,0,10,5,1,9,Cheddar cheese,,
,,,,,,,,,,,,,58120,2020-03-04_15h12.47.348,SandwichStudy,3.2.4,MacIntel,60,,,,,,,,,,,,,,,,,,,,,,,,,,,,,,,,,,,,5,2.220999956,space,3.417000055,1,0,10,0,1,9,Tomatoes,,
,,,,,,,,,,,,,58120,2020-03-04_15h12.47.348,SandwichStudy,3.2.4,MacIntel,60,,,,,,,,,,,,,,,,,,,,,,,,,,,,,,,,,,,,6,2.188999891,space,2.892000198,1,0,10,3,1,9,Bacon,,
,,,,,,,,,,,,,58120,2020-03-04_15h12.47.348,SandwichStudy,3.2.4,MacIntel,60,,,,,,,,,,,,,,,,,,,,,,,,,,,,,,,,,,,,6,2.137000084,space,3.186000109,1,0,10,1,1,9,Mayonnaise,,
,,,,,,,,,,,,,58120,2020-03-04_15h12.47.348,SandwichStudy,3.2.4,MacIntel,60,,,,,,,,,,,,,,,,,,,,,,,,,,,,,,,,,,,,6,1.757999897,space,2.704000235,1,0,10,7,1,9,Lettuce,,
,,,,,,,,,,,,,58120,2020-03-04_15h12.47.348,SandwichStudy,3.2.4,MacIntel,60,,,,,,,,,,,,,,,,,,,,,,,,,,,,,,,,,,,,4,1.638999939,space,2.018000126,1,0,10,8,1,9,Provolone cheese,,
,,,,,,,,,,,,,58120,2020-03-04_15h12.47.348,SandwichStudy,3.2.4,MacIntel,60,,,,,,,,,,,,,,,,,,,,,,,,,,,,,,,,,,,,5,1.937999964,space,2.554000139,1,0,10,9,1,9,Spinach,,
,,,,,,,,,,,,,58120,2020-03-04_15h12.47.348,SandwichStudy,3.2.4,MacIntel,60,,,,,,,,,,,,,,,,,,,,,,,,,,,,,,,,,,,,4,1.736999989,space,2.170000076,1,0,10,2,1,9,Turkey,,
,,,,,,,,,,,,,58120,2020-03-04_15h12.47.348,SandwichStudy,3.2.4,MacIntel,60,,,,,,,,,,,,,,,,,,,,,,,,,,,,,,,,,,,,,,,,,,,,,,,return,6.46900034
