sequence,key_resp_4.keys,key_resp_4.rt,VegResp.keys,VegResp.rt,ConfirmResp.keys,ConfirmResp.rt,VegQuestionLoop.thisRepN,VegQuestionLoop.thisTrialN,VegQuestionLoop.thisN,VegQuestionLoop.thisIndex,VegQuestionLoop.ran,VegQuestionLoop.order,participant,date,expName,psychopyVersion,OS,frameRate,Decision.keys,Decision.rt,trials.thisRepN,trials.thisTrialN,trials.thisN,trials.thisIndex,trials.ran,trials.order,s11,s12,s13,s14,s15,s16,s17,s18,s21,s22,s23,s24,s25,s26,s27,s28,IngsInRow,IngIn1,IngIn2,Iter.thisRepN,Iter.thisTrialN,Iter.thisN,Iter.thisIndex,Iter.ran,Iter.order,key_resp_2.keys,key_resp_2.rt,slider.response,slider.rt,key_resp_3.keys,key_resp_3.rt,RatingLoop.thisRepN,RatingLoop.thisTrialN,RatingLoop.thisN,RatingLoop.thisIndex,RatingLoop.ran,RatingLoop.order,ingredientforslider,key_resp.keys,key_resp.rt
"[1,1,0,1,0,0,0,1,0,0,1,0,1,1,0,0,0,1,1,0,0,0,1,0,1,0,1,1,0,0,0,1,0,0,1,0,1,1,0,1,1,0,1,1,1,1,0,1,1,1,0,1,0,1,1,0,1,0,1,0,1,1,0,1,0,0,1,0,0,1,0,1,1,1,1,0,1,0,1,0]",space,5.46999979,n,5.999999762,p,6.657000065,100,0,100,0,1,99,58741,2020-03-03_00h48.38.632,SandwichStudy,3.2.4,Win32,60,,,,,,,,,,,,,,,,,,,,,,,,,,,,,,,,,,,,,,,,,,,,,,,,
,,,,,,,,,,,,,58741,2020-03-03_00h48.38.632,SandwichStudy,3.2.4,Win32,60,"[""space""]",[5.841999769210815],1,0,80,60,1,79,Chicken,Swiss cheese,Lettuce,Tomatoes,Onions,,,,Chicken,Cheddar cheese,Lettuce,Garlic aioli,Swiss cheese,Tomatoes,,,6,5,6,1000,0,1000,0,1,999,,,,,,,,,,,,,,,
,,,,,,,,,,,,,58741,2020-03-03_00h48.38.632,SandwichStudy,3.2.4,Win32,60,"[""space""]",[2.496999740600586],1,0,80,60,1,79,Chicken,Swiss cheese,Lettuce,Tomatoes,Onions,,,,Chicken,Cheddar cheese,Lettuce,Garlic aioli,Swiss cheese,Tomatoes,,,6,5,6,1000,0,1000,0,1,999,,,,,,,,,,,,,,,
,,,,,,,,,,,,,58741,2020-03-03_00h48.38.632,SandwichStudy,3.2.4,Win32,60,"[""space""]",[2.3369998931884766],1,0,80,60,1,79,Chicken,Swiss cheese,Lettuce,Tomatoes,Onions,,,,Chicken,Cheddar cheese,Lettuce,Garlic aioli,Swiss cheese,Tomatoes,,,6,5,6,1000,0,1000,0,1,999,,,,,,,,,,,,,,,
,,,,,,,,,,,,,58741,2020-03-03_00h48.38.632,SandwichStudy,3.2.4,Win32,60,"[""l""]",[0.7199997901916504],1,0,80,60,1,79,Chicken,Swiss cheese,Lettuce,Tomatoes,Onions,,,,Chicken,Cheddar cheese,Lettuce,Garlic aioli,Swiss cheese,Tomatoes,,,6,5,6,1000,0,1000,0,1,999,,,,,,,,,,,,,,,
,,,,,,,,,,,,,58741,2020-03-03_00h48.38.632,SandwichStudy,3.2.4,Win32,60,"[""l""]",[0.7749998569488525],1,0,80,78,1,79,Chicken,American cheese,Lettuce,Tomatoes,Mayonnaise,,,,Pastrami,Cheddar cheese,Mustard,Pickles,,,,,5,5,4,1000,0,1000,0,1,999,,,,,,,,,,,,,,,
,,,,,,,,,,,,,58741,2020-03-03_00h48.38.632,SandwichStudy,3.2.4,Win32,60,"[""a""]",[1.4649999141693115],1,0,80,30,1,79,Turkey,Ham,Roast beef,Provolone cheese,Spinach,Tomatoes,Mayonnaise,Mustard,Ham,Swiss cheese,Mayonnaise,Mustard,Tomatoes,,,,8,8,5,1000,0,1000,0,1,999,,,,,,,,,,,,,,,
,,,,,,,,,,,,,58741,2020-03-03_00h48.38.632,SandwichStudy,3.2.4,Win32,60,"[""l""]",[0.06299996376037598],1,0,80,54,1,79,Chicken,Bell peppers,Bacon,Provolone cheese,Ranch dressing,Lettuce,Tomatoes,,Turkey,Bacon,Pepper jack cheese,Avocado,Ranch dressing,Spinach,Tomatoes,,7,7,7,1000,0,1000,0,1,999,,,,,,,,,,,,,,,
,,,,,,,,,,,,,58741,2020-03-03_00h48.38.632,SandwichStudy,3.2.4,Win32,60,"[""a""]",[0.4679999351501465],1,0,80,28,1,79,Chicken,Mozzarella cheese,Tomatoes,Pesto,Spinach,,,,Roast beef,Turkey,Pastrami,Mayonnaise,Provolone cheese,,,,5,5,5,1000,0,1000,0,1,999,,,,,,,,,,,,,,,
,,,,,,,,,,,,,58741,2020-03-03_00h48.38.632,SandwichStudy,3.2.4,Win32,60,"[""l""]",[0.8269996643066406],1,0,80,27,1,79,Mushrooms,Swiss cheese,Provolone cheese,Cheddar cheese,Lettuce,Tomatoes,,,Avocado,Spinach,Tomatoes,Swiss cheese,,,,,6,6,4,1000,0,1000,0,1,999,,,,,,,,,,,,,,,
,,,,,,,,,,,,,58741,2020-03-03_00h48.38.632,SandwichStudy,3.2.4,Win32,60,"[""a""]",[1.3399999141693115],1,0,80,12,1,79,Turkey,Cheddar cheese,Mayonnaise,,,,,,Ham,Pork,Swiss cheese,Mustard,Pickles,,,,5,3,5,1000,0,1000,0,1,999,,,,,,,,,,,,,,,
,,,,,,,,,,,,,58741,2020-03-03_00h48.38.632,SandwichStudy,3.2.4,Win32,60,"[""l""]",[1.0759999752044678],1,0,80,59,1,79,Chicken,Ham,Cheddar cheese,Mayonnaise,,,,,Turkey,Garlic aioli,Bacon,Spinach,,,,,4,4,4,1000,0,1000,0,1,999,,,,,,,,,,,,,,,
,,,,,,,,,,,,,58741,2020-03-03_00h48.38.632,SandwichStudy,3.2.4,Win32,60,"[""space""]",[0.6569998264312744],1,0,80,45,1,79,Bell peppers,Provolone cheese,Cucumbers,Spinach,Tomatoes,Onions,Hummus,,Roast beef,Bacon,Turkey,Mayonnaise,,,,,7,7,4,1000,0,1000,0,1,999,,,,,,,,,,,,,,,
,,,,,,,,,,,,,58741,2020-03-03_00h48.38.632,SandwichStudy,3.2.4,Win32,60,"[""space""]",[1.9589998722076416],1,0,80,45,1,79,Bell peppers,Provolone cheese,Cucumbers,Spinach,Tomatoes,Onions,Hummus,,Roast beef,Bacon,Turkey,Mayonnaise,,,,,7,7,4,1000,0,1000,0,1,999,,,,,,,,,,,,,,,
,,,,,,,,,,,,,58741,2020-03-03_00h48.38.632,SandwichStudy,3.2.4,Win32,60,"[""a""]",[2.7929999828338623],1,0,80,45,1,79,Bell peppers,Provolone cheese,Cucumbers,Spinach,Tomatoes,Onions,Hummus,,Roast beef,Bacon,Turkey,Mayonnaise,,,,,7,7,4,1000,0,1000,0,1,999,,,,,,,,,,,,,,,
,,,,,,,,,,,,,58741,2020-03-03_00h48.38.632,SandwichStudy,3.2.4,Win32,60,"[""space""]",[1.1629998683929443],1,0,80,37,1,79,Turkey,Ham,Cheddar cheese,Mayonnaise,,,,,Chicken,Ham,Swiss cheese,Mayonnaise,Mustard,,,,5,4,5,1000,0,1000,0,1,999,,,,,,,,,,,,,,,
,,,,,,,,,,,,,58741,2020-03-03_00h48.38.632,SandwichStudy,3.2.4,Win32,60,"[""l""]",[0.3899998664855957],1,0,80,37,1,79,Turkey,Ham,Cheddar cheese,Mayonnaise,,,,,Chicken,Ham,Swiss cheese,Mayonnaise,Mustard,,,,5,4,5,1000,0,1000,0,1,999,,,,,,,,,,,,,,,
,,,,,,,,,,,,,58741,2020-03-03_00h48.38.632,SandwichStudy,3.2.4,Win32,60,"[""space""]",[1.75600004196167],1,0,80,18,1,79,Turkey,Bacon,Pepper jack cheese,Avocado,Ranch dressing,Spinach,Tomatoes,,Chicken,Bacon,Cheddar cheese,Swiss cheese,Spinach,Tomatoes,Mayonnaise,Mustard,8,7,8,1000,0,1000,0,1,999,,,,,,,,,,,,,,,
,,,,,,,,,,,,,58741,2020-03-03_00h48.38.632,SandwichStudy,3.2.4,Win32,60,"[""space""]",[0.5209999084472656],1,0,80,18,1,79,Turkey,Bacon,Pepper jack cheese,Avocado,Ranch dressing,Spinach,Tomatoes,,Chicken,Bacon,Cheddar cheese,Swiss cheese,Spinach,Tomatoes,Mayonnaise,Mustard,8,7,8,1000,0,1000,0,1,999,,,,,,,,,,,,,,,
,,,,,,,,,,,,,58741,2020-03-03_00h48.38.632,SandwichStudy,3.2.4,Win32,60,"[""a""]",[1.8949997425079346],1,0,80,18,1,79,Turkey,Bacon,Pepper jack cheese,Avocado,Ranch dressing,Spinach,Tomatoes,,Chicken,Bacon,Cheddar cheese,Swiss cheese,Spinach,Tomatoes,Mayonnaise,Mustard,8,7,8,1000,0,1000,0,1,999,,,,,,,,,,,,,,,
,,,,,,,,,,,,,58741,2020-03-03_00h48.38.632,SandwichStudy,3.2.4,Win32,60,"[""l""]",[0.8459997177124023],1,0,80,43,1,79,Meatballs,Provolone cheese,Onions,Marinara sauce,,,,,Chicken,Mozzarella cheese,Tomatoes,Pesto,Spinach,,,,5,4,5,1000,0,1000,0,1,999,,,,,,,,,,,,,,,
,,,,,,,,,,,,,58741,2020-03-03_00h48.38.632,SandwichStudy,3.2.4,Win32,60,"[""space""]",[0.07200002670288086],1,0,80,15,1,79,Pork,Cucumbers,Pickles,Jalapenos,Basil,Mayonnaise,,,Roast beef,Pastrami,Swiss cheese,Mustard,,,,,6,6,4,1000,0,1000,0,1,999,,,,,,,,,,,,,,,
,,,,,,,,,,,,,58741,2020-03-03_00h48.38.632,SandwichStudy,3.2.4,Win32,60,"[""space""]",[1.0089998245239258],1,0,80,15,1,79,Pork,Cucumbers,Pickles,Jalapenos,Basil,Mayonnaise,,,Roast beef,Pastrami,Swiss cheese,Mustard,,,,,6,6,4,1000,0,1000,0,1,999,,,,,,,,,,,,,,,
,,,,,,,,,,,,,58741,2020-03-03_00h48.38.632,SandwichStudy,3.2.4,Win32,60,"[""space""]",[0.5429997444152832],1,0,80,15,1,79,Pork,Cucumbers,Pickles,Jalapenos,Basil,Mayonnaise,,,Roast beef,Pastrami,Swiss cheese,Mustard,,,,,6,6,4,1000,0,1000,0,1,999,,,,,,,,,,,,,,,
,,,,,,,,,,,,,58741,2020-03-03_00h48.38.632,SandwichStudy,3.2.4,Win32,60,"[""space""]",[0.3209998607635498],1,0,80,15,1,79,Pork,Cucumbers,Pickles,Jalapenos,Basil,Mayonnaise,,,Roast beef,Pastrami,Swiss cheese,Mustard,,,,,6,6,4,1000,0,1000,0,1,999,,,,,,,,,,,,,,,
,,,,,,,,,,,,,58741,2020-03-03_00h48.38.632,SandwichStudy,3.2.4,Win32,60,"[""l""]",[1.1069998741149902],1,0,80,15,1,79,Pork,Cucumbers,Pickles,Jalapenos,Basil,Mayonnaise,,,Roast beef,Pastrami,Swiss cheese,Mustard,,,,,6,6,4,1000,0,1000,0,1,999,,,,,,,,,,,,,,,
,,,,,,,,,,,,,58741,2020-03-03_00h48.38.632,SandwichStudy,3.2.4,Win32,60,"[""space""]",[1.2749998569488525],1,0,80,50,1,79,Mozzarella cheese,Bell peppers,Pesto,Spinach,,,,,Chicken,Ham,Swiss cheese,Mayonnaise,,,,,4,4,4,1000,0,1000,0,1,999,,,,,,,,,,,,,,,
,,,,,,,,,,,,,58741,2020-03-03_00h48.38.632,SandwichStudy,3.2.4,Win32,60,"[""l""]",[1.3819997310638428],1,0,80,50,1,79,Mozzarella cheese,Bell peppers,Pesto,Spinach,,,,,Chicken,Ham,Swiss cheese,Mayonnaise,,,,,4,4,4,1000,0,1000,0,1,999,,,,,,,,,,,,,,,
,,,,,,,,,,,,,58741,2020-03-03_00h48.38.632,SandwichStudy,3.2.4,Win32,60,"[""l""]",[0.13199996948242188],1,0,80,69,1,79,Chicken,Garlic aioli,Pickles,Cucumbers,Jalapenos,Basil,,,Chicken,Bacon,Cheddar cheese,Swiss cheese,Spinach,Tomatoes,Mayonnaise,Mustard,8,6,8,1000,0,1000,0,1,999,,,,,,,,,,,,,,,
,,,,,,,,,,,,,58741,2020-03-03_00h48.38.632,SandwichStudy,3.2.4,Win32,60,"[""space""]",[1.3289997577667236],1,0,80,7,1,79,Mozzarella cheese,Bell peppers,Pesto,Spinach,,,,,Ham,Lettuce,Tomatoes,Mayonnaise,Mustard,,,,5,4,5,1000,0,1000,0,1,999,,,,,,,,,,,,,,,
,,,,,,,,,,,,,58741,2020-03-03_00h48.38.632,SandwichStudy,3.2.4,Win32,60,"[""space""]",[4.279999732971191],1,0,80,7,1,79,Mozzarella cheese,Bell peppers,Pesto,Spinach,,,,,Ham,Lettuce,Tomatoes,Mayonnaise,Mustard,,,,5,4,5,1000,0,1000,0,1,999,,,,,,,,,,,,,,,
,,,,,,,,,,,,,58741,2020-03-03_00h48.38.632,SandwichStudy,3.2.4,Win32,60,"[""a""]",[0.0559999942779541],1,0,80,7,1,79,Mozzarella cheese,Bell peppers,Pesto,Spinach,,,,,Ham,Lettuce,Tomatoes,Mayonnaise,Mustard,,,,5,4,5,1000,0,1000,0,1,999,,,,,,,,,,,,,,,
,,,,,,,,,,,,,58741,2020-03-03_00h48.38.632,SandwichStudy,3.2.4,Win32,60,"[""a""]",[1.001999855041504],1,0,80,64,1,79,Tuna,Basil,Cheddar cheese,Garlic aioli,Pickles,Onions,Tomatoes,Spinach,Turkey,Ham,Bacon,Provolone cheese,Lettuce,Tomatoes,Ranch dressing,,8,8,7,1000,0,1000,0,1,999,,,,,,,,,,,,,,,
,,,,,,,,,,,,,58741,2020-03-03_00h48.38.632,SandwichStudy,3.2.4,Win32,60,"[""space""]",[0.0969998836517334],1,0,80,72,1,79,Chicken,Mozzarella cheese,Tomatoes,Onions,Basil,Mayonnaise,,,Chicken,American cheese,Coleslaw,Tomatoes,Pickles,Mayonnaise,,,6,6,6,1000,0,1000,0,1,999,,,,,,,,,,,,,,,
,,,,,,,,,,,,,58741,2020-03-03_00h48.38.632,SandwichStudy,3.2.4,Win32,60,"[""space""]",[0.7059998512268066],1,0,80,72,1,79,Chicken,Mozzarella cheese,Tomatoes,Onions,Basil,Mayonnaise,,,Chicken,American cheese,Coleslaw,Tomatoes,Pickles,Mayonnaise,,,6,6,6,1000,0,1000,0,1,999,,,,,,,,,,,,,,,
,,,,,,,,,,,,,58741,2020-03-03_00h48.38.632,SandwichStudy,3.2.4,Win32,60,"[""l""]",[0.014999866485595703],1,0,80,72,1,79,Chicken,Mozzarella cheese,Tomatoes,Onions,Basil,Mayonnaise,,,Chicken,American cheese,Coleslaw,Tomatoes,Pickles,Mayonnaise,,,6,6,6,1000,0,1000,0,1,999,,,,,,,,,,,,,,,
,,,,,,,,,,,,,58741,2020-03-03_00h48.38.632,SandwichStudy,3.2.4,Win32,60,"[""space""]",[0.30499982833862305],1,0,80,1,1,79,Tomatoes,Mozzarella cheese,Spinach,Pesto,,,,,Ham,Swiss cheese,Mustard,,,,,,4,4,3,1000,0,1000,0,1,999,,,,,,,,,,,,,,,
,,,,,,,,,,,,,58741,2020-03-03_00h48.38.632,SandwichStudy,3.2.4,Win32,60,"[""space""]",[0.687999963760376],1,0,80,1,1,79,Tomatoes,Mozzarella cheese,Spinach,Pesto,,,,,Ham,Swiss cheese,Mustard,,,,,,4,4,3,1000,0,1000,0,1,999,,,,,,,,,,,,,,,
,,,,,,,,,,,,,58741,2020-03-03_00h48.38.632,SandwichStudy,3.2.4,Win32,60,"[""l""]",[0.6109998226165771],1,0,80,1,1,79,Tomatoes,Mozzarella cheese,Spinach,Pesto,,,,,Ham,Swiss cheese,Mustard,,,,,,4,4,3,1000,0,1000,0,1,999,,,,,,,,,,,,,,,
,,,,,,,,,,,,,58741,2020-03-03_00h48.38.632,SandwichStudy,3.2.4,Win32,60,"[""space""]",[1.0399997234344482],1,0,80,62,1,79,Cheddar cheese,Provolone cheese,Swiss cheese,Mushrooms,Mayonnaise,Lettuce,Tomatoes,,Bacon,Turkey,Pepper jack cheese,Mustard,,,,,7,7,4,1000,0,1000,0,1,999,,,,,,,,,,,,,,,
,,,,,,,,,,,,,58741,2020-03-03_00h48.38.632,SandwichStudy,3.2.4,Win32,60,"[""space""]",[0.7209997177124023],1,0,80,62,1,79,Cheddar cheese,Provolone cheese,Swiss cheese,Mushrooms,Mayonnaise,Lettuce,Tomatoes,,Bacon,Turkey,Pepper jack cheese,Mustard,,,,,7,7,4,1000,0,1000,0,1,999,,,,,,,,,,,,,,,
,,,,,,,,,,,,,58741,2020-03-03_00h48.38.632,SandwichStudy,3.2.4,Win32,60,"[""space""]",[1.2299997806549072],1,0,80,62,1,79,Cheddar cheese,Provolone cheese,Swiss cheese,Mushrooms,Mayonnaise,Lettuce,Tomatoes,,Bacon,Turkey,Pepper jack cheese,Mustard,,,,,7,7,4,1000,0,1000,0,1,999,,,,,,,,,,,,,,,
,,,,,,,,,,,,,58741,2020-03-03_00h48.38.632,SandwichStudy,3.2.4,Win32,60,"[""space""]",[0.0039997100830078125],1,0,80,62,1,79,Cheddar cheese,Provolone cheese,Swiss cheese,Mushrooms,Mayonnaise,Lettuce,Tomatoes,,Bacon,Turkey,Pepper jack cheese,Mustard,,,,,7,7,4,1000,0,1000,0,1,999,,,,,,,,,,,,,,,
,,,,,,,,,,,,,58741,2020-03-03_00h48.38.632,SandwichStudy,3.2.4,Win32,60,"[""l""]",[3.8909997940063477],1,0,80,62,1,79,Cheddar cheese,Provolone cheese,Swiss cheese,Mushrooms,Mayonnaise,Lettuce,Tomatoes,,Bacon,Turkey,Pepper jack cheese,Mustard,,,,,7,7,4,1000,0,1000,0,1,999,,,,,,,,,,,,,,,
,,,,,,,,,,,,,58741,2020-03-03_00h48.38.632,SandwichStudy,3.2.4,Win32,60,"[""a""]",[0.24499988555908203],1,0,80,47,1,79,Chicken,Cheddar cheese,Mayonnaise,,,,,,Turkey,Cheddar cheese,Coleslaw,Spinach,Mustard,,,,5,3,5,1000,0,1000,0,1,999,,,,,,,,,,,,,,,
,,,,,,,,,,,,,58741,2020-03-03_00h48.38.632,SandwichStudy,3.2.4,Win32,60,"[""space""]",[0.5299997329711914],1,0,80,61,1,79,Pork,Cucumbers,Pickles,Jalapenos,Basil,Mayonnaise,,,Turkey,Cheddar cheese,Bacon,,,,,,6,6,3,1000,0,1000,0,1,999,,,,,,,,,,,,,,,
,,,,,,,,,,,,,58741,2020-03-03_00h48.38.632,SandwichStudy,3.2.4,Win32,60,"[""l""]",[0.053999900817871094],1,0,80,61,1,79,Pork,Cucumbers,Pickles,Jalapenos,Basil,Mayonnaise,,,Turkey,Cheddar cheese,Bacon,,,,,,6,6,3,1000,0,1000,0,1,999,,,,,,,,,,,,,,,
,,,,,,,,,,,,,58741,2020-03-03_00h48.38.632,SandwichStudy,3.2.4,Win32,60,"[""space""]",[0.4549999237060547],1,0,80,23,1,79,Meatballs,Provolone cheese,Marinara sauce,Parmesan cheese,,,,,Turkey,Cheddar cheese,Bacon,,,,,,4,4,3,1000,0,1000,0,1,999,,,,,,,,,,,,,,,
,,,,,,,,,,,,,58741,2020-03-03_00h48.38.632,SandwichStudy,3.2.4,Win32,60,"[""a""]",[0.12399983406066895],1,0,80,23,1,79,Meatballs,Provolone cheese,Marinara sauce,Parmesan cheese,,,,,Turkey,Cheddar cheese,Bacon,,,,,,4,4,3,1000,0,1000,0,1,999,,,,,,,,,,,,,,,
,,,,,,,,,,,,,58741,2020-03-03_00h48.38.632,SandwichStudy,3.2.4,Win32,60,"[""space""]",[0.4439997673034668],1,0,80,10,1,79,Turkey,Cheddar cheese,Coleslaw,Spinach,Mustard,,,,Salami,Provolone cheese,Lettuce,Tomatoes,Mayonnaise,Mustard,,,6,5,6,1000,0,1000,0,1,999,,,,,,,,,,,,,,,
,,,,,,,,,,,,,58741,2020-03-03_00h48.38.632,SandwichStudy,3.2.4,Win32,60,"[""a""]",[0.7219998836517334],1,0,80,10,1,79,Turkey,Cheddar cheese,Coleslaw,Spinach,Mustard,,,,Salami,Provolone cheese,Lettuce,Tomatoes,Mayonnaise,Mustard,,,6,5,6,1000,0,1000,0,1,999,,,,,,,,,,,,,,,
,,,,,,,,,,,,,58741,2020-03-03_00h48.38.632,SandwichStudy,3.2.4,Win32,60,"[""space""]",[0.37399983406066895],1,0,80,46,1,79,Turkey,Ham,Bacon,Swiss cheese,Lettuce,Tomatoes,Onions,,Chicken,Pickles,Basil,Tomatoes,Cucumbers,,,,7,7,5,1000,0,1000,0,1,999,,,,,,,,,,,,,,,
,,,,,,,,,,,,,58741,2020-03-03_00h48.38.632,SandwichStudy,3.2.4,Win32,60,"[""space""]",[0.3039999008178711],1,0,80,46,1,79,Turkey,Ham,Bacon,Swiss cheese,Lettuce,Tomatoes,Onions,,Chicken,Pickles,Basil,Tomatoes,Cucumbers,,,,7,7,5,1000,0,1000,0,1,999,,,,,,,,,,,,,,,
,,,,,,,,,,,,,58741,2020-03-03_00h48.38.632,SandwichStudy,3.2.4,Win32,60,"[""a""]",[0.17199993133544922],1,0,80,46,1,79,Turkey,Ham,Bacon,Swiss cheese,Lettuce,Tomatoes,Onions,,Chicken,Pickles,Basil,Tomatoes,Cucumbers,,,,7,7,5,1000,0,1000,0,1,999,,,,,,,,,,,,,,,
,,,,,,,,,,,,,58741,2020-03-03_00h48.38.632,SandwichStudy,3.2.4,Win32,60,"[""space""]",[0.5099997520446777],1,0,80,20,1,79,Pastrami,Swiss cheese,Coleslaw,,,,,,Chicken,Bacon,Feta cheese,Bell peppers,Basil,Garlic aioli,,,6,3,6,1000,0,1000,0,1,999,,,,,,,,,,,,,,,
,,,,,,,,,,,,,58741,2020-03-03_00h48.38.632,SandwichStudy,3.2.4,Win32,60,"[""l""]",[0.4249999523162842],1,0,80,20,1,79,Pastrami,Swiss cheese,Coleslaw,,,,,,Chicken,Bacon,Feta cheese,Bell peppers,Basil,Garlic aioli,,,6,3,6,1000,0,1000,0,1,999,,,,,,,,,,,,,,,
,,,,,,,,,,,,,58741,2020-03-03_00h48.38.632,SandwichStudy,3.2.4,Win32,60,"[""space""]",[0.9079997539520264],1,0,80,51,1,79,Turkey,Provolone cheese,Pesto,Bell peppers,,,,,Swiss cheese,Provolone cheese,Bell peppers,Tomatoes,Onions,,,,5,4,5,1000,0,1000,0,1,999,,,,,,,,,,,,,,,
,,,,,,,,,,,,,58741,2020-03-03_00h48.38.632,SandwichStudy,3.2.4,Win32,60,"[""space""]",[0.14599990844726562],1,0,80,51,1,79,Turkey,Provolone cheese,Pesto,Bell peppers,,,,,Swiss cheese,Provolone cheese,Bell peppers,Tomatoes,Onions,,,,5,4,5,1000,0,1000,0,1,999,,,,,,,,,,,,,,,
,,,,,,,,,,,,,58741,2020-03-03_00h48.38.632,SandwichStudy,3.2.4,Win32,60,"[""l""]",[0.07199978828430176],1,0,80,51,1,79,Turkey,Provolone cheese,Pesto,Bell peppers,,,,,Swiss cheese,Provolone cheese,Bell peppers,Tomatoes,Onions,,,,5,4,5,1000,0,1000,0,1,999,,,,,,,,,,,,,,,
,,,,,,,,,,,,,58741,2020-03-03_00h48.38.632,SandwichStudy,3.2.4,Win32,60,"[""a""]",[0.021999835968017578],1,0,80,19,1,79,Bacon,Ham,Turkey,Mayonnaise,Cheddar cheese,Tomatoes,Spinach,Swiss cheese,Turkey,Salami,Cheddar cheese,Mayonnaise,,,,,8,8,4,1000,0,1000,0,1,999,,,,,,,,,,,,,,,
,,,,,,,,,,,,,58741,2020-03-03_00h48.38.632,SandwichStudy,3.2.4,Win32,60,"[""space""]",[0.1380000114440918],1,0,80,9,1,79,Bacon,Turkey,Pepper jack cheese,Mustard,,,,,Bacon,Spinach,Tomatoes,Avocado,Mayonnaise,,,,5,4,5,1000,0,1000,0,1,999,,,,,,,,,,,,,,,
,,,,,,,,,,,,,58741,2020-03-03_00h48.38.632,SandwichStudy,3.2.4,Win32,60,"[""l""]",[0.8609998226165771],1,0,80,9,1,79,Bacon,Turkey,Pepper jack cheese,Mustard,,,,,Bacon,Spinach,Tomatoes,Avocado,Mayonnaise,,,,5,4,5,1000,0,1000,0,1,999,,,,,,,,,,,,,,,
,,,,,,,,,,,,,58741,2020-03-03_00h48.38.632,SandwichStudy,3.2.4,Win32,60,"[""space""]",[0.9069998264312744],1,0,80,74,1,79,Mushrooms,Swiss cheese,Provolone cheese,Cheddar cheese,Lettuce,Tomatoes,,,Roast beef,Pastrami,Swiss cheese,Mustard,,,,,6,6,4,1000,0,1000,0,1,999,,,,,,,,,,,,,,,
,,,,,,,,,,,,,58741,2020-03-03_00h48.38.632,SandwichStudy,3.2.4,Win32,60,"[""space""]",[1.2219998836517334],1,0,80,74,1,79,Mushrooms,Swiss cheese,Provolone cheese,Cheddar cheese,Lettuce,Tomatoes,,,Roast beef,Pastrami,Swiss cheese,Mustard,,,,,6,6,4,1000,0,1000,0,1,999,,,,,,,,,,,,,,,
,,,,,,,,,,,,,58741,2020-03-03_00h48.38.632,SandwichStudy,3.2.4,Win32,60,"[""l""]",[0.5809998512268066],1,0,80,74,1,79,Mushrooms,Swiss cheese,Provolone cheese,Cheddar cheese,Lettuce,Tomatoes,,,Roast beef,Pastrami,Swiss cheese,Mustard,,,,,6,6,4,1000,0,1000,0,1,999,,,,,,,,,,,,,,,
,,,,,,,,,,,,,58741,2020-03-03_00h48.38.632,SandwichStudy,3.2.4,Win32,60,"[""space""]",[1.0049998760223389],1,0,80,71,1,79,Bacon,Ham,Turkey,Mayonnaise,Mustard,Cheddar cheese,Tomatoes,Spinach,Bacon,Lettuce,Tomatoes,Garlic aioli,Avocado,,,,8,8,5,1000,0,1000,0,1,999,,,,,,,,,,,,,,,
,,,,,,,,,,,,,58741,2020-03-03_00h48.38.632,SandwichStudy,3.2.4,Win32,60,"[""space""]",[0.9159998893737793],1,0,80,71,1,79,Bacon,Ham,Turkey,Mayonnaise,Mustard,Cheddar cheese,Tomatoes,Spinach,Bacon,Lettuce,Tomatoes,Garlic aioli,Avocado,,,,8,8,5,1000,0,1000,0,1,999,,,,,,,,,,,,,,,
,,,,,,,,,,,,,58741,2020-03-03_00h48.38.632,SandwichStudy,3.2.4,Win32,60,"[""l""]",[2.609999656677246],1,0,80,71,1,79,Bacon,Ham,Turkey,Mayonnaise,Mustard,Cheddar cheese,Tomatoes,Spinach,Bacon,Lettuce,Tomatoes,Garlic aioli,Avocado,,,,8,8,5,1000,0,1000,0,1,999,,,,,,,,,,,,,,,
,,,,,,,,,,,,,58741,2020-03-03_00h48.38.632,SandwichStudy,3.2.4,Win32,60,"[""space""]",[0.4649999141693115],1,0,80,57,1,79,Avocado,Spinach,Tomatoes,Swiss cheese,,,,,Chicken,Ham,Swiss cheese,Mayonnaise,Mustard,,,,5,4,5,1000,0,1000,0,1,999,,,,,,,,,,,,,,,
,,,,,,,,,,,,,58741,2020-03-03_00h48.38.632,SandwichStudy,3.2.4,Win32,60,"[""space""]",[0.5719997882843018],1,0,80,57,1,79,Avocado,Spinach,Tomatoes,Swiss cheese,,,,,Chicken,Ham,Swiss cheese,Mayonnaise,Mustard,,,,5,4,5,1000,0,1000,0,1,999,,,,,,,,,,,,,,,
,,,,,,,,,,,,,58741,2020-03-03_00h48.38.632,SandwichStudy,3.2.4,Win32,60,"[""a""]",[0.32899999618530273],1,0,80,57,1,79,Avocado,Spinach,Tomatoes,Swiss cheese,,,,,Chicken,Ham,Swiss cheese,Mayonnaise,Mustard,,,,5,4,5,1000,0,1000,0,1,999,,,,,,,,,,,,,,,
,,,,,,,,,,,,,58741,2020-03-03_00h48.38.632,SandwichStudy,3.2.4,Win32,60,"[""space""]",[0.029999732971191406],1,0,80,4,1,79,Provolone cheese,Swiss cheese,Cheddar cheese,Parmesan cheese,Tomatoes,,,,Chicken,Lettuce,Tomatoes,Mayonnaise,,,,,5,5,4,1000,0,1000,0,1,999,,,,,,,,,,,,,,,
,,,,,,,,,,,,,58741,2020-03-03_00h48.38.632,SandwichStudy,3.2.4,Win32,60,"[""space""]",[1.057999849319458],1,0,80,4,1,79,Provolone cheese,Swiss cheese,Cheddar cheese,Parmesan cheese,Tomatoes,,,,Chicken,Lettuce,Tomatoes,Mayonnaise,,,,,5,5,4,1000,0,1000,0,1,999,,,,,,,,,,,,,,,
,,,,,,,,,,,,,58741,2020-03-03_00h48.38.632,SandwichStudy,3.2.4,Win32,60,"[""l""]",[1.876999855041504],1,0,80,4,1,79,Provolone cheese,Swiss cheese,Cheddar cheese,Parmesan cheese,Tomatoes,,,,Chicken,Lettuce,Tomatoes,Mayonnaise,,,,,5,5,4,1000,0,1000,0,1,999,,,,,,,,,,,,,,,
,,,,,,,,,,,,,58741,2020-03-03_00h48.38.632,SandwichStudy,3.2.4,Win32,60,"[""space""]",[0.38299989700317383],1,0,80,35,1,79,Bacon,Lettuce,Tomatoes,Ranch dressing,,,,,Turkey,Gouda cheese,Avocado,Garlic aioli,Jalapenos,Tomatoes,Lettuce,,7,4,7,1000,0,1000,0,1,999,,,,,,,,,,,,,,,
,,,,,,,,,,,,,58741,2020-03-03_00h48.38.632,SandwichStudy,3.2.4,Win32,60,"[""space""]",[0.45399999618530273],1,0,80,35,1,79,Bacon,Lettuce,Tomatoes,Ranch dressing,,,,,Turkey,Gouda cheese,Avocado,Garlic aioli,Jalapenos,Tomatoes,Lettuce,,7,4,7,1000,0,1000,0,1,999,,,,,,,,,,,,,,,
,,,,,,,,,,,,,58741,2020-03-03_00h48.38.632,SandwichStudy,3.2.4,Win32,60,"[""a""]",[2.112999677658081],1,0,80,35,1,79,Bacon,Lettuce,Tomatoes,Ranch dressing,,,,,Turkey,Gouda cheese,Avocado,Garlic aioli,Jalapenos,Tomatoes,Lettuce,,7,4,7,1000,0,1000,0,1,999,,,,,,,,,,,,,,,
,,,,,,,,,,,,,58741,2020-03-03_00h48.38.632,SandwichStudy,3.2.4,Win32,60,"[""space""]",[0.08999991416931152],1,0,80,21,1,79,Chicken,Ham,Cheddar cheese,Mayonnaise,,,,,Turkey,Bacon,Avocado,Provolone cheese,Lettuce,Tomatoes,Onions,Ranch dressing,8,4,8,1000,0,1000,0,1,999,,,,,,,,,,,,,,,
,,,,,,,,,,,,,58741,2020-03-03_00h48.38.632,SandwichStudy,3.2.4,Win32,60,"[""space""]",[1.304999828338623],1,0,80,21,1,79,Chicken,Ham,Cheddar cheese,Mayonnaise,,,,,Turkey,Bacon,Avocado,Provolone cheese,Lettuce,Tomatoes,Onions,Ranch dressing,8,4,8,1000,0,1000,0,1,999,,,,,,,,,,,,,,,
,,,,,,,,,,,,,58741,2020-03-03_00h48.38.632,SandwichStudy,3.2.4,Win32,60,"[""space""]",[1.5989997386932373],1,0,80,21,1,79,Chicken,Ham,Cheddar cheese,Mayonnaise,,,,,Turkey,Bacon,Avocado,Provolone cheese,Lettuce,Tomatoes,Onions,Ranch dressing,8,4,8,1000,0,1000,0,1,999,,,,,,,,,,,,,,,
,,,,,,,,,,,,,58741,2020-03-03_00h48.38.632,SandwichStudy,3.2.4,Win32,60,"[""l""]",[0.6729998588562012],1,0,80,21,1,79,Chicken,Ham,Cheddar cheese,Mayonnaise,,,,,Turkey,Bacon,Avocado,Provolone cheese,Lettuce,Tomatoes,Onions,Ranch dressing,8,4,8,1000,0,1000,0,1,999,,,,,,,,,,,,,,,
,,,,,,,,,,,,,58741,2020-03-03_00h48.38.632,SandwichStudy,3.2.4,Win32,60,"[""space""]",[0.3729996681213379],1,0,80,41,1,79,Bacon,Provolone cheese,Mushrooms,Parmesan cheese,,,,,Turkey,Bacon,Jalapenos,Lettuce,Avocado,Garlic aioli,Tomatoes,,7,4,7,1000,0,1000,0,1,999,,,,,,,,,,,,,,,
,,,,,,,,,,,,,58741,2020-03-03_00h48.38.632,SandwichStudy,3.2.4,Win32,60,"[""space""]",[0.03999972343444824],1,0,80,41,1,79,Bacon,Provolone cheese,Mushrooms,Parmesan cheese,,,,,Turkey,Bacon,Jalapenos,Lettuce,Avocado,Garlic aioli,Tomatoes,,7,4,7,1000,0,1000,0,1,999,,,,,,,,,,,,,,,
,,,,,,,,,,,,,58741,2020-03-03_00h48.38.632,SandwichStudy,3.2.4,Win32,60,"[""a""]",[0.2569999694824219],1,0,80,41,1,79,Bacon,Provolone cheese,Mushrooms,Parmesan cheese,,,,,Turkey,Bacon,Jalapenos,Lettuce,Avocado,Garlic aioli,Tomatoes,,7,4,7,1000,0,1000,0,1,999,,,,,,,,,,,,,,,
,,,,,,,,,,,,,58741,2020-03-03_00h48.38.632,SandwichStudy,3.2.4,Win32,60,"[""space""]",[0.5279998779296875],1,0,80,22,1,79,Bacon,Lettuce,Tomatoes,Garlic aioli,Avocado,,,,Ham,Swiss cheese,Spinach,Mustard,,,,,5,5,4,1000,0,1000,0,1,999,,,,,,,,,,,,,,,
,,,,,,,,,,,,,58741,2020-03-03_00h48.38.632,SandwichStudy,3.2.4,Win32,60,"[""space""]",[0.20799970626831055],1,0,80,22,1,79,Bacon,Lettuce,Tomatoes,Garlic aioli,Avocado,,,,Ham,Swiss cheese,Spinach,Mustard,,,,,5,5,4,1000,0,1000,0,1,999,,,,,,,,,,,,,,,
,,,,,,,,,,,,,58741,2020-03-03_00h48.38.632,SandwichStudy,3.2.4,Win32,60,"[""a""]",[0.5739998817443848],1,0,80,22,1,79,Bacon,Lettuce,Tomatoes,Garlic aioli,Avocado,,,,Ham,Swiss cheese,Spinach,Mustard,,,,,5,5,4,1000,0,1000,0,1,999,,,,,,,,,,,,,,,
,,,,,,,,,,,,,58741,2020-03-03_00h48.38.632,SandwichStudy,3.2.4,Win32,60,"[""space""]",[0.2869999408721924],1,0,80,53,1,79,Turkey,Avocado,Mayonnaise,,,,,,Ham,Pork,Swiss cheese,Mustard,Pickles,,,,5,3,5,1000,0,1000,0,1,999,,,,,,,,,,,,,,,
,,,,,,,,,,,,,58741,2020-03-03_00h48.38.632,SandwichStudy,3.2.4,Win32,60,"[""space""]",[0.3189997673034668],1,0,80,53,1,79,Turkey,Avocado,Mayonnaise,,,,,,Ham,Pork,Swiss cheese,Mustard,Pickles,,,,5,3,5,1000,0,1000,0,1,999,,,,,,,,,,,,,,,
,,,,,,,,,,,,,58741,2020-03-03_00h48.38.632,SandwichStudy,3.2.4,Win32,60,"[""a""]",[0.9399998188018799],1,0,80,53,1,79,Turkey,Avocado,Mayonnaise,,,,,,Ham,Pork,Swiss cheese,Mustard,Pickles,,,,5,3,5,1000,0,1000,0,1,999,,,,,,,,,,,,,,,
,,,,,,,,,,,,,58741,2020-03-03_00h48.38.632,SandwichStudy,3.2.4,Win32,60,"[""space""]",[0.25499987602233887],1,0,80,32,1,79,Turkey,Ham,Bacon,Provolone cheese,Lettuce,Tomatoes,Ranch dressing,,Chicken,Cheddar cheese,Bacon,Avocado,Ranch dressing,,,,7,7,5,1000,0,1000,0,1,999,,,,,,,,,,,,,,,
,,,,,,,,,,,,,58741,2020-03-03_00h48.38.632,SandwichStudy,3.2.4,Win32,60,"[""space""]",[0.4549999237060547],1,0,80,32,1,79,Turkey,Ham,Bacon,Provolone cheese,Lettuce,Tomatoes,Ranch dressing,,Chicken,Cheddar cheese,Bacon,Avocado,Ranch dressing,,,,7,7,5,1000,0,1000,0,1,999,,,,,,,,,,,,,,,
,,,,,,,,,,,,,58741,2020-03-03_00h48.38.632,SandwichStudy,3.2.4,Win32,60,"[""l""]",[0.8149998188018799],1,0,80,32,1,79,Turkey,Ham,Bacon,Provolone cheese,Lettuce,Tomatoes,Ranch dressing,,Chicken,Cheddar cheese,Bacon,Avocado,Ranch dressing,,,,7,7,5,1000,0,1000,0,1,999,,,,,,,,,,,,,,,
,,,,,,,,,,,,,58741,2020-03-03_00h48.38.632,SandwichStudy,3.2.4,Win32,60,"[""space""]",[0.19099974632263184],1,0,80,65,1,79,Chicken,Pepper jack cheese,Ranch dressing,,,,,,Salami,Provolone cheese,Lettuce,Tomatoes,Mayonnaise,Mustard,,,6,3,6,1000,0,1000,0,1,999,,,,,,,,,,,,,,,
,,,,,,,,,,,,,58741,2020-03-03_00h48.38.632,SandwichStudy,3.2.4,Win32,60,"[""l""]",[0.3549997806549072],1,0,80,65,1,79,Chicken,Pepper jack cheese,Ranch dressing,,,,,,Salami,Provolone cheese,Lettuce,Tomatoes,Mayonnaise,Mustard,,,6,3,6,1000,0,1000,0,1,999,,,,,,,,,,,,,,,
,,,,,,,,,,,,,58741,2020-03-03_00h48.38.632,SandwichStudy,3.2.4,Win32,60,"[""space""]",[0.623999834060669],1,0,80,26,1,79,Turkey,Avocado,Mayonnaise,,,,,,Chicken,Mozzarella cheese,Tomatoes,Onions,Basil,Mayonnaise,,,6,3,6,1000,0,1000,0,1,999,,,,,,,,,,,,,,,
,,,,,,,,,,,,,58741,2020-03-03_00h48.38.632,SandwichStudy,3.2.4,Win32,60,"[""space""]",[0.3429996967315674],1,0,80,26,1,79,Turkey,Avocado,Mayonnaise,,,,,,Chicken,Mozzarella cheese,Tomatoes,Onions,Basil,Mayonnaise,,,6,3,6,1000,0,1000,0,1,999,,,,,,,,,,,,,,,
,,,,,,,,,,,,,58741,2020-03-03_00h48.38.632,SandwichStudy,3.2.4,Win32,60,"[""a""]",[0.02299976348876953],1,0,80,26,1,79,Turkey,Avocado,Mayonnaise,,,,,,Chicken,Mozzarella cheese,Tomatoes,Onions,Basil,Mayonnaise,,,6,3,6,1000,0,1000,0,1,999,,,,,,,,,,,,,,,
,,,,,,,,,,,,,58741,2020-03-03_00h48.38.632,SandwichStudy,3.2.4,Win32,60,"[""space""]",[0.020999670028686523],1,0,80,36,1,79,Chicken,Bell peppers,Bacon,Provolone cheese,Ranch dressing,Lettuce,Tomatoes,,Pastrami,Cheddar cheese,Mustard,Pickles,,,,,7,7,4,1000,0,1000,0,1,999,,,,,,,,,,,,,,,
,,,,,,,,,,,,,58741,2020-03-03_00h48.38.632,SandwichStudy,3.2.4,Win32,60,"[""space""]",[0.1549999713897705],1,0,80,36,1,79,Chicken,Bell peppers,Bacon,Provolone cheese,Ranch dressing,Lettuce,Tomatoes,,Pastrami,Cheddar cheese,Mustard,Pickles,,,,,7,7,4,1000,0,1000,0,1,999,,,,,,,,,,,,,,,
,,,,,,,,,,,,,58741,2020-03-03_00h48.38.632,SandwichStudy,3.2.4,Win32,60,"[""a""]",[0.17100000381469727],1,0,80,36,1,79,Chicken,Bell peppers,Bacon,Provolone cheese,Ranch dressing,Lettuce,Tomatoes,,Pastrami,Cheddar cheese,Mustard,Pickles,,,,,7,7,4,1000,0,1000,0,1,999,,,,,,,,,,,,,,,
,,,,,,,,,,,,,58741,2020-03-03_00h48.38.632,SandwichStudy,3.2.4,Win32,60,"[""space""]",[0.3249998092651367],1,0,80,2,1,79,Turkey,Provolone cheese,Spinach,Garlic aioli,,,,,Chicken,Pickles,Basil,Tomatoes,Cucumbers,,,,5,4,5,1000,0,1000,0,1,999,,,,,,,,,,,,,,,
,,,,,,,,,,,,,58741,2020-03-03_00h48.38.632,SandwichStudy,3.2.4,Win32,60,"[""space""]",[0.5950000286102295],1,0,80,2,1,79,Turkey,Provolone cheese,Spinach,Garlic aioli,,,,,Chicken,Pickles,Basil,Tomatoes,Cucumbers,,,,5,4,5,1000,0,1000,0,1,999,,,,,,,,,,,,,,,
,,,,,,,,,,,,,58741,2020-03-03_00h48.38.632,SandwichStudy,3.2.4,Win32,60,"[""a""]",[0.8969998359680176],1,0,80,2,1,79,Turkey,Provolone cheese,Spinach,Garlic aioli,,,,,Chicken,Pickles,Basil,Tomatoes,Cucumbers,,,,5,4,5,1000,0,1000,0,1,999,,,,,,,,,,,,,,,
,,,,,,,,,,,,,58741,2020-03-03_00h48.38.632,SandwichStudy,3.2.4,Win32,60,"[""space""]",[0.178999662399292],1,0,80,38,1,79,Steak,Turkey,Ham,Cheddar cheese,Olives,Lettuce,Tomatoes,Onions,Chicken,Swiss cheese,Lettuce,Tomatoes,Onions,,,,8,8,5,1000,0,1000,0,1,999,,,,,,,,,,,,,,,
,,,,,,,,,,,,,58741,2020-03-03_00h48.38.632,SandwichStudy,3.2.4,Win32,60,"[""space""]",[0.17699980735778809],1,0,80,38,1,79,Steak,Turkey,Ham,Cheddar cheese,Olives,Lettuce,Tomatoes,Onions,Chicken,Swiss cheese,Lettuce,Tomatoes,Onions,,,,8,8,5,1000,0,1000,0,1,999,,,,,,,,,,,,,,,
,,,,,,,,,,,,,58741,2020-03-03_00h48.38.632,SandwichStudy,3.2.4,Win32,60,"[""space""]",[0.5279998779296875],1,0,80,38,1,79,Steak,Turkey,Ham,Cheddar cheese,Olives,Lettuce,Tomatoes,Onions,Chicken,Swiss cheese,Lettuce,Tomatoes,Onions,,,,8,8,5,1000,0,1000,0,1,999,,,,,,,,,,,,,,,
,,,,,,,,,,,,,58741,2020-03-03_00h48.38.632,SandwichStudy,3.2.4,Win32,60,"[""space""]",[0.2779998779296875],1,0,80,38,1,79,Steak,Turkey,Ham,Cheddar cheese,Olives,Lettuce,Tomatoes,Onions,Chicken,Swiss cheese,Lettuce,Tomatoes,Onions,,,,8,8,5,1000,0,1000,0,1,999,,,,,,,,,,,,,,,
,,,,,,,,,,,,,58741,2020-03-03_00h48.38.632,SandwichStudy,3.2.4,Win32,60,"[""a""]",[0.1959998607635498],1,0,80,38,1,79,Steak,Turkey,Ham,Cheddar cheese,Olives,Lettuce,Tomatoes,Onions,Chicken,Swiss cheese,Lettuce,Tomatoes,Onions,,,,8,8,5,1000,0,1000,0,1,999,,,,,,,,,,,,,,,
,,,,,,,,,,,,,58741,2020-03-03_00h48.38.632,SandwichStudy,3.2.4,Win32,60,"[""space""]",[0.6389997005462646],1,0,80,70,1,79,Pastrami,Swiss cheese,Coleslaw,,,,,,Chicken,Cheddar cheese,Bacon,Avocado,Ranch dressing,,,,5,3,5,1000,0,1000,0,1,999,,,,,,,,,,,,,,,
,,,,,,,,,,,,,58741,2020-03-03_00h48.38.632,SandwichStudy,3.2.4,Win32,60,"[""space""]",[0.5409998893737793],1,0,80,70,1,79,Pastrami,Swiss cheese,Coleslaw,,,,,,Chicken,Cheddar cheese,Bacon,Avocado,Ranch dressing,,,,5,3,5,1000,0,1000,0,1,999,,,,,,,,,,,,,,,
,,,,,,,,,,,,,58741,2020-03-03_00h48.38.632,SandwichStudy,3.2.4,Win32,60,"[""a""]",[0.32399988174438477],1,0,80,70,1,79,Pastrami,Swiss cheese,Coleslaw,,,,,,Chicken,Cheddar cheese,Bacon,Avocado,Ranch dressing,,,,5,3,5,1000,0,1000,0,1,999,,,,,,,,,,,,,,,
,,,,,,,,,,,,,58741,2020-03-03_00h48.38.632,SandwichStudy,3.2.4,Win32,60,"[""space""]",[0.32899975776672363],1,0,80,56,1,79,Turkey,Salami,Cheddar cheese,Mayonnaise,,,,,Turkey,Bacon,Avocado,Provolone cheese,Lettuce,Tomatoes,Onions,Ranch dressing,8,4,8,1000,0,1000,0,1,999,,,,,,,,,,,,,,,
,,,,,,,,,,,,,58741,2020-03-03_00h48.38.632,SandwichStudy,3.2.4,Win32,60,"[""space""]",[0.08899998664855957],1,0,80,56,1,79,Turkey,Salami,Cheddar cheese,Mayonnaise,,,,,Turkey,Bacon,Avocado,Provolone cheese,Lettuce,Tomatoes,Onions,Ranch dressing,8,4,8,1000,0,1000,0,1,999,,,,,,,,,,,,,,,
,,,,,,,,,,,,,58741,2020-03-03_00h48.38.632,SandwichStudy,3.2.4,Win32,60,"[""space""]",[0.3529999256134033],1,0,80,56,1,79,Turkey,Salami,Cheddar cheese,Mayonnaise,,,,,Turkey,Bacon,Avocado,Provolone cheese,Lettuce,Tomatoes,Onions,Ranch dressing,8,4,8,1000,0,1000,0,1,999,,,,,,,,,,,,,,,
,,,,,,,,,,,,,58741,2020-03-03_00h48.38.632,SandwichStudy,3.2.4,Win32,60,"[""l""]",[0.6470000743865967],1,0,80,56,1,79,Turkey,Salami,Cheddar cheese,Mayonnaise,,,,,Turkey,Bacon,Avocado,Provolone cheese,Lettuce,Tomatoes,Onions,Ranch dressing,8,4,8,1000,0,1000,0,1,999,,,,,,,,,,,,,,,
,,,,,,,,,,,,,58741,2020-03-03_00h48.38.632,SandwichStudy,3.2.4,Win32,60,"[""space""]",[0.4049997329711914],1,0,80,24,1,79,Steak,Onions,Bell peppers,Provolone cheese,,,,,Tuna,Lettuce,Tomatoes,Mayonnaise,,,,,4,4,4,1000,0,1000,0,1,999,,,,,,,,,,,,,,,
,,,,,,,,,,,,,58741,2020-03-03_00h48.38.632,SandwichStudy,3.2.4,Win32,60,"[""space""]",[0.07899975776672363],1,0,80,24,1,79,Steak,Onions,Bell peppers,Provolone cheese,,,,,Tuna,Lettuce,Tomatoes,Mayonnaise,,,,,4,4,4,1000,0,1000,0,1,999,,,,,,,,,,,,,,,
,,,,,,,,,,,,,58741,2020-03-03_00h48.38.632,SandwichStudy,3.2.4,Win32,60,"[""a""]",[0.1549999713897705],1,0,80,24,1,79,Steak,Onions,Bell peppers,Provolone cheese,,,,,Tuna,Lettuce,Tomatoes,Mayonnaise,,,,,4,4,4,1000,0,1000,0,1,999,,,,,,,,,,,,,,,
,,,,,,,,,,,,,58741,2020-03-03_00h48.38.632,SandwichStudy,3.2.4,Win32,60,"[""space""]",[0.35699987411499023],1,0,80,48,1,79,Chicken,Provolone cheese,Pesto,,,,,,Ham,Lettuce,Tomatoes,Mayonnaise,Mustard,,,,5,3,5,1000,0,1000,0,1,999,,,,,,,,,,,,,,,
,,,,,,,,,,,,,58741,2020-03-03_00h48.38.632,SandwichStudy,3.2.4,Win32,60,"[""space""]",[0.12199997901916504],1,0,80,48,1,79,Chicken,Provolone cheese,Pesto,,,,,,Ham,Lettuce,Tomatoes,Mayonnaise,Mustard,,,,5,3,5,1000,0,1000,0,1,999,,,,,,,,,,,,,,,
,,,,,,,,,,,,,58741,2020-03-03_00h48.38.632,SandwichStudy,3.2.4,Win32,60,"[""l""]",[0.4049997329711914],1,0,80,48,1,79,Chicken,Provolone cheese,Pesto,,,,,,Ham,Lettuce,Tomatoes,Mayonnaise,Mustard,,,,5,3,5,1000,0,1000,0,1,999,,,,,,,,,,,,,,,
,,,,,,,,,,,,,58741,2020-03-03_00h48.38.632,SandwichStudy,3.2.4,Win32,60,"[""space""]",[0.04999995231628418],1,0,80,0,1,79,Onions,Bell peppers,Mushrooms,Jalapenos,American cheese,Steak,,,Bacon,Provolone cheese,Mushrooms,Parmesan cheese,,,,,6,6,4,1000,0,1000,0,1,999,,,,,,,,,,,,,,,
,,,,,,,,,,,,,58741,2020-03-03_00h48.38.632,SandwichStudy,3.2.4,Win32,60,"[""space""]",[0.02499985694885254],1,0,80,0,1,79,Onions,Bell peppers,Mushrooms,Jalapenos,American cheese,Steak,,,Bacon,Provolone cheese,Mushrooms,Parmesan cheese,,,,,6,6,4,1000,0,1000,0,1,999,,,,,,,,,,,,,,,
,,,,,,,,,,,,,58741,2020-03-03_00h48.38.632,SandwichStudy,3.2.4,Win32,60,"[""space""]",[1.624999761581421],1,0,80,0,1,79,Onions,Bell peppers,Mushrooms,Jalapenos,American cheese,Steak,,,Bacon,Provolone cheese,Mushrooms,Parmesan cheese,,,,,6,6,4,1000,0,1000,0,1,999,,,,,,,,,,,,,,,
,,,,,,,,,,,,,58741,2020-03-03_00h48.38.632,SandwichStudy,3.2.4,Win32,60,"[""a""]",[1.0119998455047607],1,0,80,0,1,79,Onions,Bell peppers,Mushrooms,Jalapenos,American cheese,Steak,,,Bacon,Provolone cheese,Mushrooms,Parmesan cheese,,,,,6,6,4,1000,0,1000,0,1,999,,,,,,,,,,,,,,,
,,,,,,,,,,,,,58741,2020-03-03_00h48.38.632,SandwichStudy,3.2.4,Win32,60,"[""space""]",[0.3559997081756592],1,0,80,14,1,79,Steak,Bacon,American cheese,Tomatoes,Onions,Pickles,,,Bell peppers,Provolone cheese,Cucumbers,Spinach,Tomatoes,Onions,Hummus,,7,6,7,1000,0,1000,0,1,999,,,,,,,,,,,,,,,
,,,,,,,,,,,,,58741,2020-03-03_00h48.38.632,SandwichStudy,3.2.4,Win32,60,"[""space""]",[0.30699992179870605],1,0,80,14,1,79,Steak,Bacon,American cheese,Tomatoes,Onions,Pickles,,,Bell peppers,Provolone cheese,Cucumbers,Spinach,Tomatoes,Onions,Hummus,,7,6,7,1000,0,1000,0,1,999,,,,,,,,,,,,,,,
,,,,,,,,,,,,,58741,2020-03-03_00h48.38.632,SandwichStudy,3.2.4,Win32,60,"[""space""]",[0.37399983406066895],1,0,80,14,1,79,Steak,Bacon,American cheese,Tomatoes,Onions,Pickles,,,Bell peppers,Provolone cheese,Cucumbers,Spinach,Tomatoes,Onions,Hummus,,7,6,7,1000,0,1000,0,1,999,,,,,,,,,,,,,,,
,,,,,,,,,,,,,58741,2020-03-03_00h48.38.632,SandwichStudy,3.2.4,Win32,60,"[""a""]",[0.15399980545043945],1,0,80,14,1,79,Steak,Bacon,American cheese,Tomatoes,Onions,Pickles,,,Bell peppers,Provolone cheese,Cucumbers,Spinach,Tomatoes,Onions,Hummus,,7,6,7,1000,0,1000,0,1,999,,,,,,,,,,,,,,,
,,,,,,,,,,,,,58741,2020-03-03_00h48.38.632,SandwichStudy,3.2.4,Win32,60,"[""space""]",[0.20599985122680664],1,0,80,42,1,79,Chicken,Bacon,Feta cheese,Bell peppers,Basil,Garlic aioli,,,Turkey,Ham,Cheddar cheese,Mayonnaise,,,,,6,6,4,1000,0,1000,0,1,999,,,,,,,,,,,,,,,
,,,,,,,,,,,,,58741,2020-03-03_00h48.38.632,SandwichStudy,3.2.4,Win32,60,"[""space""]",[0.10499978065490723],1,0,80,42,1,79,Chicken,Bacon,Feta cheese,Bell peppers,Basil,Garlic aioli,,,Turkey,Ham,Cheddar cheese,Mayonnaise,,,,,6,6,4,1000,0,1000,0,1,999,,,,,,,,,,,,,,,
,,,,,,,,,,,,,58741,2020-03-03_00h48.38.632,SandwichStudy,3.2.4,Win32,60,"[""a""]",[0.6759998798370361],1,0,80,42,1,79,Chicken,Bacon,Feta cheese,Bell peppers,Basil,Garlic aioli,,,Turkey,Ham,Cheddar cheese,Mayonnaise,,,,,6,6,4,1000,0,1000,0,1,999,,,,,,,,,,,,,,,
,,,,,,,,,,,,,58741,2020-03-03_00h48.38.632,SandwichStudy,3.2.4,Win32,60,"[""space""]",[0.36699986457824707],1,0,80,8,1,79,Chicken,Ham,Swiss cheese,Mayonnaise,,,,,Pepperoni,Meatballs,Marinara sauce,Provolone cheese,Mushrooms,,,,5,4,5,1000,0,1000,0,1,999,,,,,,,,,,,,,,,
,,,,,,,,,,,,,58741,2020-03-03_00h48.38.632,SandwichStudy,3.2.4,Win32,60,"[""space""]",[0.17499995231628418],1,0,80,8,1,79,Chicken,Ham,Swiss cheese,Mayonnaise,,,,,Pepperoni,Meatballs,Marinara sauce,Provolone cheese,Mushrooms,,,,5,4,5,1000,0,1000,0,1,999,,,,,,,,,,,,,,,
,,,,,,,,,,,,,58741,2020-03-03_00h48.38.632,SandwichStudy,3.2.4,Win32,60,"[""l""]",[0.09499979019165039],1,0,80,8,1,79,Chicken,Ham,Swiss cheese,Mayonnaise,,,,,Pepperoni,Meatballs,Marinara sauce,Provolone cheese,Mushrooms,,,,5,4,5,1000,0,1000,0,1,999,,,,,,,,,,,,,,,
,,,,,,,,,,,,,58741,2020-03-03_00h48.38.632,SandwichStudy,3.2.4,Win32,60,"[""space""]",[0.17199993133544922],1,0,80,68,1,79,Tomatoes,Mozzarella cheese,Spinach,Pesto,,,,,Steak,Bacon,American cheese,Tomatoes,Onions,Pickles,,,6,4,6,1000,0,1000,0,1,999,,,,,,,,,,,,,,,
,,,,,,,,,,,,,58741,2020-03-03_00h48.38.632,SandwichStudy,3.2.4,Win32,60,"[""space""]",[0.27499985694885254],1,0,80,68,1,79,Tomatoes,Mozzarella cheese,Spinach,Pesto,,,,,Steak,Bacon,American cheese,Tomatoes,Onions,Pickles,,,6,4,6,1000,0,1000,0,1,999,,,,,,,,,,,,,,,
,,,,,,,,,,,,,58741,2020-03-03_00h48.38.632,SandwichStudy,3.2.4,Win32,60,"[""a""]",[0.2969996929168701],1,0,80,68,1,79,Tomatoes,Mozzarella cheese,Spinach,Pesto,,,,,Steak,Bacon,American cheese,Tomatoes,Onions,Pickles,,,6,4,6,1000,0,1000,0,1,999,,,,,,,,,,,,,,,
,,,,,,,,,,,,,58741,2020-03-03_00h48.38.632,SandwichStudy,3.2.4,Win32,60,"[""space""]",[0.17099976539611816],1,0,80,6,1,79,Chicken,Cheddar cheese,Lettuce,Garlic aioli,Swiss cheese,Tomatoes,,,Cheddar cheese,Provolone cheese,Swiss cheese,Mushrooms,Mayonnaise,Lettuce,Tomatoes,,7,6,7,1000,0,1000,0,1,999,,,,,,,,,,,,,,,
,,,,,,,,,,,,,58741,2020-03-03_00h48.38.632,SandwichStudy,3.2.4,Win32,60,"[""space""]",[0.4269998073577881],1,0,80,6,1,79,Chicken,Cheddar cheese,Lettuce,Garlic aioli,Swiss cheese,Tomatoes,,,Cheddar cheese,Provolone cheese,Swiss cheese,Mushrooms,Mayonnaise,Lettuce,Tomatoes,,7,6,7,1000,0,1000,0,1,999,,,,,,,,,,,,,,,
,,,,,,,,,,,,,58741,2020-03-03_00h48.38.632,SandwichStudy,3.2.4,Win32,60,"[""l""]",[0.8229999542236328],1,0,80,6,1,79,Chicken,Cheddar cheese,Lettuce,Garlic aioli,Swiss cheese,Tomatoes,,,Cheddar cheese,Provolone cheese,Swiss cheese,Mushrooms,Mayonnaise,Lettuce,Tomatoes,,7,6,7,1000,0,1000,0,1,999,,,,,,,,,,,,,,,
,,,,,,,,,,,,,58741,2020-03-03_00h48.38.632,SandwichStudy,3.2.4,Win32,60,"[""space""]",[0.6379997730255127],1,0,80,52,1,79,Cheddar cheese,Avocado,Onions,Tomatoes,Mayonnaise,,,,Bacon,Ham,Turkey,Mayonnaise,Cheddar cheese,Tomatoes,Spinach,Swiss cheese,8,5,8,1000,0,1000,0,1,999,,,,,,,,,,,,,,,
,,,,,,,,,,,,,58741,2020-03-03_00h48.38.632,SandwichStudy,3.2.4,Win32,60,"[""space""]",[0.05900001525878906],1,0,80,52,1,79,Cheddar cheese,Avocado,Onions,Tomatoes,Mayonnaise,,,,Bacon,Ham,Turkey,Mayonnaise,Cheddar cheese,Tomatoes,Spinach,Swiss cheese,8,5,8,1000,0,1000,0,1,999,,,,,,,,,,,,,,,
,,,,,,,,,,,,,58741,2020-03-03_00h48.38.632,SandwichStudy,3.2.4,Win32,60,"[""a""]",[1.1049997806549072],1,0,80,52,1,79,Cheddar cheese,Avocado,Onions,Tomatoes,Mayonnaise,,,,Bacon,Ham,Turkey,Mayonnaise,Cheddar cheese,Tomatoes,Spinach,Swiss cheese,8,5,8,1000,0,1000,0,1,999,,,,,,,,,,,,,,,
,,,,,,,,,,,,,58741,2020-03-03_00h48.38.632,SandwichStudy,3.2.4,Win32,60,"[""space""]",[0.4289999008178711],1,0,80,55,1,79,Roast beef,Turkey,Pastrami,Mayonnaise,Provolone cheese,,,,Ham,Swiss cheese,Spinach,Mustard,,,,,5,5,4,1000,0,1000,0,1,999,,,,,,,,,,,,,,,
,,,,,,,,,,,,,58741,2020-03-03_00h48.38.632,SandwichStudy,3.2.4,Win32,60,"[""space""]",[0.05900001525878906],1,0,80,55,1,79,Roast beef,Turkey,Pastrami,Mayonnaise,Provolone cheese,,,,Ham,Swiss cheese,Spinach,Mustard,,,,,5,5,4,1000,0,1000,0,1,999,,,,,,,,,,,,,,,
,,,,,,,,,,,,,58741,2020-03-03_00h48.38.632,SandwichStudy,3.2.4,Win32,60,"[""l""]",[1.7249999046325684],1,0,80,55,1,79,Roast beef,Turkey,Pastrami,Mayonnaise,Provolone cheese,,,,Ham,Swiss cheese,Spinach,Mustard,,,,,5,5,4,1000,0,1000,0,1,999,,,,,,,,,,,,,,,
,,,,,,,,,,,,,58741,2020-03-03_00h48.38.632,SandwichStudy,3.2.4,Win32,60,"[""space""]",[0.19299983978271484],1,0,80,11,1,79,Pork,Ham,Swiss cheese,Pickles,Mustard,,,,Chicken,Bacon,Mustard,,,,,,5,5,3,1000,0,1000,0,1,999,,,,,,,,,,,,,,,
,,,,,,,,,,,,,58741,2020-03-03_00h48.38.632,SandwichStudy,3.2.4,Win32,60,"[""a""]",[0.15799975395202637],1,0,80,11,1,79,Pork,Ham,Swiss cheese,Pickles,Mustard,,,,Chicken,Bacon,Mustard,,,,,,5,5,3,1000,0,1000,0,1,999,,,,,,,,,,,,,,,
,,,,,,,,,,,,,58741,2020-03-03_00h48.38.632,SandwichStudy,3.2.4,Win32,60,"[""space""]",[0.07399988174438477],1,0,80,29,1,79,Turkey,Garlic aioli,Bacon,Spinach,,,,,Chicken,Mayonnaise,Cheddar cheese,,,,,,4,4,3,1000,0,1000,0,1,999,,,,,,,,,,,,,,,
,,,,,,,,,,,,,58741,2020-03-03_00h48.38.632,SandwichStudy,3.2.4,Win32,60,"[""space""]",[0.31099987030029297],1,0,80,29,1,79,Turkey,Garlic aioli,Bacon,Spinach,,,,,Chicken,Mayonnaise,Cheddar cheese,,,,,,4,4,3,1000,0,1000,0,1,999,,,,,,,,,,,,,,,
,,,,,,,,,,,,,58741,2020-03-03_00h48.38.632,SandwichStudy,3.2.4,Win32,60,"[""l""]",[0.29799985885620117],1,0,80,29,1,79,Turkey,Garlic aioli,Bacon,Spinach,,,,,Chicken,Mayonnaise,Cheddar cheese,,,,,,4,4,3,1000,0,1000,0,1,999,,,,,,,,,,,,,,,
,,,,,,,,,,,,,58741,2020-03-03_00h48.38.632,SandwichStudy,3.2.4,Win32,60,"[""space""]",[0.6049997806549072],1,0,80,76,1,79,Bacon,Lettuce,Tomatoes,Ranch dressing,,,,,Chicken,Bacon,Mustard,,,,,,4,4,3,1000,0,1000,0,1,999,,,,,,,,,,,,,,,
,,,,,,,,,,,,,58741,2020-03-03_00h48.38.632,SandwichStudy,3.2.4,Win32,60,"[""space""]",[0.46399974822998047],1,0,80,76,1,79,Bacon,Lettuce,Tomatoes,Ranch dressing,,,,,Chicken,Bacon,Mustard,,,,,,4,4,3,1000,0,1000,0,1,999,,,,,,,,,,,,,,,
,,,,,,,,,,,,,58741,2020-03-03_00h48.38.632,SandwichStudy,3.2.4,Win32,60,"[""space""]",[1.0079998970031738],1,0,80,76,1,79,Bacon,Lettuce,Tomatoes,Ranch dressing,,,,,Chicken,Bacon,Mustard,,,,,,4,4,3,1000,0,1000,0,1,999,,,,,,,,,,,,,,,
,,,,,,,,,,,,,58741,2020-03-03_00h48.38.632,SandwichStudy,3.2.4,Win32,60,"[""l""]",[1.5389997959136963],1,0,80,76,1,79,Bacon,Lettuce,Tomatoes,Ranch dressing,,,,,Chicken,Bacon,Mustard,,,,,,4,4,3,1000,0,1000,0,1,999,,,,,,,,,,,,,,,
,,,,,,,,,,,,,58741,2020-03-03_00h48.38.632,SandwichStudy,3.2.4,Win32,60,"[""space""]",[0.6949996948242188],1,0,80,49,1,79,Spinach,Tomatoes,Cucumbers,Onions,Bell peppers,Avocado,Mayonnaise,,Turkey,Provolone cheese,Spinach,Garlic aioli,,,,,7,7,4,1000,0,1000,0,1,999,,,,,,,,,,,,,,,
,,,,,,,,,,,,,58741,2020-03-03_00h48.38.632,SandwichStudy,3.2.4,Win32,60,"[""a""]",[0.7049999237060547],1,0,80,49,1,79,Spinach,Tomatoes,Cucumbers,Onions,Bell peppers,Avocado,Mayonnaise,,Turkey,Provolone cheese,Spinach,Garlic aioli,,,,,7,7,4,1000,0,1000,0,1,999,,,,,,,,,,,,,,,
,,,,,,,,,,,,,58741,2020-03-03_00h48.38.632,SandwichStudy,3.2.4,Win32,60,"[""space""]",[0.41299986839294434],1,0,80,25,1,79,Meatballs,Provolone cheese,Onions,Marinara sauce,,,,,Chicken,Pepper jack cheese,Ranch dressing,,,,,,4,4,3,1000,0,1000,0,1,999,,,,,,,,,,,,,,,
,,,,,,,,,,,,,58741,2020-03-03_00h48.38.632,SandwichStudy,3.2.4,Win32,60,"[""space""]",[1.6709997653961182],1,0,80,25,1,79,Meatballs,Provolone cheese,Onions,Marinara sauce,,,,,Chicken,Pepper jack cheese,Ranch dressing,,,,,,4,4,3,1000,0,1000,0,1,999,,,,,,,,,,,,,,,
,,,,,,,,,,,,,58741,2020-03-03_00h48.38.632,SandwichStudy,3.2.4,Win32,60,"[""space""]",[0.622999906539917],1,0,80,25,1,79,Meatballs,Provolone cheese,Onions,Marinara sauce,,,,,Chicken,Pepper jack cheese,Ranch dressing,,,,,,4,4,3,1000,0,1000,0,1,999,,,,,,,,,,,,,,,
,,,,,,,,,,,,,58741,2020-03-03_00h48.38.632,SandwichStudy,3.2.4,Win32,60,"[""l""]",[0.4700000286102295],1,0,80,25,1,79,Meatballs,Provolone cheese,Onions,Marinara sauce,,,,,Chicken,Pepper jack cheese,Ranch dressing,,,,,,4,4,3,1000,0,1000,0,1,999,,,,,,,,,,,,,,,
,,,,,,,,,,,,,58741,2020-03-03_00h48.38.632,SandwichStudy,3.2.4,Win32,60,"[""space""]",[0.32199978828430176],1,0,80,5,1,79,Chicken,Cheddar cheese,Mayonnaise,,,,,,Turkey,Provolone cheese,Pesto,Bell peppers,,,,,4,3,4,1000,0,1000,0,1,999,,,,,,,,,,,,,,,
,,,,,,,,,,,,,58741,2020-03-03_00h48.38.632,SandwichStudy,3.2.4,Win32,60,"[""a""]",[0.7569999694824219],1,0,80,5,1,79,Chicken,Cheddar cheese,Mayonnaise,,,,,,Turkey,Provolone cheese,Pesto,Bell peppers,,,,,4,3,4,1000,0,1000,0,1,999,,,,,,,,,,,,,,,
,,,,,,,,,,,,,58741,2020-03-03_00h48.38.632,SandwichStudy,3.2.4,Win32,60,"[""space""]",[0.07699990272521973],1,0,80,16,1,79,Chicken,American cheese,Lettuce,Tomatoes,Mayonnaise,,,,Cheddar cheese,Avocado,Onions,Tomatoes,Mayonnaise,,,,5,5,5,1000,0,1000,0,1,999,,,,,,,,,,,,,,,
,,,,,,,,,,,,,58741,2020-03-03_00h48.38.632,SandwichStudy,3.2.4,Win32,60,"[""space""]",[0.25499987602233887],1,0,80,16,1,79,Chicken,American cheese,Lettuce,Tomatoes,Mayonnaise,,,,Cheddar cheese,Avocado,Onions,Tomatoes,Mayonnaise,,,,5,5,5,1000,0,1000,0,1,999,,,,,,,,,,,,,,,
,,,,,,,,,,,,,58741,2020-03-03_00h48.38.632,SandwichStudy,3.2.4,Win32,60,"[""space""]",[0.26199984550476074],1,0,80,16,1,79,Chicken,American cheese,Lettuce,Tomatoes,Mayonnaise,,,,Cheddar cheese,Avocado,Onions,Tomatoes,Mayonnaise,,,,5,5,5,1000,0,1000,0,1,999,,,,,,,,,,,,,,,
,,,,,,,,,,,,,58741,2020-03-03_00h48.38.632,SandwichStudy,3.2.4,Win32,60,"[""a""]",[0.15899991989135742],1,0,80,16,1,79,Chicken,American cheese,Lettuce,Tomatoes,Mayonnaise,,,,Cheddar cheese,Avocado,Onions,Tomatoes,Mayonnaise,,,,5,5,5,1000,0,1000,0,1,999,,,,,,,,,,,,,,,
,,,,,,,,,,,,,58741,2020-03-03_00h48.38.632,SandwichStudy,3.2.4,Win32,60,"[""space""]",[0.2759997844696045],1,0,80,13,1,79,Chicken,Garlic aioli,Pickles,Cucumbers,Jalapenos,Basil,,,Roast beef,Bacon,Turkey,Mayonnaise,,,,,6,6,4,1000,0,1000,0,1,999,,,,,,,,,,,,,,,
,,,,,,,,,,,,,58741,2020-03-03_00h48.38.632,SandwichStudy,3.2.4,Win32,60,"[""l""]",[0.35500001907348633],1,0,80,13,1,79,Chicken,Garlic aioli,Pickles,Cucumbers,Jalapenos,Basil,,,Roast beef,Bacon,Turkey,Mayonnaise,,,,,6,6,4,1000,0,1000,0,1,999,,,,,,,,,,,,,,,
,,,,,,,,,,,,,58741,2020-03-03_00h48.38.632,SandwichStudy,3.2.4,Win32,60,"[""space""]",[0.09299993515014648],1,0,80,73,1,79,Turkey,Avocado,Bacon,Garlic aioli,Tomatoes,Spinach,Onions,,Tuna,Lettuce,Tomatoes,Mayonnaise,,,,,7,7,4,1000,0,1000,0,1,999,,,,,,,,,,,,,,,
,,,,,,,,,,,,,58741,2020-03-03_00h48.38.632,SandwichStudy,3.2.4,Win32,60,"[""space""]",[0.7249999046325684],1,0,80,73,1,79,Turkey,Avocado,Bacon,Garlic aioli,Tomatoes,Spinach,Onions,,Tuna,Lettuce,Tomatoes,Mayonnaise,,,,,7,7,4,1000,0,1000,0,1,999,,,,,,,,,,,,,,,
,,,,,,,,,,,,,58741,2020-03-03_00h48.38.632,SandwichStudy,3.2.4,Win32,60,"[""space""]",[0.3409998416900635],1,0,80,73,1,79,Turkey,Avocado,Bacon,Garlic aioli,Tomatoes,Spinach,Onions,,Tuna,Lettuce,Tomatoes,Mayonnaise,,,,,7,7,4,1000,0,1000,0,1,999,,,,,,,,,,,,,,,
,,,,,,,,,,,,,58741,2020-03-03_00h48.38.632,SandwichStudy,3.2.4,Win32,60,"[""l""]",[0.36999988555908203],1,0,80,73,1,79,Turkey,Avocado,Bacon,Garlic aioli,Tomatoes,Spinach,Onions,,Tuna,Lettuce,Tomatoes,Mayonnaise,,,,,7,7,4,1000,0,1000,0,1,999,,,,,,,,,,,,,,,
,,,,,,,,,,,,,58741,2020-03-03_00h48.38.632,SandwichStudy,3.2.4,Win32,60,"[""space""]",[0.023999691009521484],1,0,80,33,1,79,Bacon,Ham,Turkey,Mayonnaise,Mustard,Cheddar cheese,Tomatoes,Spinach,Turkey,Avocado,Bacon,Garlic aioli,Tomatoes,Spinach,Onions,,8,8,7,1000,0,1000,0,1,999,,,,,,,,,,,,,,,
,,,,,,,,,,,,,58741,2020-03-03_00h48.38.632,SandwichStudy,3.2.4,Win32,60,"[""space""]",[0.29199981689453125],1,0,80,33,1,79,Bacon,Ham,Turkey,Mayonnaise,Mustard,Cheddar cheese,Tomatoes,Spinach,Turkey,Avocado,Bacon,Garlic aioli,Tomatoes,Spinach,Onions,,8,8,7,1000,0,1000,0,1,999,,,,,,,,,,,,,,,
,,,,,,,,,,,,,58741,2020-03-03_00h48.38.632,SandwichStudy,3.2.4,Win32,60,"[""a""]",[0.9549999237060547],1,0,80,33,1,79,Bacon,Ham,Turkey,Mayonnaise,Mustard,Cheddar cheese,Tomatoes,Spinach,Turkey,Avocado,Bacon,Garlic aioli,Tomatoes,Spinach,Onions,,8,8,7,1000,0,1000,0,1,999,,,,,,,,,,,,,,,
,,,,,,,,,,,,,58741,2020-03-03_00h48.38.632,SandwichStudy,3.2.4,Win32,60,"[""space""]",[0.10599970817565918],1,0,80,40,1,79,Pork,Ham,Swiss cheese,Pickles,Mustard,,,,Steak,Turkey,Ham,Cheddar cheese,Olives,Lettuce,Tomatoes,Onions,8,5,8,1000,0,1000,0,1,999,,,,,,,,,,,,,,,
,,,,,,,,,,,,,58741,2020-03-03_00h48.38.632,SandwichStudy,3.2.4,Win32,60,"[""space""]",[0.45999979972839355],1,0,80,40,1,79,Pork,Ham,Swiss cheese,Pickles,Mustard,,,,Steak,Turkey,Ham,Cheddar cheese,Olives,Lettuce,Tomatoes,Onions,8,5,8,1000,0,1000,0,1,999,,,,,,,,,,,,,,,
,,,,,,,,,,,,,58741,2020-03-03_00h48.38.632,SandwichStudy,3.2.4,Win32,60,"[""space""]",[3.241999864578247],1,0,80,40,1,79,Pork,Ham,Swiss cheese,Pickles,Mustard,,,,Steak,Turkey,Ham,Cheddar cheese,Olives,Lettuce,Tomatoes,Onions,8,5,8,1000,0,1000,0,1,999,,,,,,,,,,,,,,,
,,,,,,,,,,,,,58741,2020-03-03_00h48.38.632,SandwichStudy,3.2.4,Win32,60,"[""space""]",[0.25799989700317383],1,0,80,40,1,79,Pork,Ham,Swiss cheese,Pickles,Mustard,,,,Steak,Turkey,Ham,Cheddar cheese,Olives,Lettuce,Tomatoes,Onions,8,5,8,1000,0,1000,0,1,999,,,,,,,,,,,,,,,
,,,,,,,,,,,,,58741,2020-03-03_00h48.38.632,SandwichStudy,3.2.4,Win32,60,"[""l""]",[0.32899999618530273],1,0,80,40,1,79,Pork,Ham,Swiss cheese,Pickles,Mustard,,,,Steak,Turkey,Ham,Cheddar cheese,Olives,Lettuce,Tomatoes,Onions,8,5,8,1000,0,1000,0,1,999,,,,,,,,,,,,,,,
,,,,,,,,,,,,,58741,2020-03-03_00h48.38.632,SandwichStudy,3.2.4,Win32,60,"[""space""]",[0.07200002670288086],1,0,80,58,1,79,Chicken,Mayonnaise,Cheddar cheese,,,,,,Steak,Onions,Bell peppers,Provolone cheese,,,,,4,3,4,1000,0,1000,0,1,999,,,,,,,,,,,,,,,
,,,,,,,,,,,,,58741,2020-03-03_00h48.38.632,SandwichStudy,3.2.4,Win32,60,"[""l""]",[0.3399999141693115],1,0,80,58,1,79,Chicken,Mayonnaise,Cheddar cheese,,,,,,Steak,Onions,Bell peppers,Provolone cheese,,,,,4,3,4,1000,0,1000,0,1,999,,,,,,,,,,,,,,,
,,,,,,,,,,,,,58741,2020-03-03_00h48.38.632,SandwichStudy,3.2.4,Win32,60,"[""space""]",[0.3899998664855957],1,0,80,34,1,79,Avocado,Onions,Cucumbers,,,,,,Tuna,Basil,Cheddar cheese,Garlic aioli,Pickles,Onions,Tomatoes,Spinach,8,3,8,1000,0,1000,0,1,999,,,,,,,,,,,,,,,
,,,,,,,,,,,,,58741,2020-03-03_00h48.38.632,SandwichStudy,3.2.4,Win32,60,"[""space""]",[0.02299976348876953],1,0,80,34,1,79,Avocado,Onions,Cucumbers,,,,,,Tuna,Basil,Cheddar cheese,Garlic aioli,Pickles,Onions,Tomatoes,Spinach,8,3,8,1000,0,1000,0,1,999,,,,,,,,,,,,,,,
,,,,,,,,,,,,,58741,2020-03-03_00h48.38.632,SandwichStudy,3.2.4,Win32,60,"[""l""]",[0.1249997615814209],1,0,80,34,1,79,Avocado,Onions,Cucumbers,,,,,,Tuna,Basil,Cheddar cheese,Garlic aioli,Pickles,Onions,Tomatoes,Spinach,8,3,8,1000,0,1000,0,1,999,,,,,,,,,,,,,,,
,,,,,,,,,,,,,58741,2020-03-03_00h48.38.632,SandwichStudy,3.2.4,Win32,60,"[""space""]",[0.3919999599456787],1,0,80,3,1,79,Chicken,American cheese,Coleslaw,Tomatoes,Pickles,Mayonnaise,,,Swiss cheese,Provolone cheese,Bell peppers,Tomatoes,Onions,,,,6,6,5,1000,0,1000,0,1,999,,,,,,,,,,,,,,,
,,,,,,,,,,,,,58741,2020-03-03_00h48.38.632,SandwichStudy,3.2.4,Win32,60,"[""space""]",[0.807999849319458],1,0,80,3,1,79,Chicken,American cheese,Coleslaw,Tomatoes,Pickles,Mayonnaise,,,Swiss cheese,Provolone cheese,Bell peppers,Tomatoes,Onions,,,,6,6,5,1000,0,1000,0,1,999,,,,,,,,,,,,,,,
,,,,,,,,,,,,,58741,2020-03-03_00h48.38.632,SandwichStudy,3.2.4,Win32,60,"[""space""]",[0.03999972343444824],1,0,80,3,1,79,Chicken,American cheese,Coleslaw,Tomatoes,Pickles,Mayonnaise,,,Swiss cheese,Provolone cheese,Bell peppers,Tomatoes,Onions,,,,6,6,5,1000,0,1000,0,1,999,,,,,,,,,,,,,,,
,,,,,,,,,,,,,58741,2020-03-03_00h48.38.632,SandwichStudy,3.2.4,Win32,60,"[""l""]",[0.14399981498718262],1,0,80,3,1,79,Chicken,American cheese,Coleslaw,Tomatoes,Pickles,Mayonnaise,,,Swiss cheese,Provolone cheese,Bell peppers,Tomatoes,Onions,,,,6,6,5,1000,0,1000,0,1,999,,,,,,,,,,,,,,,
,,,,,,,,,,,,,58741,2020-03-03_00h48.38.632,SandwichStudy,3.2.4,Win32,60,"[""space""]",[0.9219996929168701],1,0,80,44,1,79,Chicken,Gouda cheese,Avocado,Basil,Bell peppers,Mayonnaise,,,Turkey,Gouda cheese,Avocado,Garlic aioli,Jalapenos,Tomatoes,Lettuce,,7,6,7,1000,0,1000,0,1,999,,,,,,,,,,,,,,,
,,,,,,,,,,,,,58741,2020-03-03_00h48.38.632,SandwichStudy,3.2.4,Win32,60,"[""space""]",[0.09800004959106445],1,0,80,44,1,79,Chicken,Gouda cheese,Avocado,Basil,Bell peppers,Mayonnaise,,,Turkey,Gouda cheese,Avocado,Garlic aioli,Jalapenos,Tomatoes,Lettuce,,7,6,7,1000,0,1000,0,1,999,,,,,,,,,,,,,,,
,,,,,,,,,,,,,58741,2020-03-03_00h48.38.632,SandwichStudy,3.2.4,Win32,60,"[""a""]",[0.5789999961853027],1,0,80,44,1,79,Chicken,Gouda cheese,Avocado,Basil,Bell peppers,Mayonnaise,,,Turkey,Gouda cheese,Avocado,Garlic aioli,Jalapenos,Tomatoes,Lettuce,,7,6,7,1000,0,1000,0,1,999,,,,,,,,,,,,,,,
,,,,,,,,,,,,,58741,2020-03-03_00h48.38.632,SandwichStudy,3.2.4,Win32,60,"[""space""]",[0.007999897003173828],1,0,80,66,1,79,Bacon,Spinach,Tomatoes,Avocado,Mayonnaise,,,,Provolone cheese,Swiss cheese,Cheddar cheese,Parmesan cheese,Tomatoes,,,,5,5,5,1000,0,1000,0,1,999,,,,,,,,,,,,,,,
,,,,,,,,,,,,,58741,2020-03-03_00h48.38.632,SandwichStudy,3.2.4,Win32,60,"[""space""]",[0.6639997959136963],1,0,80,66,1,79,Bacon,Spinach,Tomatoes,Avocado,Mayonnaise,,,,Provolone cheese,Swiss cheese,Cheddar cheese,Parmesan cheese,Tomatoes,,,,5,5,5,1000,0,1000,0,1,999,,,,,,,,,,,,,,,
,,,,,,,,,,,,,58741,2020-03-03_00h48.38.632,SandwichStudy,3.2.4,Win32,60,"[""space""]",[0.24199986457824707],1,0,80,66,1,79,Bacon,Spinach,Tomatoes,Avocado,Mayonnaise,,,,Provolone cheese,Swiss cheese,Cheddar cheese,Parmesan cheese,Tomatoes,,,,5,5,5,1000,0,1000,0,1,999,,,,,,,,,,,,,,,
,,,,,,,,,,,,,58741,2020-03-03_00h48.38.632,SandwichStudy,3.2.4,Win32,60,"[""space""]",[0.1380000114440918],1,0,80,66,1,79,Bacon,Spinach,Tomatoes,Avocado,Mayonnaise,,,,Provolone cheese,Swiss cheese,Cheddar cheese,Parmesan cheese,Tomatoes,,,,5,5,5,1000,0,1000,0,1,999,,,,,,,,,,,,,,,
,,,,,,,,,,,,,58741,2020-03-03_00h48.38.632,SandwichStudy,3.2.4,Win32,60,"[""l""]",[1.2549998760223389],1,0,80,66,1,79,Bacon,Spinach,Tomatoes,Avocado,Mayonnaise,,,,Provolone cheese,Swiss cheese,Cheddar cheese,Parmesan cheese,Tomatoes,,,,5,5,5,1000,0,1000,0,1,999,,,,,,,,,,,,,,,
,,,,,,,,,,,,,58741,2020-03-03_00h48.38.632,SandwichStudy,3.2.4,Win32,60,"[""space""]",[0.1939997673034668],1,0,80,67,1,79,Avocado,Onions,Cucumbers,,,,,,Meatballs,Provolone cheese,Marinara sauce,Parmesan cheese,,,,,4,3,4,1000,0,1000,0,1,999,,,,,,,,,,,,,,,
,,,,,,,,,,,,,58741,2020-03-03_00h48.38.632,SandwichStudy,3.2.4,Win32,60,"[""space""]",[0.2070000171661377],1,0,80,67,1,79,Avocado,Onions,Cucumbers,,,,,,Meatballs,Provolone cheese,Marinara sauce,Parmesan cheese,,,,,4,3,4,1000,0,1000,0,1,999,,,,,,,,,,,,,,,
,,,,,,,,,,,,,58741,2020-03-03_00h48.38.632,SandwichStudy,3.2.4,Win32,60,"[""space""]",[0.7879998683929443],1,0,80,67,1,79,Avocado,Onions,Cucumbers,,,,,,Meatballs,Provolone cheese,Marinara sauce,Parmesan cheese,,,,,4,3,4,1000,0,1000,0,1,999,,,,,,,,,,,,,,,
,,,,,,,,,,,,,58741,2020-03-03_00h48.38.632,SandwichStudy,3.2.4,Win32,60,"[""a""]",[0.5849997997283936],1,0,80,67,1,79,Avocado,Onions,Cucumbers,,,,,,Meatballs,Provolone cheese,Marinara sauce,Parmesan cheese,,,,,4,3,4,1000,0,1000,0,1,999,,,,,,,,,,,,,,,
,,,,,,,,,,,,,58741,2020-03-03_00h48.38.632,SandwichStudy,3.2.4,Win32,60,"[""space""]",[0.34800004959106445],1,0,80,39,1,79,Chicken,Provolone cheese,Pesto,,,,,,Turkey,Bacon,Jalapenos,Lettuce,Avocado,Garlic aioli,Tomatoes,,7,3,7,1000,0,1000,0,1,999,,,,,,,,,,,,,,,
,,,,,,,,,,,,,58741,2020-03-03_00h48.38.632,SandwichStudy,3.2.4,Win32,60,"[""space""]",[0.10499978065490723],1,0,80,39,1,79,Chicken,Provolone cheese,Pesto,,,,,,Turkey,Bacon,Jalapenos,Lettuce,Avocado,Garlic aioli,Tomatoes,,7,3,7,1000,0,1000,0,1,999,,,,,,,,,,,,,,,
,,,,,,,,,,,,,58741,2020-03-03_00h48.38.632,SandwichStudy,3.2.4,Win32,60,"[""l""]",[0.3259999752044678],1,0,80,39,1,79,Chicken,Provolone cheese,Pesto,,,,,,Turkey,Bacon,Jalapenos,Lettuce,Avocado,Garlic aioli,Tomatoes,,7,3,7,1000,0,1000,0,1,999,,,,,,,,,,,,,,,
,,,,,,,,,,,,,58741,2020-03-03_00h48.38.632,SandwichStudy,3.2.4,Win32,60,"[""a""]",[0.31099987030029297],1,0,80,79,1,79,Salami,Roast beef,Turkey,Ham,Swiss cheese,Lettuce,Tomatoes,Mayonnaise,Turkey,Cheddar cheese,Mayonnaise,,,,,,8,8,3,1000,0,1000,0,1,999,,,,,,,,,,,,,,,
,,,,,,,,,,,,,58741,2020-03-03_00h48.38.632,SandwichStudy,3.2.4,Win32,60,"[""space""]",[0.0969998836517334],1,0,80,75,1,79,Ham,Swiss cheese,Mustard,,,,,,Ham,Swiss cheese,Mayonnaise,Mustard,Tomatoes,,,,5,3,5,1000,0,1000,0,1,999,,,,,,,,,,,,,,,
,,,,,,,,,,,,,58741,2020-03-03_00h48.38.632,SandwichStudy,3.2.4,Win32,60,"[""space""]",[2.7819998264312744],1,0,80,75,1,79,Ham,Swiss cheese,Mustard,,,,,,Ham,Swiss cheese,Mayonnaise,Mustard,Tomatoes,,,,5,3,5,1000,0,1000,0,1,999,,,,,,,,,,,,,,,
,,,,,,,,,,,,,58741,2020-03-03_00h48.38.632,SandwichStudy,3.2.4,Win32,60,"[""l""]",[0.35699987411499023],1,0,80,75,1,79,Ham,Swiss cheese,Mustard,,,,,,Ham,Swiss cheese,Mayonnaise,Mustard,Tomatoes,,,,5,3,5,1000,0,1000,0,1,999,,,,,,,,,,,,,,,
,,,,,,,,,,,,,58741,2020-03-03_00h48.38.632,SandwichStudy,3.2.4,Win32,60,"[""space""]",[0.27300000190734863],1,0,80,17,1,79,Salami,Roast beef,Turkey,Ham,Swiss cheese,Lettuce,Tomatoes,Mayonnaise,Chicken,Gouda cheese,Avocado,Basil,Bell peppers,Mayonnaise,,,8,8,6,1000,0,1000,0,1,999,,,,,,,,,,,,,,,
,,,,,,,,,,,,,58741,2020-03-03_00h48.38.632,SandwichStudy,3.2.4,Win32,60,"[""space""]",[0.35699987411499023],1,0,80,17,1,79,Salami,Roast beef,Turkey,Ham,Swiss cheese,Lettuce,Tomatoes,Mayonnaise,Chicken,Gouda cheese,Avocado,Basil,Bell peppers,Mayonnaise,,,8,8,6,1000,0,1000,0,1,999,,,,,,,,,,,,,,,
,,,,,,,,,,,,,58741,2020-03-03_00h48.38.632,SandwichStudy,3.2.4,Win32,60,"[""space""]",[1.0379998683929443],1,0,80,17,1,79,Salami,Roast beef,Turkey,Ham,Swiss cheese,Lettuce,Tomatoes,Mayonnaise,Chicken,Gouda cheese,Avocado,Basil,Bell peppers,Mayonnaise,,,8,8,6,1000,0,1000,0,1,999,,,,,,,,,,,,,,,
,,,,,,,,,,,,,58741,2020-03-03_00h48.38.632,SandwichStudy,3.2.4,Win32,60,"[""l""]",[0.8909997940063477],1,0,80,17,1,79,Salami,Roast beef,Turkey,Ham,Swiss cheese,Lettuce,Tomatoes,Mayonnaise,Chicken,Gouda cheese,Avocado,Basil,Bell peppers,Mayonnaise,,,8,8,6,1000,0,1000,0,1,999,,,,,,,,,,,,,,,
,,,,,,,,,,,,,58741,2020-03-03_00h48.38.632,SandwichStudy,3.2.4,Win32,60,"[""space""]",[0.4049997329711914],1,0,80,31,1,79,Spinach,Tomatoes,Cucumbers,Onions,Bell peppers,Avocado,Mayonnaise,,Turkey,Ham,Bacon,Swiss cheese,Lettuce,Tomatoes,Onions,,7,7,7,1000,0,1000,0,1,999,,,,,,,,,,,,,,,
,,,,,,,,,,,,,58741,2020-03-03_00h48.38.632,SandwichStudy,3.2.4,Win32,60,"[""space""]",[0.3559999465942383],1,0,80,31,1,79,Spinach,Tomatoes,Cucumbers,Onions,Bell peppers,Avocado,Mayonnaise,,Turkey,Ham,Bacon,Swiss cheese,Lettuce,Tomatoes,Onions,,7,7,7,1000,0,1000,0,1,999,,,,,,,,,,,,,,,
,,,,,,,,,,,,,58741,2020-03-03_00h48.38.632,SandwichStudy,3.2.4,Win32,60,"[""a""]",[0.037999868392944336],1,0,80,31,1,79,Spinach,Tomatoes,Cucumbers,Onions,Bell peppers,Avocado,Mayonnaise,,Turkey,Ham,Bacon,Swiss cheese,Lettuce,Tomatoes,Onions,,7,7,7,1000,0,1000,0,1,999,,,,,,,,,,,,,,,
,,,,,,,,,,,,,58741,2020-03-03_00h48.38.632,SandwichStudy,3.2.4,Win32,60,"[""space""]",[0.307999849319458],1,0,80,63,1,79,Onions,Bell peppers,Mushrooms,Jalapenos,American cheese,Steak,,,Turkey,Ham,Roast beef,Provolone cheese,Spinach,Tomatoes,Mayonnaise,Mustard,8,6,8,1000,0,1000,0,1,999,,,,,,,,,,,,,,,
,,,,,,,,,,,,,58741,2020-03-03_00h48.38.632,SandwichStudy,3.2.4,Win32,60,"[""space""]",[0.06299972534179688],1,0,80,63,1,79,Onions,Bell peppers,Mushrooms,Jalapenos,American cheese,Steak,,,Turkey,Ham,Roast beef,Provolone cheese,Spinach,Tomatoes,Mayonnaise,Mustard,8,6,8,1000,0,1000,0,1,999,,,,,,,,,,,,,,,
,,,,,,,,,,,,,58741,2020-03-03_00h48.38.632,SandwichStudy,3.2.4,Win32,60,"[""a""]",[0.40400004386901855],1,0,80,63,1,79,Onions,Bell peppers,Mushrooms,Jalapenos,American cheese,Steak,,,Turkey,Ham,Roast beef,Provolone cheese,Spinach,Tomatoes,Mayonnaise,Mustard,8,6,8,1000,0,1000,0,1,999,,,,,,,,,,,,,,,
,,,,,,,,,,,,,58741,2020-03-03_00h48.38.632,SandwichStudy,3.2.4,Win32,60,"[""space""]",[0.2569999694824219],1,0,80,77,1,79,Chicken,Lettuce,Tomatoes,Mayonnaise,,,,,Pepperoni,Meatballs,Marinara sauce,Provolone cheese,Mushrooms,,,,5,4,5,1000,0,1000,0,1,999,,,,,,,,,,,,,,,
,,,,,,,,,,,,,58741,2020-03-03_00h48.38.632,SandwichStudy,3.2.4,Win32,60,"[""space""]",[0.37999987602233887],1,0,80,77,1,79,Chicken,Lettuce,Tomatoes,Mayonnaise,,,,,Pepperoni,Meatballs,Marinara sauce,Provolone cheese,Mushrooms,,,,5,4,5,1000,0,1000,0,1,999,,,,,,,,,,,,,,,
,,,,,,,,,,,,,58741,2020-03-03_00h48.38.632,SandwichStudy,3.2.4,Win32,60,"[""a""]",[0.2389998435974121],1,0,80,77,1,79,Chicken,Lettuce,Tomatoes,Mayonnaise,,,,,Pepperoni,Meatballs,Marinara sauce,Provolone cheese,Mushrooms,,,,5,4,5,1000,0,1000,0,1,999,,,,,,,,,,,,,,,
,,,,,,,,,,,,,58741,2020-03-03_00h48.38.632,SandwichStudy,3.2.4,Win32,60,,,,,,,,,,,,,,,,,,,,,,,,,,,,,,,,,,space,4.914999962,5,8.971999884,space,10.62799978,1,0,10,3,1,9,Bacon,,
,,,,,,,,,,,,,58741,2020-03-03_00h48.38.632,SandwichStudy,3.2.4,Win32,60,,,,,,,,,,,,,,,,,,,,,,,,,,,,,,,,,,,,6,2.136999846,space,2.480999947,1,0,10,1,1,9,Mayonnaise,,
,,,,,,,,,,,,,58741,2020-03-03_00h48.38.632,SandwichStudy,3.2.4,Win32,60,,,,,,,,,,,,,,,,,,,,,,,,,,,,,,,,,,,,5,2.269999981,space,2.614999771,1,0,10,2,1,9,Turkey,,
,,,,,,,,,,,,,58741,2020-03-03_00h48.38.632,SandwichStudy,3.2.4,Win32,60,,,,,,,,,,,,,,,,,,,,,,,,,,,,,,,,,,,,5,1.777999878,space,2.099999905,1,0,10,0,1,9,Tomatoes,,
,,,,,,,,,,,,,58741,2020-03-03_00h48.38.632,SandwichStudy,3.2.4,Win32,60,,,,,,,,,,,,,,,,,,,,,,,,,,,,,,,,,,,,6,2.687999964,space,3.075999975,1,0,10,8,1,9,Provolone cheese,,
,,,,,,,,,,,,,58741,2020-03-03_00h48.38.632,SandwichStudy,3.2.4,Win32,60,,,,,,,,,,,,,,,,,,,,,,,,,,,,,,,,,,,,6,1.666000128,space,1.971999884,1,0,10,6,1,9,Swiss cheese,,
,,,,,,,,,,,,,58741,2020-03-03_00h48.38.632,SandwichStudy,3.2.4,Win32,60,,,,,,,,,,,,,,,,,,,,,,,,,,,,,,,,,,,,6,1.197999954,space,1.537999868,1,0,10,9,1,9,Spinach,,
,,,,,,,,,,,,,58741,2020-03-03_00h48.38.632,SandwichStudy,3.2.4,Win32,60,,,,,,,,,,,,,,,,,,,,,,,,,,,,,,,,,,,,7,2.168000221,space,2.68599987,1,0,10,7,1,9,Lettuce,,
,,,,,,,,,,,,,58741,2020-03-03_00h48.38.632,SandwichStudy,3.2.4,Win32,60,,,,,,,,,,,,,,,,,,,,,,,,,,,,,,,,,,,,6,1.924000025,space,2.296000004,1,0,10,5,1,9,Cheddar cheese,,
,,,,,,,,,,,,,58741,2020-03-03_00h48.38.632,SandwichStudy,3.2.4,Win32,60,,,,,,,,,,,,,,,,,,,,,,,,,,,,,,,,,,,,7,3.663999796,space,4.187999725,1,0,10,4,1,9,Chicken,,
,,,,,,,,,,,,,58741,2020-03-03_00h48.38.632,SandwichStudy,3.2.4,Win32,60,,,,,,,,,,,,,,,,,,,,,,,,,,,,,,,,,,,,,,,,,,,,,,,return,9.530999899
