sequence,key_resp_4.keys,key_resp_4.rt,VegResp.keys,VegResp.rt,ConfirmResp.keys,ConfirmResp.rt,VegQuestionLoop.thisRepN,VegQuestionLoop.thisTrialN,VegQuestionLoop.thisN,VegQuestionLoop.thisIndex,VegQuestionLoop.ran,VegQuestionLoop.order,participant,date,expName,psychopyVersion,OS,frameRate,Decision.keys,Decision.rt,trials.thisRepN,trials.thisTrialN,trials.thisN,trials.thisIndex,trials.ran,trials.order,s11,s12,s13,s14,s15,s16,s17,s18,s21,s22,s23,s24,s25,s26,s27,s28,IngsInRow,IngIn1,IngIn2,Iter.thisRepN,Iter.thisTrialN,Iter.thisN,Iter.thisIndex,Iter.ran,Iter.order,key_resp_2.keys,key_resp_2.rt,slider.response,slider.rt,key_resp_3.keys,key_resp_3.rt,RatingLoop.thisRepN,RatingLoop.thisTrialN,RatingLoop.thisN,RatingLoop.thisIndex,RatingLoop.ran,RatingLoop.order,ingredientforslider,key_resp.keys,key_resp.rt
"[1,0,0,1,1,1,0,0,1,1,1,0,0,1,0,0,1,0,0,0,1,1,1,1,1,1,1,0,1,1,1,1,1,0,1,0,0,1,0,0,1,0,0,1,0,0,1,1,0,0,0,1,1,0,1,1,1,1,0,0,0,1,1,0,1,1,1,0,0,1,0,1,1,1,1,1,1,1,0,1]",space,3.56099987,y,8.593999863,p,4.835999966,100,0,100,0,1,99,61636,2020-03-02_19h33.19.662,SandwichStudy,3.2.4,Win32,60,,,,,,,,,,,,,,,,,,,,,,,,,,,,,,,,,,,,,,,,,,,,,,,,
,,,,,,,,,,,,,61636,2020-03-02_19h33.19.662,SandwichStudy,3.2.4,Win32,60,"[""a""]",[7.7170000076293945],1,0,80,69,1,79,Falafel,Garlic aioli,Cucumbers,Peppers,Arugula,,,,Guacamole,Cheddar cheese,Provolone cheese,Olives,Cucumbers,Mushrooms,Peppers,Lettuce,8,5,8,1000,0,1000,0,1,999,,,,,,,,,,,,,,,
,,,,,,,,,,,,,61636,2020-03-02_19h33.19.662,SandwichStudy,3.2.4,Win32,60,"[""a""]",[1.2999999523162842],1,0,80,77,1,79,Mushrooms,Provolone cheese,Mustard,Peppers,Lettuce,Tomatoes,Vinaigrette,,Black bean patty,Onions,Peppers,Provolone cheese,,,,,7,7,4,1000,0,1000,0,1,999,,,,,,,,,,,,,,,
,,,,,,,,,,,,,61636,2020-03-02_19h33.19.662,SandwichStudy,3.2.4,Win32,60,"[""space""]",[2.500999927520752],1,0,80,71,1,79,Pepper jack cheese,Cream cheese,Guacamole,Mixed greens,Onions,Tomatoes,Pickles,Sprouts,Black bean patty,Sprouts,Avocado,Tomatoes,Onions,Garlic aioli,,,8,8,6,1000,0,1000,0,1,999,,,,,,,,,,,,,,,
,,,,,,,,,,,,,61636,2020-03-02_19h33.19.662,SandwichStudy,3.2.4,Win32,60,"[""space""]",[1.5089998245239258],1,0,80,71,1,79,Pepper jack cheese,Cream cheese,Guacamole,Mixed greens,Onions,Tomatoes,Pickles,Sprouts,Black bean patty,Sprouts,Avocado,Tomatoes,Onions,Garlic aioli,,,8,8,6,1000,0,1000,0,1,999,,,,,,,,,,,,,,,
,,,,,,,,,,,,,61636,2020-03-02_19h33.19.662,SandwichStudy,3.2.4,Win32,60,"[""a""]",[2.565999984741211],1,0,80,71,1,79,Pepper jack cheese,Cream cheese,Guacamole,Mixed greens,Onions,Tomatoes,Pickles,Sprouts,Black bean patty,Sprouts,Avocado,Tomatoes,Onions,Garlic aioli,,,8,8,6,1000,0,1000,0,1,999,,,,,,,,,,,,,,,
,,,,,,,,,,,,,61636,2020-03-02_19h33.19.662,SandwichStudy,3.2.4,Win32,60,"[""space""]",[1.7200000286102295],1,0,80,52,1,79,Cheddar cheese,Cream cheese,Pickles,Jalapenos,,,,,Guacamole,Hummus,Feta cheese,Mixed greens,Onions,Tomatoes,Pickles,Mushrooms,8,4,8,1000,0,1000,0,1,999,,,,,,,,,,,,,,,
,,,,,,,,,,,,,61636,2020-03-02_19h33.19.662,SandwichStudy,3.2.4,Win32,60,"[""space""]",[0.8369998931884766],1,0,80,52,1,79,Cheddar cheese,Cream cheese,Pickles,Jalapenos,,,,,Guacamole,Hummus,Feta cheese,Mixed greens,Onions,Tomatoes,Pickles,Mushrooms,8,4,8,1000,0,1000,0,1,999,,,,,,,,,,,,,,,
,,,,,,,,,,,,,61636,2020-03-02_19h33.19.662,SandwichStudy,3.2.4,Win32,60,"[""a""]",[0.5299999713897705],1,0,80,52,1,79,Cheddar cheese,Cream cheese,Pickles,Jalapenos,,,,,Guacamole,Hummus,Feta cheese,Mixed greens,Onions,Tomatoes,Pickles,Mushrooms,8,4,8,1000,0,1000,0,1,999,,,,,,,,,,,,,,,
,,,,,,,,,,,,,61636,2020-03-02_19h33.19.662,SandwichStudy,3.2.4,Win32,60,"[""l""]",[1.2569999694824219],1,0,80,12,1,79,Egg salad,Tomatoes,Onions,Arugula,Garlic aioli,,,,Hummus,Avocado,Cucumbers,Tomatoes,Onions,Sprouts,,,6,5,6,1000,0,1000,0,1,999,,,,,,,,,,,,,,,
,,,,,,,,,,,,,61636,2020-03-02_19h33.19.662,SandwichStudy,3.2.4,Win32,60,"[""space""]",[1.1510000228881836],1,0,80,59,1,79,Vegan turkey,Provolone cheese,Vinaigrette,Coleslaw,Mayonnaise,,,,Provolone cheese,Swiss cheese,Cheddar cheese,Parmesan cheese,Tomatoes,Mustard,,,6,5,6,1000,0,1000,0,1,999,,,,,,,,,,,,,,,
,,,,,,,,,,,,,61636,2020-03-02_19h33.19.662,SandwichStudy,3.2.4,Win32,60,"[""space""]",[0.6809999942779541],1,0,80,59,1,79,Vegan turkey,Provolone cheese,Vinaigrette,Coleslaw,Mayonnaise,,,,Provolone cheese,Swiss cheese,Cheddar cheese,Parmesan cheese,Tomatoes,Mustard,,,6,5,6,1000,0,1000,0,1,999,,,,,,,,,,,,,,,
,,,,,,,,,,,,,61636,2020-03-02_19h33.19.662,SandwichStudy,3.2.4,Win32,60,"[""l""]",[1.4590001106262207],1,0,80,59,1,79,Vegan turkey,Provolone cheese,Vinaigrette,Coleslaw,Mayonnaise,,,,Provolone cheese,Swiss cheese,Cheddar cheese,Parmesan cheese,Tomatoes,Mustard,,,6,5,6,1000,0,1000,0,1,999,,,,,,,,,,,,,,,
,,,,,,,,,,,,,61636,2020-03-02_19h33.19.662,SandwichStudy,3.2.4,Win32,60,"[""space""]",[0.38700008392333984],1,0,80,23,1,79,Artichoke hearts,Mushrooms,Pesto,Provolone cheese,,,,,Guacamole,Cheddar cheese,Provolone cheese,Olives,Cucumbers,Mushrooms,Peppers,Lettuce,8,4,8,1000,0,1000,0,1,999,,,,,,,,,,,,,,,
,,,,,,,,,,,,,61636,2020-03-02_19h33.19.662,SandwichStudy,3.2.4,Win32,60,"[""space""]",[0.9909999370574951],1,0,80,23,1,79,Artichoke hearts,Mushrooms,Pesto,Provolone cheese,,,,,Guacamole,Cheddar cheese,Provolone cheese,Olives,Cucumbers,Mushrooms,Peppers,Lettuce,8,4,8,1000,0,1000,0,1,999,,,,,,,,,,,,,,,
,,,,,,,,,,,,,61636,2020-03-02_19h33.19.662,SandwichStudy,3.2.4,Win32,60,"[""a""]",[1.319000005722046],1,0,80,23,1,79,Artichoke hearts,Mushrooms,Pesto,Provolone cheese,,,,,Guacamole,Cheddar cheese,Provolone cheese,Olives,Cucumbers,Mushrooms,Peppers,Lettuce,8,4,8,1000,0,1000,0,1,999,,,,,,,,,,,,,,,
,,,,,,,,,,,,,61636,2020-03-02_19h33.19.662,SandwichStudy,3.2.4,Win32,60,"[""space""]",[0.35700011253356934],1,0,80,27,1,79,Pepper jack cheese,Spinach,Tomatoes,Garlic aioli,,,,,Black bean patty,Guacamole,Tomatoes,Lettuce,Sprouts,,,,5,4,5,1000,0,1000,0,1,999,,,,,,,,,,,,,,,
,,,,,,,,,,,,,61636,2020-03-02_19h33.19.662,SandwichStudy,3.2.4,Win32,60,"[""space""]",[0.01900005340576172],1,0,80,27,1,79,Pepper jack cheese,Spinach,Tomatoes,Garlic aioli,,,,,Black bean patty,Guacamole,Tomatoes,Lettuce,Sprouts,,,,5,4,5,1000,0,1000,0,1,999,,,,,,,,,,,,,,,
,,,,,,,,,,,,,61636,2020-03-02_19h33.19.662,SandwichStudy,3.2.4,Win32,60,"[""space""]",[0.5099999904632568],1,0,80,27,1,79,Pepper jack cheese,Spinach,Tomatoes,Garlic aioli,,,,,Black bean patty,Guacamole,Tomatoes,Lettuce,Sprouts,,,,5,4,5,1000,0,1000,0,1,999,,,,,,,,,,,,,,,
,,,,,,,,,,,,,61636,2020-03-02_19h33.19.662,SandwichStudy,3.2.4,Win32,60,"[""a""]",[2.632000207901001],1,0,80,27,1,79,Pepper jack cheese,Spinach,Tomatoes,Garlic aioli,,,,,Black bean patty,Guacamole,Tomatoes,Lettuce,Sprouts,,,,5,4,5,1000,0,1000,0,1,999,,,,,,,,,,,,,,,
,,,,,,,,,,,,,61636,2020-03-02_19h33.19.662,SandwichStudy,3.2.4,Win32,60,"[""space""]",[0.3190000057220459],1,0,80,57,1,79,Cheddar cheese,Avocado,Cucumbers,Lettuce,Mustard,Sprouts,,,American cheese,Cheddar cheese,Swiss cheese,Onions,Mustard,,,,6,6,5,1000,0,1000,0,1,999,,,,,,,,,,,,,,,
,,,,,,,,,,,,,61636,2020-03-02_19h33.19.662,SandwichStudy,3.2.4,Win32,60,"[""space""]",[1.0429999828338623],1,0,80,57,1,79,Cheddar cheese,Avocado,Cucumbers,Lettuce,Mustard,Sprouts,,,American cheese,Cheddar cheese,Swiss cheese,Onions,Mustard,,,,6,6,5,1000,0,1000,0,1,999,,,,,,,,,,,,,,,
,,,,,,,,,,,,,61636,2020-03-02_19h33.19.662,SandwichStudy,3.2.4,Win32,60,"[""space""]",[0.22299981117248535],1,0,80,57,1,79,Cheddar cheese,Avocado,Cucumbers,Lettuce,Mustard,Sprouts,,,American cheese,Cheddar cheese,Swiss cheese,Onions,Mustard,,,,6,6,5,1000,0,1000,0,1,999,,,,,,,,,,,,,,,
,,,,,,,,,,,,,61636,2020-03-02_19h33.19.662,SandwichStudy,3.2.4,Win32,60,"[""l""]",[0.16499996185302734],1,0,80,57,1,79,Cheddar cheese,Avocado,Cucumbers,Lettuce,Mustard,Sprouts,,,American cheese,Cheddar cheese,Swiss cheese,Onions,Mustard,,,,6,6,5,1000,0,1000,0,1,999,,,,,,,,,,,,,,,
,,,,,,,,,,,,,61636,2020-03-02_19h33.19.662,SandwichStudy,3.2.4,Win32,60,"[""space""]",[0.40399980545043945],1,0,80,66,1,79,Soy chicken,Mushrooms,Onions,Provolone cheese,,,,,Hummus,Feta cheese,Artichoke hearts,Cucumbers,Peppers,,,,5,4,5,1000,0,1000,0,1,999,,,,,,,,,,,,,,,
,,,,,,,,,,,,,61636,2020-03-02_19h33.19.662,SandwichStudy,3.2.4,Win32,60,"[""a""]",[1.3470001220703125],1,0,80,66,1,79,Soy chicken,Mushrooms,Onions,Provolone cheese,,,,,Hummus,Feta cheese,Artichoke hearts,Cucumbers,Peppers,,,,5,4,5,1000,0,1000,0,1,999,,,,,,,,,,,,,,,
,,,,,,,,,,,,,61636,2020-03-02_19h33.19.662,SandwichStudy,3.2.4,Win32,60,"[""space""]",[0.12999987602233887],1,0,80,38,1,79,Cucumbers,Tomatoes,Peppers,Onions,Mixed greens,Carrots,Sprouts,Avocado,Provolone cheese,Tomatoes,Pesto,Cheddar cheese,,,,,8,8,4,1000,0,1000,0,1,999,,,,,,,,,,,,,,,
,,,,,,,,,,,,,61636,2020-03-02_19h33.19.662,SandwichStudy,3.2.4,Win32,60,"[""space""]",[0.9519999027252197],1,0,80,38,1,79,Cucumbers,Tomatoes,Peppers,Onions,Mixed greens,Carrots,Sprouts,Avocado,Provolone cheese,Tomatoes,Pesto,Cheddar cheese,,,,,8,8,4,1000,0,1000,0,1,999,,,,,,,,,,,,,,,
,,,,,,,,,,,,,61636,2020-03-02_19h33.19.662,SandwichStudy,3.2.4,Win32,60,"[""a""]",[0.9149999618530273],1,0,80,38,1,79,Cucumbers,Tomatoes,Peppers,Onions,Mixed greens,Carrots,Sprouts,Avocado,Provolone cheese,Tomatoes,Pesto,Cheddar cheese,,,,,8,8,4,1000,0,1000,0,1,999,,,,,,,,,,,,,,,
,,,,,,,,,,,,,61636,2020-03-02_19h33.19.662,SandwichStudy,3.2.4,Win32,60,"[""space""]",[0.07299995422363281],1,0,80,4,1,79,Black bean patty,Sprouts,Avocado,Tomatoes,Onions,Garlic aioli,,,Provolone cheese,Guacamole,Mixed greens,Onions,Tomatoes,Pickles,Cucumbers,Sprouts,8,6,8,1000,0,1000,0,1,999,,,,,,,,,,,,,,,
,,,,,,,,,,,,,61636,2020-03-02_19h33.19.662,SandwichStudy,3.2.4,Win32,60,"[""space""]",[0.8619999885559082],1,0,80,4,1,79,Black bean patty,Sprouts,Avocado,Tomatoes,Onions,Garlic aioli,,,Provolone cheese,Guacamole,Mixed greens,Onions,Tomatoes,Pickles,Cucumbers,Sprouts,8,6,8,1000,0,1000,0,1,999,,,,,,,,,,,,,,,
,,,,,,,,,,,,,61636,2020-03-02_19h33.19.662,SandwichStudy,3.2.4,Win32,60,"[""l""]",[2.9830000400543213],1,0,80,4,1,79,Black bean patty,Sprouts,Avocado,Tomatoes,Onions,Garlic aioli,,,Provolone cheese,Guacamole,Mixed greens,Onions,Tomatoes,Pickles,Cucumbers,Sprouts,8,6,8,1000,0,1000,0,1,999,,,,,,,,,,,,,,,
,,,,,,,,,,,,,61636,2020-03-02_19h33.19.662,SandwichStudy,3.2.4,Win32,60,"[""space""]",[0.2200000286102295],1,0,80,76,1,79,Cucumbers,Tomatoes,Peppers,Onions,Mixed greens,Carrots,Sprouts,Avocado,Hummus,Guacamole,Tomatoes,Lettuce,Sprouts,,,,8,8,5,1000,0,1000,0,1,999,,,,,,,,,,,,,,,
,,,,,,,,,,,,,61636,2020-03-02_19h33.19.662,SandwichStudy,3.2.4,Win32,60,"[""space""]",[0.13699984550476074],1,0,80,76,1,79,Cucumbers,Tomatoes,Peppers,Onions,Mixed greens,Carrots,Sprouts,Avocado,Hummus,Guacamole,Tomatoes,Lettuce,Sprouts,,,,8,8,5,1000,0,1000,0,1,999,,,,,,,,,,,,,,,
,,,,,,,,,,,,,61636,2020-03-02_19h33.19.662,SandwichStudy,3.2.4,Win32,60,"[""space""]",[1.1160001754760742],1,0,80,76,1,79,Cucumbers,Tomatoes,Peppers,Onions,Mixed greens,Carrots,Sprouts,Avocado,Hummus,Guacamole,Tomatoes,Lettuce,Sprouts,,,,8,8,5,1000,0,1000,0,1,999,,,,,,,,,,,,,,,
,,,,,,,,,,,,,61636,2020-03-02_19h33.19.662,SandwichStudy,3.2.4,Win32,60,"[""a""]",[0.46399998664855957],1,0,80,76,1,79,Cucumbers,Tomatoes,Peppers,Onions,Mixed greens,Carrots,Sprouts,Avocado,Hummus,Guacamole,Tomatoes,Lettuce,Sprouts,,,,8,8,5,1000,0,1000,0,1,999,,,,,,,,,,,,,,,
,,,,,,,,,,,,,61636,2020-03-02_19h33.19.662,SandwichStudy,3.2.4,Win32,60,"[""space""]",[0.12100005149841309],1,0,80,74,1,79,Spinach,Tomatoes,Cucumbers,Onions,Peppers,Avocado,Mayonnaise,,Vegan bacon,Tomatoes,Avocado,Pesto,,,,,7,7,4,1000,0,1000,0,1,999,,,,,,,,,,,,,,,
,,,,,,,,,,,,,61636,2020-03-02_19h33.19.662,SandwichStudy,3.2.4,Win32,60,"[""space""]",[0.08100008964538574],1,0,80,74,1,79,Spinach,Tomatoes,Cucumbers,Onions,Peppers,Avocado,Mayonnaise,,Vegan bacon,Tomatoes,Avocado,Pesto,,,,,7,7,4,1000,0,1000,0,1,999,,,,,,,,,,,,,,,
,,,,,,,,,,,,,61636,2020-03-02_19h33.19.662,SandwichStudy,3.2.4,Win32,60,"[""space""]",[0.1530001163482666],1,0,80,74,1,79,Spinach,Tomatoes,Cucumbers,Onions,Peppers,Avocado,Mayonnaise,,Vegan bacon,Tomatoes,Avocado,Pesto,,,,,7,7,4,1000,0,1000,0,1,999,,,,,,,,,,,,,,,
,,,,,,,,,,,,,61636,2020-03-02_19h33.19.662,SandwichStudy,3.2.4,Win32,60,"[""l""]",[0.4159998893737793],1,0,80,74,1,79,Spinach,Tomatoes,Cucumbers,Onions,Peppers,Avocado,Mayonnaise,,Vegan bacon,Tomatoes,Avocado,Pesto,,,,,7,7,4,1000,0,1000,0,1,999,,,,,,,,,,,,,,,
,,,,,,,,,,,,,61636,2020-03-02_19h33.19.662,SandwichStudy,3.2.4,Win32,60,"[""space""]",[0.6469998359680176],1,0,80,45,1,79,Peppers,Provolone cheese,Cucumbers,Mixed greens,Tomatoes,Onions,Hummus,,Pesto,Tomatoes,Provolone cheese,,,,,,7,7,3,1000,0,1000,0,1,999,,,,,,,,,,,,,,,
,,,,,,,,,,,,,61636,2020-03-02_19h33.19.662,SandwichStudy,3.2.4,Win32,60,"[""space""]",[0.06100010871887207],1,0,80,45,1,79,Peppers,Provolone cheese,Cucumbers,Mixed greens,Tomatoes,Onions,Hummus,,Pesto,Tomatoes,Provolone cheese,,,,,,7,7,3,1000,0,1000,0,1,999,,,,,,,,,,,,,,,
,,,,,,,,,,,,,61636,2020-03-02_19h33.19.662,SandwichStudy,3.2.4,Win32,60,"[""space""]",[1.3700001239776611],1,0,80,45,1,79,Peppers,Provolone cheese,Cucumbers,Mixed greens,Tomatoes,Onions,Hummus,,Pesto,Tomatoes,Provolone cheese,,,,,,7,7,3,1000,0,1000,0,1,999,,,,,,,,,,,,,,,
,,,,,,,,,,,,,61636,2020-03-02_19h33.19.662,SandwichStudy,3.2.4,Win32,60,"[""l""]",[1.7920000553131104],1,0,80,45,1,79,Peppers,Provolone cheese,Cucumbers,Mixed greens,Tomatoes,Onions,Hummus,,Pesto,Tomatoes,Provolone cheese,,,,,,7,7,3,1000,0,1000,0,1,999,,,,,,,,,,,,,,,
,,,,,,,,,,,,,61636,2020-03-02_19h33.19.662,SandwichStudy,3.2.4,Win32,60,"[""space""]",[0.07500004768371582],1,0,80,54,1,79,Tomatoes,Mozzarella cheese,Spinach,Pesto,,,,,Avocado,Onions,Cucumbers,Spinach,Cheddar cheese,,,,5,4,5,1000,0,1000,0,1,999,,,,,,,,,,,,,,,
,,,,,,,,,,,,,61636,2020-03-02_19h33.19.662,SandwichStudy,3.2.4,Win32,60,"[""space""]",[1.4909999370574951],1,0,80,54,1,79,Tomatoes,Mozzarella cheese,Spinach,Pesto,,,,,Avocado,Onions,Cucumbers,Spinach,Cheddar cheese,,,,5,4,5,1000,0,1000,0,1,999,,,,,,,,,,,,,,,
,,,,,,,,,,,,,61636,2020-03-02_19h33.19.662,SandwichStudy,3.2.4,Win32,60,"[""a""]",[0.5080001354217529],1,0,80,54,1,79,Tomatoes,Mozzarella cheese,Spinach,Pesto,,,,,Avocado,Onions,Cucumbers,Spinach,Cheddar cheese,,,,5,4,5,1000,0,1000,0,1,999,,,,,,,,,,,,,,,
,,,,,,,,,,,,,61636,2020-03-02_19h33.19.662,SandwichStudy,3.2.4,Win32,60,"[""space""]",[2.1089999675750732],1,0,80,78,1,79,Soy chicken,Mushrooms,Onions,Provolone cheese,,,,,Avocado,Pesto,Cheddar cheese,,,,,,4,4,3,1000,0,1000,0,1,999,,,,,,,,,,,,,,,
,,,,,,,,,,,,,61636,2020-03-02_19h33.19.662,SandwichStudy,3.2.4,Win32,60,"[""space""]",[0.1530001163482666],1,0,80,78,1,79,Soy chicken,Mushrooms,Onions,Provolone cheese,,,,,Avocado,Pesto,Cheddar cheese,,,,,,4,4,3,1000,0,1000,0,1,999,,,,,,,,,,,,,,,
,,,,,,,,,,,,,61636,2020-03-02_19h33.19.662,SandwichStudy,3.2.4,Win32,60,"[""space""]",[1.2809998989105225],1,0,80,78,1,79,Soy chicken,Mushrooms,Onions,Provolone cheese,,,,,Avocado,Pesto,Cheddar cheese,,,,,,4,4,3,1000,0,1000,0,1,999,,,,,,,,,,,,,,,
,,,,,,,,,,,,,61636,2020-03-02_19h33.19.662,SandwichStudy,3.2.4,Win32,60,"[""l""]",[2.752000093460083],1,0,80,78,1,79,Soy chicken,Mushrooms,Onions,Provolone cheese,,,,,Avocado,Pesto,Cheddar cheese,,,,,,4,4,3,1000,0,1000,0,1,999,,,,,,,,,,,,,,,
,,,,,,,,,,,,,61636,2020-03-02_19h33.19.662,SandwichStudy,3.2.4,Win32,60,"[""space""]",[0.30099987983703613],1,0,80,37,1,79,Vegan turkey,Provolone cheese,Vinaigrette,Coleslaw,Mayonnaise,,,,Vegan bacon,Tomatoes,Lettuce,Mayonnaise,,,,,5,5,4,1000,0,1000,0,1,999,,,,,,,,,,,,,,,
,,,,,,,,,,,,,61636,2020-03-02_19h33.19.662,SandwichStudy,3.2.4,Win32,60,"[""space""]",[0.08699989318847656],1,0,80,37,1,79,Vegan turkey,Provolone cheese,Vinaigrette,Coleslaw,Mayonnaise,,,,Vegan bacon,Tomatoes,Lettuce,Mayonnaise,,,,,5,5,4,1000,0,1000,0,1,999,,,,,,,,,,,,,,,
,,,,,,,,,,,,,61636,2020-03-02_19h33.19.662,SandwichStudy,3.2.4,Win32,60,"[""space""]",[1.6540000438690186],1,0,80,37,1,79,Vegan turkey,Provolone cheese,Vinaigrette,Coleslaw,Mayonnaise,,,,Vegan bacon,Tomatoes,Lettuce,Mayonnaise,,,,,5,5,4,1000,0,1000,0,1,999,,,,,,,,,,,,,,,
,,,,,,,,,,,,,61636,2020-03-02_19h33.19.662,SandwichStudy,3.2.4,Win32,60,"[""l""]",[3.5],1,0,80,37,1,79,Vegan turkey,Provolone cheese,Vinaigrette,Coleslaw,Mayonnaise,,,,Vegan bacon,Tomatoes,Lettuce,Mayonnaise,,,,,5,5,4,1000,0,1000,0,1,999,,,,,,,,,,,,,,,
,,,,,,,,,,,,,61636,2020-03-02_19h33.19.662,SandwichStudy,3.2.4,Win32,60,"[""space""]",[1],1,0,80,2,1,79,Avocado,Spinach,Tomatoes,Swiss cheese,,,,,Pesto,Tomatoes,Provolone cheese,,,,,,4,4,3,1000,0,1000,0,1,999,,,,,,,,,,,,,,,
,,,,,,,,,,,,,61636,2020-03-02_19h33.19.662,SandwichStudy,3.2.4,Win32,60,"[""space""]",[1.2089998722076416],1,0,80,2,1,79,Avocado,Spinach,Tomatoes,Swiss cheese,,,,,Pesto,Tomatoes,Provolone cheese,,,,,,4,4,3,1000,0,1000,0,1,999,,,,,,,,,,,,,,,
,,,,,,,,,,,,,61636,2020-03-02_19h33.19.662,SandwichStudy,3.2.4,Win32,60,"[""space""]",[0.2200000286102295],1,0,80,2,1,79,Avocado,Spinach,Tomatoes,Swiss cheese,,,,,Pesto,Tomatoes,Provolone cheese,,,,,,4,4,3,1000,0,1000,0,1,999,,,,,,,,,,,,,,,
,,,,,,,,,,,,,61636,2020-03-02_19h33.19.662,SandwichStudy,3.2.4,Win32,60,"[""l""]",[0.7899999618530273],1,0,80,2,1,79,Avocado,Spinach,Tomatoes,Swiss cheese,,,,,Pesto,Tomatoes,Provolone cheese,,,,,,4,4,3,1000,0,1000,0,1,999,,,,,,,,,,,,,,,
,,,,,,,,,,,,,61636,2020-03-02_19h33.19.662,SandwichStudy,3.2.4,Win32,60,"[""space""]",[0.5659999847412109],1,0,80,5,1,79,Peppers,Provolone cheese,Cucumbers,Mixed greens,Tomatoes,Onions,Hummus,,Avocado,Tomatoes,Mayonnaise,Mixed greens,Lettuce,Onions,Vinaigrette,,7,7,7,1000,0,1000,0,1,999,,,,,,,,,,,,,,,
,,,,,,,,,,,,,61636,2020-03-02_19h33.19.662,SandwichStudy,3.2.4,Win32,60,"[""space""]",[0.13100004196166992],1,0,80,5,1,79,Peppers,Provolone cheese,Cucumbers,Mixed greens,Tomatoes,Onions,Hummus,,Avocado,Tomatoes,Mayonnaise,Mixed greens,Lettuce,Onions,Vinaigrette,,7,7,7,1000,0,1000,0,1,999,,,,,,,,,,,,,,,
,,,,,,,,,,,,,61636,2020-03-02_19h33.19.662,SandwichStudy,3.2.4,Win32,60,"[""space""]",[0.5850000381469727],1,0,80,5,1,79,Peppers,Provolone cheese,Cucumbers,Mixed greens,Tomatoes,Onions,Hummus,,Avocado,Tomatoes,Mayonnaise,Mixed greens,Lettuce,Onions,Vinaigrette,,7,7,7,1000,0,1000,0,1,999,,,,,,,,,,,,,,,
,,,,,,,,,,,,,61636,2020-03-02_19h33.19.662,SandwichStudy,3.2.4,Win32,60,"[""a""]",[2.5930001735687256],1,0,80,5,1,79,Peppers,Provolone cheese,Cucumbers,Mixed greens,Tomatoes,Onions,Hummus,,Avocado,Tomatoes,Mayonnaise,Mixed greens,Lettuce,Onions,Vinaigrette,,7,7,7,1000,0,1000,0,1,999,,,,,,,,,,,,,,,
,,,,,,,,,,,,,61636,2020-03-02_19h33.19.662,SandwichStudy,3.2.4,Win32,60,"[""space""]",[1.3600001335144043],1,0,80,62,1,79,Guacamole,Sprouts,Tomatoes,Cucumbers,Vinaigrette,,,,Mushrooms,Arugula,Tomatoes,Onions,Swiss cheese,Vinaigrette,,,6,5,6,1000,0,1000,0,1,999,,,,,,,,,,,,,,,
,,,,,,,,,,,,,61636,2020-03-02_19h33.19.662,SandwichStudy,3.2.4,Win32,60,"[""space""]",[0.4649999141693115],1,0,80,62,1,79,Guacamole,Sprouts,Tomatoes,Cucumbers,Vinaigrette,,,,Mushrooms,Arugula,Tomatoes,Onions,Swiss cheese,Vinaigrette,,,6,5,6,1000,0,1000,0,1,999,,,,,,,,,,,,,,,
,,,,,,,,,,,,,61636,2020-03-02_19h33.19.662,SandwichStudy,3.2.4,Win32,60,"[""space""]",[0.8659999370574951],1,0,80,62,1,79,Guacamole,Sprouts,Tomatoes,Cucumbers,Vinaigrette,,,,Mushrooms,Arugula,Tomatoes,Onions,Swiss cheese,Vinaigrette,,,6,5,6,1000,0,1000,0,1,999,,,,,,,,,,,,,,,
,,,,,,,,,,,,,61636,2020-03-02_19h33.19.662,SandwichStudy,3.2.4,Win32,60,"[""a""]",[1.3990001678466797],1,0,80,62,1,79,Guacamole,Sprouts,Tomatoes,Cucumbers,Vinaigrette,,,,Mushrooms,Arugula,Tomatoes,Onions,Swiss cheese,Vinaigrette,,,6,5,6,1000,0,1000,0,1,999,,,,,,,,,,,,,,,
,,,,,,,,,,,,,61636,2020-03-02_19h33.19.662,SandwichStudy,3.2.4,Win32,60,"[""space""]",[0.12199997901916504],1,0,80,61,1,79,Vegan turkey,Provolone cheese,Lettuce,Tomatoes,Onions,,,,Sprouts,Cucumbers,Onions,Spinach,Tomatoes,Vinaigrette,,,6,5,6,1000,0,1000,0,1,999,,,,,,,,,,,,,,,
,,,,,,,,,,,,,61636,2020-03-02_19h33.19.662,SandwichStudy,3.2.4,Win32,60,"[""space""]",[0.5820000171661377],1,0,80,61,1,79,Vegan turkey,Provolone cheese,Lettuce,Tomatoes,Onions,,,,Sprouts,Cucumbers,Onions,Spinach,Tomatoes,Vinaigrette,,,6,5,6,1000,0,1000,0,1,999,,,,,,,,,,,,,,,
,,,,,,,,,,,,,61636,2020-03-02_19h33.19.662,SandwichStudy,3.2.4,Win32,60,"[""space""]",[0.8690001964569092],1,0,80,61,1,79,Vegan turkey,Provolone cheese,Lettuce,Tomatoes,Onions,,,,Sprouts,Cucumbers,Onions,Spinach,Tomatoes,Vinaigrette,,,6,5,6,1000,0,1000,0,1,999,,,,,,,,,,,,,,,
,,,,,,,,,,,,,61636,2020-03-02_19h33.19.662,SandwichStudy,3.2.4,Win32,60,"[""space""]",[0.7039999961853027],1,0,80,61,1,79,Vegan turkey,Provolone cheese,Lettuce,Tomatoes,Onions,,,,Sprouts,Cucumbers,Onions,Spinach,Tomatoes,Vinaigrette,,,6,5,6,1000,0,1000,0,1,999,,,,,,,,,,,,,,,
,,,,,,,,,,,,,61636,2020-03-02_19h33.19.662,SandwichStudy,3.2.4,Win32,60,"[""a""]",[0.5929999351501465],1,0,80,61,1,79,Vegan turkey,Provolone cheese,Lettuce,Tomatoes,Onions,,,,Sprouts,Cucumbers,Onions,Spinach,Tomatoes,Vinaigrette,,,6,5,6,1000,0,1000,0,1,999,,,,,,,,,,,,,,,
,,,,,,,,,,,,,61636,2020-03-02_19h33.19.662,SandwichStudy,3.2.4,Win32,60,"[""space""]",[0.18500018119812012],1,0,80,63,1,79,Mozzarella cheese,Peppers,Pesto,Mixed greens,Mayonnaise,,,,Hummus,Guacamole,Tomatoes,Lettuce,Sprouts,,,,5,5,5,1000,0,1000,0,1,999,,,,,,,,,,,,,,,
,,,,,,,,,,,,,61636,2020-03-02_19h33.19.662,SandwichStudy,3.2.4,Win32,60,"[""space""]",[0.14699983596801758],1,0,80,63,1,79,Mozzarella cheese,Peppers,Pesto,Mixed greens,Mayonnaise,,,,Hummus,Guacamole,Tomatoes,Lettuce,Sprouts,,,,5,5,5,1000,0,1000,0,1,999,,,,,,,,,,,,,,,
,,,,,,,,,,,,,61636,2020-03-02_19h33.19.662,SandwichStudy,3.2.4,Win32,60,"[""space""]",[0.317000150680542],1,0,80,63,1,79,Mozzarella cheese,Peppers,Pesto,Mixed greens,Mayonnaise,,,,Hummus,Guacamole,Tomatoes,Lettuce,Sprouts,,,,5,5,5,1000,0,1000,0,1,999,,,,,,,,,,,,,,,
,,,,,,,,,,,,,61636,2020-03-02_19h33.19.662,SandwichStudy,3.2.4,Win32,60,"[""l""]",[0.7649998664855957],1,0,80,63,1,79,Mozzarella cheese,Peppers,Pesto,Mixed greens,Mayonnaise,,,,Hummus,Guacamole,Tomatoes,Lettuce,Sprouts,,,,5,5,5,1000,0,1000,0,1,999,,,,,,,,,,,,,,,
,,,,,,,,,,,,,61636,2020-03-02_19h33.19.662,SandwichStudy,3.2.4,Win32,60,"[""space""]",[1.1040000915527344],1,0,80,39,1,79,Cheddar cheese,Provolone cheese,Swiss cheese,Mushrooms,Mayonnaise,Lettuce,Tomatoes,,Olives,Tomatoes,Spinach,Feta cheese,Provolone cheese,Vinaigrette,,,7,7,6,1000,0,1000,0,1,999,,,,,,,,,,,,,,,
,,,,,,,,,,,,,61636,2020-03-02_19h33.19.662,SandwichStudy,3.2.4,Win32,60,"[""space""]",[0.0009999275207519531],1,0,80,39,1,79,Cheddar cheese,Provolone cheese,Swiss cheese,Mushrooms,Mayonnaise,Lettuce,Tomatoes,,Olives,Tomatoes,Spinach,Feta cheese,Provolone cheese,Vinaigrette,,,7,7,6,1000,0,1000,0,1,999,,,,,,,,,,,,,,,
,,,,,,,,,,,,,61636,2020-03-02_19h33.19.662,SandwichStudy,3.2.4,Win32,60,"[""space""]",[0.7709999084472656],1,0,80,39,1,79,Cheddar cheese,Provolone cheese,Swiss cheese,Mushrooms,Mayonnaise,Lettuce,Tomatoes,,Olives,Tomatoes,Spinach,Feta cheese,Provolone cheese,Vinaigrette,,,7,7,6,1000,0,1000,0,1,999,,,,,,,,,,,,,,,
,,,,,,,,,,,,,61636,2020-03-02_19h33.19.662,SandwichStudy,3.2.4,Win32,60,"[""a""]",[1.123000144958496],1,0,80,39,1,79,Cheddar cheese,Provolone cheese,Swiss cheese,Mushrooms,Mayonnaise,Lettuce,Tomatoes,,Olives,Tomatoes,Spinach,Feta cheese,Provolone cheese,Vinaigrette,,,7,7,6,1000,0,1000,0,1,999,,,,,,,,,,,,,,,
,,,,,,,,,,,,,61636,2020-03-02_19h33.19.662,SandwichStudy,3.2.4,Win32,60,"[""space""]",[0.09800004959106445],1,0,80,25,1,79,Vegan turkey,Cucumbers,Tomatoes,Onions,Sprouts,Avocado,Mayonnaise,,Sprouts,Cucumbers,Onions,Spinach,Tomatoes,Vinaigrette,,,7,7,6,1000,0,1000,0,1,999,,,,,,,,,,,,,,,
,,,,,,,,,,,,,61636,2020-03-02_19h33.19.662,SandwichStudy,3.2.4,Win32,60,"[""space""]",[0.3919999599456787],1,0,80,25,1,79,Vegan turkey,Cucumbers,Tomatoes,Onions,Sprouts,Avocado,Mayonnaise,,Sprouts,Cucumbers,Onions,Spinach,Tomatoes,Vinaigrette,,,7,7,6,1000,0,1000,0,1,999,,,,,,,,,,,,,,,
,,,,,,,,,,,,,61636,2020-03-02_19h33.19.662,SandwichStudy,3.2.4,Win32,60,"[""space""]",[0.3380000591278076],1,0,80,25,1,79,Vegan turkey,Cucumbers,Tomatoes,Onions,Sprouts,Avocado,Mayonnaise,,Sprouts,Cucumbers,Onions,Spinach,Tomatoes,Vinaigrette,,,7,7,6,1000,0,1000,0,1,999,,,,,,,,,,,,,,,
,,,,,,,,,,,,,61636,2020-03-02_19h33.19.662,SandwichStudy,3.2.4,Win32,60,"[""a""]",[2.815000057220459],1,0,80,25,1,79,Vegan turkey,Cucumbers,Tomatoes,Onions,Sprouts,Avocado,Mayonnaise,,Sprouts,Cucumbers,Onions,Spinach,Tomatoes,Vinaigrette,,,7,7,6,1000,0,1000,0,1,999,,,,,,,,,,,,,,,
,,,,,,,,,,,,,61636,2020-03-02_19h33.19.662,SandwichStudy,3.2.4,Win32,60,"[""a""]",[0.7569999694824219],1,0,80,67,1,79,Mixed greens,Onions,Hummus,Olives,Cucumbers,Sprouts,Tomatoes,,Egg salad,Lettuce,Tomatoes,Onions,,,,,7,7,4,1000,0,1000,0,1,999,,,,,,,,,,,,,,,
,,,,,,,,,,,,,61636,2020-03-02_19h33.19.662,SandwichStudy,3.2.4,Win32,60,"[""space""]",[1.2019999027252197],1,0,80,41,1,79,Swiss cheese,Hummus,Peppers,Mixed greens,Onions,Tomatoes,Pickles,Olives,Hummus,Avocado,Tomatoes,Arugula,Mayonnaise,,,,8,8,5,1000,0,1000,0,1,999,,,,,,,,,,,,,,,
,,,,,,,,,,,,,61636,2020-03-02_19h33.19.662,SandwichStudy,3.2.4,Win32,60,"[""space""]",[0.13100004196166992],1,0,80,41,1,79,Swiss cheese,Hummus,Peppers,Mixed greens,Onions,Tomatoes,Pickles,Olives,Hummus,Avocado,Tomatoes,Arugula,Mayonnaise,,,,8,8,5,1000,0,1000,0,1,999,,,,,,,,,,,,,,,
,,,,,,,,,,,,,61636,2020-03-02_19h33.19.662,SandwichStudy,3.2.4,Win32,60,"[""a""]",[3.258999824523926],1,0,80,41,1,79,Swiss cheese,Hummus,Peppers,Mixed greens,Onions,Tomatoes,Pickles,Olives,Hummus,Avocado,Tomatoes,Arugula,Mayonnaise,,,,8,8,5,1000,0,1000,0,1,999,,,,,,,,,,,,,,,
,,,,,,,,,,,,,61636,2020-03-02_19h33.19.662,SandwichStudy,3.2.4,Win32,60,"[""space""]",[0.7269999980926514],1,0,80,60,1,79,Vegan turkey,Cucumbers,Pickles,Jalapenos,Garlic aioli,,,,Swiss cheese,Cheddar cheese,Pepper jack cheese,Onions,Tomatoes,,,,5,5,5,1000,0,1000,0,1,999,,,,,,,,,,,,,,,
,,,,,,,,,,,,,61636,2020-03-02_19h33.19.662,SandwichStudy,3.2.4,Win32,60,"[""space""]",[0.34599995613098145],1,0,80,60,1,79,Vegan turkey,Cucumbers,Pickles,Jalapenos,Garlic aioli,,,,Swiss cheese,Cheddar cheese,Pepper jack cheese,Onions,Tomatoes,,,,5,5,5,1000,0,1000,0,1,999,,,,,,,,,,,,,,,
,,,,,,,,,,,,,61636,2020-03-02_19h33.19.662,SandwichStudy,3.2.4,Win32,60,"[""space""]",[0.35500001907348633],1,0,80,60,1,79,Vegan turkey,Cucumbers,Pickles,Jalapenos,Garlic aioli,,,,Swiss cheese,Cheddar cheese,Pepper jack cheese,Onions,Tomatoes,,,,5,5,5,1000,0,1000,0,1,999,,,,,,,,,,,,,,,
,,,,,,,,,,,,,61636,2020-03-02_19h33.19.662,SandwichStudy,3.2.4,Win32,60,"[""a""]",[0.437999963760376],1,0,80,60,1,79,Vegan turkey,Cucumbers,Pickles,Jalapenos,Garlic aioli,,,,Swiss cheese,Cheddar cheese,Pepper jack cheese,Onions,Tomatoes,,,,5,5,5,1000,0,1000,0,1,999,,,,,,,,,,,,,,,
,,,,,,,,,,,,,61636,2020-03-02_19h33.19.662,SandwichStudy,3.2.4,Win32,60,"[""space""]",[0.34599995613098145],1,0,80,65,1,79,Soy chicken,Ranch dressing,Lettuce,Tomatoes,Onions,,,,Avocado,Cucumbers,Arugula,Carrots,Tomatoes,Olives,Cream cheese,,7,5,7,1000,0,1000,0,1,999,,,,,,,,,,,,,,,
,,,,,,,,,,,,,61636,2020-03-02_19h33.19.662,SandwichStudy,3.2.4,Win32,60,"[""space""]",[0.22799992561340332],1,0,80,65,1,79,Soy chicken,Ranch dressing,Lettuce,Tomatoes,Onions,,,,Avocado,Cucumbers,Arugula,Carrots,Tomatoes,Olives,Cream cheese,,7,5,7,1000,0,1000,0,1,999,,,,,,,,,,,,,,,
,,,,,,,,,,,,,61636,2020-03-02_19h33.19.662,SandwichStudy,3.2.4,Win32,60,"[""space""]",[0.5659999847412109],1,0,80,65,1,79,Soy chicken,Ranch dressing,Lettuce,Tomatoes,Onions,,,,Avocado,Cucumbers,Arugula,Carrots,Tomatoes,Olives,Cream cheese,,7,5,7,1000,0,1000,0,1,999,,,,,,,,,,,,,,,
,,,,,,,,,,,,,61636,2020-03-02_19h33.19.662,SandwichStudy,3.2.4,Win32,60,"[""l""]",[5.250999927520752],1,0,80,65,1,79,Soy chicken,Ranch dressing,Lettuce,Tomatoes,Onions,,,,Avocado,Cucumbers,Arugula,Carrots,Tomatoes,Olives,Cream cheese,,7,5,7,1000,0,1000,0,1,999,,,,,,,,,,,,,,,
,,,,,,,,,,,,,61636,2020-03-02_19h33.19.662,SandwichStudy,3.2.4,Win32,60,"[""space""]",[0.12899994850158691],1,0,80,53,1,79,Soy chicken,Pepper jack cheese,Tomatoes,Lettuce,Onions,Garlic aioli,,,Mushrooms,Swiss cheese,Provolone cheese,Cheddar cheese,Lettuce,Tomatoes,,,6,6,6,1000,0,1000,0,1,999,,,,,,,,,,,,,,,
,,,,,,,,,,,,,61636,2020-03-02_19h33.19.662,SandwichStudy,3.2.4,Win32,60,"[""space""]",[0.04700016975402832],1,0,80,53,1,79,Soy chicken,Pepper jack cheese,Tomatoes,Lettuce,Onions,Garlic aioli,,,Mushrooms,Swiss cheese,Provolone cheese,Cheddar cheese,Lettuce,Tomatoes,,,6,6,6,1000,0,1000,0,1,999,,,,,,,,,,,,,,,
,,,,,,,,,,,,,61636,2020-03-02_19h33.19.662,SandwichStudy,3.2.4,Win32,60,"[""space""]",[0.051000118255615234],1,0,80,53,1,79,Soy chicken,Pepper jack cheese,Tomatoes,Lettuce,Onions,Garlic aioli,,,Mushrooms,Swiss cheese,Provolone cheese,Cheddar cheese,Lettuce,Tomatoes,,,6,6,6,1000,0,1000,0,1,999,,,,,,,,,,,,,,,
,,,,,,,,,,,,,61636,2020-03-02_19h33.19.662,SandwichStudy,3.2.4,Win32,60,"[""space""]",[1.188999891281128],1,0,80,53,1,79,Soy chicken,Pepper jack cheese,Tomatoes,Lettuce,Onions,Garlic aioli,,,Mushrooms,Swiss cheese,Provolone cheese,Cheddar cheese,Lettuce,Tomatoes,,,6,6,6,1000,0,1000,0,1,999,,,,,,,,,,,,,,,
,,,,,,,,,,,,,61636,2020-03-02_19h33.19.662,SandwichStudy,3.2.4,Win32,60,"[""l""]",[2.7699999809265137],1,0,80,53,1,79,Soy chicken,Pepper jack cheese,Tomatoes,Lettuce,Onions,Garlic aioli,,,Mushrooms,Swiss cheese,Provolone cheese,Cheddar cheese,Lettuce,Tomatoes,,,6,6,6,1000,0,1000,0,1,999,,,,,,,,,,,,,,,
,,,,,,,,,,,,,61636,2020-03-02_19h33.19.662,SandwichStudy,3.2.4,Win32,60,"[""space""]",[0.4010000228881836],1,0,80,20,1,79,Hummus,Guacamole,Tomatoes,Lettuce,Sprouts,,,,Black bean patty,Pepper jack cheese,Lettuce,Tomatoes,Onions,Avocado,Mustard,,7,5,7,1000,0,1000,0,1,999,,,,,,,,,,,,,,,
,,,,,,,,,,,,,61636,2020-03-02_19h33.19.662,SandwichStudy,3.2.4,Win32,60,"[""space""]",[0.0010001659393310547],1,0,80,20,1,79,Hummus,Guacamole,Tomatoes,Lettuce,Sprouts,,,,Black bean patty,Pepper jack cheese,Lettuce,Tomatoes,Onions,Avocado,Mustard,,7,5,7,1000,0,1000,0,1,999,,,,,,,,,,,,,,,
,,,,,,,,,,,,,61636,2020-03-02_19h33.19.662,SandwichStudy,3.2.4,Win32,60,"[""l""]",[2.9739999771118164],1,0,80,20,1,79,Hummus,Guacamole,Tomatoes,Lettuce,Sprouts,,,,Black bean patty,Pepper jack cheese,Lettuce,Tomatoes,Onions,Avocado,Mustard,,7,5,7,1000,0,1000,0,1,999,,,,,,,,,,,,,,,
,,,,,,,,,,,,,61636,2020-03-02_19h33.19.662,SandwichStudy,3.2.4,Win32,60,"[""space""]",[0.1419999599456787],1,0,80,24,1,79,Cheddar cheese,Provolone cheese,Swiss cheese,Mushrooms,Mayonnaise,Lettuce,Tomatoes,,Soy chicken,Pepper jack cheese,Tomatoes,Lettuce,Onions,Garlic aioli,,,7,7,6,1000,0,1000,0,1,999,,,,,,,,,,,,,,,
,,,,,,,,,,,,,61636,2020-03-02_19h33.19.662,SandwichStudy,3.2.4,Win32,60,"[""space""]",[0.9270000457763672],1,0,80,24,1,79,Cheddar cheese,Provolone cheese,Swiss cheese,Mushrooms,Mayonnaise,Lettuce,Tomatoes,,Soy chicken,Pepper jack cheese,Tomatoes,Lettuce,Onions,Garlic aioli,,,7,7,6,1000,0,1000,0,1,999,,,,,,,,,,,,,,,
,,,,,,,,,,,,,61636,2020-03-02_19h33.19.662,SandwichStudy,3.2.4,Win32,60,"[""space""]",[0.08099985122680664],1,0,80,24,1,79,Cheddar cheese,Provolone cheese,Swiss cheese,Mushrooms,Mayonnaise,Lettuce,Tomatoes,,Soy chicken,Pepper jack cheese,Tomatoes,Lettuce,Onions,Garlic aioli,,,7,7,6,1000,0,1000,0,1,999,,,,,,,,,,,,,,,
,,,,,,,,,,,,,61636,2020-03-02_19h33.19.662,SandwichStudy,3.2.4,Win32,60,"[""space""]",[0.22500014305114746],1,0,80,24,1,79,Cheddar cheese,Provolone cheese,Swiss cheese,Mushrooms,Mayonnaise,Lettuce,Tomatoes,,Soy chicken,Pepper jack cheese,Tomatoes,Lettuce,Onions,Garlic aioli,,,7,7,6,1000,0,1000,0,1,999,,,,,,,,,,,,,,,
,,,,,,,,,,,,,61636,2020-03-02_19h33.19.662,SandwichStudy,3.2.4,Win32,60,"[""a""]",[0.3919999599456787],1,0,80,24,1,79,Cheddar cheese,Provolone cheese,Swiss cheese,Mushrooms,Mayonnaise,Lettuce,Tomatoes,,Soy chicken,Pepper jack cheese,Tomatoes,Lettuce,Onions,Garlic aioli,,,7,7,6,1000,0,1000,0,1,999,,,,,,,,,,,,,,,
,,,,,,,,,,,,,61636,2020-03-02_19h33.19.662,SandwichStudy,3.2.4,Win32,60,"[""space""]",[0.21799993515014648],1,0,80,72,1,79,Artichoke hearts,Mushrooms,Pesto,Provolone cheese,,,,,Avocado,Pesto,Cheddar cheese,,,,,,4,4,3,1000,0,1000,0,1,999,,,,,,,,,,,,,,,
,,,,,,,,,,,,,61636,2020-03-02_19h33.19.662,SandwichStudy,3.2.4,Win32,60,"[""space""]",[0.5460000038146973],1,0,80,72,1,79,Artichoke hearts,Mushrooms,Pesto,Provolone cheese,,,,,Avocado,Pesto,Cheddar cheese,,,,,,4,4,3,1000,0,1000,0,1,999,,,,,,,,,,,,,,,
,,,,,,,,,,,,,61636,2020-03-02_19h33.19.662,SandwichStudy,3.2.4,Win32,60,"[""space""]",[0.6110000610351562],1,0,80,72,1,79,Artichoke hearts,Mushrooms,Pesto,Provolone cheese,,,,,Avocado,Pesto,Cheddar cheese,,,,,,4,4,3,1000,0,1000,0,1,999,,,,,,,,,,,,,,,
,,,,,,,,,,,,,61636,2020-03-02_19h33.19.662,SandwichStudy,3.2.4,Win32,60,"[""l""]",[0.12800002098083496],1,0,80,72,1,79,Artichoke hearts,Mushrooms,Pesto,Provolone cheese,,,,,Avocado,Pesto,Cheddar cheese,,,,,,4,4,3,1000,0,1000,0,1,999,,,,,,,,,,,,,,,
,,,,,,,,,,,,,61636,2020-03-02_19h33.19.662,SandwichStudy,3.2.4,Win32,60,"[""space""]",[1.003000020980835],1,0,80,47,1,79,Pepper jack cheese,Spinach,Tomatoes,Garlic aioli,,,,,Sprouts,Avocado,Onions,Tomatoes,Cucumbers,Spinach,Garlic aioli,,7,4,7,1000,0,1000,0,1,999,,,,,,,,,,,,,,,
,,,,,,,,,,,,,61636,2020-03-02_19h33.19.662,SandwichStudy,3.2.4,Win32,60,"[""space""]",[0.2870001792907715],1,0,80,47,1,79,Pepper jack cheese,Spinach,Tomatoes,Garlic aioli,,,,,Sprouts,Avocado,Onions,Tomatoes,Cucumbers,Spinach,Garlic aioli,,7,4,7,1000,0,1000,0,1,999,,,,,,,,,,,,,,,
,,,,,,,,,,,,,61636,2020-03-02_19h33.19.662,SandwichStudy,3.2.4,Win32,60,"[""space""]",[0.7219998836517334],1,0,80,47,1,79,Pepper jack cheese,Spinach,Tomatoes,Garlic aioli,,,,,Sprouts,Avocado,Onions,Tomatoes,Cucumbers,Spinach,Garlic aioli,,7,4,7,1000,0,1000,0,1,999,,,,,,,,,,,,,,,
,,,,,,,,,,,,,61636,2020-03-02_19h33.19.662,SandwichStudy,3.2.4,Win32,60,"[""a""]",[0.33500003814697266],1,0,80,47,1,79,Pepper jack cheese,Spinach,Tomatoes,Garlic aioli,,,,,Sprouts,Avocado,Onions,Tomatoes,Cucumbers,Spinach,Garlic aioli,,7,4,7,1000,0,1000,0,1,999,,,,,,,,,,,,,,,
,,,,,,,,,,,,,61636,2020-03-02_19h33.19.662,SandwichStudy,3.2.4,Win32,60,"[""space""]",[0.0010001659393310547],1,0,80,32,1,79,Soy chicken,Coleslaw,Ranch dressing,Pickles,,,,,Avocado,Cucumbers,Arugula,Carrots,Tomatoes,Olives,Cream cheese,,7,4,7,1000,0,1000,0,1,999,,,,,,,,,,,,,,,
,,,,,,,,,,,,,61636,2020-03-02_19h33.19.662,SandwichStudy,3.2.4,Win32,60,"[""space""]",[0.07999992370605469],1,0,80,32,1,79,Soy chicken,Coleslaw,Ranch dressing,Pickles,,,,,Avocado,Cucumbers,Arugula,Carrots,Tomatoes,Olives,Cream cheese,,7,4,7,1000,0,1000,0,1,999,,,,,,,,,,,,,,,
,,,,,,,,,,,,,61636,2020-03-02_19h33.19.662,SandwichStudy,3.2.4,Win32,60,"[""space""]",[0.2389998435974121],1,0,80,32,1,79,Soy chicken,Coleslaw,Ranch dressing,Pickles,,,,,Avocado,Cucumbers,Arugula,Carrots,Tomatoes,Olives,Cream cheese,,7,4,7,1000,0,1000,0,1,999,,,,,,,,,,,,,,,
,,,,,,,,,,,,,61636,2020-03-02_19h33.19.662,SandwichStudy,3.2.4,Win32,60,"[""space""]",[0.8680000305175781],1,0,80,32,1,79,Soy chicken,Coleslaw,Ranch dressing,Pickles,,,,,Avocado,Cucumbers,Arugula,Carrots,Tomatoes,Olives,Cream cheese,,7,4,7,1000,0,1000,0,1,999,,,,,,,,,,,,,,,
,,,,,,,,,,,,,61636,2020-03-02_19h33.19.662,SandwichStudy,3.2.4,Win32,60,"[""a""]",[0.4960000514984131],1,0,80,32,1,79,Soy chicken,Coleslaw,Ranch dressing,Pickles,,,,,Avocado,Cucumbers,Arugula,Carrots,Tomatoes,Olives,Cream cheese,,7,4,7,1000,0,1000,0,1,999,,,,,,,,,,,,,,,
,,,,,,,,,,,,,61636,2020-03-02_19h33.19.662,SandwichStudy,3.2.4,Win32,60,"[""space""]",[0.6840000152587891],1,0,80,14,1,79,American cheese,Cheddar cheese,Swiss cheese,Onions,Mustard,,,,Cheddar cheese,Cream cheese,Pickles,Jalapenos,,,,,5,5,4,1000,0,1000,0,1,999,,,,,,,,,,,,,,,
,,,,,,,,,,,,,61636,2020-03-02_19h33.19.662,SandwichStudy,3.2.4,Win32,60,"[""space""]",[0.30900001525878906],1,0,80,14,1,79,American cheese,Cheddar cheese,Swiss cheese,Onions,Mustard,,,,Cheddar cheese,Cream cheese,Pickles,Jalapenos,,,,,5,5,4,1000,0,1000,0,1,999,,,,,,,,,,,,,,,
,,,,,,,,,,,,,61636,2020-03-02_19h33.19.662,SandwichStudy,3.2.4,Win32,60,"[""space""]",[0.13100004196166992],1,0,80,14,1,79,American cheese,Cheddar cheese,Swiss cheese,Onions,Mustard,,,,Cheddar cheese,Cream cheese,Pickles,Jalapenos,,,,,5,5,4,1000,0,1000,0,1,999,,,,,,,,,,,,,,,
,,,,,,,,,,,,,61636,2020-03-02_19h33.19.662,SandwichStudy,3.2.4,Win32,60,"[""space""]",[0.500999927520752],1,0,80,14,1,79,American cheese,Cheddar cheese,Swiss cheese,Onions,Mustard,,,,Cheddar cheese,Cream cheese,Pickles,Jalapenos,,,,,5,5,4,1000,0,1000,0,1,999,,,,,,,,,,,,,,,
,,,,,,,,,,,,,61636,2020-03-02_19h33.19.662,SandwichStudy,3.2.4,Win32,60,"[""l""]",[3.132000207901001],1,0,80,14,1,79,American cheese,Cheddar cheese,Swiss cheese,Onions,Mustard,,,,Cheddar cheese,Cream cheese,Pickles,Jalapenos,,,,,5,5,4,1000,0,1000,0,1,999,,,,,,,,,,,,,,,
,,,,,,,,,,,,,61636,2020-03-02_19h33.19.662,SandwichStudy,3.2.4,Win32,60,"[""space""]",[0.4479999542236328],1,0,80,16,1,79,Vegan turkey,Cucumbers,Pickles,Jalapenos,Garlic aioli,,,,Cheddar cheese,Avocado,Cucumbers,Lettuce,Mustard,Sprouts,,,6,5,6,1000,0,1000,0,1,999,,,,,,,,,,,,,,,
,,,,,,,,,,,,,61636,2020-03-02_19h33.19.662,SandwichStudy,3.2.4,Win32,60,"[""space""]",[0.06399989128112793],1,0,80,16,1,79,Vegan turkey,Cucumbers,Pickles,Jalapenos,Garlic aioli,,,,Cheddar cheese,Avocado,Cucumbers,Lettuce,Mustard,Sprouts,,,6,5,6,1000,0,1000,0,1,999,,,,,,,,,,,,,,,
,,,,,,,,,,,,,61636,2020-03-02_19h33.19.662,SandwichStudy,3.2.4,Win32,60,"[""space""]",[0.6579999923706055],1,0,80,16,1,79,Vegan turkey,Cucumbers,Pickles,Jalapenos,Garlic aioli,,,,Cheddar cheese,Avocado,Cucumbers,Lettuce,Mustard,Sprouts,,,6,5,6,1000,0,1000,0,1,999,,,,,,,,,,,,,,,
,,,,,,,,,,,,,61636,2020-03-02_19h33.19.662,SandwichStudy,3.2.4,Win32,60,"[""a""]",[0.9210000038146973],1,0,80,16,1,79,Vegan turkey,Cucumbers,Pickles,Jalapenos,Garlic aioli,,,,Cheddar cheese,Avocado,Cucumbers,Lettuce,Mustard,Sprouts,,,6,5,6,1000,0,1000,0,1,999,,,,,,,,,,,,,,,
,,,,,,,,,,,,,61636,2020-03-02_19h33.19.662,SandwichStudy,3.2.4,Win32,60,"[""space""]",[0.0009999275207519531],1,0,80,42,1,79,Falafel,Hummus,Garlic aioli,Cucumbers,Basil,Tomatoes,,,Hummus,Cucumbers,Tomatoes,Onions,Spinach,Peppers,Sprouts,,7,6,7,1000,0,1000,0,1,999,,,,,,,,,,,,,,,
,,,,,,,,,,,,,61636,2020-03-02_19h33.19.662,SandwichStudy,3.2.4,Win32,60,"[""space""]",[0.0009999275207519531],1,0,80,42,1,79,Falafel,Hummus,Garlic aioli,Cucumbers,Basil,Tomatoes,,,Hummus,Cucumbers,Tomatoes,Onions,Spinach,Peppers,Sprouts,,7,6,7,1000,0,1000,0,1,999,,,,,,,,,,,,,,,
,,,,,,,,,,,,,61636,2020-03-02_19h33.19.662,SandwichStudy,3.2.4,Win32,60,"[""a""]",[0.9809999465942383],1,0,80,42,1,79,Falafel,Hummus,Garlic aioli,Cucumbers,Basil,Tomatoes,,,Hummus,Cucumbers,Tomatoes,Onions,Spinach,Peppers,Sprouts,,7,6,7,1000,0,1000,0,1,999,,,,,,,,,,,,,,,
,,,,,,,,,,,,,61636,2020-03-02_19h33.19.662,SandwichStudy,3.2.4,Win32,60,"[""space""]",[0.5329999923706055],1,0,80,21,1,79,Soy chicken,Mushrooms,Onions,Provolone cheese,,,,,Mushrooms,Arugula,Tomatoes,Onions,Swiss cheese,Vinaigrette,,,6,4,6,1000,0,1000,0,1,999,,,,,,,,,,,,,,,
,,,,,,,,,,,,,61636,2020-03-02_19h33.19.662,SandwichStudy,3.2.4,Win32,60,"[""space""]",[0.002000093460083008],1,0,80,21,1,79,Soy chicken,Mushrooms,Onions,Provolone cheese,,,,,Mushrooms,Arugula,Tomatoes,Onions,Swiss cheese,Vinaigrette,,,6,4,6,1000,0,1000,0,1,999,,,,,,,,,,,,,,,
,,,,,,,,,,,,,61636,2020-03-02_19h33.19.662,SandwichStudy,3.2.4,Win32,60,"[""l""]",[0.7239999771118164],1,0,80,21,1,79,Soy chicken,Mushrooms,Onions,Provolone cheese,,,,,Mushrooms,Arugula,Tomatoes,Onions,Swiss cheese,Vinaigrette,,,6,4,6,1000,0,1000,0,1,999,,,,,,,,,,,,,,,
,,,,,,,,,,,,,61636,2020-03-02_19h33.19.662,SandwichStudy,3.2.4,Win32,60,"[""space""]",[0.5249998569488525],1,0,80,29,1,79,Mushrooms,Peppers,Artichoke hearts,Spinach,Pesto,,,,Tomatoes,Mozzarella cheese,Pesto,Vinaigrette,Spinach,,,,5,5,5,1000,0,1000,0,1,999,,,,,,,,,,,,,,,
,,,,,,,,,,,,,61636,2020-03-02_19h33.19.662,SandwichStudy,3.2.4,Win32,60,"[""space""]",[0.15199995040893555],1,0,80,29,1,79,Mushrooms,Peppers,Artichoke hearts,Spinach,Pesto,,,,Tomatoes,Mozzarella cheese,Pesto,Vinaigrette,Spinach,,,,5,5,5,1000,0,1000,0,1,999,,,,,,,,,,,,,,,
,,,,,,,,,,,,,61636,2020-03-02_19h33.19.662,SandwichStudy,3.2.4,Win32,60,"[""space""]",[0.9600000381469727],1,0,80,29,1,79,Mushrooms,Peppers,Artichoke hearts,Spinach,Pesto,,,,Tomatoes,Mozzarella cheese,Pesto,Vinaigrette,Spinach,,,,5,5,5,1000,0,1000,0,1,999,,,,,,,,,,,,,,,
,,,,,,,,,,,,,61636,2020-03-02_19h33.19.662,SandwichStudy,3.2.4,Win32,60,"[""l""]",[0.10100007057189941],1,0,80,29,1,79,Mushrooms,Peppers,Artichoke hearts,Spinach,Pesto,,,,Tomatoes,Mozzarella cheese,Pesto,Vinaigrette,Spinach,,,,5,5,5,1000,0,1000,0,1,999,,,,,,,,,,,,,,,
,,,,,,,,,,,,,61636,2020-03-02_19h33.19.662,SandwichStudy,3.2.4,Win32,60,"[""space""]",[0.5150001049041748],1,0,80,36,1,79,Swiss cheese,Cheddar cheese,Pepper jack cheese,Onions,Tomatoes,,,,Sprouts,Avocado,Onions,Tomatoes,Cucumbers,Spinach,Garlic aioli,,7,5,7,1000,0,1000,0,1,999,,,,,,,,,,,,,,,
,,,,,,,,,,,,,61636,2020-03-02_19h33.19.662,SandwichStudy,3.2.4,Win32,60,"[""space""]",[0.1700000762939453],1,0,80,36,1,79,Swiss cheese,Cheddar cheese,Pepper jack cheese,Onions,Tomatoes,,,,Sprouts,Avocado,Onions,Tomatoes,Cucumbers,Spinach,Garlic aioli,,7,5,7,1000,0,1000,0,1,999,,,,,,,,,,,,,,,
,,,,,,,,,,,,,61636,2020-03-02_19h33.19.662,SandwichStudy,3.2.4,Win32,60,"[""a""]",[0.8969998359680176],1,0,80,36,1,79,Swiss cheese,Cheddar cheese,Pepper jack cheese,Onions,Tomatoes,,,,Sprouts,Avocado,Onions,Tomatoes,Cucumbers,Spinach,Garlic aioli,,7,5,7,1000,0,1000,0,1,999,,,,,,,,,,,,,,,
,,,,,,,,,,,,,61636,2020-03-02_19h33.19.662,SandwichStudy,3.2.4,Win32,60,"[""space""]",[0.25],1,0,80,17,1,79,Hummus,Cucumbers,Tomatoes,Onions,Spinach,Peppers,Sprouts,,Artichoke hearts,Feta cheese,Provolone cheese,Mayonnaise,Onions,Tomatoes,Pickles,,7,7,7,1000,0,1000,0,1,999,,,,,,,,,,,,,,,
,,,,,,,,,,,,,61636,2020-03-02_19h33.19.662,SandwichStudy,3.2.4,Win32,60,"[""space""]",[0.10700011253356934],1,0,80,17,1,79,Hummus,Cucumbers,Tomatoes,Onions,Spinach,Peppers,Sprouts,,Artichoke hearts,Feta cheese,Provolone cheese,Mayonnaise,Onions,Tomatoes,Pickles,,7,7,7,1000,0,1000,0,1,999,,,,,,,,,,,,,,,
,,,,,,,,,,,,,61636,2020-03-02_19h33.19.662,SandwichStudy,3.2.4,Win32,60,"[""a""]",[2.2370002269744873],1,0,80,17,1,79,Hummus,Cucumbers,Tomatoes,Onions,Spinach,Peppers,Sprouts,,Artichoke hearts,Feta cheese,Provolone cheese,Mayonnaise,Onions,Tomatoes,Pickles,,7,7,7,1000,0,1000,0,1,999,,,,,,,,,,,,,,,
,,,,,,,,,,,,,61636,2020-03-02_19h33.19.662,SandwichStudy,3.2.4,Win32,60,"[""space""]",[0.3489999771118164],1,0,80,75,1,79,Vegan bacon,Tomatoes,Lettuce,Mayonnaise,,,,,Artichoke hearts,Feta cheese,Provolone cheese,Mayonnaise,Onions,Tomatoes,Pickles,,7,4,7,1000,0,1000,0,1,999,,,,,,,,,,,,,,,
,,,,,,,,,,,,,61636,2020-03-02_19h33.19.662,SandwichStudy,3.2.4,Win32,60,"[""space""]",[0.24000000953674316],1,0,80,75,1,79,Vegan bacon,Tomatoes,Lettuce,Mayonnaise,,,,,Artichoke hearts,Feta cheese,Provolone cheese,Mayonnaise,Onions,Tomatoes,Pickles,,7,4,7,1000,0,1000,0,1,999,,,,,,,,,,,,,,,
,,,,,,,,,,,,,61636,2020-03-02_19h33.19.662,SandwichStudy,3.2.4,Win32,60,"[""space""]",[1.9459998607635498],1,0,80,75,1,79,Vegan bacon,Tomatoes,Lettuce,Mayonnaise,,,,,Artichoke hearts,Feta cheese,Provolone cheese,Mayonnaise,Onions,Tomatoes,Pickles,,7,4,7,1000,0,1000,0,1,999,,,,,,,,,,,,,,,
,,,,,,,,,,,,,61636,2020-03-02_19h33.19.662,SandwichStudy,3.2.4,Win32,60,"[""a""]",[1.3519999980926514],1,0,80,75,1,79,Vegan bacon,Tomatoes,Lettuce,Mayonnaise,,,,,Artichoke hearts,Feta cheese,Provolone cheese,Mayonnaise,Onions,Tomatoes,Pickles,,7,4,7,1000,0,1000,0,1,999,,,,,,,,,,,,,,,
,,,,,,,,,,,,,61636,2020-03-02_19h33.19.662,SandwichStudy,3.2.4,Win32,60,"[""space""]",[0.25300002098083496],1,0,80,55,1,79,Vegan turkey,Onions,Lettuce,Pickles,Mustard,Mayonnaise,,,Soy chicken,Garlic aioli,Pickles,Cucumbers,Jalapenos,Basil,,,6,6,6,1000,0,1000,0,1,999,,,,,,,,,,,,,,,
,,,,,,,,,,,,,61636,2020-03-02_19h33.19.662,SandwichStudy,3.2.4,Win32,60,"[""space""]",[0.2820000648498535],1,0,80,55,1,79,Vegan turkey,Onions,Lettuce,Pickles,Mustard,Mayonnaise,,,Soy chicken,Garlic aioli,Pickles,Cucumbers,Jalapenos,Basil,,,6,6,6,1000,0,1000,0,1,999,,,,,,,,,,,,,,,
,,,,,,,,,,,,,61636,2020-03-02_19h33.19.662,SandwichStudy,3.2.4,Win32,60,"[""space""]",[0.20099997520446777],1,0,80,55,1,79,Vegan turkey,Onions,Lettuce,Pickles,Mustard,Mayonnaise,,,Soy chicken,Garlic aioli,Pickles,Cucumbers,Jalapenos,Basil,,,6,6,6,1000,0,1000,0,1,999,,,,,,,,,,,,,,,
,,,,,,,,,,,,,61636,2020-03-02_19h33.19.662,SandwichStudy,3.2.4,Win32,60,"[""a""]",[1.6499998569488525],1,0,80,55,1,79,Vegan turkey,Onions,Lettuce,Pickles,Mustard,Mayonnaise,,,Soy chicken,Garlic aioli,Pickles,Cucumbers,Jalapenos,Basil,,,6,6,6,1000,0,1000,0,1,999,,,,,,,,,,,,,,,
,,,,,,,,,,,,,61636,2020-03-02_19h33.19.662,SandwichStudy,3.2.4,Win32,60,"[""space""]",[0.22300004959106445],1,0,80,31,1,79,Mushrooms,Provolone cheese,Mustard,Peppers,Lettuce,Tomatoes,Vinaigrette,,Black bean patty,Tomatoes,Cheddar cheese,Onions,Pickles,Lettuce,,,7,7,6,1000,0,1000,0,1,999,,,,,,,,,,,,,,,
,,,,,,,,,,,,,61636,2020-03-02_19h33.19.662,SandwichStudy,3.2.4,Win32,60,"[""space""]",[0.04900002479553223],1,0,80,31,1,79,Mushrooms,Provolone cheese,Mustard,Peppers,Lettuce,Tomatoes,Vinaigrette,,Black bean patty,Tomatoes,Cheddar cheese,Onions,Pickles,Lettuce,,,7,7,6,1000,0,1000,0,1,999,,,,,,,,,,,,,,,
,,,,,,,,,,,,,61636,2020-03-02_19h33.19.662,SandwichStudy,3.2.4,Win32,60,"[""space""]",[0.5480000972747803],1,0,80,31,1,79,Mushrooms,Provolone cheese,Mustard,Peppers,Lettuce,Tomatoes,Vinaigrette,,Black bean patty,Tomatoes,Cheddar cheese,Onions,Pickles,Lettuce,,,7,7,6,1000,0,1000,0,1,999,,,,,,,,,,,,,,,
,,,,,,,,,,,,,61636,2020-03-02_19h33.19.662,SandwichStudy,3.2.4,Win32,60,"[""space""]",[0.46399998664855957],1,0,80,31,1,79,Mushrooms,Provolone cheese,Mustard,Peppers,Lettuce,Tomatoes,Vinaigrette,,Black bean patty,Tomatoes,Cheddar cheese,Onions,Pickles,Lettuce,,,7,7,6,1000,0,1000,0,1,999,,,,,,,,,,,,,,,
,,,,,,,,,,,,,61636,2020-03-02_19h33.19.662,SandwichStudy,3.2.4,Win32,60,"[""a""]",[0.4849998950958252],1,0,80,31,1,79,Mushrooms,Provolone cheese,Mustard,Peppers,Lettuce,Tomatoes,Vinaigrette,,Black bean patty,Tomatoes,Cheddar cheese,Onions,Pickles,Lettuce,,,7,7,6,1000,0,1000,0,1,999,,,,,,,,,,,,,,,
,,,,,,,,,,,,,61636,2020-03-02_19h33.19.662,SandwichStudy,3.2.4,Win32,60,"[""space""]",[0.06599998474121094],1,0,80,35,1,79,Falafel,Garlic aioli,Cucumbers,Peppers,Arugula,,,,Hummus,Feta cheese,Artichoke hearts,Cucumbers,Peppers,,,,5,5,5,1000,0,1000,0,1,999,,,,,,,,,,,,,,,
,,,,,,,,,,,,,61636,2020-03-02_19h33.19.662,SandwichStudy,3.2.4,Win32,60,"[""space""]",[0.5249998569488525],1,0,80,35,1,79,Falafel,Garlic aioli,Cucumbers,Peppers,Arugula,,,,Hummus,Feta cheese,Artichoke hearts,Cucumbers,Peppers,,,,5,5,5,1000,0,1000,0,1,999,,,,,,,,,,,,,,,
,,,,,,,,,,,,,61636,2020-03-02_19h33.19.662,SandwichStudy,3.2.4,Win32,60,"[""space""]",[0.3919999599456787],1,0,80,35,1,79,Falafel,Garlic aioli,Cucumbers,Peppers,Arugula,,,,Hummus,Feta cheese,Artichoke hearts,Cucumbers,Peppers,,,,5,5,5,1000,0,1000,0,1,999,,,,,,,,,,,,,,,
,,,,,,,,,,,,,61636,2020-03-02_19h33.19.662,SandwichStudy,3.2.4,Win32,60,"[""l""]",[1.0370001792907715],1,0,80,35,1,79,Falafel,Garlic aioli,Cucumbers,Peppers,Arugula,,,,Hummus,Feta cheese,Artichoke hearts,Cucumbers,Peppers,,,,5,5,5,1000,0,1000,0,1,999,,,,,,,,,,,,,,,
,,,,,,,,,,,,,61636,2020-03-02_19h33.19.662,SandwichStudy,3.2.4,Win32,60,"[""space""]",[0.497999906539917],1,0,80,15,1,79,Mixed greens,Onions,Hummus,Olives,Cucumbers,Sprouts,Tomatoes,,Mozzarella cheese,Peppers,Pesto,Mixed greens,Mayonnaise,,,,7,7,5,1000,0,1000,0,1,999,,,,,,,,,,,,,,,
,,,,,,,,,,,,,61636,2020-03-02_19h33.19.662,SandwichStudy,3.2.4,Win32,60,"[""space""]",[0.5360000133514404],1,0,80,15,1,79,Mixed greens,Onions,Hummus,Olives,Cucumbers,Sprouts,Tomatoes,,Mozzarella cheese,Peppers,Pesto,Mixed greens,Mayonnaise,,,,7,7,5,1000,0,1000,0,1,999,,,,,,,,,,,,,,,
,,,,,,,,,,,,,61636,2020-03-02_19h33.19.662,SandwichStudy,3.2.4,Win32,60,"[""space""]",[0.0690000057220459],1,0,80,15,1,79,Mixed greens,Onions,Hummus,Olives,Cucumbers,Sprouts,Tomatoes,,Mozzarella cheese,Peppers,Pesto,Mixed greens,Mayonnaise,,,,7,7,5,1000,0,1000,0,1,999,,,,,,,,,,,,,,,
,,,,,,,,,,,,,61636,2020-03-02_19h33.19.662,SandwichStudy,3.2.4,Win32,60,"[""a""]",[3.753000020980835],1,0,80,15,1,79,Mixed greens,Onions,Hummus,Olives,Cucumbers,Sprouts,Tomatoes,,Mozzarella cheese,Peppers,Pesto,Mixed greens,Mayonnaise,,,,7,7,5,1000,0,1000,0,1,999,,,,,,,,,,,,,,,
,,,,,,,,,,,,,61636,2020-03-02_19h33.19.662,SandwichStudy,3.2.4,Win32,60,"[""space""]",[0.2239999771118164],1,0,80,8,1,79,Avocado,Tomatoes,Lettuce,Sprouts,Guacamole,Vinaigrette,,,Tomatoes,Mozzarella cheese,Spinach,Pesto,,,,,6,6,4,1000,0,1000,0,1,999,,,,,,,,,,,,,,,
,,,,,,,,,,,,,61636,2020-03-02_19h33.19.662,SandwichStudy,3.2.4,Win32,60,"[""space""]",[0.2590000629425049],1,0,80,8,1,79,Avocado,Tomatoes,Lettuce,Sprouts,Guacamole,Vinaigrette,,,Tomatoes,Mozzarella cheese,Spinach,Pesto,,,,,6,6,4,1000,0,1000,0,1,999,,,,,,,,,,,,,,,
,,,,,,,,,,,,,61636,2020-03-02_19h33.19.662,SandwichStudy,3.2.4,Win32,60,"[""a""]",[3.2360000610351562],1,0,80,8,1,79,Avocado,Tomatoes,Lettuce,Sprouts,Guacamole,Vinaigrette,,,Tomatoes,Mozzarella cheese,Spinach,Pesto,,,,,6,6,4,1000,0,1000,0,1,999,,,,,,,,,,,,,,,
,,,,,,,,,,,,,61636,2020-03-02_19h33.19.662,SandwichStudy,3.2.4,Win32,60,"[""space""]",[0.08699989318847656],1,0,80,46,1,79,Black bean patty,Pepper jack cheese,Lettuce,Tomatoes,Onions,Avocado,Mustard,,Avocado,Spinach,Tomatoes,Swiss cheese,,,,,7,7,4,1000,0,1000,0,1,999,,,,,,,,,,,,,,,
,,,,,,,,,,,,,61636,2020-03-02_19h33.19.662,SandwichStudy,3.2.4,Win32,60,"[""space""]",[0.5169999599456787],1,0,80,46,1,79,Black bean patty,Pepper jack cheese,Lettuce,Tomatoes,Onions,Avocado,Mustard,,Avocado,Spinach,Tomatoes,Swiss cheese,,,,,7,7,4,1000,0,1000,0,1,999,,,,,,,,,,,,,,,
,,,,,,,,,,,,,61636,2020-03-02_19h33.19.662,SandwichStudy,3.2.4,Win32,60,"[""space""]",[0.0840001106262207],1,0,80,46,1,79,Black bean patty,Pepper jack cheese,Lettuce,Tomatoes,Onions,Avocado,Mustard,,Avocado,Spinach,Tomatoes,Swiss cheese,,,,,7,7,4,1000,0,1000,0,1,999,,,,,,,,,,,,,,,
,,,,,,,,,,,,,61636,2020-03-02_19h33.19.662,SandwichStudy,3.2.4,Win32,60,"[""l""]",[0.557999849319458],1,0,80,46,1,79,Black bean patty,Pepper jack cheese,Lettuce,Tomatoes,Onions,Avocado,Mustard,,Avocado,Spinach,Tomatoes,Swiss cheese,,,,,7,7,4,1000,0,1000,0,1,999,,,,,,,,,,,,,,,
,,,,,,,,,,,,,61636,2020-03-02_19h33.19.662,SandwichStudy,3.2.4,Win32,60,"[""space""]",[0.4649999141693115],1,0,80,30,1,79,Olives,Tomatoes,Spinach,Feta cheese,Provolone cheese,Vinaigrette,,,Cheddar cheese,Swiss cheese,Pepper jack cheese,Avocado,Mayonnaise,Sprouts,Tomatoes,,7,6,7,1000,0,1000,0,1,999,,,,,,,,,,,,,,,
,,,,,,,,,,,,,61636,2020-03-02_19h33.19.662,SandwichStudy,3.2.4,Win32,60,"[""space""]",[0.6180000305175781],1,0,80,30,1,79,Olives,Tomatoes,Spinach,Feta cheese,Provolone cheese,Vinaigrette,,,Cheddar cheese,Swiss cheese,Pepper jack cheese,Avocado,Mayonnaise,Sprouts,Tomatoes,,7,6,7,1000,0,1000,0,1,999,,,,,,,,,,,,,,,
,,,,,,,,,,,,,61636,2020-03-02_19h33.19.662,SandwichStudy,3.2.4,Win32,60,"[""space""]",[0.6610000133514404],1,0,80,30,1,79,Olives,Tomatoes,Spinach,Feta cheese,Provolone cheese,Vinaigrette,,,Cheddar cheese,Swiss cheese,Pepper jack cheese,Avocado,Mayonnaise,Sprouts,Tomatoes,,7,6,7,1000,0,1000,0,1,999,,,,,,,,,,,,,,,
,,,,,,,,,,,,,61636,2020-03-02_19h33.19.662,SandwichStudy,3.2.4,Win32,60,"[""a""]",[0.2819998264312744],1,0,80,30,1,79,Olives,Tomatoes,Spinach,Feta cheese,Provolone cheese,Vinaigrette,,,Cheddar cheese,Swiss cheese,Pepper jack cheese,Avocado,Mayonnaise,Sprouts,Tomatoes,,7,6,7,1000,0,1000,0,1,999,,,,,,,,,,,,,,,
,,,,,,,,,,,,,61636,2020-03-02_19h33.19.662,SandwichStudy,3.2.4,Win32,60,"[""space""]",[0.2560000419616699],1,0,80,6,1,79,Avocado,Pepper jack cheese,Sprouts,Spinach,Cucumbers,Onions,Mayonnaise,Tomatoes,Pepper jack cheese,Cream cheese,Guacamole,Mixed greens,Onions,Tomatoes,Pickles,Sprouts,8,8,8,1000,0,1000,0,1,999,,,,,,,,,,,,,,,
,,,,,,,,,,,,,61636,2020-03-02_19h33.19.662,SandwichStudy,3.2.4,Win32,60,"[""space""]",[0.437000036239624],1,0,80,6,1,79,Avocado,Pepper jack cheese,Sprouts,Spinach,Cucumbers,Onions,Mayonnaise,Tomatoes,Pepper jack cheese,Cream cheese,Guacamole,Mixed greens,Onions,Tomatoes,Pickles,Sprouts,8,8,8,1000,0,1000,0,1,999,,,,,,,,,,,,,,,
,,,,,,,,,,,,,61636,2020-03-02_19h33.19.662,SandwichStudy,3.2.4,Win32,60,"[""space""]",[0.43900012969970703],1,0,80,6,1,79,Avocado,Pepper jack cheese,Sprouts,Spinach,Cucumbers,Onions,Mayonnaise,Tomatoes,Pepper jack cheese,Cream cheese,Guacamole,Mixed greens,Onions,Tomatoes,Pickles,Sprouts,8,8,8,1000,0,1000,0,1,999,,,,,,,,,,,,,,,
,,,,,,,,,,,,,61636,2020-03-02_19h33.19.662,SandwichStudy,3.2.4,Win32,60,"[""a""]",[1.808000087738037],1,0,80,6,1,79,Avocado,Pepper jack cheese,Sprouts,Spinach,Cucumbers,Onions,Mayonnaise,Tomatoes,Pepper jack cheese,Cream cheese,Guacamole,Mixed greens,Onions,Tomatoes,Pickles,Sprouts,8,8,8,1000,0,1000,0,1,999,,,,,,,,,,,,,,,
,,,,,,,,,,,,,61636,2020-03-02_19h33.19.662,SandwichStudy,3.2.4,Win32,60,"[""space""]",[0.5809998512268066],1,0,80,68,1,79,Mushrooms,Provolone cheese,Mustard,Peppers,Lettuce,Tomatoes,Vinaigrette,,Vegan turkey,Cucumbers,Tomatoes,Onions,Sprouts,Avocado,Mayonnaise,,7,7,7,1000,0,1000,0,1,999,,,,,,,,,,,,,,,
,,,,,,,,,,,,,61636,2020-03-02_19h33.19.662,SandwichStudy,3.2.4,Win32,60,"[""space""]",[0.4070000648498535],1,0,80,68,1,79,Mushrooms,Provolone cheese,Mustard,Peppers,Lettuce,Tomatoes,Vinaigrette,,Vegan turkey,Cucumbers,Tomatoes,Onions,Sprouts,Avocado,Mayonnaise,,7,7,7,1000,0,1000,0,1,999,,,,,,,,,,,,,,,
,,,,,,,,,,,,,61636,2020-03-02_19h33.19.662,SandwichStudy,3.2.4,Win32,60,"[""space""]",[0.43000006675720215],1,0,80,68,1,79,Mushrooms,Provolone cheese,Mustard,Peppers,Lettuce,Tomatoes,Vinaigrette,,Vegan turkey,Cucumbers,Tomatoes,Onions,Sprouts,Avocado,Mayonnaise,,7,7,7,1000,0,1000,0,1,999,,,,,,,,,,,,,,,
,,,,,,,,,,,,,61636,2020-03-02_19h33.19.662,SandwichStudy,3.2.4,Win32,60,"[""a""]",[1.9500000476837158],1,0,80,68,1,79,Mushrooms,Provolone cheese,Mustard,Peppers,Lettuce,Tomatoes,Vinaigrette,,Vegan turkey,Cucumbers,Tomatoes,Onions,Sprouts,Avocado,Mayonnaise,,7,7,7,1000,0,1000,0,1,999,,,,,,,,,,,,,,,
,,,,,,,,,,,,,61636,2020-03-02_19h33.19.662,SandwichStudy,3.2.4,Win32,60,"[""space""]",[1.121999979019165],1,0,80,18,1,79,Provolone cheese,Tomatoes,Pesto,Cheddar cheese,,,,,Guacamole,Hummus,Feta cheese,Mixed greens,Onions,Tomatoes,Pickles,Mushrooms,8,4,8,1000,0,1000,0,1,999,,,,,,,,,,,,,,,
,,,,,,,,,,,,,61636,2020-03-02_19h33.19.662,SandwichStudy,3.2.4,Win32,60,"[""space""]",[1.2350001335144043],1,0,80,18,1,79,Provolone cheese,Tomatoes,Pesto,Cheddar cheese,,,,,Guacamole,Hummus,Feta cheese,Mixed greens,Onions,Tomatoes,Pickles,Mushrooms,8,4,8,1000,0,1000,0,1,999,,,,,,,,,,,,,,,
,,,,,,,,,,,,,61636,2020-03-02_19h33.19.662,SandwichStudy,3.2.4,Win32,60,"[""space""]",[0.7630000114440918],1,0,80,18,1,79,Provolone cheese,Tomatoes,Pesto,Cheddar cheese,,,,,Guacamole,Hummus,Feta cheese,Mixed greens,Onions,Tomatoes,Pickles,Mushrooms,8,4,8,1000,0,1000,0,1,999,,,,,,,,,,,,,,,
,,,,,,,,,,,,,61636,2020-03-02_19h33.19.662,SandwichStudy,3.2.4,Win32,60,"[""l""]",[3.8949999809265137],1,0,80,18,1,79,Provolone cheese,Tomatoes,Pesto,Cheddar cheese,,,,,Guacamole,Hummus,Feta cheese,Mixed greens,Onions,Tomatoes,Pickles,Mushrooms,8,4,8,1000,0,1000,0,1,999,,,,,,,,,,,,,,,
,,,,,,,,,,,,,61636,2020-03-02_19h33.19.662,SandwichStudy,3.2.4,Win32,60,"[""space""]",[0.13199996948242188],1,0,80,11,1,79,Soy chicken,Lettuce,Tomatoes,Onions,Guacamole,Mayonnaise,,,Avocado,Cucumbers,Sprouts,Lettuce,Tomatoes,Onions,Pesto,,7,6,7,1000,0,1000,0,1,999,,,,,,,,,,,,,,,
,,,,,,,,,,,,,61636,2020-03-02_19h33.19.662,SandwichStudy,3.2.4,Win32,60,"[""space""]",[0.4930000305175781],1,0,80,11,1,79,Soy chicken,Lettuce,Tomatoes,Onions,Guacamole,Mayonnaise,,,Avocado,Cucumbers,Sprouts,Lettuce,Tomatoes,Onions,Pesto,,7,6,7,1000,0,1000,0,1,999,,,,,,,,,,,,,,,
,,,,,,,,,,,,,61636,2020-03-02_19h33.19.662,SandwichStudy,3.2.4,Win32,60,"[""space""]",[1.1019999980926514],1,0,80,11,1,79,Soy chicken,Lettuce,Tomatoes,Onions,Guacamole,Mayonnaise,,,Avocado,Cucumbers,Sprouts,Lettuce,Tomatoes,Onions,Pesto,,7,6,7,1000,0,1000,0,1,999,,,,,,,,,,,,,,,
,,,,,,,,,,,,,61636,2020-03-02_19h33.19.662,SandwichStudy,3.2.4,Win32,60,"[""l""]",[0.9639999866485596],1,0,80,11,1,79,Soy chicken,Lettuce,Tomatoes,Onions,Guacamole,Mayonnaise,,,Avocado,Cucumbers,Sprouts,Lettuce,Tomatoes,Onions,Pesto,,7,6,7,1000,0,1000,0,1,999,,,,,,,,,,,,,,,
,,,,,,,,,,,,,61636,2020-03-02_19h33.19.662,SandwichStudy,3.2.4,Win32,60,"[""space""]",[0.36700010299682617],1,0,80,49,1,79,Soy chicken,Pesto,Mixed greens,Tomatoes,Onions,,,,Avocado,Vegan bacon,Garlic aioli,Lettuce,Tomatoes,Onions,,,6,5,6,1000,0,1000,0,1,999,,,,,,,,,,,,,,,
,,,,,,,,,,,,,61636,2020-03-02_19h33.19.662,SandwichStudy,3.2.4,Win32,60,"[""space""]",[1.683000087738037],1,0,80,49,1,79,Soy chicken,Pesto,Mixed greens,Tomatoes,Onions,,,,Avocado,Vegan bacon,Garlic aioli,Lettuce,Tomatoes,Onions,,,6,5,6,1000,0,1000,0,1,999,,,,,,,,,,,,,,,
,,,,,,,,,,,,,61636,2020-03-02_19h33.19.662,SandwichStudy,3.2.4,Win32,60,"[""space""]",[0.38000011444091797],1,0,80,49,1,79,Soy chicken,Pesto,Mixed greens,Tomatoes,Onions,,,,Avocado,Vegan bacon,Garlic aioli,Lettuce,Tomatoes,Onions,,,6,5,6,1000,0,1000,0,1,999,,,,,,,,,,,,,,,
,,,,,,,,,,,,,61636,2020-03-02_19h33.19.662,SandwichStudy,3.2.4,Win32,60,"[""l""]",[3.747999906539917],1,0,80,49,1,79,Soy chicken,Pesto,Mixed greens,Tomatoes,Onions,,,,Avocado,Vegan bacon,Garlic aioli,Lettuce,Tomatoes,Onions,,,6,5,6,1000,0,1000,0,1,999,,,,,,,,,,,,,,,
,,,,,,,,,,,,,61636,2020-03-02_19h33.19.662,SandwichStudy,3.2.4,Win32,60,"[""space""]",[1.1299998760223389],1,0,80,0,1,79,Provolone cheese,Swiss cheese,Cheddar cheese,Parmesan cheese,Tomatoes,Mustard,,,Soy chicken,Garlic aioli,Pickles,Cucumbers,Jalapenos,Basil,,,6,6,6,1000,0,1000,0,1,999,,,,,,,,,,,,,,,
,,,,,,,,,,,,,61636,2020-03-02_19h33.19.662,SandwichStudy,3.2.4,Win32,60,"[""space""]",[0.03299999237060547],1,0,80,0,1,79,Provolone cheese,Swiss cheese,Cheddar cheese,Parmesan cheese,Tomatoes,Mustard,,,Soy chicken,Garlic aioli,Pickles,Cucumbers,Jalapenos,Basil,,,6,6,6,1000,0,1000,0,1,999,,,,,,,,,,,,,,,
,,,,,,,,,,,,,61636,2020-03-02_19h33.19.662,SandwichStudy,3.2.4,Win32,60,"[""space""]",[0.05099987983703613],1,0,80,0,1,79,Provolone cheese,Swiss cheese,Cheddar cheese,Parmesan cheese,Tomatoes,Mustard,,,Soy chicken,Garlic aioli,Pickles,Cucumbers,Jalapenos,Basil,,,6,6,6,1000,0,1000,0,1,999,,,,,,,,,,,,,,,
,,,,,,,,,,,,,61636,2020-03-02_19h33.19.662,SandwichStudy,3.2.4,Win32,60,"[""a""]",[1.7910001277923584],1,0,80,0,1,79,Provolone cheese,Swiss cheese,Cheddar cheese,Parmesan cheese,Tomatoes,Mustard,,,Soy chicken,Garlic aioli,Pickles,Cucumbers,Jalapenos,Basil,,,6,6,6,1000,0,1000,0,1,999,,,,,,,,,,,,,,,
,,,,,,,,,,,,,61636,2020-03-02_19h33.19.662,SandwichStudy,3.2.4,Win32,60,"[""space""]",[0.26199984550476074],1,0,80,56,1,79,Soy chicken,Pickles,Jalapenos,Basil,,,,,Onions,Peppers,Mushrooms,Jalapenos,American cheese,,,,5,4,5,1000,0,1000,0,1,999,,,,,,,,,,,,,,,
,,,,,,,,,,,,,61636,2020-03-02_19h33.19.662,SandwichStudy,3.2.4,Win32,60,"[""space""]",[0.18499994277954102],1,0,80,56,1,79,Soy chicken,Pickles,Jalapenos,Basil,,,,,Onions,Peppers,Mushrooms,Jalapenos,American cheese,,,,5,4,5,1000,0,1000,0,1,999,,,,,,,,,,,,,,,
,,,,,,,,,,,,,61636,2020-03-02_19h33.19.662,SandwichStudy,3.2.4,Win32,60,"[""space""]",[0.0010001659393310547],1,0,80,56,1,79,Soy chicken,Pickles,Jalapenos,Basil,,,,,Onions,Peppers,Mushrooms,Jalapenos,American cheese,,,,5,4,5,1000,0,1000,0,1,999,,,,,,,,,,,,,,,
,,,,,,,,,,,,,61636,2020-03-02_19h33.19.662,SandwichStudy,3.2.4,Win32,60,"[""a""]",[0.7200000286102295],1,0,80,56,1,79,Soy chicken,Pickles,Jalapenos,Basil,,,,,Onions,Peppers,Mushrooms,Jalapenos,American cheese,,,,5,4,5,1000,0,1000,0,1,999,,,,,,,,,,,,,,,
,,,,,,,,,,,,,61636,2020-03-02_19h33.19.662,SandwichStudy,3.2.4,Win32,60,"[""space""]",[0.08700013160705566],1,0,80,34,1,79,Black bean patty,Onions,Peppers,Provolone cheese,,,,,Black bean patty,American cheese,Cheddar cheese,Lettuce,Tomatoes,,,,5,4,5,1000,0,1000,0,1,999,,,,,,,,,,,,,,,
,,,,,,,,,,,,,61636,2020-03-02_19h33.19.662,SandwichStudy,3.2.4,Win32,60,"[""space""]",[0.9170000553131104],1,0,80,34,1,79,Black bean patty,Onions,Peppers,Provolone cheese,,,,,Black bean patty,American cheese,Cheddar cheese,Lettuce,Tomatoes,,,,5,4,5,1000,0,1000,0,1,999,,,,,,,,,,,,,,,
,,,,,,,,,,,,,61636,2020-03-02_19h33.19.662,SandwichStudy,3.2.4,Win32,60,"[""space""]",[0.3680000305175781],1,0,80,34,1,79,Black bean patty,Onions,Peppers,Provolone cheese,,,,,Black bean patty,American cheese,Cheddar cheese,Lettuce,Tomatoes,,,,5,4,5,1000,0,1000,0,1,999,,,,,,,,,,,,,,,
,,,,,,,,,,,,,61636,2020-03-02_19h33.19.662,SandwichStudy,3.2.4,Win32,60,"[""l""]",[1.0350000858306885],1,0,80,34,1,79,Black bean patty,Onions,Peppers,Provolone cheese,,,,,Black bean patty,American cheese,Cheddar cheese,Lettuce,Tomatoes,,,,5,4,5,1000,0,1000,0,1,999,,,,,,,,,,,,,,,
,,,,,,,,,,,,,61636,2020-03-02_19h33.19.662,SandwichStudy,3.2.4,Win32,60,"[""space""]",[0.32700014114379883],1,0,80,7,1,79,Guacamole,Sprouts,Tomatoes,Cucumbers,Vinaigrette,,,,Soy chicken,Pesto,Mixed greens,Tomatoes,Onions,,,,5,5,5,1000,0,1000,0,1,999,,,,,,,,,,,,,,,
,,,,,,,,,,,,,61636,2020-03-02_19h33.19.662,SandwichStudy,3.2.4,Win32,60,"[""space""]",[0.4809999465942383],1,0,80,7,1,79,Guacamole,Sprouts,Tomatoes,Cucumbers,Vinaigrette,,,,Soy chicken,Pesto,Mixed greens,Tomatoes,Onions,,,,5,5,5,1000,0,1000,0,1,999,,,,,,,,,,,,,,,
,,,,,,,,,,,,,61636,2020-03-02_19h33.19.662,SandwichStudy,3.2.4,Win32,60,"[""space""]",[0.252000093460083],1,0,80,7,1,79,Guacamole,Sprouts,Tomatoes,Cucumbers,Vinaigrette,,,,Soy chicken,Pesto,Mixed greens,Tomatoes,Onions,,,,5,5,5,1000,0,1000,0,1,999,,,,,,,,,,,,,,,
,,,,,,,,,,,,,61636,2020-03-02_19h33.19.662,SandwichStudy,3.2.4,Win32,60,"[""a""]",[1.1370000839233398],1,0,80,7,1,79,Guacamole,Sprouts,Tomatoes,Cucumbers,Vinaigrette,,,,Soy chicken,Pesto,Mixed greens,Tomatoes,Onions,,,,5,5,5,1000,0,1000,0,1,999,,,,,,,,,,,,,,,
,,,,,,,,,,,,,61636,2020-03-02_19h33.19.662,SandwichStudy,3.2.4,Win32,60,"[""space""]",[0.0009999275207519531],1,0,80,43,1,79,Soy chicken,Lettuce,Tomatoes,Onions,Guacamole,Mayonnaise,,,Egg salad,Tomatoes,Onions,Arugula,Garlic aioli,,,,6,6,5,1000,0,1000,0,1,999,,,,,,,,,,,,,,,
,,,,,,,,,,,,,61636,2020-03-02_19h33.19.662,SandwichStudy,3.2.4,Win32,60,"[""l""]",[0.2089998722076416],1,0,80,43,1,79,Soy chicken,Lettuce,Tomatoes,Onions,Guacamole,Mayonnaise,,,Egg salad,Tomatoes,Onions,Arugula,Garlic aioli,,,,6,6,5,1000,0,1000,0,1,999,,,,,,,,,,,,,,,
,,,,,,,,,,,,,61636,2020-03-02_19h33.19.662,SandwichStudy,3.2.4,Win32,60,"[""space""]",[0.18499994277954102],1,0,80,64,1,79,Peppers,Tomatoes,Basil,Spinach,Hummus,Pesto,Olives,,Provolone cheese,Guacamole,Mixed greens,Onions,Tomatoes,Pickles,Cucumbers,Sprouts,8,7,8,1000,0,1000,0,1,999,,,,,,,,,,,,,,,
,,,,,,,,,,,,,61636,2020-03-02_19h33.19.662,SandwichStudy,3.2.4,Win32,60,"[""space""]",[0.11500000953674316],1,0,80,64,1,79,Peppers,Tomatoes,Basil,Spinach,Hummus,Pesto,Olives,,Provolone cheese,Guacamole,Mixed greens,Onions,Tomatoes,Pickles,Cucumbers,Sprouts,8,7,8,1000,0,1000,0,1,999,,,,,,,,,,,,,,,
,,,,,,,,,,,,,61636,2020-03-02_19h33.19.662,SandwichStudy,3.2.4,Win32,60,"[""space""]",[1.7310001850128174],1,0,80,64,1,79,Peppers,Tomatoes,Basil,Spinach,Hummus,Pesto,Olives,,Provolone cheese,Guacamole,Mixed greens,Onions,Tomatoes,Pickles,Cucumbers,Sprouts,8,7,8,1000,0,1000,0,1,999,,,,,,,,,,,,,,,
,,,,,,,,,,,,,61636,2020-03-02_19h33.19.662,SandwichStudy,3.2.4,Win32,60,"[""a""]",[0.5740001201629639],1,0,80,64,1,79,Peppers,Tomatoes,Basil,Spinach,Hummus,Pesto,Olives,,Provolone cheese,Guacamole,Mixed greens,Onions,Tomatoes,Pickles,Cucumbers,Sprouts,8,7,8,1000,0,1000,0,1,999,,,,,,,,,,,,,,,
,,,,,,,,,,,,,61636,2020-03-02_19h33.19.662,SandwichStudy,3.2.4,Win32,60,"[""space""]",[0.031000137329101562],1,0,80,44,1,79,Avocado,Tomatoes,Lettuce,Sprouts,Guacamole,Vinaigrette,,,Provolone cheese,Avocado,Cucumbers,Lettuce,Tomatoes,Onions,Sprouts,Mayonnaise,8,6,8,1000,0,1000,0,1,999,,,,,,,,,,,,,,,
,,,,,,,,,,,,,61636,2020-03-02_19h33.19.662,SandwichStudy,3.2.4,Win32,60,"[""space""]",[0.13199996948242188],1,0,80,44,1,79,Avocado,Tomatoes,Lettuce,Sprouts,Guacamole,Vinaigrette,,,Provolone cheese,Avocado,Cucumbers,Lettuce,Tomatoes,Onions,Sprouts,Mayonnaise,8,6,8,1000,0,1000,0,1,999,,,,,,,,,,,,,,,
,,,,,,,,,,,,,61636,2020-03-02_19h33.19.662,SandwichStudy,3.2.4,Win32,60,"[""space""]",[0.24399995803833008],1,0,80,44,1,79,Avocado,Tomatoes,Lettuce,Sprouts,Guacamole,Vinaigrette,,,Provolone cheese,Avocado,Cucumbers,Lettuce,Tomatoes,Onions,Sprouts,Mayonnaise,8,6,8,1000,0,1000,0,1,999,,,,,,,,,,,,,,,
,,,,,,,,,,,,,61636,2020-03-02_19h33.19.662,SandwichStudy,3.2.4,Win32,60,"[""a""]",[1.6619999408721924],1,0,80,44,1,79,Avocado,Tomatoes,Lettuce,Sprouts,Guacamole,Vinaigrette,,,Provolone cheese,Avocado,Cucumbers,Lettuce,Tomatoes,Onions,Sprouts,Mayonnaise,8,6,8,1000,0,1000,0,1,999,,,,,,,,,,,,,,,
,,,,,,,,,,,,,61636,2020-03-02_19h33.19.662,SandwichStudy,3.2.4,Win32,60,"[""space""]",[0.750999927520752],1,0,80,70,1,79,Mushrooms,Peppers,Artichoke hearts,Spinach,Pesto,,,,Hummus,Avocado,Cucumbers,Tomatoes,Onions,Sprouts,,,6,5,6,1000,0,1000,0,1,999,,,,,,,,,,,,,,,
,,,,,,,,,,,,,61636,2020-03-02_19h33.19.662,SandwichStudy,3.2.4,Win32,60,"[""space""]",[0.3509998321533203],1,0,80,70,1,79,Mushrooms,Peppers,Artichoke hearts,Spinach,Pesto,,,,Hummus,Avocado,Cucumbers,Tomatoes,Onions,Sprouts,,,6,5,6,1000,0,1000,0,1,999,,,,,,,,,,,,,,,
,,,,,,,,,,,,,61636,2020-03-02_19h33.19.662,SandwichStudy,3.2.4,Win32,60,"[""space""]",[0.5950000286102295],1,0,80,70,1,79,Mushrooms,Peppers,Artichoke hearts,Spinach,Pesto,,,,Hummus,Avocado,Cucumbers,Tomatoes,Onions,Sprouts,,,6,5,6,1000,0,1000,0,1,999,,,,,,,,,,,,,,,
,,,,,,,,,,,,,61636,2020-03-02_19h33.19.662,SandwichStudy,3.2.4,Win32,60,"[""a""]",[2.8470001220703125],1,0,80,70,1,79,Mushrooms,Peppers,Artichoke hearts,Spinach,Pesto,,,,Hummus,Avocado,Cucumbers,Tomatoes,Onions,Sprouts,,,6,5,6,1000,0,1000,0,1,999,,,,,,,,,,,,,,,
,,,,,,,,,,,,,61636,2020-03-02_19h33.19.662,SandwichStudy,3.2.4,Win32,60,"[""space""]",[0.5209999084472656],1,0,80,50,1,79,Tomatoes,Mozzarella cheese,Pesto,Vinaigrette,Spinach,,,,Avocado,Cucumbers,Sprouts,Lettuce,Tomatoes,Onions,Pesto,,7,5,7,1000,0,1000,0,1,999,,,,,,,,,,,,,,,
,,,,,,,,,,,,,61636,2020-03-02_19h33.19.662,SandwichStudy,3.2.4,Win32,60,"[""space""]",[0.053999900817871094],1,0,80,50,1,79,Tomatoes,Mozzarella cheese,Pesto,Vinaigrette,Spinach,,,,Avocado,Cucumbers,Sprouts,Lettuce,Tomatoes,Onions,Pesto,,7,5,7,1000,0,1000,0,1,999,,,,,,,,,,,,,,,
,,,,,,,,,,,,,61636,2020-03-02_19h33.19.662,SandwichStudy,3.2.4,Win32,60,"[""space""]",[1.0169999599456787],1,0,80,50,1,79,Tomatoes,Mozzarella cheese,Pesto,Vinaigrette,Spinach,,,,Avocado,Cucumbers,Sprouts,Lettuce,Tomatoes,Onions,Pesto,,7,5,7,1000,0,1000,0,1,999,,,,,,,,,,,,,,,
,,,,,,,,,,,,,61636,2020-03-02_19h33.19.662,SandwichStudy,3.2.4,Win32,60,"[""a""]",[0.0009999275207519531],1,0,80,50,1,79,Tomatoes,Mozzarella cheese,Pesto,Vinaigrette,Spinach,,,,Avocado,Cucumbers,Sprouts,Lettuce,Tomatoes,Onions,Pesto,,7,5,7,1000,0,1000,0,1,999,,,,,,,,,,,,,,,
,,,,,,,,,,,,,61636,2020-03-02_19h33.19.662,SandwichStudy,3.2.4,Win32,60,"[""space""]",[0.0280001163482666],1,0,80,40,1,79,Black bean patty,American cheese,Cheddar cheese,Lettuce,Tomatoes,,,,Avocado,Tomatoes,Mayonnaise,Mixed greens,Lettuce,Onions,Vinaigrette,,7,5,7,1000,0,1000,0,1,999,,,,,,,,,,,,,,,
,,,,,,,,,,,,,61636,2020-03-02_19h33.19.662,SandwichStudy,3.2.4,Win32,60,"[""space""]",[0.3920001983642578],1,0,80,40,1,79,Black bean patty,American cheese,Cheddar cheese,Lettuce,Tomatoes,,,,Avocado,Tomatoes,Mayonnaise,Mixed greens,Lettuce,Onions,Vinaigrette,,7,5,7,1000,0,1000,0,1,999,,,,,,,,,,,,,,,
,,,,,,,,,,,,,61636,2020-03-02_19h33.19.662,SandwichStudy,3.2.4,Win32,60,"[""space""]",[0.14299988746643066],1,0,80,40,1,79,Black bean patty,American cheese,Cheddar cheese,Lettuce,Tomatoes,,,,Avocado,Tomatoes,Mayonnaise,Mixed greens,Lettuce,Onions,Vinaigrette,,7,5,7,1000,0,1000,0,1,999,,,,,,,,,,,,,,,
,,,,,,,,,,,,,61636,2020-03-02_19h33.19.662,SandwichStudy,3.2.4,Win32,60,"[""a""]",[2.8959999084472656],1,0,80,40,1,79,Black bean patty,American cheese,Cheddar cheese,Lettuce,Tomatoes,,,,Avocado,Tomatoes,Mayonnaise,Mixed greens,Lettuce,Onions,Vinaigrette,,7,5,7,1000,0,1000,0,1,999,,,,,,,,,,,,,,,
,,,,,,,,,,,,,61636,2020-03-02_19h33.19.662,SandwichStudy,3.2.4,Win32,60,"[""l""]",[1.0360000133514404],1,0,80,3,1,79,Egg salad,Lettuce,Tomatoes,Onions,,,,,Peppers,Tomatoes,Basil,Spinach,Hummus,Pesto,Olives,,7,4,7,1000,0,1000,0,1,999,,,,,,,,,,,,,,,
,,,,,,,,,,,,,61636,2020-03-02_19h33.19.662,SandwichStudy,3.2.4,Win32,60,"[""space""]",[0.5590000152587891],1,0,80,22,1,79,Vegan bacon,Tomatoes,Avocado,Pesto,,,,,Provolone cheese,Avocado,Cucumbers,Lettuce,Tomatoes,Onions,Sprouts,Mayonnaise,8,4,8,1000,0,1000,0,1,999,,,,,,,,,,,,,,,
,,,,,,,,,,,,,61636,2020-03-02_19h33.19.662,SandwichStudy,3.2.4,Win32,60,"[""space""]",[0.20099997520446777],1,0,80,22,1,79,Vegan bacon,Tomatoes,Avocado,Pesto,,,,,Provolone cheese,Avocado,Cucumbers,Lettuce,Tomatoes,Onions,Sprouts,Mayonnaise,8,4,8,1000,0,1000,0,1,999,,,,,,,,,,,,,,,
,,,,,,,,,,,,,61636,2020-03-02_19h33.19.662,SandwichStudy,3.2.4,Win32,60,"[""space""]",[0.5970001220703125],1,0,80,22,1,79,Vegan bacon,Tomatoes,Avocado,Pesto,,,,,Provolone cheese,Avocado,Cucumbers,Lettuce,Tomatoes,Onions,Sprouts,Mayonnaise,8,4,8,1000,0,1000,0,1,999,,,,,,,,,,,,,,,
,,,,,,,,,,,,,61636,2020-03-02_19h33.19.662,SandwichStudy,3.2.4,Win32,60,"[""a""]",[0.7330000400543213],1,0,80,22,1,79,Vegan bacon,Tomatoes,Avocado,Pesto,,,,,Provolone cheese,Avocado,Cucumbers,Lettuce,Tomatoes,Onions,Sprouts,Mayonnaise,8,4,8,1000,0,1000,0,1,999,,,,,,,,,,,,,,,
,,,,,,,,,,,,,61636,2020-03-02_19h33.19.662,SandwichStudy,3.2.4,Win32,60,"[""space""]",[0.23600006103515625],1,0,80,28,1,79,Cucumbers,Tomatoes,Peppers,Onions,Mixed greens,Carrots,Sprouts,Avocado,Mushrooms,Swiss cheese,Provolone cheese,Cheddar cheese,Lettuce,Tomatoes,,,8,8,6,1000,0,1000,0,1,999,,,,,,,,,,,,,,,
,,,,,,,,,,,,,61636,2020-03-02_19h33.19.662,SandwichStudy,3.2.4,Win32,60,"[""space""]",[0.13900017738342285],1,0,80,28,1,79,Cucumbers,Tomatoes,Peppers,Onions,Mixed greens,Carrots,Sprouts,Avocado,Mushrooms,Swiss cheese,Provolone cheese,Cheddar cheese,Lettuce,Tomatoes,,,8,8,6,1000,0,1000,0,1,999,,,,,,,,,,,,,,,
,,,,,,,,,,,,,61636,2020-03-02_19h33.19.662,SandwichStudy,3.2.4,Win32,60,"[""space""]",[0.6150000095367432],1,0,80,28,1,79,Cucumbers,Tomatoes,Peppers,Onions,Mixed greens,Carrots,Sprouts,Avocado,Mushrooms,Swiss cheese,Provolone cheese,Cheddar cheese,Lettuce,Tomatoes,,,8,8,6,1000,0,1000,0,1,999,,,,,,,,,,,,,,,
,,,,,,,,,,,,,61636,2020-03-02_19h33.19.662,SandwichStudy,3.2.4,Win32,60,"[""a""]",[0.06500005722045898],1,0,80,28,1,79,Cucumbers,Tomatoes,Peppers,Onions,Mixed greens,Carrots,Sprouts,Avocado,Mushrooms,Swiss cheese,Provolone cheese,Cheddar cheese,Lettuce,Tomatoes,,,8,8,6,1000,0,1000,0,1,999,,,,,,,,,,,,,,,
,,,,,,,,,,,,,61636,2020-03-02_19h33.19.662,SandwichStudy,3.2.4,Win32,60,"[""space""]",[0.4479999542236328],1,0,80,73,1,79,Soy chicken,Coleslaw,Ranch dressing,Pickles,,,,,Black bean patty,Guacamole,Tomatoes,Lettuce,Sprouts,,,,5,4,5,1000,0,1000,0,1,999,,,,,,,,,,,,,,,
,,,,,,,,,,,,,61636,2020-03-02_19h33.19.662,SandwichStudy,3.2.4,Win32,60,"[""space""]",[0.7620000839233398],1,0,80,73,1,79,Soy chicken,Coleslaw,Ranch dressing,Pickles,,,,,Black bean patty,Guacamole,Tomatoes,Lettuce,Sprouts,,,,5,4,5,1000,0,1000,0,1,999,,,,,,,,,,,,,,,
,,,,,,,,,,,,,61636,2020-03-02_19h33.19.662,SandwichStudy,3.2.4,Win32,60,"[""space""]",[0.4590001106262207],1,0,80,73,1,79,Soy chicken,Coleslaw,Ranch dressing,Pickles,,,,,Black bean patty,Guacamole,Tomatoes,Lettuce,Sprouts,,,,5,4,5,1000,0,1000,0,1,999,,,,,,,,,,,,,,,
,,,,,,,,,,,,,61636,2020-03-02_19h33.19.662,SandwichStudy,3.2.4,Win32,60,"[""space""]",[0.5349998474121094],1,0,80,73,1,79,Soy chicken,Coleslaw,Ranch dressing,Pickles,,,,,Black bean patty,Guacamole,Tomatoes,Lettuce,Sprouts,,,,5,4,5,1000,0,1000,0,1,999,,,,,,,,,,,,,,,
,,,,,,,,,,,,,61636,2020-03-02_19h33.19.662,SandwichStudy,3.2.4,Win32,60,"[""l""]",[3.314000129699707],1,0,80,73,1,79,Soy chicken,Coleslaw,Ranch dressing,Pickles,,,,,Black bean patty,Guacamole,Tomatoes,Lettuce,Sprouts,,,,5,4,5,1000,0,1000,0,1,999,,,,,,,,,,,,,,,
,,,,,,,,,,,,,61636,2020-03-02_19h33.19.662,SandwichStudy,3.2.4,Win32,60,"[""space""]",[0.3490002155303955],1,0,80,33,1,79,Soy chicken,Pickles,Jalapenos,Basil,,,,,Avocado,Vegan bacon,Garlic aioli,Lettuce,Tomatoes,Onions,,,6,4,6,1000,0,1000,0,1,999,,,,,,,,,,,,,,,
,,,,,,,,,,,,,61636,2020-03-02_19h33.19.662,SandwichStudy,3.2.4,Win32,60,"[""space""]",[0.4139997959136963],1,0,80,33,1,79,Soy chicken,Pickles,Jalapenos,Basil,,,,,Avocado,Vegan bacon,Garlic aioli,Lettuce,Tomatoes,Onions,,,6,4,6,1000,0,1000,0,1,999,,,,,,,,,,,,,,,
,,,,,,,,,,,,,61636,2020-03-02_19h33.19.662,SandwichStudy,3.2.4,Win32,60,"[""space""]",[0.26599979400634766],1,0,80,33,1,79,Soy chicken,Pickles,Jalapenos,Basil,,,,,Avocado,Vegan bacon,Garlic aioli,Lettuce,Tomatoes,Onions,,,6,4,6,1000,0,1000,0,1,999,,,,,,,,,,,,,,,
,,,,,,,,,,,,,61636,2020-03-02_19h33.19.662,SandwichStudy,3.2.4,Win32,60,"[""a""]",[0.5659999847412109],1,0,80,33,1,79,Soy chicken,Pickles,Jalapenos,Basil,,,,,Avocado,Vegan bacon,Garlic aioli,Lettuce,Tomatoes,Onions,,,6,4,6,1000,0,1000,0,1,999,,,,,,,,,,,,,,,
,,,,,,,,,,,,,61636,2020-03-02_19h33.19.662,SandwichStudy,3.2.4,Win32,60,"[""space""]",[0.17499995231628418],1,0,80,1,1,79,Avocado,Pesto,Cheddar cheese,,,,,,Falafel,Hummus,Garlic aioli,Cucumbers,Basil,Tomatoes,,,6,3,6,1000,0,1000,0,1,999,,,,,,,,,,,,,,,
,,,,,,,,,,,,,61636,2020-03-02_19h33.19.662,SandwichStudy,3.2.4,Win32,60,"[""space""]",[0.5160000324249268],1,0,80,1,1,79,Avocado,Pesto,Cheddar cheese,,,,,,Falafel,Hummus,Garlic aioli,Cucumbers,Basil,Tomatoes,,,6,3,6,1000,0,1000,0,1,999,,,,,,,,,,,,,,,
,,,,,,,,,,,,,61636,2020-03-02_19h33.19.662,SandwichStudy,3.2.4,Win32,60,"[""space""]",[1.626999855041504],1,0,80,1,1,79,Avocado,Pesto,Cheddar cheese,,,,,,Falafel,Hummus,Garlic aioli,Cucumbers,Basil,Tomatoes,,,6,3,6,1000,0,1000,0,1,999,,,,,,,,,,,,,,,
,,,,,,,,,,,,,61636,2020-03-02_19h33.19.662,SandwichStudy,3.2.4,Win32,60,"[""l""]",[0.6840000152587891],1,0,80,1,1,79,Avocado,Pesto,Cheddar cheese,,,,,,Falafel,Hummus,Garlic aioli,Cucumbers,Basil,Tomatoes,,,6,3,6,1000,0,1000,0,1,999,,,,,,,,,,,,,,,
,,,,,,,,,,,,,61636,2020-03-02_19h33.19.662,SandwichStudy,3.2.4,Win32,60,"[""space""]",[0.437000036239624],1,0,80,10,1,79,Soy chicken,Ranch dressing,Lettuce,Tomatoes,Onions,,,,Swiss cheese,Hummus,Peppers,Mixed greens,Onions,Tomatoes,Pickles,Olives,8,5,8,1000,0,1000,0,1,999,,,,,,,,,,,,,,,
,,,,,,,,,,,,,61636,2020-03-02_19h33.19.662,SandwichStudy,3.2.4,Win32,60,"[""space""]",[0.3839998245239258],1,0,80,10,1,79,Soy chicken,Ranch dressing,Lettuce,Tomatoes,Onions,,,,Swiss cheese,Hummus,Peppers,Mixed greens,Onions,Tomatoes,Pickles,Olives,8,5,8,1000,0,1000,0,1,999,,,,,,,,,,,,,,,
,,,,,,,,,,,,,61636,2020-03-02_19h33.19.662,SandwichStudy,3.2.4,Win32,60,"[""space""]",[0.6119999885559082],1,0,80,10,1,79,Soy chicken,Ranch dressing,Lettuce,Tomatoes,Onions,,,,Swiss cheese,Hummus,Peppers,Mixed greens,Onions,Tomatoes,Pickles,Olives,8,5,8,1000,0,1000,0,1,999,,,,,,,,,,,,,,,
,,,,,,,,,,,,,61636,2020-03-02_19h33.19.662,SandwichStudy,3.2.4,Win32,60,"[""space""]",[0.312000036239624],1,0,80,10,1,79,Soy chicken,Ranch dressing,Lettuce,Tomatoes,Onions,,,,Swiss cheese,Hummus,Peppers,Mixed greens,Onions,Tomatoes,Pickles,Olives,8,5,8,1000,0,1000,0,1,999,,,,,,,,,,,,,,,
,,,,,,,,,,,,,61636,2020-03-02_19h33.19.662,SandwichStudy,3.2.4,Win32,60,"[""space""]",[0.13400006294250488],1,0,80,10,1,79,Soy chicken,Ranch dressing,Lettuce,Tomatoes,Onions,,,,Swiss cheese,Hummus,Peppers,Mixed greens,Onions,Tomatoes,Pickles,Olives,8,5,8,1000,0,1000,0,1,999,,,,,,,,,,,,,,,
,,,,,,,,,,,,,61636,2020-03-02_19h33.19.662,SandwichStudy,3.2.4,Win32,60,"[""a""]",[1.8460001945495605],1,0,80,10,1,79,Soy chicken,Ranch dressing,Lettuce,Tomatoes,Onions,,,,Swiss cheese,Hummus,Peppers,Mixed greens,Onions,Tomatoes,Pickles,Olives,8,5,8,1000,0,1000,0,1,999,,,,,,,,,,,,,,,
,,,,,,,,,,,,,61636,2020-03-02_19h33.19.662,SandwichStudy,3.2.4,Win32,60,"[""space""]",[0.29200005531311035],1,0,80,13,1,79,Jalapenos,Cucumbers,Sprouts,Mixed greens,Coleslaw,,,,Onions,Peppers,Mushrooms,Jalapenos,American cheese,,,,5,5,5,1000,0,1000,0,1,999,,,,,,,,,,,,,,,
,,,,,,,,,,,,,61636,2020-03-02_19h33.19.662,SandwichStudy,3.2.4,Win32,60,"[""space""]",[0.4099998474121094],1,0,80,13,1,79,Jalapenos,Cucumbers,Sprouts,Mixed greens,Coleslaw,,,,Onions,Peppers,Mushrooms,Jalapenos,American cheese,,,,5,5,5,1000,0,1000,0,1,999,,,,,,,,,,,,,,,
,,,,,,,,,,,,,61636,2020-03-02_19h33.19.662,SandwichStudy,3.2.4,Win32,60,"[""space""]",[0.42799997329711914],1,0,80,13,1,79,Jalapenos,Cucumbers,Sprouts,Mixed greens,Coleslaw,,,,Onions,Peppers,Mushrooms,Jalapenos,American cheese,,,,5,5,5,1000,0,1000,0,1,999,,,,,,,,,,,,,,,
,,,,,,,,,,,,,61636,2020-03-02_19h33.19.662,SandwichStudy,3.2.4,Win32,60,"[""space""]",[0.06200003623962402],1,0,80,13,1,79,Jalapenos,Cucumbers,Sprouts,Mixed greens,Coleslaw,,,,Onions,Peppers,Mushrooms,Jalapenos,American cheese,,,,5,5,5,1000,0,1000,0,1,999,,,,,,,,,,,,,,,
,,,,,,,,,,,,,61636,2020-03-02_19h33.19.662,SandwichStudy,3.2.4,Win32,60,"[""a""]",[0.8839998245239258],1,0,80,13,1,79,Jalapenos,Cucumbers,Sprouts,Mixed greens,Coleslaw,,,,Onions,Peppers,Mushrooms,Jalapenos,American cheese,,,,5,5,5,1000,0,1000,0,1,999,,,,,,,,,,,,,,,
,,,,,,,,,,,,,61636,2020-03-02_19h33.19.662,SandwichStudy,3.2.4,Win32,60,"[""space""]",[0.4850001335144043],1,0,80,58,1,79,Black bean patty,Tomatoes,Cheddar cheese,Onions,Pickles,Lettuce,,,Black bean patty,Onions,Peppers,Provolone cheese,,,,,6,6,4,1000,0,1000,0,1,999,,,,,,,,,,,,,,,
,,,,,,,,,,,,,61636,2020-03-02_19h33.19.662,SandwichStudy,3.2.4,Win32,60,"[""space""]",[0.04200005531311035],1,0,80,58,1,79,Black bean patty,Tomatoes,Cheddar cheese,Onions,Pickles,Lettuce,,,Black bean patty,Onions,Peppers,Provolone cheese,,,,,6,6,4,1000,0,1000,0,1,999,,,,,,,,,,,,,,,
,,,,,,,,,,,,,61636,2020-03-02_19h33.19.662,SandwichStudy,3.2.4,Win32,60,"[""space""]",[0.36299991607666016],1,0,80,58,1,79,Black bean patty,Tomatoes,Cheddar cheese,Onions,Pickles,Lettuce,,,Black bean patty,Onions,Peppers,Provolone cheese,,,,,6,6,4,1000,0,1000,0,1,999,,,,,,,,,,,,,,,
,,,,,,,,,,,,,61636,2020-03-02_19h33.19.662,SandwichStudy,3.2.4,Win32,60,"[""a""]",[1.0840001106262207],1,0,80,58,1,79,Black bean patty,Tomatoes,Cheddar cheese,Onions,Pickles,Lettuce,,,Black bean patty,Onions,Peppers,Provolone cheese,,,,,6,6,4,1000,0,1000,0,1,999,,,,,,,,,,,,,,,
,,,,,,,,,,,,,61636,2020-03-02_19h33.19.662,SandwichStudy,3.2.4,Win32,60,"[""space""]",[0.32200002670288086],1,0,80,51,1,79,Jalapenos,Cucumbers,Sprouts,Mixed greens,Coleslaw,,,,Avocado,Pepper jack cheese,Sprouts,Spinach,Cucumbers,Onions,Mayonnaise,Tomatoes,8,5,8,1000,0,1000,0,1,999,,,,,,,,,,,,,,,
,,,,,,,,,,,,,61636,2020-03-02_19h33.19.662,SandwichStudy,3.2.4,Win32,60,"[""space""]",[0.27900004386901855],1,0,80,51,1,79,Jalapenos,Cucumbers,Sprouts,Mixed greens,Coleslaw,,,,Avocado,Pepper jack cheese,Sprouts,Spinach,Cucumbers,Onions,Mayonnaise,Tomatoes,8,5,8,1000,0,1000,0,1,999,,,,,,,,,,,,,,,
,,,,,,,,,,,,,61636,2020-03-02_19h33.19.662,SandwichStudy,3.2.4,Win32,60,"[""space""]",[1.372999906539917],1,0,80,51,1,79,Jalapenos,Cucumbers,Sprouts,Mixed greens,Coleslaw,,,,Avocado,Pepper jack cheese,Sprouts,Spinach,Cucumbers,Onions,Mayonnaise,Tomatoes,8,5,8,1000,0,1000,0,1,999,,,,,,,,,,,,,,,
,,,,,,,,,,,,,61636,2020-03-02_19h33.19.662,SandwichStudy,3.2.4,Win32,60,"[""space""]",[0.375],1,0,80,51,1,79,Jalapenos,Cucumbers,Sprouts,Mixed greens,Coleslaw,,,,Avocado,Pepper jack cheese,Sprouts,Spinach,Cucumbers,Onions,Mayonnaise,Tomatoes,8,5,8,1000,0,1000,0,1,999,,,,,,,,,,,,,,,
,,,,,,,,,,,,,61636,2020-03-02_19h33.19.662,SandwichStudy,3.2.4,Win32,60,"[""a""]",[0.23099994659423828],1,0,80,51,1,79,Jalapenos,Cucumbers,Sprouts,Mixed greens,Coleslaw,,,,Avocado,Pepper jack cheese,Sprouts,Spinach,Cucumbers,Onions,Mayonnaise,Tomatoes,8,5,8,1000,0,1000,0,1,999,,,,,,,,,,,,,,,
,,,,,,,,,,,,,61636,2020-03-02_19h33.19.662,SandwichStudy,3.2.4,Win32,60,"[""space""]",[0.36299991607666016],1,0,80,26,1,79,Avocado,Onions,Cucumbers,Spinach,Cheddar cheese,,,,Hummus,Avocado,Tomatoes,Arugula,Mayonnaise,,,,5,5,5,1000,0,1000,0,1,999,,,,,,,,,,,,,,,
,,,,,,,,,,,,,61636,2020-03-02_19h33.19.662,SandwichStudy,3.2.4,Win32,60,"[""space""]",[0.27900004386901855],1,0,80,26,1,79,Avocado,Onions,Cucumbers,Spinach,Cheddar cheese,,,,Hummus,Avocado,Tomatoes,Arugula,Mayonnaise,,,,5,5,5,1000,0,1000,0,1,999,,,,,,,,,,,,,,,
,,,,,,,,,,,,,61636,2020-03-02_19h33.19.662,SandwichStudy,3.2.4,Win32,60,"[""space""]",[0.9519999027252197],1,0,80,26,1,79,Avocado,Onions,Cucumbers,Spinach,Cheddar cheese,,,,Hummus,Avocado,Tomatoes,Arugula,Mayonnaise,,,,5,5,5,1000,0,1000,0,1,999,,,,,,,,,,,,,,,
,,,,,,,,,,,,,61636,2020-03-02_19h33.19.662,SandwichStudy,3.2.4,Win32,60,"[""a""]",[0.17499995231628418],1,0,80,26,1,79,Avocado,Onions,Cucumbers,Spinach,Cheddar cheese,,,,Hummus,Avocado,Tomatoes,Arugula,Mayonnaise,,,,5,5,5,1000,0,1000,0,1,999,,,,,,,,,,,,,,,
,,,,,,,,,,,,,61636,2020-03-02_19h33.19.662,SandwichStudy,3.2.4,Win32,60,"[""a""]",[0.4070000648498535],1,0,80,48,1,79,Cheddar cheese,Swiss cheese,Pepper jack cheese,Avocado,Mayonnaise,Sprouts,Tomatoes,,Egg salad,Feta cheese,Spinach,Tomatoes,,,,,7,7,4,1000,0,1000,0,1,999,,,,,,,,,,,,,,,
,,,,,,,,,,,,,61636,2020-03-02_19h33.19.662,SandwichStudy,3.2.4,Win32,60,"[""l""]",[0.8880000114440918],1,0,80,19,1,79,Egg salad,Feta cheese,Spinach,Tomatoes,,,,,Spinach,Tomatoes,Cucumbers,Onions,Peppers,Avocado,Mayonnaise,,7,4,7,1000,0,1000,0,1,999,,,,,,,,,,,,,,,
,,,,,,,,,,,,,61636,2020-03-02_19h33.19.662,SandwichStudy,3.2.4,Win32,60,"[""space""]",[0.4679999351501465],1,0,80,9,1,79,Vegan turkey,Provolone cheese,Lettuce,Tomatoes,Onions,,,,Vegan turkey,Onions,Lettuce,Pickles,Mustard,Mayonnaise,,,6,5,6,1000,0,1000,0,1,999,,,,,,,,,,,,,,,
,,,,,,,,,,,,,61636,2020-03-02_19h33.19.662,SandwichStudy,3.2.4,Win32,60,"[""space""]",[0.21399998664855957],1,0,80,9,1,79,Vegan turkey,Provolone cheese,Lettuce,Tomatoes,Onions,,,,Vegan turkey,Onions,Lettuce,Pickles,Mustard,Mayonnaise,,,6,5,6,1000,0,1000,0,1,999,,,,,,,,,,,,,,,
,,,,,,,,,,,,,61636,2020-03-02_19h33.19.662,SandwichStudy,3.2.4,Win32,60,"[""space""]",[0.17299985885620117],1,0,80,9,1,79,Vegan turkey,Provolone cheese,Lettuce,Tomatoes,Onions,,,,Vegan turkey,Onions,Lettuce,Pickles,Mustard,Mayonnaise,,,6,5,6,1000,0,1000,0,1,999,,,,,,,,,,,,,,,
,,,,,,,,,,,,,61636,2020-03-02_19h33.19.662,SandwichStudy,3.2.4,Win32,60,"[""space""]",[0.9019999504089355],1,0,80,9,1,79,Vegan turkey,Provolone cheese,Lettuce,Tomatoes,Onions,,,,Vegan turkey,Onions,Lettuce,Pickles,Mustard,Mayonnaise,,,6,5,6,1000,0,1000,0,1,999,,,,,,,,,,,,,,,
,,,,,,,,,,,,,61636,2020-03-02_19h33.19.662,SandwichStudy,3.2.4,Win32,60,"[""space""]",[0.36299991607666016],1,0,80,9,1,79,Vegan turkey,Provolone cheese,Lettuce,Tomatoes,Onions,,,,Vegan turkey,Onions,Lettuce,Pickles,Mustard,Mayonnaise,,,6,5,6,1000,0,1000,0,1,999,,,,,,,,,,,,,,,
,,,,,,,,,,,,,61636,2020-03-02_19h33.19.662,SandwichStudy,3.2.4,Win32,60,"[""a""]",[0.8559999465942383],1,0,80,9,1,79,Vegan turkey,Provolone cheese,Lettuce,Tomatoes,Onions,,,,Vegan turkey,Onions,Lettuce,Pickles,Mustard,Mayonnaise,,,6,5,6,1000,0,1000,0,1,999,,,,,,,,,,,,,,,
,,,,,,,,,,,,,61636,2020-03-02_19h33.19.662,SandwichStudy,3.2.4,Win32,60,"[""space""]",[0.4199998378753662],1,0,80,79,1,79,Artichoke hearts,Mushrooms,Pesto,Provolone cheese,,,,,Vegan turkey,Provolone cheese,Vinaigrette,Coleslaw,Mayonnaise,,,,5,4,5,1000,0,1000,0,1,999,,,,,,,,,,,,,,,
,,,,,,,,,,,,,61636,2020-03-02_19h33.19.662,SandwichStudy,3.2.4,Win32,60,"[""space""]",[0.17799997329711914],1,0,80,79,1,79,Artichoke hearts,Mushrooms,Pesto,Provolone cheese,,,,,Vegan turkey,Provolone cheese,Vinaigrette,Coleslaw,Mayonnaise,,,,5,4,5,1000,0,1000,0,1,999,,,,,,,,,,,,,,,
,,,,,,,,,,,,,61636,2020-03-02_19h33.19.662,SandwichStudy,3.2.4,Win32,60,"[""space""]",[0.4140000343322754],1,0,80,79,1,79,Artichoke hearts,Mushrooms,Pesto,Provolone cheese,,,,,Vegan turkey,Provolone cheese,Vinaigrette,Coleslaw,Mayonnaise,,,,5,4,5,1000,0,1000,0,1,999,,,,,,,,,,,,,,,
,,,,,,,,,,,,,61636,2020-03-02_19h33.19.662,SandwichStudy,3.2.4,Win32,60,"[""space""]",[0.39800000190734863],1,0,80,79,1,79,Artichoke hearts,Mushrooms,Pesto,Provolone cheese,,,,,Vegan turkey,Provolone cheese,Vinaigrette,Coleslaw,Mayonnaise,,,,5,4,5,1000,0,1000,0,1,999,,,,,,,,,,,,,,,
,,,,,,,,,,,,,61636,2020-03-02_19h33.19.662,SandwichStudy,3.2.4,Win32,60,"[""l""]",[0.247999906539917],1,0,80,79,1,79,Artichoke hearts,Mushrooms,Pesto,Provolone cheese,,,,,Vegan turkey,Provolone cheese,Vinaigrette,Coleslaw,Mayonnaise,,,,5,4,5,1000,0,1000,0,1,999,,,,,,,,,,,,,,,
,,,,,,,,,,,,,61636,2020-03-02_19h33.19.662,SandwichStudy,3.2.4,Win32,60,,,,,,,,,,,,,,,,,,,,,,,,,,,,,,,,,,space,6.304000139,7,11.25900006,space,12.67499995,1,0,10,1,1,9,Onions,,
,,,,,,,,,,,,,61636,2020-03-02_19h33.19.662,SandwichStudy,3.2.4,Win32,60,,,,,,,,,,,,,,,,,,,,,,,,,,,,,,,,,,,,5,2.285000086,space,2.796999931,1,0,10,7,1,9,Peppers,,
,,,,,,,,,,,,,61636,2020-03-02_19h33.19.662,SandwichStudy,3.2.4,Win32,60,,,,,,,,,,,,,,,,,,,,,,,,,,,,,,,,,,,,3,4.61500001,space,5.016000032,1,0,10,9,1,9,Mayonnaise,,
,,,,,,,,,,,,,61636,2020-03-02_19h33.19.662,SandwichStudy,3.2.4,Win32,60,,,,,,,,,,,,,,,,,,,,,,,,,,,,,,,,,,,,3,2.782999992,space,3.198999882,1,0,10,3,1,9,Lettuce,,
,,,,,,,,,,,,,61636,2020-03-02_19h33.19.662,SandwichStudy,3.2.4,Win32,60,,,,,,,,,,,,,,,,,,,,,,,,,,,,,,,,,,,,6,3.552999973,space,3.904000044,1,0,10,0,1,9,Tomatoes,,
,,,,,,,,,,,,,61636,2020-03-02_19h33.19.662,SandwichStudy,3.2.4,Win32,60,,,,,,,,,,,,,,,,,,,,,,,,,,,,,,,,,,,,7,1.378999949,space,1.702000141,1,0,10,4,1,9,Avocado,,
,,,,,,,,,,,,,61636,2020-03-02_19h33.19.662,SandwichStudy,3.2.4,Win32,60,,,,,,,,,,,,,,,,,,,,,,,,,,,,,,,,,,,,4,2.562999964,space,2.84800005,1,0,10,5,1,9,Sprouts,,
,,,,,,,,,,,,,61636,2020-03-02_19h33.19.662,SandwichStudy,3.2.4,Win32,60,,,,,,,,,,,,,,,,,,,,,,,,,,,,,,,,,,,,7,1.53399992,space,1.835000038,1,0,10,2,1,9,Cucumbers,,
,,,,,,,,,,,,,61636,2020-03-02_19h33.19.662,SandwichStudy,3.2.4,Win32,60,,,,,,,,,,,,,,,,,,,,,,,,,,,,,,,,,,,,5,2.049999952,space,2.351000071,1,0,10,8,1,9,Cheddar cheese,,
,,,,,,,,,,,,,61636,2020-03-02_19h33.19.662,SandwichStudy,3.2.4,Win32,60,,,,,,,,,,,,,,,,,,,,,,,,,,,,,,,,,,,,6,1.246999979,space,1.575000048,1,0,10,6,1,9,Provolone cheese,,
,,,,,,,,,,,,,61636,2020-03-02_19h33.19.662,SandwichStudy,3.2.4,Win32,60,,,,,,,,,,,,,,,,,,,,,,,,,,,,,,,,,,,,,,,,,,,,,,,return,3.974999905
