sequence,key_resp_4.keys,key_resp_4.rt,VegResp.keys,VegResp.rt,ConfirmResp.keys,ConfirmResp.rt,VegQuestionLoop.thisRepN,VegQuestionLoop.thisTrialN,VegQuestionLoop.thisN,VegQuestionLoop.thisIndex,VegQuestionLoop.ran,VegQuestionLoop.order,participant,date,expName,psychopyVersion,OS,frameRate,Decision.keys,Decision.rt,trials.thisRepN,trials.thisTrialN,trials.thisN,trials.thisIndex,trials.ran,trials.order,s11,s12,s13,s14,s15,s16,s17,s18,s21,s22,s23,s24,s25,s26,s27,s28,IngsInRow,IngIn1,IngIn2,Iter.thisRepN,Iter.thisTrialN,Iter.thisN,Iter.thisIndex,Iter.ran,Iter.order,key_resp_2.keys,key_resp_2.rt,slider.response,slider.rt,key_resp_3.keys,key_resp_3.rt,RatingLoop.thisRepN,RatingLoop.thisTrialN,RatingLoop.thisN,RatingLoop.thisIndex,RatingLoop.ran,RatingLoop.order,ingredientforslider,key_resp.keys,key_resp.rt
"[0,1,1,0,1,1,0,0,1,0,0,1,1,0,1,0,0,1,1,0,1,1,0,0,0,1,0,1,0,0,1,1,0,0,0,0,1,0,1,1,1,0,0,1,0,1,0,1,0,1,0,0,0,1,1,1,1,1,0,1,0,0,1,0,1,0,1,0,0,1,1,0,1,0,1,1,0,1,0,0]",space,1.819000006,n,5.770999908,p,3.666999817,100,0,100,0,1,99,64123,2020-03-03_11h11.57.733,SandwichStudy,3.2.4,Win32,60,,,,,,,,,,,,,,,,,,,,,,,,,,,,,,,,,,,,,,,,,,,,,,,,
,,,,,,,,,,,,,64123,2020-03-03_11h11.57.733,SandwichStudy,3.2.4,Win32,60,"[""space""]",[3.128999948501587],1,0,80,9,1,79,Bacon,Turkey,Pepper jack cheese,Mustard,,,,,Bacon,Spinach,Tomatoes,Avocado,Mayonnaise,,,,5,4,5,1000,0,1000,0,1,999,,,,,,,,,,,,,,,
,,,,,,,,,,,,,64123,2020-03-03_11h11.57.733,SandwichStudy,3.2.4,Win32,60,"[""space""]",[1.6410000324249268],1,0,80,9,1,79,Bacon,Turkey,Pepper jack cheese,Mustard,,,,,Bacon,Spinach,Tomatoes,Avocado,Mayonnaise,,,,5,4,5,1000,0,1000,0,1,999,,,,,,,,,,,,,,,
,,,,,,,,,,,,,64123,2020-03-03_11h11.57.733,SandwichStudy,3.2.4,Win32,60,"[""space""]",[1.9399998188018799],1,0,80,9,1,79,Bacon,Turkey,Pepper jack cheese,Mustard,,,,,Bacon,Spinach,Tomatoes,Avocado,Mayonnaise,,,,5,4,5,1000,0,1000,0,1,999,,,,,,,,,,,,,,,
,,,,,,,,,,,,,64123,2020-03-03_11h11.57.733,SandwichStudy,3.2.4,Win32,60,"[""a""]",[2.5799999237060547],1,0,80,9,1,79,Bacon,Turkey,Pepper jack cheese,Mustard,,,,,Bacon,Spinach,Tomatoes,Avocado,Mayonnaise,,,,5,4,5,1000,0,1000,0,1,999,,,,,,,,,,,,,,,
,,,,,,,,,,,,,64123,2020-03-03_11h11.57.733,SandwichStudy,3.2.4,Win32,60,"[""space""]",[1.688999891281128],1,0,80,20,1,79,Pastrami,Swiss cheese,Coleslaw,,,,,,Chicken,Bacon,Feta cheese,Bell peppers,Basil,Garlic aioli,,,6,3,6,1000,0,1000,0,1,999,,,,,,,,,,,,,,,
,,,,,,,,,,,,,64123,2020-03-03_11h11.57.733,SandwichStudy,3.2.4,Win32,60,"[""a""]",[0.994999885559082],1,0,80,20,1,79,Pastrami,Swiss cheese,Coleslaw,,,,,,Chicken,Bacon,Feta cheese,Bell peppers,Basil,Garlic aioli,,,6,3,6,1000,0,1000,0,1,999,,,,,,,,,,,,,,,
,,,,,,,,,,,,,64123,2020-03-03_11h11.57.733,SandwichStudy,3.2.4,Win32,60,"[""space""]",[0.871999979019165],1,0,80,8,1,79,Chicken,Ham,Swiss cheese,Mayonnaise,,,,,Pepperoni,Meatballs,Marinara sauce,Provolone cheese,Mushrooms,,,,5,4,5,1000,0,1000,0,1,999,,,,,,,,,,,,,,,
,,,,,,,,,,,,,64123,2020-03-03_11h11.57.733,SandwichStudy,3.2.4,Win32,60,"[""l""]",[1.2049999237060547],1,0,80,8,1,79,Chicken,Ham,Swiss cheese,Mayonnaise,,,,,Pepperoni,Meatballs,Marinara sauce,Provolone cheese,Mushrooms,,,,5,4,5,1000,0,1000,0,1,999,,,,,,,,,,,,,,,
,,,,,,,,,,,,,64123,2020-03-03_11h11.57.733,SandwichStudy,3.2.4,Win32,60,"[""space""]",[0.2889997959136963],1,0,80,7,1,79,Mozzarella cheese,Bell peppers,Pesto,Spinach,,,,,Ham,Lettuce,Tomatoes,Mayonnaise,Mustard,,,,5,4,5,1000,0,1000,0,1,999,,,,,,,,,,,,,,,
,,,,,,,,,,,,,64123,2020-03-03_11h11.57.733,SandwichStudy,3.2.4,Win32,60,"[""space""]",[0.9529998302459717],1,0,80,7,1,79,Mozzarella cheese,Bell peppers,Pesto,Spinach,,,,,Ham,Lettuce,Tomatoes,Mayonnaise,Mustard,,,,5,4,5,1000,0,1000,0,1,999,,,,,,,,,,,,,,,
,,,,,,,,,,,,,64123,2020-03-03_11h11.57.733,SandwichStudy,3.2.4,Win32,60,"[""space""]",[0.8909997940063477],1,0,80,7,1,79,Mozzarella cheese,Bell peppers,Pesto,Spinach,,,,,Ham,Lettuce,Tomatoes,Mayonnaise,Mustard,,,,5,4,5,1000,0,1000,0,1,999,,,,,,,,,,,,,,,
,,,,,,,,,,,,,64123,2020-03-03_11h11.57.733,SandwichStudy,3.2.4,Win32,60,"[""space""]",[1.2379999160766602],1,0,80,7,1,79,Mozzarella cheese,Bell peppers,Pesto,Spinach,,,,,Ham,Lettuce,Tomatoes,Mayonnaise,Mustard,,,,5,4,5,1000,0,1000,0,1,999,,,,,,,,,,,,,,,
,,,,,,,,,,,,,64123,2020-03-03_11h11.57.733,SandwichStudy,3.2.4,Win32,60,"[""l""]",[1.2859997749328613],1,0,80,7,1,79,Mozzarella cheese,Bell peppers,Pesto,Spinach,,,,,Ham,Lettuce,Tomatoes,Mayonnaise,Mustard,,,,5,4,5,1000,0,1000,0,1,999,,,,,,,,,,,,,,,
,,,,,,,,,,,,,64123,2020-03-03_11h11.57.733,SandwichStudy,3.2.4,Win32,60,"[""space""]",[0.7360000610351562],1,0,80,12,1,79,Turkey,Cheddar cheese,Mayonnaise,,,,,,Ham,Pork,Swiss cheese,Mustard,Pickles,,,,5,3,5,1000,0,1000,0,1,999,,,,,,,,,,,,,,,
,,,,,,,,,,,,,64123,2020-03-03_11h11.57.733,SandwichStudy,3.2.4,Win32,60,"[""l""]",[0.753000020980835],1,0,80,12,1,79,Turkey,Cheddar cheese,Mayonnaise,,,,,,Ham,Pork,Swiss cheese,Mustard,Pickles,,,,5,3,5,1000,0,1000,0,1,999,,,,,,,,,,,,,,,
,,,,,,,,,,,,,64123,2020-03-03_11h11.57.733,SandwichStudy,3.2.4,Win32,60,"[""space""]",[0.39499998092651367],1,0,80,37,1,79,Turkey,Ham,Cheddar cheese,Mayonnaise,,,,,Chicken,Ham,Swiss cheese,Mayonnaise,Mustard,,,,5,4,5,1000,0,1000,0,1,999,,,,,,,,,,,,,,,
,,,,,,,,,,,,,64123,2020-03-03_11h11.57.733,SandwichStudy,3.2.4,Win32,60,"[""space""]",[0.07299995422363281],1,0,80,37,1,79,Turkey,Ham,Cheddar cheese,Mayonnaise,,,,,Chicken,Ham,Swiss cheese,Mayonnaise,Mustard,,,,5,4,5,1000,0,1000,0,1,999,,,,,,,,,,,,,,,
,,,,,,,,,,,,,64123,2020-03-03_11h11.57.733,SandwichStudy,3.2.4,Win32,60,"[""a""]",[0.9519999027252197],1,0,80,37,1,79,Turkey,Ham,Cheddar cheese,Mayonnaise,,,,,Chicken,Ham,Swiss cheese,Mayonnaise,Mustard,,,,5,4,5,1000,0,1000,0,1,999,,,,,,,,,,,,,,,
,,,,,,,,,,,,,64123,2020-03-03_11h11.57.733,SandwichStudy,3.2.4,Win32,60,"[""space""]",[0.46000003814697266],1,0,80,27,1,79,Mushrooms,Swiss cheese,Provolone cheese,Cheddar cheese,Lettuce,Tomatoes,,,Avocado,Spinach,Tomatoes,Swiss cheese,,,,,6,6,4,1000,0,1000,0,1,999,,,,,,,,,,,,,,,
,,,,,,,,,,,,,64123,2020-03-03_11h11.57.733,SandwichStudy,3.2.4,Win32,60,"[""space""]",[0.18499994277954102],1,0,80,27,1,79,Mushrooms,Swiss cheese,Provolone cheese,Cheddar cheese,Lettuce,Tomatoes,,,Avocado,Spinach,Tomatoes,Swiss cheese,,,,,6,6,4,1000,0,1000,0,1,999,,,,,,,,,,,,,,,
,,,,,,,,,,,,,64123,2020-03-03_11h11.57.733,SandwichStudy,3.2.4,Win32,60,"[""space""]",[0.7019999027252197],1,0,80,27,1,79,Mushrooms,Swiss cheese,Provolone cheese,Cheddar cheese,Lettuce,Tomatoes,,,Avocado,Spinach,Tomatoes,Swiss cheese,,,,,6,6,4,1000,0,1000,0,1,999,,,,,,,,,,,,,,,
,,,,,,,,,,,,,64123,2020-03-03_11h11.57.733,SandwichStudy,3.2.4,Win32,60,"[""l""]",[0.8849999904632568],1,0,80,27,1,79,Mushrooms,Swiss cheese,Provolone cheese,Cheddar cheese,Lettuce,Tomatoes,,,Avocado,Spinach,Tomatoes,Swiss cheese,,,,,6,6,4,1000,0,1000,0,1,999,,,,,,,,,,,,,,,
,,,,,,,,,,,,,64123,2020-03-03_11h11.57.733,SandwichStudy,3.2.4,Win32,60,"[""space""]",[5.438999891281128],1,0,80,63,1,79,Onions,Bell peppers,Mushrooms,Jalapenos,American cheese,Steak,,,Turkey,Ham,Roast beef,Provolone cheese,Spinach,Tomatoes,Mayonnaise,Mustard,8,6,8,1000,0,1000,0,1,999,,,,,,,,,,,,,,,
,,,,,,,,,,,,,64123,2020-03-03_11h11.57.733,SandwichStudy,3.2.4,Win32,60,"[""space""]",[1.3580000400543213],1,0,80,63,1,79,Onions,Bell peppers,Mushrooms,Jalapenos,American cheese,Steak,,,Turkey,Ham,Roast beef,Provolone cheese,Spinach,Tomatoes,Mayonnaise,Mustard,8,6,8,1000,0,1000,0,1,999,,,,,,,,,,,,,,,
,,,,,,,,,,,,,64123,2020-03-03_11h11.57.733,SandwichStudy,3.2.4,Win32,60,"[""space""]",[0.4849998950958252],1,0,80,63,1,79,Onions,Bell peppers,Mushrooms,Jalapenos,American cheese,Steak,,,Turkey,Ham,Roast beef,Provolone cheese,Spinach,Tomatoes,Mayonnaise,Mustard,8,6,8,1000,0,1000,0,1,999,,,,,,,,,,,,,,,
,,,,,,,,,,,,,64123,2020-03-03_11h11.57.733,SandwichStudy,3.2.4,Win32,60,"[""l""]",[1.1969997882843018],1,0,80,63,1,79,Onions,Bell peppers,Mushrooms,Jalapenos,American cheese,Steak,,,Turkey,Ham,Roast beef,Provolone cheese,Spinach,Tomatoes,Mayonnaise,Mustard,8,6,8,1000,0,1000,0,1,999,,,,,,,,,,,,,,,
,,,,,,,,,,,,,64123,2020-03-03_11h11.57.733,SandwichStudy,3.2.4,Win32,60,"[""space""]",[0.10599994659423828],1,0,80,18,1,79,Turkey,Bacon,Pepper jack cheese,Avocado,Ranch dressing,Spinach,Tomatoes,,Chicken,Bacon,Cheddar cheese,Swiss cheese,Spinach,Tomatoes,Mayonnaise,Mustard,8,7,8,1000,0,1000,0,1,999,,,,,,,,,,,,,,,
,,,,,,,,,,,,,64123,2020-03-03_11h11.57.733,SandwichStudy,3.2.4,Win32,60,"[""space""]",[0.20199990272521973],1,0,80,18,1,79,Turkey,Bacon,Pepper jack cheese,Avocado,Ranch dressing,Spinach,Tomatoes,,Chicken,Bacon,Cheddar cheese,Swiss cheese,Spinach,Tomatoes,Mayonnaise,Mustard,8,7,8,1000,0,1000,0,1,999,,,,,,,,,,,,,,,
,,,,,,,,,,,,,64123,2020-03-03_11h11.57.733,SandwichStudy,3.2.4,Win32,60,"[""space""]",[3.0199999809265137],1,0,80,18,1,79,Turkey,Bacon,Pepper jack cheese,Avocado,Ranch dressing,Spinach,Tomatoes,,Chicken,Bacon,Cheddar cheese,Swiss cheese,Spinach,Tomatoes,Mayonnaise,Mustard,8,7,8,1000,0,1000,0,1,999,,,,,,,,,,,,,,,
,,,,,,,,,,,,,64123,2020-03-03_11h11.57.733,SandwichStudy,3.2.4,Win32,60,"[""l""]",[1.1359999179840088],1,0,80,18,1,79,Turkey,Bacon,Pepper jack cheese,Avocado,Ranch dressing,Spinach,Tomatoes,,Chicken,Bacon,Cheddar cheese,Swiss cheese,Spinach,Tomatoes,Mayonnaise,Mustard,8,7,8,1000,0,1000,0,1,999,,,,,,,,,,,,,,,
,,,,,,,,,,,,,64123,2020-03-03_11h11.57.733,SandwichStudy,3.2.4,Win32,60,"[""space""]",[0.38499975204467773],1,0,80,2,1,79,Turkey,Provolone cheese,Spinach,Garlic aioli,,,,,Chicken,Pickles,Basil,Tomatoes,Cucumbers,,,,5,4,5,1000,0,1000,0,1,999,,,,,,,,,,,,,,,
,,,,,,,,,,,,,64123,2020-03-03_11h11.57.733,SandwichStudy,3.2.4,Win32,60,"[""space""]",[0.49199986457824707],1,0,80,2,1,79,Turkey,Provolone cheese,Spinach,Garlic aioli,,,,,Chicken,Pickles,Basil,Tomatoes,Cucumbers,,,,5,4,5,1000,0,1000,0,1,999,,,,,,,,,,,,,,,
,,,,,,,,,,,,,64123,2020-03-03_11h11.57.733,SandwichStudy,3.2.4,Win32,60,"[""space""]",[0.20099997520446777],1,0,80,2,1,79,Turkey,Provolone cheese,Spinach,Garlic aioli,,,,,Chicken,Pickles,Basil,Tomatoes,Cucumbers,,,,5,4,5,1000,0,1000,0,1,999,,,,,,,,,,,,,,,
,,,,,,,,,,,,,64123,2020-03-03_11h11.57.733,SandwichStudy,3.2.4,Win32,60,"[""space""]",[0.125],1,0,80,2,1,79,Turkey,Provolone cheese,Spinach,Garlic aioli,,,,,Chicken,Pickles,Basil,Tomatoes,Cucumbers,,,,5,4,5,1000,0,1000,0,1,999,,,,,,,,,,,,,,,
,,,,,,,,,,,,,64123,2020-03-03_11h11.57.733,SandwichStudy,3.2.4,Win32,60,"[""a""]",[0.6610000133514404],1,0,80,2,1,79,Turkey,Provolone cheese,Spinach,Garlic aioli,,,,,Chicken,Pickles,Basil,Tomatoes,Cucumbers,,,,5,4,5,1000,0,1000,0,1,999,,,,,,,,,,,,,,,
,,,,,,,,,,,,,64123,2020-03-03_11h11.57.733,SandwichStudy,3.2.4,Win32,60,"[""space""]",[1.002000093460083],1,0,80,22,1,79,Bacon,Lettuce,Tomatoes,Garlic aioli,Avocado,,,,Ham,Swiss cheese,Spinach,Mustard,,,,,5,5,4,1000,0,1000,0,1,999,,,,,,,,,,,,,,,
,,,,,,,,,,,,,64123,2020-03-03_11h11.57.733,SandwichStudy,3.2.4,Win32,60,"[""space""]",[3.571000099182129],1,0,80,22,1,79,Bacon,Lettuce,Tomatoes,Garlic aioli,Avocado,,,,Ham,Swiss cheese,Spinach,Mustard,,,,,5,5,4,1000,0,1000,0,1,999,,,,,,,,,,,,,,,
,,,,,,,,,,,,,64123,2020-03-03_11h11.57.733,SandwichStudy,3.2.4,Win32,60,"[""space""]",[0.3019998073577881],1,0,80,22,1,79,Bacon,Lettuce,Tomatoes,Garlic aioli,Avocado,,,,Ham,Swiss cheese,Spinach,Mustard,,,,,5,5,4,1000,0,1000,0,1,999,,,,,,,,,,,,,,,
,,,,,,,,,,,,,64123,2020-03-03_11h11.57.733,SandwichStudy,3.2.4,Win32,60,"[""l""]",[1.2759997844696045],1,0,80,22,1,79,Bacon,Lettuce,Tomatoes,Garlic aioli,Avocado,,,,Ham,Swiss cheese,Spinach,Mustard,,,,,5,5,4,1000,0,1000,0,1,999,,,,,,,,,,,,,,,
,,,,,,,,,,,,,64123,2020-03-03_11h11.57.733,SandwichStudy,3.2.4,Win32,60,"[""space""]",[0.6529998779296875],1,0,80,65,1,79,Chicken,Pepper jack cheese,Ranch dressing,,,,,,Salami,Provolone cheese,Lettuce,Tomatoes,Mayonnaise,Mustard,,,6,3,6,1000,0,1000,0,1,999,,,,,,,,,,,,,,,
,,,,,,,,,,,,,64123,2020-03-03_11h11.57.733,SandwichStudy,3.2.4,Win32,60,"[""l""]",[2.1059999465942383],1,0,80,65,1,79,Chicken,Pepper jack cheese,Ranch dressing,,,,,,Salami,Provolone cheese,Lettuce,Tomatoes,Mayonnaise,Mustard,,,6,3,6,1000,0,1000,0,1,999,,,,,,,,,,,,,,,
,,,,,,,,,,,,,64123,2020-03-03_11h11.57.733,SandwichStudy,3.2.4,Win32,60,"[""space""]",[0.4199998378753662],1,0,80,36,1,79,Chicken,Bell peppers,Bacon,Provolone cheese,Ranch dressing,Lettuce,Tomatoes,,Pastrami,Cheddar cheese,Mustard,Pickles,,,,,7,7,4,1000,0,1000,0,1,999,,,,,,,,,,,,,,,
,,,,,,,,,,,,,64123,2020-03-03_11h11.57.733,SandwichStudy,3.2.4,Win32,60,"[""space""]",[0.7209999561309814],1,0,80,36,1,79,Chicken,Bell peppers,Bacon,Provolone cheese,Ranch dressing,Lettuce,Tomatoes,,Pastrami,Cheddar cheese,Mustard,Pickles,,,,,7,7,4,1000,0,1000,0,1,999,,,,,,,,,,,,,,,
,,,,,,,,,,,,,64123,2020-03-03_11h11.57.733,SandwichStudy,3.2.4,Win32,60,"[""l""]",[0.4849998950958252],1,0,80,36,1,79,Chicken,Bell peppers,Bacon,Provolone cheese,Ranch dressing,Lettuce,Tomatoes,,Pastrami,Cheddar cheese,Mustard,Pickles,,,,,7,7,4,1000,0,1000,0,1,999,,,,,,,,,,,,,,,
,,,,,,,,,,,,,64123,2020-03-03_11h11.57.733,SandwichStudy,3.2.4,Win32,60,"[""space""]",[0.4589998722076416],1,0,80,71,1,79,Bacon,Ham,Turkey,Mayonnaise,Mustard,Cheddar cheese,Tomatoes,Spinach,Bacon,Lettuce,Tomatoes,Garlic aioli,Avocado,,,,8,8,5,1000,0,1000,0,1,999,,,,,,,,,,,,,,,
,,,,,,,,,,,,,64123,2020-03-03_11h11.57.733,SandwichStudy,3.2.4,Win32,60,"[""space""]",[0.6959998607635498],1,0,80,71,1,79,Bacon,Ham,Turkey,Mayonnaise,Mustard,Cheddar cheese,Tomatoes,Spinach,Bacon,Lettuce,Tomatoes,Garlic aioli,Avocado,,,,8,8,5,1000,0,1000,0,1,999,,,,,,,,,,,,,,,
,,,,,,,,,,,,,64123,2020-03-03_11h11.57.733,SandwichStudy,3.2.4,Win32,60,"[""space""]",[0.4890000820159912],1,0,80,71,1,79,Bacon,Ham,Turkey,Mayonnaise,Mustard,Cheddar cheese,Tomatoes,Spinach,Bacon,Lettuce,Tomatoes,Garlic aioli,Avocado,,,,8,8,5,1000,0,1000,0,1,999,,,,,,,,,,,,,,,
,,,,,,,,,,,,,64123,2020-03-03_11h11.57.733,SandwichStudy,3.2.4,Win32,60,"[""l""]",[0.5689997673034668],1,0,80,71,1,79,Bacon,Ham,Turkey,Mayonnaise,Mustard,Cheddar cheese,Tomatoes,Spinach,Bacon,Lettuce,Tomatoes,Garlic aioli,Avocado,,,,8,8,5,1000,0,1000,0,1,999,,,,,,,,,,,,,,,
,,,,,,,,,,,,,64123,2020-03-03_11h11.57.733,SandwichStudy,3.2.4,Win32,60,"[""space""]",[0.5389997959136963],1,0,80,1,1,79,Tomatoes,Mozzarella cheese,Spinach,Pesto,,,,,Ham,Swiss cheese,Mustard,,,,,,4,4,3,1000,0,1000,0,1,999,,,,,,,,,,,,,,,
,,,,,,,,,,,,,64123,2020-03-03_11h11.57.733,SandwichStudy,3.2.4,Win32,60,"[""space""]",[1.8589997291564941],1,0,80,1,1,79,Tomatoes,Mozzarella cheese,Spinach,Pesto,,,,,Ham,Swiss cheese,Mustard,,,,,,4,4,3,1000,0,1000,0,1,999,,,,,,,,,,,,,,,
,,,,,,,,,,,,,64123,2020-03-03_11h11.57.733,SandwichStudy,3.2.4,Win32,60,"[""a""]",[0.8379998207092285],1,0,80,1,1,79,Tomatoes,Mozzarella cheese,Spinach,Pesto,,,,,Ham,Swiss cheese,Mustard,,,,,,4,4,3,1000,0,1000,0,1,999,,,,,,,,,,,,,,,
,,,,,,,,,,,,,64123,2020-03-03_11h11.57.733,SandwichStudy,3.2.4,Win32,60,"[""space""]",[0.5189998149871826],1,0,80,74,1,79,Mushrooms,Swiss cheese,Provolone cheese,Cheddar cheese,Lettuce,Tomatoes,,,Roast beef,Pastrami,Swiss cheese,Mustard,,,,,6,6,4,1000,0,1000,0,1,999,,,,,,,,,,,,,,,
,,,,,,,,,,,,,64123,2020-03-03_11h11.57.733,SandwichStudy,3.2.4,Win32,60,"[""space""]",[0.6189999580383301],1,0,80,74,1,79,Mushrooms,Swiss cheese,Provolone cheese,Cheddar cheese,Lettuce,Tomatoes,,,Roast beef,Pastrami,Swiss cheese,Mustard,,,,,6,6,4,1000,0,1000,0,1,999,,,,,,,,,,,,,,,
,,,,,,,,,,,,,64123,2020-03-03_11h11.57.733,SandwichStudy,3.2.4,Win32,60,"[""l""]",[1.6530001163482666],1,0,80,74,1,79,Mushrooms,Swiss cheese,Provolone cheese,Cheddar cheese,Lettuce,Tomatoes,,,Roast beef,Pastrami,Swiss cheese,Mustard,,,,,6,6,4,1000,0,1000,0,1,999,,,,,,,,,,,,,,,
,,,,,,,,,,,,,64123,2020-03-03_11h11.57.733,SandwichStudy,3.2.4,Win32,60,"[""space""]",[1.0859999656677246],1,0,80,52,1,79,Cheddar cheese,Avocado,Onions,Tomatoes,Mayonnaise,,,,Bacon,Ham,Turkey,Mayonnaise,Cheddar cheese,Tomatoes,Spinach,Swiss cheese,8,5,8,1000,0,1000,0,1,999,,,,,,,,,,,,,,,
,,,,,,,,,,,,,64123,2020-03-03_11h11.57.733,SandwichStudy,3.2.4,Win32,60,"[""l""]",[8.000999927520752],1,0,80,52,1,79,Cheddar cheese,Avocado,Onions,Tomatoes,Mayonnaise,,,,Bacon,Ham,Turkey,Mayonnaise,Cheddar cheese,Tomatoes,Spinach,Swiss cheese,8,5,8,1000,0,1000,0,1,999,,,,,,,,,,,,,,,
,,,,,,,,,,,,,64123,2020-03-03_11h11.57.733,SandwichStudy,3.2.4,Win32,60,"[""space""]",[0.2780001163482666],1,0,80,45,1,79,Bell peppers,Provolone cheese,Cucumbers,Spinach,Tomatoes,Onions,Hummus,,Roast beef,Bacon,Turkey,Mayonnaise,,,,,7,7,4,1000,0,1000,0,1,999,,,,,,,,,,,,,,,
,,,,,,,,,,,,,64123,2020-03-03_11h11.57.733,SandwichStudy,3.2.4,Win32,60,"[""space""]",[0.09000015258789062],1,0,80,45,1,79,Bell peppers,Provolone cheese,Cucumbers,Spinach,Tomatoes,Onions,Hummus,,Roast beef,Bacon,Turkey,Mayonnaise,,,,,7,7,4,1000,0,1000,0,1,999,,,,,,,,,,,,,,,
,,,,,,,,,,,,,64123,2020-03-03_11h11.57.733,SandwichStudy,3.2.4,Win32,60,"[""space""]",[0.15199995040893555],1,0,80,45,1,79,Bell peppers,Provolone cheese,Cucumbers,Spinach,Tomatoes,Onions,Hummus,,Roast beef,Bacon,Turkey,Mayonnaise,,,,,7,7,4,1000,0,1000,0,1,999,,,,,,,,,,,,,,,
,,,,,,,,,,,,,64123,2020-03-03_11h11.57.733,SandwichStudy,3.2.4,Win32,60,"[""l""]",[0.17199993133544922],1,0,80,45,1,79,Bell peppers,Provolone cheese,Cucumbers,Spinach,Tomatoes,Onions,Hummus,,Roast beef,Bacon,Turkey,Mayonnaise,,,,,7,7,4,1000,0,1000,0,1,999,,,,,,,,,,,,,,,
,,,,,,,,,,,,,64123,2020-03-03_11h11.57.733,SandwichStudy,3.2.4,Win32,60,"[""a""]",[1.0429999828338623],1,0,80,11,1,79,Pork,Ham,Swiss cheese,Pickles,Mustard,,,,Chicken,Bacon,Mustard,,,,,,5,5,3,1000,0,1000,0,1,999,,,,,,,,,,,,,,,
,,,,,,,,,,,,,64123,2020-03-03_11h11.57.733,SandwichStudy,3.2.4,Win32,60,"[""l""]",[0.6959998607635498],1,0,80,15,1,79,Pork,Cucumbers,Pickles,Jalapenos,Basil,Mayonnaise,,,Roast beef,Pastrami,Swiss cheese,Mustard,,,,,6,6,4,1000,0,1000,0,1,999,,,,,,,,,,,,,,,
,,,,,,,,,,,,,64123,2020-03-03_11h11.57.733,SandwichStudy,3.2.4,Win32,60,"[""l""]",[0.9849998950958252],1,0,80,78,1,79,Chicken,American cheese,Lettuce,Tomatoes,Mayonnaise,,,,Pastrami,Cheddar cheese,Mustard,Pickles,,,,,5,5,4,1000,0,1000,0,1,999,,,,,,,,,,,,,,,
,,,,,,,,,,,,,64123,2020-03-03_11h11.57.733,SandwichStudy,3.2.4,Win32,60,"[""space""]",[3.2049999237060547],1,0,80,67,1,79,Avocado,Onions,Cucumbers,,,,,,Meatballs,Provolone cheese,Marinara sauce,Parmesan cheese,,,,,4,3,4,1000,0,1000,0,1,999,,,,,,,,,,,,,,,
,,,,,,,,,,,,,64123,2020-03-03_11h11.57.733,SandwichStudy,3.2.4,Win32,60,"[""a""]",[0.7630000114440918],1,0,80,67,1,79,Avocado,Onions,Cucumbers,,,,,,Meatballs,Provolone cheese,Marinara sauce,Parmesan cheese,,,,,4,3,4,1000,0,1000,0,1,999,,,,,,,,,,,,,,,
,,,,,,,,,,,,,64123,2020-03-03_11h11.57.733,SandwichStudy,3.2.4,Win32,60,"[""a""]",[0.5069999694824219],1,0,80,3,1,79,Chicken,American cheese,Coleslaw,Tomatoes,Pickles,Mayonnaise,,,Swiss cheese,Provolone cheese,Bell peppers,Tomatoes,Onions,,,,6,6,5,1000,0,1000,0,1,999,,,,,,,,,,,,,,,
,,,,,,,,,,,,,64123,2020-03-03_11h11.57.733,SandwichStudy,3.2.4,Win32,60,"[""space""]",[0.11799979209899902],1,0,80,33,1,79,Bacon,Ham,Turkey,Mayonnaise,Mustard,Cheddar cheese,Tomatoes,Spinach,Turkey,Avocado,Bacon,Garlic aioli,Tomatoes,Spinach,Onions,,8,8,7,1000,0,1000,0,1,999,,,,,,,,,,,,,,,
,,,,,,,,,,,,,64123,2020-03-03_11h11.57.733,SandwichStudy,3.2.4,Win32,60,"[""l""]",[3.3570001125335693],1,0,80,33,1,79,Bacon,Ham,Turkey,Mayonnaise,Mustard,Cheddar cheese,Tomatoes,Spinach,Turkey,Avocado,Bacon,Garlic aioli,Tomatoes,Spinach,Onions,,8,8,7,1000,0,1000,0,1,999,,,,,,,,,,,,,,,
,,,,,,,,,,,,,64123,2020-03-03_11h11.57.733,SandwichStudy,3.2.4,Win32,60,"[""space""]",[1.2699999809265137],1,0,80,19,1,79,Bacon,Ham,Turkey,Mayonnaise,Cheddar cheese,Tomatoes,Spinach,Swiss cheese,Turkey,Salami,Cheddar cheese,Mayonnaise,,,,,8,8,4,1000,0,1000,0,1,999,,,,,,,,,,,,,,,
,,,,,,,,,,,,,64123,2020-03-03_11h11.57.733,SandwichStudy,3.2.4,Win32,60,"[""a""]",[1.245999813079834],1,0,80,19,1,79,Bacon,Ham,Turkey,Mayonnaise,Cheddar cheese,Tomatoes,Spinach,Swiss cheese,Turkey,Salami,Cheddar cheese,Mayonnaise,,,,,8,8,4,1000,0,1000,0,1,999,,,,,,,,,,,,,,,
,,,,,,,,,,,,,64123,2020-03-03_11h11.57.733,SandwichStudy,3.2.4,Win32,60,"[""space""]",[0.4249999523162842],1,0,80,70,1,79,Pastrami,Swiss cheese,Coleslaw,,,,,,Chicken,Cheddar cheese,Bacon,Avocado,Ranch dressing,,,,5,3,5,1000,0,1000,0,1,999,,,,,,,,,,,,,,,
,,,,,,,,,,,,,64123,2020-03-03_11h11.57.733,SandwichStudy,3.2.4,Win32,60,"[""l""]",[1.0789997577667236],1,0,80,70,1,79,Pastrami,Swiss cheese,Coleslaw,,,,,,Chicken,Cheddar cheese,Bacon,Avocado,Ranch dressing,,,,5,3,5,1000,0,1000,0,1,999,,,,,,,,,,,,,,,
,,,,,,,,,,,,,64123,2020-03-03_11h11.57.733,SandwichStudy,3.2.4,Win32,60,"[""space""]",[0.7279999256134033],1,0,80,14,1,79,Steak,Bacon,American cheese,Tomatoes,Onions,Pickles,,,Bell peppers,Provolone cheese,Cucumbers,Spinach,Tomatoes,Onions,Hummus,,7,6,7,1000,0,1000,0,1,999,,,,,,,,,,,,,,,
,,,,,,,,,,,,,64123,2020-03-03_11h11.57.733,SandwichStudy,3.2.4,Win32,60,"[""space""]",[0.026000022888183594],1,0,80,14,1,79,Steak,Bacon,American cheese,Tomatoes,Onions,Pickles,,,Bell peppers,Provolone cheese,Cucumbers,Spinach,Tomatoes,Onions,Hummus,,7,6,7,1000,0,1000,0,1,999,,,,,,,,,,,,,,,
,,,,,,,,,,,,,64123,2020-03-03_11h11.57.733,SandwichStudy,3.2.4,Win32,60,"[""a""]",[2.6469998359680176],1,0,80,14,1,79,Steak,Bacon,American cheese,Tomatoes,Onions,Pickles,,,Bell peppers,Provolone cheese,Cucumbers,Spinach,Tomatoes,Onions,Hummus,,7,6,7,1000,0,1000,0,1,999,,,,,,,,,,,,,,,
,,,,,,,,,,,,,64123,2020-03-03_11h11.57.733,SandwichStudy,3.2.4,Win32,60,"[""space""]",[0.3190000057220459],1,0,80,25,1,79,Meatballs,Provolone cheese,Onions,Marinara sauce,,,,,Chicken,Pepper jack cheese,Ranch dressing,,,,,,4,4,3,1000,0,1000,0,1,999,,,,,,,,,,,,,,,
,,,,,,,,,,,,,64123,2020-03-03_11h11.57.733,SandwichStudy,3.2.4,Win32,60,"[""space""]",[0.6689999103546143],1,0,80,25,1,79,Meatballs,Provolone cheese,Onions,Marinara sauce,,,,,Chicken,Pepper jack cheese,Ranch dressing,,,,,,4,4,3,1000,0,1000,0,1,999,,,,,,,,,,,,,,,
,,,,,,,,,,,,,64123,2020-03-03_11h11.57.733,SandwichStudy,3.2.4,Win32,60,"[""l""]",[0.8189997673034668],1,0,80,25,1,79,Meatballs,Provolone cheese,Onions,Marinara sauce,,,,,Chicken,Pepper jack cheese,Ranch dressing,,,,,,4,4,3,1000,0,1000,0,1,999,,,,,,,,,,,,,,,
,,,,,,,,,,,,,64123,2020-03-03_11h11.57.733,SandwichStudy,3.2.4,Win32,60,"[""space""]",[0.2519998550415039],1,0,80,39,1,79,Chicken,Provolone cheese,Pesto,,,,,,Turkey,Bacon,Jalapenos,Lettuce,Avocado,Garlic aioli,Tomatoes,,7,3,7,1000,0,1000,0,1,999,,,,,,,,,,,,,,,
,,,,,,,,,,,,,64123,2020-03-03_11h11.57.733,SandwichStudy,3.2.4,Win32,60,"[""space""]",[0.7690000534057617],1,0,80,39,1,79,Chicken,Provolone cheese,Pesto,,,,,,Turkey,Bacon,Jalapenos,Lettuce,Avocado,Garlic aioli,Tomatoes,,7,3,7,1000,0,1000,0,1,999,,,,,,,,,,,,,,,
,,,,,,,,,,,,,64123,2020-03-03_11h11.57.733,SandwichStudy,3.2.4,Win32,60,"[""a""]",[0.3689999580383301],1,0,80,39,1,79,Chicken,Provolone cheese,Pesto,,,,,,Turkey,Bacon,Jalapenos,Lettuce,Avocado,Garlic aioli,Tomatoes,,7,3,7,1000,0,1000,0,1,999,,,,,,,,,,,,,,,
,,,,,,,,,,,,,64123,2020-03-03_11h11.57.733,SandwichStudy,3.2.4,Win32,60,"[""space""]",[0.41899991035461426],1,0,80,69,1,79,Chicken,Garlic aioli,Pickles,Cucumbers,Jalapenos,Basil,,,Chicken,Bacon,Cheddar cheese,Swiss cheese,Spinach,Tomatoes,Mayonnaise,Mustard,8,6,8,1000,0,1000,0,1,999,,,,,,,,,,,,,,,
,,,,,,,,,,,,,64123,2020-03-03_11h11.57.733,SandwichStudy,3.2.4,Win32,60,"[""space""]",[0.6519997119903564],1,0,80,69,1,79,Chicken,Garlic aioli,Pickles,Cucumbers,Jalapenos,Basil,,,Chicken,Bacon,Cheddar cheese,Swiss cheese,Spinach,Tomatoes,Mayonnaise,Mustard,8,6,8,1000,0,1000,0,1,999,,,,,,,,,,,,,,,
,,,,,,,,,,,,,64123,2020-03-03_11h11.57.733,SandwichStudy,3.2.4,Win32,60,"[""space""]",[0.5099997520446777],1,0,80,69,1,79,Chicken,Garlic aioli,Pickles,Cucumbers,Jalapenos,Basil,,,Chicken,Bacon,Cheddar cheese,Swiss cheese,Spinach,Tomatoes,Mayonnaise,Mustard,8,6,8,1000,0,1000,0,1,999,,,,,,,,,,,,,,,
,,,,,,,,,,,,,64123,2020-03-03_11h11.57.733,SandwichStudy,3.2.4,Win32,60,"[""l""]",[2.0390000343322754],1,0,80,69,1,79,Chicken,Garlic aioli,Pickles,Cucumbers,Jalapenos,Basil,,,Chicken,Bacon,Cheddar cheese,Swiss cheese,Spinach,Tomatoes,Mayonnaise,Mustard,8,6,8,1000,0,1000,0,1,999,,,,,,,,,,,,,,,
,,,,,,,,,,,,,64123,2020-03-03_11h11.57.733,SandwichStudy,3.2.4,Win32,60,"[""space""]",[0.3399999141693115],1,0,80,29,1,79,Turkey,Garlic aioli,Bacon,Spinach,,,,,Chicken,Mayonnaise,Cheddar cheese,,,,,,4,4,3,1000,0,1000,0,1,999,,,,,,,,,,,,,,,
,,,,,,,,,,,,,64123,2020-03-03_11h11.57.733,SandwichStudy,3.2.4,Win32,60,"[""l""]",[0.7070000171661377],1,0,80,29,1,79,Turkey,Garlic aioli,Bacon,Spinach,,,,,Chicken,Mayonnaise,Cheddar cheese,,,,,,4,4,3,1000,0,1000,0,1,999,,,,,,,,,,,,,,,
,,,,,,,,,,,,,64123,2020-03-03_11h11.57.733,SandwichStudy,3.2.4,Win32,60,"[""space""]",[0.10199999809265137],1,0,80,21,1,79,Chicken,Ham,Cheddar cheese,Mayonnaise,,,,,Turkey,Bacon,Avocado,Provolone cheese,Lettuce,Tomatoes,Onions,Ranch dressing,8,4,8,1000,0,1000,0,1,999,,,,,,,,,,,,,,,
,,,,,,,,,,,,,64123,2020-03-03_11h11.57.733,SandwichStudy,3.2.4,Win32,60,"[""space""]",[0.4789998531341553],1,0,80,21,1,79,Chicken,Ham,Cheddar cheese,Mayonnaise,,,,,Turkey,Bacon,Avocado,Provolone cheese,Lettuce,Tomatoes,Onions,Ranch dressing,8,4,8,1000,0,1000,0,1,999,,,,,,,,,,,,,,,
,,,,,,,,,,,,,64123,2020-03-03_11h11.57.733,SandwichStudy,3.2.4,Win32,60,"[""space""]",[0.5069999694824219],1,0,80,21,1,79,Chicken,Ham,Cheddar cheese,Mayonnaise,,,,,Turkey,Bacon,Avocado,Provolone cheese,Lettuce,Tomatoes,Onions,Ranch dressing,8,4,8,1000,0,1000,0,1,999,,,,,,,,,,,,,,,
,,,,,,,,,,,,,64123,2020-03-03_11h11.57.733,SandwichStudy,3.2.4,Win32,60,"[""a""]",[1.6050000190734863],1,0,80,21,1,79,Chicken,Ham,Cheddar cheese,Mayonnaise,,,,,Turkey,Bacon,Avocado,Provolone cheese,Lettuce,Tomatoes,Onions,Ranch dressing,8,4,8,1000,0,1000,0,1,999,,,,,,,,,,,,,,,
,,,,,,,,,,,,,64123,2020-03-03_11h11.57.733,SandwichStudy,3.2.4,Win32,60,"[""space""]",[0.6089997291564941],1,0,80,32,1,79,Turkey,Ham,Bacon,Provolone cheese,Lettuce,Tomatoes,Ranch dressing,,Chicken,Cheddar cheese,Bacon,Avocado,Ranch dressing,,,,7,7,5,1000,0,1000,0,1,999,,,,,,,,,,,,,,,
,,,,,,,,,,,,,64123,2020-03-03_11h11.57.733,SandwichStudy,3.2.4,Win32,60,"[""space""]",[2.6619999408721924],1,0,80,32,1,79,Turkey,Ham,Bacon,Provolone cheese,Lettuce,Tomatoes,Ranch dressing,,Chicken,Cheddar cheese,Bacon,Avocado,Ranch dressing,,,,7,7,5,1000,0,1000,0,1,999,,,,,,,,,,,,,,,
,,,,,,,,,,,,,64123,2020-03-03_11h11.57.733,SandwichStudy,3.2.4,Win32,60,"[""space""]",[0.8250000476837158],1,0,80,32,1,79,Turkey,Ham,Bacon,Provolone cheese,Lettuce,Tomatoes,Ranch dressing,,Chicken,Cheddar cheese,Bacon,Avocado,Ranch dressing,,,,7,7,5,1000,0,1000,0,1,999,,,,,,,,,,,,,,,
,,,,,,,,,,,,,64123,2020-03-03_11h11.57.733,SandwichStudy,3.2.4,Win32,60,"[""a""]",[0.10199999809265137],1,0,80,32,1,79,Turkey,Ham,Bacon,Provolone cheese,Lettuce,Tomatoes,Ranch dressing,,Chicken,Cheddar cheese,Bacon,Avocado,Ranch dressing,,,,7,7,5,1000,0,1000,0,1,999,,,,,,,,,,,,,,,
,,,,,,,,,,,,,64123,2020-03-03_11h11.57.733,SandwichStudy,3.2.4,Win32,60,"[""space""]",[0.3689999580383301],1,0,80,58,1,79,Chicken,Mayonnaise,Cheddar cheese,,,,,,Steak,Onions,Bell peppers,Provolone cheese,,,,,4,3,4,1000,0,1000,0,1,999,,,,,,,,,,,,,,,
,,,,,,,,,,,,,64123,2020-03-03_11h11.57.733,SandwichStudy,3.2.4,Win32,60,"[""l""]",[3.309999704360962],1,0,80,58,1,79,Chicken,Mayonnaise,Cheddar cheese,,,,,,Steak,Onions,Bell peppers,Provolone cheese,,,,,4,3,4,1000,0,1000,0,1,999,,,,,,,,,,,,,,,
,,,,,,,,,,,,,64123,2020-03-03_11h11.57.733,SandwichStudy,3.2.4,Win32,60,"[""space""]",[0.618999719619751],1,0,80,49,1,79,Spinach,Tomatoes,Cucumbers,Onions,Bell peppers,Avocado,Mayonnaise,,Turkey,Provolone cheese,Spinach,Garlic aioli,,,,,7,7,4,1000,0,1000,0,1,999,,,,,,,,,,,,,,,
,,,,,,,,,,,,,64123,2020-03-03_11h11.57.733,SandwichStudy,3.2.4,Win32,60,"[""space""]",[0.8589999675750732],1,0,80,49,1,79,Spinach,Tomatoes,Cucumbers,Onions,Bell peppers,Avocado,Mayonnaise,,Turkey,Provolone cheese,Spinach,Garlic aioli,,,,,7,7,4,1000,0,1000,0,1,999,,,,,,,,,,,,,,,
,,,,,,,,,,,,,64123,2020-03-03_11h11.57.733,SandwichStudy,3.2.4,Win32,60,"[""l""]",[0.6019997596740723],1,0,80,49,1,79,Spinach,Tomatoes,Cucumbers,Onions,Bell peppers,Avocado,Mayonnaise,,Turkey,Provolone cheese,Spinach,Garlic aioli,,,,,7,7,4,1000,0,1000,0,1,999,,,,,,,,,,,,,,,
,,,,,,,,,,,,,64123,2020-03-03_11h11.57.733,SandwichStudy,3.2.4,Win32,60,"[""space""]",[0.33500003814697266],1,0,80,42,1,79,Chicken,Bacon,Feta cheese,Bell peppers,Basil,Garlic aioli,,,Turkey,Ham,Cheddar cheese,Mayonnaise,,,,,6,6,4,1000,0,1000,0,1,999,,,,,,,,,,,,,,,
,,,,,,,,,,,,,64123,2020-03-03_11h11.57.733,SandwichStudy,3.2.4,Win32,60,"[""space""]",[0.2539999485015869],1,0,80,42,1,79,Chicken,Bacon,Feta cheese,Bell peppers,Basil,Garlic aioli,,,Turkey,Ham,Cheddar cheese,Mayonnaise,,,,,6,6,4,1000,0,1000,0,1,999,,,,,,,,,,,,,,,
,,,,,,,,,,,,,64123,2020-03-03_11h11.57.733,SandwichStudy,3.2.4,Win32,60,"[""space""]",[0.7689998149871826],1,0,80,42,1,79,Chicken,Bacon,Feta cheese,Bell peppers,Basil,Garlic aioli,,,Turkey,Ham,Cheddar cheese,Mayonnaise,,,,,6,6,4,1000,0,1000,0,1,999,,,,,,,,,,,,,,,
,,,,,,,,,,,,,64123,2020-03-03_11h11.57.733,SandwichStudy,3.2.4,Win32,60,"[""a""]",[0.3529999256134033],1,0,80,42,1,79,Chicken,Bacon,Feta cheese,Bell peppers,Basil,Garlic aioli,,,Turkey,Ham,Cheddar cheese,Mayonnaise,,,,,6,6,4,1000,0,1000,0,1,999,,,,,,,,,,,,,,,
,,,,,,,,,,,,,64123,2020-03-03_11h11.57.733,SandwichStudy,3.2.4,Win32,60,"[""space""]",[0.4179997444152832],1,0,80,16,1,79,Chicken,American cheese,Lettuce,Tomatoes,Mayonnaise,,,,Cheddar cheese,Avocado,Onions,Tomatoes,Mayonnaise,,,,5,5,5,1000,0,1000,0,1,999,,,,,,,,,,,,,,,
,,,,,,,,,,,,,64123,2020-03-03_11h11.57.733,SandwichStudy,3.2.4,Win32,60,"[""space""]",[3.372999906539917],1,0,80,16,1,79,Chicken,American cheese,Lettuce,Tomatoes,Mayonnaise,,,,Cheddar cheese,Avocado,Onions,Tomatoes,Mayonnaise,,,,5,5,5,1000,0,1000,0,1,999,,,,,,,,,,,,,,,
,,,,,,,,,,,,,64123,2020-03-03_11h11.57.733,SandwichStudy,3.2.4,Win32,60,"[""space""]",[1.2019999027252197],1,0,80,16,1,79,Chicken,American cheese,Lettuce,Tomatoes,Mayonnaise,,,,Cheddar cheese,Avocado,Onions,Tomatoes,Mayonnaise,,,,5,5,5,1000,0,1000,0,1,999,,,,,,,,,,,,,,,
,,,,,,,,,,,,,64123,2020-03-03_11h11.57.733,SandwichStudy,3.2.4,Win32,60,"[""space""]",[0.0689997673034668],1,0,80,16,1,79,Chicken,American cheese,Lettuce,Tomatoes,Mayonnaise,,,,Cheddar cheese,Avocado,Onions,Tomatoes,Mayonnaise,,,,5,5,5,1000,0,1000,0,1,999,,,,,,,,,,,,,,,
,,,,,,,,,,,,,64123,2020-03-03_11h11.57.733,SandwichStudy,3.2.4,Win32,60,"[""l""]",[3.003999948501587],1,0,80,16,1,79,Chicken,American cheese,Lettuce,Tomatoes,Mayonnaise,,,,Cheddar cheese,Avocado,Onions,Tomatoes,Mayonnaise,,,,5,5,5,1000,0,1000,0,1,999,,,,,,,,,,,,,,,
,,,,,,,,,,,,,64123,2020-03-03_11h11.57.733,SandwichStudy,3.2.4,Win32,60,"[""space""]",[0.4789998531341553],1,0,80,73,1,79,Turkey,Avocado,Bacon,Garlic aioli,Tomatoes,Spinach,Onions,,Tuna,Lettuce,Tomatoes,Mayonnaise,,,,,7,7,4,1000,0,1000,0,1,999,,,,,,,,,,,,,,,
,,,,,,,,,,,,,64123,2020-03-03_11h11.57.733,SandwichStudy,3.2.4,Win32,60,"[""l""]",[0.7020001411437988],1,0,80,73,1,79,Turkey,Avocado,Bacon,Garlic aioli,Tomatoes,Spinach,Onions,,Tuna,Lettuce,Tomatoes,Mayonnaise,,,,,7,7,4,1000,0,1000,0,1,999,,,,,,,,,,,,,,,
,,,,,,,,,,,,,64123,2020-03-03_11h11.57.733,SandwichStudy,3.2.4,Win32,60,"[""space""]",[0.252000093460083],1,0,80,57,1,79,Avocado,Spinach,Tomatoes,Swiss cheese,,,,,Chicken,Ham,Swiss cheese,Mayonnaise,Mustard,,,,5,4,5,1000,0,1000,0,1,999,,,,,,,,,,,,,,,
,,,,,,,,,,,,,64123,2020-03-03_11h11.57.733,SandwichStudy,3.2.4,Win32,60,"[""space""]",[0.1419997215270996],1,0,80,57,1,79,Avocado,Spinach,Tomatoes,Swiss cheese,,,,,Chicken,Ham,Swiss cheese,Mayonnaise,Mustard,,,,5,4,5,1000,0,1000,0,1,999,,,,,,,,,,,,,,,
,,,,,,,,,,,,,64123,2020-03-03_11h11.57.733,SandwichStudy,3.2.4,Win32,60,"[""a""]",[1.128000020980835],1,0,80,57,1,79,Avocado,Spinach,Tomatoes,Swiss cheese,,,,,Chicken,Ham,Swiss cheese,Mayonnaise,Mustard,,,,5,4,5,1000,0,1000,0,1,999,,,,,,,,,,,,,,,
,,,,,,,,,,,,,64123,2020-03-03_11h11.57.733,SandwichStudy,3.2.4,Win32,60,"[""space""]",[0.08799982070922852],1,0,80,13,1,79,Chicken,Garlic aioli,Pickles,Cucumbers,Jalapenos,Basil,,,Roast beef,Bacon,Turkey,Mayonnaise,,,,,6,6,4,1000,0,1000,0,1,999,,,,,,,,,,,,,,,
,,,,,,,,,,,,,64123,2020-03-03_11h11.57.733,SandwichStudy,3.2.4,Win32,60,"[""a""]",[0.30699992179870605],1,0,80,13,1,79,Chicken,Garlic aioli,Pickles,Cucumbers,Jalapenos,Basil,,,Roast beef,Bacon,Turkey,Mayonnaise,,,,,6,6,4,1000,0,1000,0,1,999,,,,,,,,,,,,,,,
,,,,,,,,,,,,,64123,2020-03-03_11h11.57.733,SandwichStudy,3.2.4,Win32,60,"[""space""]",[0.5290000438690186],1,0,80,59,1,79,Chicken,Ham,Cheddar cheese,Mayonnaise,,,,,Turkey,Garlic aioli,Bacon,Spinach,,,,,4,4,4,1000,0,1000,0,1,999,,,,,,,,,,,,,,,
,,,,,,,,,,,,,64123,2020-03-03_11h11.57.733,SandwichStudy,3.2.4,Win32,60,"[""space""]",[0.3469998836517334],1,0,80,59,1,79,Chicken,Ham,Cheddar cheese,Mayonnaise,,,,,Turkey,Garlic aioli,Bacon,Spinach,,,,,4,4,4,1000,0,1000,0,1,999,,,,,,,,,,,,,,,
,,,,,,,,,,,,,64123,2020-03-03_11h11.57.733,SandwichStudy,3.2.4,Win32,60,"[""l""]",[1.3869998455047607],1,0,80,59,1,79,Chicken,Ham,Cheddar cheese,Mayonnaise,,,,,Turkey,Garlic aioli,Bacon,Spinach,,,,,4,4,4,1000,0,1000,0,1,999,,,,,,,,,,,,,,,
,,,,,,,,,,,,,64123,2020-03-03_11h11.57.733,SandwichStudy,3.2.4,Win32,60,"[""space""]",[0.034999847412109375],1,0,80,6,1,79,Chicken,Cheddar cheese,Lettuce,Garlic aioli,Swiss cheese,Tomatoes,,,Cheddar cheese,Provolone cheese,Swiss cheese,Mushrooms,Mayonnaise,Lettuce,Tomatoes,,7,6,7,1000,0,1000,0,1,999,,,,,,,,,,,,,,,
,,,,,,,,,,,,,64123,2020-03-03_11h11.57.733,SandwichStudy,3.2.4,Win32,60,"[""space""]",[0.15699982643127441],1,0,80,6,1,79,Chicken,Cheddar cheese,Lettuce,Garlic aioli,Swiss cheese,Tomatoes,,,Cheddar cheese,Provolone cheese,Swiss cheese,Mushrooms,Mayonnaise,Lettuce,Tomatoes,,7,6,7,1000,0,1000,0,1,999,,,,,,,,,,,,,,,
,,,,,,,,,,,,,64123,2020-03-03_11h11.57.733,SandwichStudy,3.2.4,Win32,60,"[""a""]",[0.7739999294281006],1,0,80,6,1,79,Chicken,Cheddar cheese,Lettuce,Garlic aioli,Swiss cheese,Tomatoes,,,Cheddar cheese,Provolone cheese,Swiss cheese,Mushrooms,Mayonnaise,Lettuce,Tomatoes,,7,6,7,1000,0,1000,0,1,999,,,,,,,,,,,,,,,
,,,,,,,,,,,,,64123,2020-03-03_11h11.57.733,SandwichStudy,3.2.4,Win32,60,"[""space""]",[0.43599987030029297],1,0,80,38,1,79,Steak,Turkey,Ham,Cheddar cheese,Olives,Lettuce,Tomatoes,Onions,Chicken,Swiss cheese,Lettuce,Tomatoes,Onions,,,,8,8,5,1000,0,1000,0,1,999,,,,,,,,,,,,,,,
,,,,,,,,,,,,,64123,2020-03-03_11h11.57.733,SandwichStudy,3.2.4,Win32,60,"[""space""]",[0.7699999809265137],1,0,80,38,1,79,Steak,Turkey,Ham,Cheddar cheese,Olives,Lettuce,Tomatoes,Onions,Chicken,Swiss cheese,Lettuce,Tomatoes,Onions,,,,8,8,5,1000,0,1000,0,1,999,,,,,,,,,,,,,,,
,,,,,,,,,,,,,64123,2020-03-03_11h11.57.733,SandwichStudy,3.2.4,Win32,60,"[""space""]",[1.7779998779296875],1,0,80,38,1,79,Steak,Turkey,Ham,Cheddar cheese,Olives,Lettuce,Tomatoes,Onions,Chicken,Swiss cheese,Lettuce,Tomatoes,Onions,,,,8,8,5,1000,0,1000,0,1,999,,,,,,,,,,,,,,,
,,,,,,,,,,,,,64123,2020-03-03_11h11.57.733,SandwichStudy,3.2.4,Win32,60,"[""a""]",[0.8859999179840088],1,0,80,38,1,79,Steak,Turkey,Ham,Cheddar cheese,Olives,Lettuce,Tomatoes,Onions,Chicken,Swiss cheese,Lettuce,Tomatoes,Onions,,,,8,8,5,1000,0,1000,0,1,999,,,,,,,,,,,,,,,
,,,,,,,,,,,,,64123,2020-03-03_11h11.57.733,SandwichStudy,3.2.4,Win32,60,"[""space""]",[0.41899991035461426],1,0,80,31,1,79,Spinach,Tomatoes,Cucumbers,Onions,Bell peppers,Avocado,Mayonnaise,,Turkey,Ham,Bacon,Swiss cheese,Lettuce,Tomatoes,Onions,,7,7,7,1000,0,1000,0,1,999,,,,,,,,,,,,,,,
,,,,,,,,,,,,,64123,2020-03-03_11h11.57.733,SandwichStudy,3.2.4,Win32,60,"[""space""]",[0.2849998474121094],1,0,80,31,1,79,Spinach,Tomatoes,Cucumbers,Onions,Bell peppers,Avocado,Mayonnaise,,Turkey,Ham,Bacon,Swiss cheese,Lettuce,Tomatoes,Onions,,7,7,7,1000,0,1000,0,1,999,,,,,,,,,,,,,,,
,,,,,,,,,,,,,64123,2020-03-03_11h11.57.733,SandwichStudy,3.2.4,Win32,60,"[""space""]",[0.31999993324279785],1,0,80,31,1,79,Spinach,Tomatoes,Cucumbers,Onions,Bell peppers,Avocado,Mayonnaise,,Turkey,Ham,Bacon,Swiss cheese,Lettuce,Tomatoes,Onions,,7,7,7,1000,0,1000,0,1,999,,,,,,,,,,,,,,,
,,,,,,,,,,,,,64123,2020-03-03_11h11.57.733,SandwichStudy,3.2.4,Win32,60,"[""space""]",[0.3380000591278076],1,0,80,31,1,79,Spinach,Tomatoes,Cucumbers,Onions,Bell peppers,Avocado,Mayonnaise,,Turkey,Ham,Bacon,Swiss cheese,Lettuce,Tomatoes,Onions,,7,7,7,1000,0,1000,0,1,999,,,,,,,,,,,,,,,
,,,,,,,,,,,,,64123,2020-03-03_11h11.57.733,SandwichStudy,3.2.4,Win32,60,"[""a""]",[0.10199999809265137],1,0,80,31,1,79,Spinach,Tomatoes,Cucumbers,Onions,Bell peppers,Avocado,Mayonnaise,,Turkey,Ham,Bacon,Swiss cheese,Lettuce,Tomatoes,Onions,,7,7,7,1000,0,1000,0,1,999,,,,,,,,,,,,,,,
,,,,,,,,,,,,,64123,2020-03-03_11h11.57.733,SandwichStudy,3.2.4,Win32,60,"[""space""]",[0.49200010299682617],1,0,80,76,1,79,Bacon,Lettuce,Tomatoes,Ranch dressing,,,,,Chicken,Bacon,Mustard,,,,,,4,4,3,1000,0,1000,0,1,999,,,,,,,,,,,,,,,
,,,,,,,,,,,,,64123,2020-03-03_11h11.57.733,SandwichStudy,3.2.4,Win32,60,"[""space""]",[9.14299988746643],1,0,80,76,1,79,Bacon,Lettuce,Tomatoes,Ranch dressing,,,,,Chicken,Bacon,Mustard,,,,,,4,4,3,1000,0,1000,0,1,999,,,,,,,,,,,,,,,
,,,,,,,,,,,,,64123,2020-03-03_11h11.57.733,SandwichStudy,3.2.4,Win32,60,"[""l""]",[1.2689998149871826],1,0,80,76,1,79,Bacon,Lettuce,Tomatoes,Ranch dressing,,,,,Chicken,Bacon,Mustard,,,,,,4,4,3,1000,0,1000,0,1,999,,,,,,,,,,,,,,,
,,,,,,,,,,,,,64123,2020-03-03_11h11.57.733,SandwichStudy,3.2.4,Win32,60,"[""space""]",[0.5869998931884766],1,0,80,62,1,79,Cheddar cheese,Provolone cheese,Swiss cheese,Mushrooms,Mayonnaise,Lettuce,Tomatoes,,Bacon,Turkey,Pepper jack cheese,Mustard,,,,,7,7,4,1000,0,1000,0,1,999,,,,,,,,,,,,,,,
,,,,,,,,,,,,,64123,2020-03-03_11h11.57.733,SandwichStudy,3.2.4,Win32,60,"[""space""]",[0.3859999179840088],1,0,80,62,1,79,Cheddar cheese,Provolone cheese,Swiss cheese,Mushrooms,Mayonnaise,Lettuce,Tomatoes,,Bacon,Turkey,Pepper jack cheese,Mustard,,,,,7,7,4,1000,0,1000,0,1,999,,,,,,,,,,,,,,,
,,,,,,,,,,,,,64123,2020-03-03_11h11.57.733,SandwichStudy,3.2.4,Win32,60,"[""a""]",[0.5279998779296875],1,0,80,62,1,79,Cheddar cheese,Provolone cheese,Swiss cheese,Mushrooms,Mayonnaise,Lettuce,Tomatoes,,Bacon,Turkey,Pepper jack cheese,Mustard,,,,,7,7,4,1000,0,1000,0,1,999,,,,,,,,,,,,,,,
,,,,,,,,,,,,,64123,2020-03-03_11h11.57.733,SandwichStudy,3.2.4,Win32,60,"[""space""]",[0.1700000762939453],1,0,80,24,1,79,Steak,Onions,Bell peppers,Provolone cheese,,,,,Tuna,Lettuce,Tomatoes,Mayonnaise,,,,,4,4,4,1000,0,1000,0,1,999,,,,,,,,,,,,,,,
,,,,,,,,,,,,,64123,2020-03-03_11h11.57.733,SandwichStudy,3.2.4,Win32,60,"[""space""]",[0.28799986839294434],1,0,80,24,1,79,Steak,Onions,Bell peppers,Provolone cheese,,,,,Tuna,Lettuce,Tomatoes,Mayonnaise,,,,,4,4,4,1000,0,1000,0,1,999,,,,,,,,,,,,,,,
,,,,,,,,,,,,,64123,2020-03-03_11h11.57.733,SandwichStudy,3.2.4,Win32,60,"[""a""]",[0.8519997596740723],1,0,80,24,1,79,Steak,Onions,Bell peppers,Provolone cheese,,,,,Tuna,Lettuce,Tomatoes,Mayonnaise,,,,,4,4,4,1000,0,1000,0,1,999,,,,,,,,,,,,,,,
,,,,,,,,,,,,,64123,2020-03-03_11h11.57.733,SandwichStudy,3.2.4,Win32,60,"[""space""]",[0.3529999256134033],1,0,80,44,1,79,Chicken,Gouda cheese,Avocado,Basil,Bell peppers,Mayonnaise,,,Turkey,Gouda cheese,Avocado,Garlic aioli,Jalapenos,Tomatoes,Lettuce,,7,6,7,1000,0,1000,0,1,999,,,,,,,,,,,,,,,
,,,,,,,,,,,,,64123,2020-03-03_11h11.57.733,SandwichStudy,3.2.4,Win32,60,"[""space""]",[0.17499995231628418],1,0,80,44,1,79,Chicken,Gouda cheese,Avocado,Basil,Bell peppers,Mayonnaise,,,Turkey,Gouda cheese,Avocado,Garlic aioli,Jalapenos,Tomatoes,Lettuce,,7,6,7,1000,0,1000,0,1,999,,,,,,,,,,,,,,,
,,,,,,,,,,,,,64123,2020-03-03_11h11.57.733,SandwichStudy,3.2.4,Win32,60,"[""space""]",[0.021999835968017578],1,0,80,44,1,79,Chicken,Gouda cheese,Avocado,Basil,Bell peppers,Mayonnaise,,,Turkey,Gouda cheese,Avocado,Garlic aioli,Jalapenos,Tomatoes,Lettuce,,7,6,7,1000,0,1000,0,1,999,,,,,,,,,,,,,,,
,,,,,,,,,,,,,64123,2020-03-03_11h11.57.733,SandwichStudy,3.2.4,Win32,60,"[""space""]",[0.6589999198913574],1,0,80,44,1,79,Chicken,Gouda cheese,Avocado,Basil,Bell peppers,Mayonnaise,,,Turkey,Gouda cheese,Avocado,Garlic aioli,Jalapenos,Tomatoes,Lettuce,,7,6,7,1000,0,1000,0,1,999,,,,,,,,,,,,,,,
,,,,,,,,,,,,,64123,2020-03-03_11h11.57.733,SandwichStudy,3.2.4,Win32,60,"[""a""]",[0.26199984550476074],1,0,80,44,1,79,Chicken,Gouda cheese,Avocado,Basil,Bell peppers,Mayonnaise,,,Turkey,Gouda cheese,Avocado,Garlic aioli,Jalapenos,Tomatoes,Lettuce,,7,6,7,1000,0,1000,0,1,999,,,,,,,,,,,,,,,
,,,,,,,,,,,,,64123,2020-03-03_11h11.57.733,SandwichStudy,3.2.4,Win32,60,"[""space""]",[0.2849998474121094],1,0,80,46,1,79,Turkey,Ham,Bacon,Swiss cheese,Lettuce,Tomatoes,Onions,,Chicken,Pickles,Basil,Tomatoes,Cucumbers,,,,7,7,5,1000,0,1000,0,1,999,,,,,,,,,,,,,,,
,,,,,,,,,,,,,64123,2020-03-03_11h11.57.733,SandwichStudy,3.2.4,Win32,60,"[""space""]",[0.5419998168945312],1,0,80,46,1,79,Turkey,Ham,Bacon,Swiss cheese,Lettuce,Tomatoes,Onions,,Chicken,Pickles,Basil,Tomatoes,Cucumbers,,,,7,7,5,1000,0,1000,0,1,999,,,,,,,,,,,,,,,
,,,,,,,,,,,,,64123,2020-03-03_11h11.57.733,SandwichStudy,3.2.4,Win32,60,"[""space""]",[0.3579998016357422],1,0,80,46,1,79,Turkey,Ham,Bacon,Swiss cheese,Lettuce,Tomatoes,Onions,,Chicken,Pickles,Basil,Tomatoes,Cucumbers,,,,7,7,5,1000,0,1000,0,1,999,,,,,,,,,,,,,,,
,,,,,,,,,,,,,64123,2020-03-03_11h11.57.733,SandwichStudy,3.2.4,Win32,60,"[""space""]",[0.67799973487854],1,0,80,46,1,79,Turkey,Ham,Bacon,Swiss cheese,Lettuce,Tomatoes,Onions,,Chicken,Pickles,Basil,Tomatoes,Cucumbers,,,,7,7,5,1000,0,1000,0,1,999,,,,,,,,,,,,,,,
,,,,,,,,,,,,,64123,2020-03-03_11h11.57.733,SandwichStudy,3.2.4,Win32,60,"[""a""]",[0.3189997673034668],1,0,80,46,1,79,Turkey,Ham,Bacon,Swiss cheese,Lettuce,Tomatoes,Onions,,Chicken,Pickles,Basil,Tomatoes,Cucumbers,,,,7,7,5,1000,0,1000,0,1,999,,,,,,,,,,,,,,,
,,,,,,,,,,,,,64123,2020-03-03_11h11.57.733,SandwichStudy,3.2.4,Win32,60,"[""space""]",[0.37800002098083496],1,0,80,66,1,79,Bacon,Spinach,Tomatoes,Avocado,Mayonnaise,,,,Provolone cheese,Swiss cheese,Cheddar cheese,Parmesan cheese,Tomatoes,,,,5,5,5,1000,0,1000,0,1,999,,,,,,,,,,,,,,,
,,,,,,,,,,,,,64123,2020-03-03_11h11.57.733,SandwichStudy,3.2.4,Win32,60,"[""space""]",[0.8259999752044678],1,0,80,66,1,79,Bacon,Spinach,Tomatoes,Avocado,Mayonnaise,,,,Provolone cheese,Swiss cheese,Cheddar cheese,Parmesan cheese,Tomatoes,,,,5,5,5,1000,0,1000,0,1,999,,,,,,,,,,,,,,,
,,,,,,,,,,,,,64123,2020-03-03_11h11.57.733,SandwichStudy,3.2.4,Win32,60,"[""l""]",[1.8459999561309814],1,0,80,66,1,79,Bacon,Spinach,Tomatoes,Avocado,Mayonnaise,,,,Provolone cheese,Swiss cheese,Cheddar cheese,Parmesan cheese,Tomatoes,,,,5,5,5,1000,0,1000,0,1,999,,,,,,,,,,,,,,,
,,,,,,,,,,,,,64123,2020-03-03_11h11.57.733,SandwichStudy,3.2.4,Win32,60,"[""space""]",[0.3299999237060547],1,0,80,40,1,79,Pork,Ham,Swiss cheese,Pickles,Mustard,,,,Steak,Turkey,Ham,Cheddar cheese,Olives,Lettuce,Tomatoes,Onions,8,5,8,1000,0,1000,0,1,999,,,,,,,,,,,,,,,
,,,,,,,,,,,,,64123,2020-03-03_11h11.57.733,SandwichStudy,3.2.4,Win32,60,"[""l""]",[1.936999797821045],1,0,80,40,1,79,Pork,Ham,Swiss cheese,Pickles,Mustard,,,,Steak,Turkey,Ham,Cheddar cheese,Olives,Lettuce,Tomatoes,Onions,8,5,8,1000,0,1000,0,1,999,,,,,,,,,,,,,,,
,,,,,,,,,,,,,64123,2020-03-03_11h11.57.733,SandwichStudy,3.2.4,Win32,60,"[""l""]",[0.7799999713897705],1,0,80,17,1,79,Salami,Roast beef,Turkey,Ham,Swiss cheese,Lettuce,Tomatoes,Mayonnaise,Chicken,Gouda cheese,Avocado,Basil,Bell peppers,Mayonnaise,,,8,8,6,1000,0,1000,0,1,999,,,,,,,,,,,,,,,
,,,,,,,,,,,,,64123,2020-03-03_11h11.57.733,SandwichStudy,3.2.4,Win32,60,"[""l""]",[1.0859999656677246],1,0,80,68,1,79,Tomatoes,Mozzarella cheese,Spinach,Pesto,,,,,Steak,Bacon,American cheese,Tomatoes,Onions,Pickles,,,6,4,6,1000,0,1000,0,1,999,,,,,,,,,,,,,,,
,,,,,,,,,,,,,64123,2020-03-03_11h11.57.733,SandwichStudy,3.2.4,Win32,60,"[""l""]",[1.0360000133514404],1,0,80,48,1,79,Chicken,Provolone cheese,Pesto,,,,,,Ham,Lettuce,Tomatoes,Mayonnaise,Mustard,,,,5,3,5,1000,0,1000,0,1,999,,,,,,,,,,,,,,,
,,,,,,,,,,,,,64123,2020-03-03_11h11.57.733,SandwichStudy,3.2.4,Win32,60,"[""space""]",[1.6640000343322754],1,0,80,26,1,79,Turkey,Avocado,Mayonnaise,,,,,,Chicken,Mozzarella cheese,Tomatoes,Onions,Basil,Mayonnaise,,,6,3,6,1000,0,1000,0,1,999,,,,,,,,,,,,,,,
,,,,,,,,,,,,,64123,2020-03-03_11h11.57.733,SandwichStudy,3.2.4,Win32,60,"[""a""]",[0.7369997501373291],1,0,80,26,1,79,Turkey,Avocado,Mayonnaise,,,,,,Chicken,Mozzarella cheese,Tomatoes,Onions,Basil,Mayonnaise,,,6,3,6,1000,0,1000,0,1,999,,,,,,,,,,,,,,,
,,,,,,,,,,,,,64123,2020-03-03_11h11.57.733,SandwichStudy,3.2.4,Win32,60,"[""space""]",[1.503000020980835],1,0,80,41,1,79,Bacon,Provolone cheese,Mushrooms,Parmesan cheese,,,,,Turkey,Bacon,Jalapenos,Lettuce,Avocado,Garlic aioli,Tomatoes,,7,4,7,1000,0,1000,0,1,999,,,,,,,,,,,,,,,
,,,,,,,,,,,,,64123,2020-03-03_11h11.57.733,SandwichStudy,3.2.4,Win32,60,"[""space""]",[2.1559998989105225],1,0,80,41,1,79,Bacon,Provolone cheese,Mushrooms,Parmesan cheese,,,,,Turkey,Bacon,Jalapenos,Lettuce,Avocado,Garlic aioli,Tomatoes,,7,4,7,1000,0,1000,0,1,999,,,,,,,,,,,,,,,
,,,,,,,,,,,,,64123,2020-03-03_11h11.57.733,SandwichStudy,3.2.4,Win32,60,"[""a""]",[0.8689999580383301],1,0,80,41,1,79,Bacon,Provolone cheese,Mushrooms,Parmesan cheese,,,,,Turkey,Bacon,Jalapenos,Lettuce,Avocado,Garlic aioli,Tomatoes,,7,4,7,1000,0,1000,0,1,999,,,,,,,,,,,,,,,
,,,,,,,,,,,,,64123,2020-03-03_11h11.57.733,SandwichStudy,3.2.4,Win32,60,"[""space""]",[0.6540000438690186],1,0,80,60,1,79,Chicken,Swiss cheese,Lettuce,Tomatoes,Onions,,,,Chicken,Cheddar cheese,Lettuce,Garlic aioli,Swiss cheese,Tomatoes,,,6,5,6,1000,0,1000,0,1,999,,,,,,,,,,,,,,,
,,,,,,,,,,,,,64123,2020-03-03_11h11.57.733,SandwichStudy,3.2.4,Win32,60,"[""space""]",[0.2559998035430908],1,0,80,60,1,79,Chicken,Swiss cheese,Lettuce,Tomatoes,Onions,,,,Chicken,Cheddar cheese,Lettuce,Garlic aioli,Swiss cheese,Tomatoes,,,6,5,6,1000,0,1000,0,1,999,,,,,,,,,,,,,,,
,,,,,,,,,,,,,64123,2020-03-03_11h11.57.733,SandwichStudy,3.2.4,Win32,60,"[""l""]",[0.935999870300293],1,0,80,60,1,79,Chicken,Swiss cheese,Lettuce,Tomatoes,Onions,,,,Chicken,Cheddar cheese,Lettuce,Garlic aioli,Swiss cheese,Tomatoes,,,6,5,6,1000,0,1000,0,1,999,,,,,,,,,,,,,,,
,,,,,,,,,,,,,64123,2020-03-03_11h11.57.733,SandwichStudy,3.2.4,Win32,60,"[""a""]",[0.9709999561309814],1,0,80,61,1,79,Pork,Cucumbers,Pickles,Jalapenos,Basil,Mayonnaise,,,Turkey,Cheddar cheese,Bacon,,,,,,6,6,3,1000,0,1000,0,1,999,,,,,,,,,,,,,,,
,,,,,,,,,,,,,64123,2020-03-03_11h11.57.733,SandwichStudy,3.2.4,Win32,60,"[""space""]",[0.1960000991821289],1,0,80,56,1,79,Turkey,Salami,Cheddar cheese,Mayonnaise,,,,,Turkey,Bacon,Avocado,Provolone cheese,Lettuce,Tomatoes,Onions,Ranch dressing,8,4,8,1000,0,1000,0,1,999,,,,,,,,,,,,,,,
,,,,,,,,,,,,,64123,2020-03-03_11h11.57.733,SandwichStudy,3.2.4,Win32,60,"[""space""]",[0.08899974822998047],1,0,80,56,1,79,Turkey,Salami,Cheddar cheese,Mayonnaise,,,,,Turkey,Bacon,Avocado,Provolone cheese,Lettuce,Tomatoes,Onions,Ranch dressing,8,4,8,1000,0,1000,0,1,999,,,,,,,,,,,,,,,
,,,,,,,,,,,,,64123,2020-03-03_11h11.57.733,SandwichStudy,3.2.4,Win32,60,"[""l""]",[0.9809999465942383],1,0,80,56,1,79,Turkey,Salami,Cheddar cheese,Mayonnaise,,,,,Turkey,Bacon,Avocado,Provolone cheese,Lettuce,Tomatoes,Onions,Ranch dressing,8,4,8,1000,0,1000,0,1,999,,,,,,,,,,,,,,,
,,,,,,,,,,,,,64123,2020-03-03_11h11.57.733,SandwichStudy,3.2.4,Win32,60,"[""space""]",[0.41100001335144043],1,0,80,53,1,79,Turkey,Avocado,Mayonnaise,,,,,,Ham,Pork,Swiss cheese,Mustard,Pickles,,,,5,3,5,1000,0,1000,0,1,999,,,,,,,,,,,,,,,
,,,,,,,,,,,,,64123,2020-03-03_11h11.57.733,SandwichStudy,3.2.4,Win32,60,"[""space""]",[0.04200005531311035],1,0,80,53,1,79,Turkey,Avocado,Mayonnaise,,,,,,Ham,Pork,Swiss cheese,Mustard,Pickles,,,,5,3,5,1000,0,1000,0,1,999,,,,,,,,,,,,,,,
,,,,,,,,,,,,,64123,2020-03-03_11h11.57.733,SandwichStudy,3.2.4,Win32,60,"[""space""]",[1.4459998607635498],1,0,80,53,1,79,Turkey,Avocado,Mayonnaise,,,,,,Ham,Pork,Swiss cheese,Mustard,Pickles,,,,5,3,5,1000,0,1000,0,1,999,,,,,,,,,,,,,,,
,,,,,,,,,,,,,64123,2020-03-03_11h11.57.733,SandwichStudy,3.2.4,Win32,60,"[""a""]",[1.1949999332427979],1,0,80,53,1,79,Turkey,Avocado,Mayonnaise,,,,,,Ham,Pork,Swiss cheese,Mustard,Pickles,,,,5,3,5,1000,0,1000,0,1,999,,,,,,,,,,,,,,,
,,,,,,,,,,,,,64123,2020-03-03_11h11.57.733,SandwichStudy,3.2.4,Win32,60,"[""space""]",[0.18499994277954102],1,0,80,50,1,79,Mozzarella cheese,Bell peppers,Pesto,Spinach,,,,,Chicken,Ham,Swiss cheese,Mayonnaise,,,,,4,4,4,1000,0,1000,0,1,999,,,,,,,,,,,,,,,
,,,,,,,,,,,,,64123,2020-03-03_11h11.57.733,SandwichStudy,3.2.4,Win32,60,"[""space""]",[0.44700002670288086],1,0,80,50,1,79,Mozzarella cheese,Bell peppers,Pesto,Spinach,,,,,Chicken,Ham,Swiss cheese,Mayonnaise,,,,,4,4,4,1000,0,1000,0,1,999,,,,,,,,,,,,,,,
,,,,,,,,,,,,,64123,2020-03-03_11h11.57.733,SandwichStudy,3.2.4,Win32,60,"[""space""]",[0.35199975967407227],1,0,80,50,1,79,Mozzarella cheese,Bell peppers,Pesto,Spinach,,,,,Chicken,Ham,Swiss cheese,Mayonnaise,,,,,4,4,4,1000,0,1000,0,1,999,,,,,,,,,,,,,,,
,,,,,,,,,,,,,64123,2020-03-03_11h11.57.733,SandwichStudy,3.2.4,Win32,60,"[""l""]",[2.6369998455047607],1,0,80,50,1,79,Mozzarella cheese,Bell peppers,Pesto,Spinach,,,,,Chicken,Ham,Swiss cheese,Mayonnaise,,,,,4,4,4,1000,0,1000,0,1,999,,,,,,,,,,,,,,,
,,,,,,,,,,,,,64123,2020-03-03_11h11.57.733,SandwichStudy,3.2.4,Win32,60,"[""space""]",[0.2049999237060547],1,0,80,0,1,79,Onions,Bell peppers,Mushrooms,Jalapenos,American cheese,Steak,,,Bacon,Provolone cheese,Mushrooms,Parmesan cheese,,,,,6,6,4,1000,0,1000,0,1,999,,,,,,,,,,,,,,,
,,,,,,,,,,,,,64123,2020-03-03_11h11.57.733,SandwichStudy,3.2.4,Win32,60,"[""space""]",[0.13499975204467773],1,0,80,0,1,79,Onions,Bell peppers,Mushrooms,Jalapenos,American cheese,Steak,,,Bacon,Provolone cheese,Mushrooms,Parmesan cheese,,,,,6,6,4,1000,0,1000,0,1,999,,,,,,,,,,,,,,,
,,,,,,,,,,,,,64123,2020-03-03_11h11.57.733,SandwichStudy,3.2.4,Win32,60,"[""space""]",[0.33499979972839355],1,0,80,0,1,79,Onions,Bell peppers,Mushrooms,Jalapenos,American cheese,Steak,,,Bacon,Provolone cheese,Mushrooms,Parmesan cheese,,,,,6,6,4,1000,0,1000,0,1,999,,,,,,,,,,,,,,,
,,,,,,,,,,,,,64123,2020-03-03_11h11.57.733,SandwichStudy,3.2.4,Win32,60,"[""l""]",[10.268999814987183],1,0,80,0,1,79,Onions,Bell peppers,Mushrooms,Jalapenos,American cheese,Steak,,,Bacon,Provolone cheese,Mushrooms,Parmesan cheese,,,,,6,6,4,1000,0,1000,0,1,999,,,,,,,,,,,,,,,
,,,,,,,,,,,,,64123,2020-03-03_11h11.57.733,SandwichStudy,3.2.4,Win32,60,"[""space""]",[0.31399989128112793],1,0,80,35,1,79,Bacon,Lettuce,Tomatoes,Ranch dressing,,,,,Turkey,Gouda cheese,Avocado,Garlic aioli,Jalapenos,Tomatoes,Lettuce,,7,4,7,1000,0,1000,0,1,999,,,,,,,,,,,,,,,
,,,,,,,,,,,,,64123,2020-03-03_11h11.57.733,SandwichStudy,3.2.4,Win32,60,"[""space""]",[0.6029999256134033],1,0,80,35,1,79,Bacon,Lettuce,Tomatoes,Ranch dressing,,,,,Turkey,Gouda cheese,Avocado,Garlic aioli,Jalapenos,Tomatoes,Lettuce,,7,4,7,1000,0,1000,0,1,999,,,,,,,,,,,,,,,
,,,,,,,,,,,,,64123,2020-03-03_11h11.57.733,SandwichStudy,3.2.4,Win32,60,"[""l""]",[3.055999994277954],1,0,80,35,1,79,Bacon,Lettuce,Tomatoes,Ranch dressing,,,,,Turkey,Gouda cheese,Avocado,Garlic aioli,Jalapenos,Tomatoes,Lettuce,,7,4,7,1000,0,1000,0,1,999,,,,,,,,,,,,,,,
,,,,,,,,,,,,,64123,2020-03-03_11h11.57.733,SandwichStudy,3.2.4,Win32,60,"[""space""]",[0.2259998321533203],1,0,80,5,1,79,Chicken,Cheddar cheese,Mayonnaise,,,,,,Turkey,Provolone cheese,Pesto,Bell peppers,,,,,4,3,4,1000,0,1000,0,1,999,,,,,,,,,,,,,,,
,,,,,,,,,,,,,64123,2020-03-03_11h11.57.733,SandwichStudy,3.2.4,Win32,60,"[""l""]",[0.7919998168945312],1,0,80,5,1,79,Chicken,Cheddar cheese,Mayonnaise,,,,,,Turkey,Provolone cheese,Pesto,Bell peppers,,,,,4,3,4,1000,0,1000,0,1,999,,,,,,,,,,,,,,,
,,,,,,,,,,,,,64123,2020-03-03_11h11.57.733,SandwichStudy,3.2.4,Win32,60,"[""l""]",[0.5019998550415039],1,0,80,77,1,79,Chicken,Lettuce,Tomatoes,Mayonnaise,,,,,Pepperoni,Meatballs,Marinara sauce,Provolone cheese,Mushrooms,,,,5,4,5,1000,0,1000,0,1,999,,,,,,,,,,,,,,,
,,,,,,,,,,,,,64123,2020-03-03_11h11.57.733,SandwichStudy,3.2.4,Win32,60,"[""l""]",[0.753000020980835],1,0,80,64,1,79,Tuna,Basil,Cheddar cheese,Garlic aioli,Pickles,Onions,Tomatoes,Spinach,Turkey,Ham,Bacon,Provolone cheese,Lettuce,Tomatoes,Ranch dressing,,8,8,7,1000,0,1000,0,1,999,,,,,,,,,,,,,,,
,,,,,,,,,,,,,64123,2020-03-03_11h11.57.733,SandwichStudy,3.2.4,Win32,60,"[""a""]",[1.2199997901916504],1,0,80,79,1,79,Salami,Roast beef,Turkey,Ham,Swiss cheese,Lettuce,Tomatoes,Mayonnaise,Turkey,Cheddar cheese,Mayonnaise,,,,,,8,8,3,1000,0,1000,0,1,999,,,,,,,,,,,,,,,
,,,,,,,,,,,,,64123,2020-03-03_11h11.57.733,SandwichStudy,3.2.4,Win32,60,"[""l""]",[0.6559998989105225],1,0,80,4,1,79,Provolone cheese,Swiss cheese,Cheddar cheese,Parmesan cheese,Tomatoes,,,,Chicken,Lettuce,Tomatoes,Mayonnaise,,,,,5,5,4,1000,0,1000,0,1,999,,,,,,,,,,,,,,,
,,,,,,,,,,,,,64123,2020-03-03_11h11.57.733,SandwichStudy,3.2.4,Win32,60,"[""l""]",[1.2029998302459717],1,0,80,43,1,79,Meatballs,Provolone cheese,Onions,Marinara sauce,,,,,Chicken,Mozzarella cheese,Tomatoes,Pesto,Spinach,,,,5,4,5,1000,0,1000,0,1,999,,,,,,,,,,,,,,,
,,,,,,,,,,,,,64123,2020-03-03_11h11.57.733,SandwichStudy,3.2.4,Win32,60,"[""l""]",[0.6370000839233398],1,0,80,54,1,79,Chicken,Bell peppers,Bacon,Provolone cheese,Ranch dressing,Lettuce,Tomatoes,,Turkey,Bacon,Pepper jack cheese,Avocado,Ranch dressing,Spinach,Tomatoes,,7,7,7,1000,0,1000,0,1,999,,,,,,,,,,,,,,,
,,,,,,,,,,,,,64123,2020-03-03_11h11.57.733,SandwichStudy,3.2.4,Win32,60,"[""a""]",[0.6569998264312744],1,0,80,23,1,79,Meatballs,Provolone cheese,Marinara sauce,Parmesan cheese,,,,,Turkey,Cheddar cheese,Bacon,,,,,,4,4,3,1000,0,1000,0,1,999,,,,,,,,,,,,,,,
,,,,,,,,,,,,,64123,2020-03-03_11h11.57.733,SandwichStudy,3.2.4,Win32,60,"[""a""]",[0.5179998874664307],1,0,80,10,1,79,Turkey,Cheddar cheese,Coleslaw,Spinach,Mustard,,,,Salami,Provolone cheese,Lettuce,Tomatoes,Mayonnaise,Mustard,,,6,5,6,1000,0,1000,0,1,999,,,,,,,,,,,,,,,
,,,,,,,,,,,,,64123,2020-03-03_11h11.57.733,SandwichStudy,3.2.4,Win32,60,"[""space""]",[0.7690000534057617],1,0,80,75,1,79,Ham,Swiss cheese,Mustard,,,,,,Ham,Swiss cheese,Mayonnaise,Mustard,Tomatoes,,,,5,3,5,1000,0,1000,0,1,999,,,,,,,,,,,,,,,
,,,,,,,,,,,,,64123,2020-03-03_11h11.57.733,SandwichStudy,3.2.4,Win32,60,"[""space""]",[0.17199993133544922],1,0,80,75,1,79,Ham,Swiss cheese,Mustard,,,,,,Ham,Swiss cheese,Mayonnaise,Mustard,Tomatoes,,,,5,3,5,1000,0,1000,0,1,999,,,,,,,,,,,,,,,
,,,,,,,,,,,,,64123,2020-03-03_11h11.57.733,SandwichStudy,3.2.4,Win32,60,"[""l""]",[0.8040001392364502],1,0,80,75,1,79,Ham,Swiss cheese,Mustard,,,,,,Ham,Swiss cheese,Mayonnaise,Mustard,Tomatoes,,,,5,3,5,1000,0,1000,0,1,999,,,,,,,,,,,,,,,
,,,,,,,,,,,,,64123,2020-03-03_11h11.57.733,SandwichStudy,3.2.4,Win32,60,"[""space""]",[0.24099969863891602],1,0,80,30,1,79,Turkey,Ham,Roast beef,Provolone cheese,Spinach,Tomatoes,Mayonnaise,Mustard,Ham,Swiss cheese,Mayonnaise,Mustard,Tomatoes,,,,8,8,5,1000,0,1000,0,1,999,,,,,,,,,,,,,,,
,,,,,,,,,,,,,64123,2020-03-03_11h11.57.733,SandwichStudy,3.2.4,Win32,60,"[""space""]",[0.22999978065490723],1,0,80,30,1,79,Turkey,Ham,Roast beef,Provolone cheese,Spinach,Tomatoes,Mayonnaise,Mustard,Ham,Swiss cheese,Mayonnaise,Mustard,Tomatoes,,,,8,8,5,1000,0,1000,0,1,999,,,,,,,,,,,,,,,
,,,,,,,,,,,,,64123,2020-03-03_11h11.57.733,SandwichStudy,3.2.4,Win32,60,"[""a""]",[0.5710000991821289],1,0,80,30,1,79,Turkey,Ham,Roast beef,Provolone cheese,Spinach,Tomatoes,Mayonnaise,Mustard,Ham,Swiss cheese,Mayonnaise,Mustard,Tomatoes,,,,8,8,5,1000,0,1000,0,1,999,,,,,,,,,,,,,,,
,,,,,,,,,,,,,64123,2020-03-03_11h11.57.733,SandwichStudy,3.2.4,Win32,60,"[""space""]",[0.21000003814697266],1,0,80,51,1,79,Turkey,Provolone cheese,Pesto,Bell peppers,,,,,Swiss cheese,Provolone cheese,Bell peppers,Tomatoes,Onions,,,,5,4,5,1000,0,1000,0,1,999,,,,,,,,,,,,,,,
,,,,,,,,,,,,,64123,2020-03-03_11h11.57.733,SandwichStudy,3.2.4,Win32,60,"[""space""]",[0.2799997329711914],1,0,80,51,1,79,Turkey,Provolone cheese,Pesto,Bell peppers,,,,,Swiss cheese,Provolone cheese,Bell peppers,Tomatoes,Onions,,,,5,4,5,1000,0,1000,0,1,999,,,,,,,,,,,,,,,
,,,,,,,,,,,,,64123,2020-03-03_11h11.57.733,SandwichStudy,3.2.4,Win32,60,"[""l""]",[0.3959999084472656],1,0,80,51,1,79,Turkey,Provolone cheese,Pesto,Bell peppers,,,,,Swiss cheese,Provolone cheese,Bell peppers,Tomatoes,Onions,,,,5,4,5,1000,0,1000,0,1,999,,,,,,,,,,,,,,,
,,,,,,,,,,,,,64123,2020-03-03_11h11.57.733,SandwichStudy,3.2.4,Win32,60,"[""space""]",[0.008999824523925781],1,0,80,34,1,79,Avocado,Onions,Cucumbers,,,,,,Tuna,Basil,Cheddar cheese,Garlic aioli,Pickles,Onions,Tomatoes,Spinach,8,3,8,1000,0,1000,0,1,999,,,,,,,,,,,,,,,
,,,,,,,,,,,,,64123,2020-03-03_11h11.57.733,SandwichStudy,3.2.4,Win32,60,"[""a""]",[0.9039998054504395],1,0,80,34,1,79,Avocado,Onions,Cucumbers,,,,,,Tuna,Basil,Cheddar cheese,Garlic aioli,Pickles,Onions,Tomatoes,Spinach,8,3,8,1000,0,1000,0,1,999,,,,,,,,,,,,,,,
,,,,,,,,,,,,,64123,2020-03-03_11h11.57.733,SandwichStudy,3.2.4,Win32,60,"[""space""]",[0.3210000991821289],1,0,80,47,1,79,Chicken,Cheddar cheese,Mayonnaise,,,,,,Turkey,Cheddar cheese,Coleslaw,Spinach,Mustard,,,,5,3,5,1000,0,1000,0,1,999,,,,,,,,,,,,,,,
,,,,,,,,,,,,,64123,2020-03-03_11h11.57.733,SandwichStudy,3.2.4,Win32,60,"[""space""]",[1.2529997825622559],1,0,80,47,1,79,Chicken,Cheddar cheese,Mayonnaise,,,,,,Turkey,Cheddar cheese,Coleslaw,Spinach,Mustard,,,,5,3,5,1000,0,1000,0,1,999,,,,,,,,,,,,,,,
,,,,,,,,,,,,,64123,2020-03-03_11h11.57.733,SandwichStudy,3.2.4,Win32,60,"[""a""]",[1.6129999160766602],1,0,80,47,1,79,Chicken,Cheddar cheese,Mayonnaise,,,,,,Turkey,Cheddar cheese,Coleslaw,Spinach,Mustard,,,,5,3,5,1000,0,1000,0,1,999,,,,,,,,,,,,,,,
,,,,,,,,,,,,,64123,2020-03-03_11h11.57.733,SandwichStudy,3.2.4,Win32,60,"[""l""]",[2.442999839782715],1,0,80,28,1,79,Chicken,Mozzarella cheese,Tomatoes,Pesto,Spinach,,,,Roast beef,Turkey,Pastrami,Mayonnaise,Provolone cheese,,,,5,5,5,1000,0,1000,0,1,999,,,,,,,,,,,,,,,
,,,,,,,,,,,,,64123,2020-03-03_11h11.57.733,SandwichStudy,3.2.4,Win32,60,"[""space""]",[0.3250000476837158],1,0,80,72,1,79,Chicken,Mozzarella cheese,Tomatoes,Onions,Basil,Mayonnaise,,,Chicken,American cheese,Coleslaw,Tomatoes,Pickles,Mayonnaise,,,6,6,6,1000,0,1000,0,1,999,,,,,,,,,,,,,,,
,,,,,,,,,,,,,64123,2020-03-03_11h11.57.733,SandwichStudy,3.2.4,Win32,60,"[""l""]",[0.2349998950958252],1,0,80,72,1,79,Chicken,Mozzarella cheese,Tomatoes,Onions,Basil,Mayonnaise,,,Chicken,American cheese,Coleslaw,Tomatoes,Pickles,Mayonnaise,,,6,6,6,1000,0,1000,0,1,999,,,,,,,,,,,,,,,
,,,,,,,,,,,,,64123,2020-03-03_11h11.57.733,SandwichStudy,3.2.4,Win32,60,"[""space""]",[20.960999727249146],1,0,80,55,1,79,Roast beef,Turkey,Pastrami,Mayonnaise,Provolone cheese,,,,Ham,Swiss cheese,Spinach,Mustard,,,,,5,5,4,1000,0,1000,0,1,999,,,,,,,,,,,,,,,
,,,,,,,,,,,,,64123,2020-03-03_11h11.57.733,SandwichStudy,3.2.4,Win32,60,"[""l""]",[0.7199997901916504],1,0,80,55,1,79,Roast beef,Turkey,Pastrami,Mayonnaise,Provolone cheese,,,,Ham,Swiss cheese,Spinach,Mustard,,,,,5,5,4,1000,0,1000,0,1,999,,,,,,,,,,,,,,,
,,,,,,,,,,,,,64123,2020-03-03_11h11.57.733,SandwichStudy,3.2.4,Win32,60,,,,,,,,,,,,,,,,,,,,,,,,,,,,,,,,,,space,4.875999928,5,2.835999966,space,4.922999859,1,0,10,8,1,9,Provolone cheese,,
,,,,,,,,,,,,,64123,2020-03-03_11h11.57.733,SandwichStudy,3.2.4,Win32,60,,,,,,,,,,,,,,,,,,,,,,,,,,,,,,,,,,,,3,3.355999947,space,3.548000097,1,0,10,3,1,9,Bacon,,
,,,,,,,,,,,,,64123,2020-03-03_11h11.57.733,SandwichStudy,3.2.4,Win32,60,,,,,,,,,,,,,,,,,,,,,,,,,,,,,,,,,,,,4,2.382999897,space,2.604999781,1,0,10,6,1,9,Swiss cheese,,
,,,,,,,,,,,,,64123,2020-03-03_11h11.57.733,SandwichStudy,3.2.4,Win32,60,,,,,,,,,,,,,,,,,,,,,,,,,,,,,,,,,,,,3,2.157000065,space,2.497999907,1,0,10,5,1,9,Cheddar cheese,,
,,,,,,,,,,,,,64123,2020-03-03_11h11.57.733,SandwichStudy,3.2.4,Win32,60,,,,,,,,,,,,,,,,,,,,,,,,,,,,,,,,,,,,2,1.614000082,space,1.769000053,1,0,10,0,1,9,Tomatoes,,
,,,,,,,,,,,,,64123,2020-03-03_11h11.57.733,SandwichStudy,3.2.4,Win32,60,,,,,,,,,,,,,,,,,,,,,,,,,,,,,,,,,,,,4,2.013000011,space,2.164999962,1,0,10,9,1,9,Spinach,,
,,,,,,,,,,,,,64123,2020-03-03_11h11.57.733,SandwichStudy,3.2.4,Win32,60,,,,,,,,,,,,,,,,,,,,,,,,,,,,,,,,,,,,6,1.838999987,space,1.979999781,1,0,10,2,1,9,Turkey,,
,,,,,,,,,,,,,64123,2020-03-03_11h11.57.733,SandwichStudy,3.2.4,Win32,60,,,,,,,,,,,,,,,,,,,,,,,,,,,,,,,,,,,,6,1.347000122,space,1.513999939,1,0,10,7,1,9,Lettuce,,
,,,,,,,,,,,,,64123,2020-03-03_11h11.57.733,SandwichStudy,3.2.4,Win32,60,,,,,,,,,,,,,,,,,,,,,,,,,,,,,,,,,,,,6,0.73300004,space,0.967999935,1,0,10,4,1,9,Chicken,,
,,,,,,,,,,,,,64123,2020-03-03_11h11.57.733,SandwichStudy,3.2.4,Win32,60,,,,,,,,,,,,,,,,,,,,,,,,,,,,,,,,,,,,1,1.644999981,space,2.049999952,1,0,10,1,1,9,Mayonnaise,,
,,,,,,,,,,,,,64123,2020-03-03_11h11.57.733,SandwichStudy,3.2.4,Win32,60,,,,,,,,,,,,,,,,,,,,,,,,,,,,,,,,,,,,,,,,,,,,,,,return,4.529999733
