sequence,key_resp_4.keys,key_resp_4.rt,VegResp.keys,VegResp.rt,ConfirmResp.keys,ConfirmResp.rt,VegQuestionLoop.thisRepN,VegQuestionLoop.thisTrialN,VegQuestionLoop.thisN,VegQuestionLoop.thisIndex,VegQuestionLoop.ran,VegQuestionLoop.order,participant,date,expName,psychopyVersion,OS,frameRate,Decision.keys,Decision.rt,trials.thisRepN,trials.thisTrialN,trials.thisN,trials.thisIndex,trials.ran,trials.order,s11,s12,s13,s14,s15,s16,s17,s18,s21,s22,s23,s24,s25,s26,s27,s28,IngsInRow,IngIn1,IngIn2,Iter.thisRepN,Iter.thisTrialN,Iter.thisN,Iter.thisIndex,Iter.ran,Iter.order,key_resp_2.keys,key_resp_2.rt,slider.response,slider.rt,key_resp_3.keys,key_resp_3.rt,RatingLoop.thisRepN,RatingLoop.thisTrialN,RatingLoop.thisN,RatingLoop.thisIndex,RatingLoop.ran,RatingLoop.order,ingredientforslider,key_resp.keys,key_resp.rt
"[0,1,0,0,0,0,1,0,1,0,1,0,1,0,0,1,0,1,0,0,0,0,0,0,1,0,0,0,0,1,0,1,1,0,1,0,1,1,1,0,1,1,1,0,0,0,0,0,0,0,1,0,0,1,0,1,0,0,1,0,0,1,1,1,0,0,0,0,0,0,0,1,1,1,0,0,1,0,0,1]",space,0.472000122,y,2.533000231,p,2.969000101,100,0,100,0,1,99,65164,2020-02-27_13h29.46.610,SandwichStudy,3.2.4,Linux x86_64,60,,,,,,,,,,,,,,,,,,,,,,,,,,,,,,,,,,,,,,,,,,,,,,,,
,,,,,,,,,,,,,65164,2020-02-27_13h29.46.610,SandwichStudy,3.2.4,Linux x86_64,60,"[""l""]",[5.670000076293945],1,0,80,68,1,79,Mushrooms,Provolone cheese,Mustard,Peppers,Lettuce,Tomatoes,Vinaigrette,,Vegan turkey,Cucumbers,Tomatoes,Onions,Sprouts,Avocado,Mayonnaise,,7,7,7,1000,0,1000,0,1,999,,,,,,,,,,,,,,,
,,,,,,,,,,,,,65164,2020-02-27_13h29.46.610,SandwichStudy,3.2.4,Linux x86_64,60,"[""a""]",[0.2890000343322754],1,0,80,46,1,79,Black bean patty,Pepper jack cheese,Lettuce,Tomatoes,Onions,Avocado,Mustard,,Avocado,Spinach,Tomatoes,Swiss cheese,,,,,7,7,4,1000,0,1000,0,1,999,,,,,,,,,,,,,,,
,,,,,,,,,,,,,65164,2020-02-27_13h29.46.610,SandwichStudy,3.2.4,Linux x86_64,60,"[""l""]",[0.507000207901001],1,0,80,40,1,79,Black bean patty,American cheese,Cheddar cheese,Lettuce,Tomatoes,,,,Avocado,Tomatoes,Mayonnaise,Mixed greens,Lettuce,Onions,Vinaigrette,,7,5,7,1000,0,1000,0,1,999,,,,,,,,,,,,,,,
,,,,,,,,,,,,,65164,2020-02-27_13h29.46.610,SandwichStudy,3.2.4,Linux x86_64,60,"[""l""]",[1.5789999961853027],1,0,80,47,1,79,Pepper jack cheese,Spinach,Tomatoes,Garlic aioli,,,,,Sprouts,Avocado,Onions,Tomatoes,Cucumbers,Spinach,Garlic aioli,,7,4,7,1000,0,1000,0,1,999,,,,,,,,,,,,,,,
,,,,,,,,,,,,,65164,2020-02-27_13h29.46.610,SandwichStudy,3.2.4,Linux x86_64,60,"[""l""]",[1.2060000896453857],1,0,80,14,1,79,American cheese,Cheddar cheese,Swiss cheese,Onions,Mustard,,,,Cheddar cheese,Cream cheese,Pickles,Jalapenos,,,,,5,5,4,1000,0,1000,0,1,999,,,,,,,,,,,,,,,
,,,,,,,,,,,,,65164,2020-02-27_13h29.46.610,SandwichStudy,3.2.4,Linux x86_64,60,"[""a""]",[0.48600006103515625],1,0,80,78,1,79,Soy chicken,Mushrooms,Onions,Provolone cheese,,,,,Avocado,Pesto,Cheddar cheese,,,,,,4,4,3,1000,0,1000,0,1,999,,,,,,,,,,,,,,,
,,,,,,,,,,,,,65164,2020-02-27_13h29.46.610,SandwichStudy,3.2.4,Linux x86_64,60,"[""l""]",[1.8870000839233398],1,0,80,15,1,79,Mixed greens,Onions,Hummus,Olives,Cucumbers,Sprouts,Tomatoes,,Mozzarella cheese,Peppers,Pesto,Mixed greens,Mayonnaise,,,,7,7,5,1000,0,1000,0,1,999,,,,,,,,,,,,,,,
,,,,,,,,,,,,,65164,2020-02-27_13h29.46.610,SandwichStudy,3.2.4,Linux x86_64,60,"[""l""]",[1.2380001544952393],1,0,80,41,1,79,Swiss cheese,Hummus,Peppers,Mixed greens,Onions,Tomatoes,Pickles,Olives,Hummus,Avocado,Tomatoes,Arugula,Mayonnaise,,,,8,8,5,1000,0,1000,0,1,999,,,,,,,,,,,,,,,
,,,,,,,,,,,,,65164,2020-02-27_13h29.46.610,SandwichStudy,3.2.4,Linux x86_64,60,"[""l""]",[0.7380001544952393],1,0,80,67,1,79,Mixed greens,Onions,Hummus,Olives,Cucumbers,Sprouts,Tomatoes,,Egg salad,Lettuce,Tomatoes,Onions,,,,,7,7,4,1000,0,1000,0,1,999,,,,,,,,,,,,,,,
,,,,,,,,,,,,,65164,2020-02-27_13h29.46.610,SandwichStudy,3.2.4,Linux x86_64,60,"[""l""]",[0.2850000858306885],1,0,80,74,1,79,Spinach,Tomatoes,Cucumbers,Onions,Peppers,Avocado,Mayonnaise,,Vegan bacon,Tomatoes,Avocado,Pesto,,,,,7,7,4,1000,0,1000,0,1,999,,,,,,,,,,,,,,,
,,,,,,,,,,,,,65164,2020-02-27_13h29.46.610,SandwichStudy,3.2.4,Linux x86_64,60,"[""l""]",[0.8350002765655518],1,0,80,53,1,79,Soy chicken,Pepper jack cheese,Tomatoes,Lettuce,Onions,Garlic aioli,,,Mushrooms,Swiss cheese,Provolone cheese,Cheddar cheese,Lettuce,Tomatoes,,,6,6,6,1000,0,1000,0,1,999,,,,,,,,,,,,,,,
,,,,,,,,,,,,,65164,2020-02-27_13h29.46.610,SandwichStudy,3.2.4,Linux x86_64,60,"[""l""]",[0.38500022888183594],1,0,80,23,1,79,Artichoke hearts,Mushrooms,Pesto,Provolone cheese,,,,,Guacamole,Cheddar cheese,Provolone cheese,Olives,Cucumbers,Mushrooms,Peppers,Lettuce,8,4,8,1000,0,1000,0,1,999,,,,,,,,,,,,,,,
,,,,,,,,,,,,,65164,2020-02-27_13h29.46.610,SandwichStudy,3.2.4,Linux x86_64,60,"[""a""]",[0.6230001449584961],1,0,80,79,1,79,Artichoke hearts,Mushrooms,Pesto,Provolone cheese,,,,,Vegan turkey,Provolone cheese,Vinaigrette,Coleslaw,Mayonnaise,,,,5,4,5,1000,0,1000,0,1,999,,,,,,,,,,,,,,,
,,,,,,,,,,,,,65164,2020-02-27_13h29.46.610,SandwichStudy,3.2.4,Linux x86_64,60,"[""l""]",[0.6550002098083496],1,0,80,11,1,79,Soy chicken,Lettuce,Tomatoes,Onions,Guacamole,Mayonnaise,,,Avocado,Cucumbers,Sprouts,Lettuce,Tomatoes,Onions,Pesto,,7,6,7,1000,0,1000,0,1,999,,,,,,,,,,,,,,,
,,,,,,,,,,,,,65164,2020-02-27_13h29.46.610,SandwichStudy,3.2.4,Linux x86_64,60,"[""l""]",[0.27300000190734863],1,0,80,27,1,79,Pepper jack cheese,Spinach,Tomatoes,Garlic aioli,,,,,Black bean patty,Guacamole,Tomatoes,Lettuce,Sprouts,,,,5,4,5,1000,0,1000,0,1,999,,,,,,,,,,,,,,,
,,,,,,,,,,,,,65164,2020-02-27_13h29.46.610,SandwichStudy,3.2.4,Linux x86_64,60,"[""a""]",[0.9200000762939453],1,0,80,69,1,79,Falafel,Garlic aioli,Cucumbers,Peppers,Arugula,,,,Guacamole,Cheddar cheese,Provolone cheese,Olives,Cucumbers,Mushrooms,Peppers,Lettuce,8,5,8,1000,0,1000,0,1,999,,,,,,,,,,,,,,,
,,,,,,,,,,,,,65164,2020-02-27_13h29.46.610,SandwichStudy,3.2.4,Linux x86_64,60,"[""a""]",[0.12600016593933105],1,0,80,8,1,79,Avocado,Tomatoes,Lettuce,Sprouts,Guacamole,Vinaigrette,,,Tomatoes,Mozzarella cheese,Spinach,Pesto,,,,,6,6,4,1000,0,1000,0,1,999,,,,,,,,,,,,,,,
,,,,,,,,,,,,,65164,2020-02-27_13h29.46.610,SandwichStudy,3.2.4,Linux x86_64,60,"[""a""]",[0.18700003623962402],1,0,80,71,1,79,Pepper jack cheese,Cream cheese,Guacamole,Mixed greens,Onions,Tomatoes,Pickles,Sprouts,Black bean patty,Sprouts,Avocado,Tomatoes,Onions,Garlic aioli,,,8,8,6,1000,0,1000,0,1,999,,,,,,,,,,,,,,,
,,,,,,,,,,,,,65164,2020-02-27_13h29.46.610,SandwichStudy,3.2.4,Linux x86_64,60,"[""a""]",[0.12600016593933105],1,0,80,75,1,79,Vegan bacon,Tomatoes,Lettuce,Mayonnaise,,,,,Artichoke hearts,Feta cheese,Provolone cheese,Mayonnaise,Onions,Tomatoes,Pickles,,7,4,7,1000,0,1000,0,1,999,,,,,,,,,,,,,,,
,,,,,,,,,,,,,65164,2020-02-27_13h29.46.610,SandwichStudy,3.2.4,Linux x86_64,60,"[""l""]",[0.004000186920166016],1,0,80,52,1,79,Cheddar cheese,Cream cheese,Pickles,Jalapenos,,,,,Guacamole,Hummus,Feta cheese,Mixed greens,Onions,Tomatoes,Pickles,Mushrooms,8,4,8,1000,0,1000,0,1,999,,,,,,,,,,,,,,,
,,,,,,,,,,,,,65164,2020-02-27_13h29.46.610,SandwichStudy,3.2.4,Linux x86_64,60,"[""l""]",[0.25999999046325684],1,0,80,19,1,79,Egg salad,Feta cheese,Spinach,Tomatoes,,,,,Spinach,Tomatoes,Cucumbers,Onions,Peppers,Avocado,Mayonnaise,,7,4,7,1000,0,1000,0,1,999,,,,,,,,,,,,,,,
,,,,,,,,,,,,,65164,2020-02-27_13h29.46.610,SandwichStudy,3.2.4,Linux x86_64,60,"[""a""]",[0.27500009536743164],1,0,80,7,1,79,Guacamole,Sprouts,Tomatoes,Cucumbers,Vinaigrette,,,,Soy chicken,Pesto,Mixed greens,Tomatoes,Onions,,,,5,5,5,1000,0,1000,0,1,999,,,,,,,,,,,,,,,
,,,,,,,,,,,,,65164,2020-02-27_13h29.46.610,SandwichStudy,3.2.4,Linux x86_64,60,"[""l""]",[0.02500009536743164],1,0,80,37,1,79,Vegan turkey,Provolone cheese,Vinaigrette,Coleslaw,Mayonnaise,,,,Vegan bacon,Tomatoes,Lettuce,Mayonnaise,,,,,5,5,4,1000,0,1000,0,1,999,,,,,,,,,,,,,,,
,,,,,,,,,,,,,65164,2020-02-27_13h29.46.610,SandwichStudy,3.2.4,Linux x86_64,60,"[""a""]",[2.1089999675750732],1,0,80,48,1,79,Cheddar cheese,Swiss cheese,Pepper jack cheese,Avocado,Mayonnaise,Sprouts,Tomatoes,,Egg salad,Feta cheese,Spinach,Tomatoes,,,,,7,7,4,1000,0,1000,0,1,999,,,,,,,,,,,,,,,
,,,,,,,,,,,,,65164,2020-02-27_13h29.46.610,SandwichStudy,3.2.4,Linux x86_64,60,"[""l""]",[0.18700003623962402],1,0,80,10,1,79,Soy chicken,Ranch dressing,Lettuce,Tomatoes,Onions,,,,Swiss cheese,Hummus,Peppers,Mixed greens,Onions,Tomatoes,Pickles,Olives,8,5,8,1000,0,1000,0,1,999,,,,,,,,,,,,,,,
,,,,,,,,,,,,,65164,2020-02-27_13h29.46.610,SandwichStudy,3.2.4,Linux x86_64,60,"[""l""]",[0.3020002841949463],1,0,80,20,1,79,Hummus,Guacamole,Tomatoes,Lettuce,Sprouts,,,,Black bean patty,Pepper jack cheese,Lettuce,Tomatoes,Onions,Avocado,Mustard,,7,5,7,1000,0,1000,0,1,999,,,,,,,,,,,,,,,
,,,,,,,,,,,,,65164,2020-02-27_13h29.46.610,SandwichStudy,3.2.4,Linux x86_64,60,"[""a""]",[2.0269999504089355],1,0,80,9,1,79,Vegan turkey,Provolone cheese,Lettuce,Tomatoes,Onions,,,,Vegan turkey,Onions,Lettuce,Pickles,Mustard,Mayonnaise,,,6,5,6,1000,0,1000,0,1,999,,,,,,,,,,,,,,,
,,,,,,,,,,,,,65164,2020-02-27_13h29.46.610,SandwichStudy,3.2.4,Linux x86_64,60,"[""l""]",[2.1679999828338623],1,0,80,77,1,79,Mushrooms,Provolone cheese,Mustard,Peppers,Lettuce,Tomatoes,Vinaigrette,,Black bean patty,Onions,Peppers,Provolone cheese,,,,,7,7,4,1000,0,1000,0,1,999,,,,,,,,,,,,,,,
,,,,,,,,,,,,,65164,2020-02-27_13h29.46.610,SandwichStudy,3.2.4,Linux x86_64,60,"[""a""]",[0.24000000953674316],1,0,80,57,1,79,Cheddar cheese,Avocado,Cucumbers,Lettuce,Mustard,Sprouts,,,American cheese,Cheddar cheese,Swiss cheese,Onions,Mustard,,,,6,6,5,1000,0,1000,0,1,999,,,,,,,,,,,,,,,
,,,,,,,,,,,,,65164,2020-02-27_13h29.46.610,SandwichStudy,3.2.4,Linux x86_64,60,"[""l""]",[0.8700001239776611],1,0,80,54,1,79,Tomatoes,Mozzarella cheese,Spinach,Pesto,,,,,Avocado,Onions,Cucumbers,Spinach,Cheddar cheese,,,,5,4,5,1000,0,1000,0,1,999,,,,,,,,,,,,,,,
,,,,,,,,,,,,,65164,2020-02-27_13h29.46.610,SandwichStudy,3.2.4,Linux x86_64,60,"[""a""]",[0.7040002346038818],1,0,80,4,1,79,Black bean patty,Sprouts,Avocado,Tomatoes,Onions,Garlic aioli,,,Provolone cheese,Guacamole,Mixed greens,Onions,Tomatoes,Pickles,Cucumbers,Sprouts,8,6,8,1000,0,1000,0,1,999,,,,,,,,,,,,,,,
,,,,,,,,,,,,,65164,2020-02-27_13h29.46.610,SandwichStudy,3.2.4,Linux x86_64,60,"[""l""]",[0.38900017738342285],1,0,80,5,1,79,Peppers,Provolone cheese,Cucumbers,Mixed greens,Tomatoes,Onions,Hummus,,Avocado,Tomatoes,Mayonnaise,Mixed greens,Lettuce,Onions,Vinaigrette,,7,7,7,1000,0,1000,0,1,999,,,,,,,,,,,,,,,
,,,,,,,,,,,,,65164,2020-02-27_13h29.46.610,SandwichStudy,3.2.4,Linux x86_64,60,"[""l""]",[0.08800029754638672],1,0,80,70,1,79,Mushrooms,Peppers,Artichoke hearts,Spinach,Pesto,,,,Hummus,Avocado,Cucumbers,Tomatoes,Onions,Sprouts,,,6,5,6,1000,0,1000,0,1,999,,,,,,,,,,,,,,,
,,,,,,,,,,,,,65164,2020-02-27_13h29.46.610,SandwichStudy,3.2.4,Linux x86_64,60,"[""l""]",[0.3710000514984131],1,0,80,72,1,79,Artichoke hearts,Mushrooms,Pesto,Provolone cheese,,,,,Avocado,Pesto,Cheddar cheese,,,,,,4,4,3,1000,0,1000,0,1,999,,,,,,,,,,,,,,,
,,,,,,,,,,,,,65164,2020-02-27_13h29.46.610,SandwichStudy,3.2.4,Linux x86_64,60,"[""a""]",[0.40400004386901855],1,0,80,21,1,79,Soy chicken,Mushrooms,Onions,Provolone cheese,,,,,Mushrooms,Arugula,Tomatoes,Onions,Swiss cheese,Vinaigrette,,,6,4,6,1000,0,1000,0,1,999,,,,,,,,,,,,,,,
,,,,,,,,,,,,,65164,2020-02-27_13h29.46.610,SandwichStudy,3.2.4,Linux x86_64,60,"[""a""]",[0.037000179290771484],1,0,80,60,1,79,Vegan turkey,Cucumbers,Pickles,Jalapenos,Garlic aioli,,,,Swiss cheese,Cheddar cheese,Pepper jack cheese,Onions,Tomatoes,,,,5,5,5,1000,0,1000,0,1,999,,,,,,,,,,,,,,,
,,,,,,,,,,,,,65164,2020-02-27_13h29.46.610,SandwichStudy,3.2.4,Linux x86_64,60,"[""a""]",[0.2930002212524414],1,0,80,16,1,79,Vegan turkey,Cucumbers,Pickles,Jalapenos,Garlic aioli,,,,Cheddar cheese,Avocado,Cucumbers,Lettuce,Mustard,Sprouts,,,6,5,6,1000,0,1000,0,1,999,,,,,,,,,,,,,,,
,,,,,,,,,,,,,65164,2020-02-27_13h29.46.610,SandwichStudy,3.2.4,Linux x86_64,60,"[""l""]",[0.3210000991821289],1,0,80,33,1,79,Soy chicken,Pickles,Jalapenos,Basil,,,,,Avocado,Vegan bacon,Garlic aioli,Lettuce,Tomatoes,Onions,,,6,4,6,1000,0,1000,0,1,999,,,,,,,,,,,,,,,
,,,,,,,,,,,,,65164,2020-02-27_13h29.46.610,SandwichStudy,3.2.4,Linux x86_64,60,"[""a""]",[0.0710000991821289],1,0,80,43,1,79,Soy chicken,Lettuce,Tomatoes,Onions,Guacamole,Mayonnaise,,,Egg salad,Tomatoes,Onions,Arugula,Garlic aioli,,,,6,6,5,1000,0,1000,0,1,999,,,,,,,,,,,,,,,
,,,,,,,,,,,,,65164,2020-02-27_13h29.46.610,SandwichStudy,3.2.4,Linux x86_64,60,"[""a""]",[0.05500006675720215],1,0,80,49,1,79,Soy chicken,Pesto,Mixed greens,Tomatoes,Onions,,,,Avocado,Vegan bacon,Garlic aioli,Lettuce,Tomatoes,Onions,,,6,5,6,1000,0,1000,0,1,999,,,,,,,,,,,,,,,
,,,,,,,,,,,,,65164,2020-02-27_13h29.46.610,SandwichStudy,3.2.4,Linux x86_64,60,"[""a""]",[0.1380002498626709],1,0,80,62,1,79,Guacamole,Sprouts,Tomatoes,Cucumbers,Vinaigrette,,,,Mushrooms,Arugula,Tomatoes,Onions,Swiss cheese,Vinaigrette,,,6,5,6,1000,0,1000,0,1,999,,,,,,,,,,,,,,,
,,,,,,,,,,,,,65164,2020-02-27_13h29.46.610,SandwichStudy,3.2.4,Linux x86_64,60,"[""l""]",[0.07899999618530273],1,0,80,25,1,79,Vegan turkey,Cucumbers,Tomatoes,Onions,Sprouts,Avocado,Mayonnaise,,Sprouts,Cucumbers,Onions,Spinach,Tomatoes,Vinaigrette,,,7,7,6,1000,0,1000,0,1,999,,,,,,,,,,,,,,,
,,,,,,,,,,,,,65164,2020-02-27_13h29.46.610,SandwichStudy,3.2.4,Linux x86_64,60,"[""a""]",[0.0560002326965332],1,0,80,17,1,79,Hummus,Cucumbers,Tomatoes,Onions,Spinach,Peppers,Sprouts,,Artichoke hearts,Feta cheese,Provolone cheese,Mayonnaise,Onions,Tomatoes,Pickles,,7,7,7,1000,0,1000,0,1,999,,,,,,,,,,,,,,,
,,,,,,,,,,,,,65164,2020-02-27_13h29.46.610,SandwichStudy,3.2.4,Linux x86_64,60,"[""l""]",[0.14600014686584473],1,0,80,1,1,79,Avocado,Pesto,Cheddar cheese,,,,,,Falafel,Hummus,Garlic aioli,Cucumbers,Basil,Tomatoes,,,6,3,6,1000,0,1000,0,1,999,,,,,,,,,,,,,,,
,,,,,,,,,,,,,65164,2020-02-27_13h29.46.610,SandwichStudy,3.2.4,Linux x86_64,60,"[""l""]",[0.12200021743774414],1,0,80,26,1,79,Avocado,Onions,Cucumbers,Spinach,Cheddar cheese,,,,Hummus,Avocado,Tomatoes,Arugula,Mayonnaise,,,,5,5,5,1000,0,1000,0,1,999,,,,,,,,,,,,,,,
,,,,,,,,,,,,,65164,2020-02-27_13h29.46.610,SandwichStudy,3.2.4,Linux x86_64,60,"[""a""]",[0.07599997520446777],1,0,80,63,1,79,Mozzarella cheese,Peppers,Pesto,Mixed greens,Mayonnaise,,,,Hummus,Guacamole,Tomatoes,Lettuce,Sprouts,,,,5,5,5,1000,0,1000,0,1,999,,,,,,,,,,,,,,,
,,,,,,,,,,,,,65164,2020-02-27_13h29.46.610,SandwichStudy,3.2.4,Linux x86_64,60,"[""l""]",[0.40600013732910156],1,0,80,32,1,79,Soy chicken,Coleslaw,Ranch dressing,Pickles,,,,,Avocado,Cucumbers,Arugula,Carrots,Tomatoes,Olives,Cream cheese,,7,4,7,1000,0,1000,0,1,999,,,,,,,,,,,,,,,
,,,,,,,,,,,,,65164,2020-02-27_13h29.46.610,SandwichStudy,3.2.4,Linux x86_64,60,"[""a""]",[0.3380000591278076],1,0,80,56,1,79,Soy chicken,Pickles,Jalapenos,Basil,,,,,Onions,Peppers,Mushrooms,Jalapenos,American cheese,,,,5,4,5,1000,0,1000,0,1,999,,,,,,,,,,,,,,,
,,,,,,,,,,,,,65164,2020-02-27_13h29.46.610,SandwichStudy,3.2.4,Linux x86_64,60,"[""a""]",[0.1960000991821289],1,0,80,44,1,79,Avocado,Tomatoes,Lettuce,Sprouts,Guacamole,Vinaigrette,,,Provolone cheese,Avocado,Cucumbers,Lettuce,Tomatoes,Onions,Sprouts,Mayonnaise,8,6,8,1000,0,1000,0,1,999,,,,,,,,,,,,,,,
,,,,,,,,,,,,,65164,2020-02-27_13h29.46.610,SandwichStudy,3.2.4,Linux x86_64,60,"[""l""]",[0.07700014114379883],1,0,80,45,1,79,Peppers,Provolone cheese,Cucumbers,Mixed greens,Tomatoes,Onions,Hummus,,Pesto,Tomatoes,Provolone cheese,,,,,,7,7,3,1000,0,1000,0,1,999,,,,,,,,,,,,,,,
,,,,,,,,,,,,,65164,2020-02-27_13h29.46.610,SandwichStudy,3.2.4,Linux x86_64,60,"[""l""]",[0.3040001392364502],1,0,80,59,1,79,Vegan turkey,Provolone cheese,Vinaigrette,Coleslaw,Mayonnaise,,,,Provolone cheese,Swiss cheese,Cheddar cheese,Parmesan cheese,Tomatoes,Mustard,,,6,5,6,1000,0,1000,0,1,999,,,,,,,,,,,,,,,
,,,,,,,,,,,,,65164,2020-02-27_13h29.46.610,SandwichStudy,3.2.4,Linux x86_64,60,"[""l""]",[0.2390000820159912],1,0,80,24,1,79,Cheddar cheese,Provolone cheese,Swiss cheese,Mushrooms,Mayonnaise,Lettuce,Tomatoes,,Soy chicken,Pepper jack cheese,Tomatoes,Lettuce,Onions,Garlic aioli,,,7,7,6,1000,0,1000,0,1,999,,,,,,,,,,,,,,,
,,,,,,,,,,,,,65164,2020-02-27_13h29.46.610,SandwichStudy,3.2.4,Linux x86_64,60,"[""l""]",[0.47100019454956055],1,0,80,35,1,79,Falafel,Garlic aioli,Cucumbers,Peppers,Arugula,,,,Hummus,Feta cheese,Artichoke hearts,Cucumbers,Peppers,,,,5,5,5,1000,0,1000,0,1,999,,,,,,,,,,,,,,,
,,,,,,,,,,,,,65164,2020-02-27_13h29.46.610,SandwichStudy,3.2.4,Linux x86_64,60,"[""l""]",[0.6070001125335693],1,0,80,73,1,79,Soy chicken,Coleslaw,Ranch dressing,Pickles,,,,,Black bean patty,Guacamole,Tomatoes,Lettuce,Sprouts,,,,5,4,5,1000,0,1000,0,1,999,,,,,,,,,,,,,,,
,,,,,,,,,,,,,65164,2020-02-27_13h29.46.610,SandwichStudy,3.2.4,Linux x86_64,60,"[""l""]",[0.3380002975463867],1,0,80,13,1,79,Jalapenos,Cucumbers,Sprouts,Mixed greens,Coleslaw,,,,Onions,Peppers,Mushrooms,Jalapenos,American cheese,,,,5,5,5,1000,0,1000,0,1,999,,,,,,,,,,,,,,,
,,,,,,,,,,,,,65164,2020-02-27_13h29.46.610,SandwichStudy,3.2.4,Linux x86_64,60,"[""l""]",[0.5380001068115234],1,0,80,2,1,79,Avocado,Spinach,Tomatoes,Swiss cheese,,,,,Pesto,Tomatoes,Provolone cheese,,,,,,4,4,3,1000,0,1000,0,1,999,,,,,,,,,,,,,,,
,,,,,,,,,,,,,65164,2020-02-27_13h29.46.610,SandwichStudy,3.2.4,Linux x86_64,60,"[""l""]",[0.30500030517578125],1,0,80,22,1,79,Vegan bacon,Tomatoes,Avocado,Pesto,,,,,Provolone cheese,Avocado,Cucumbers,Lettuce,Tomatoes,Onions,Sprouts,Mayonnaise,8,4,8,1000,0,1000,0,1,999,,,,,,,,,,,,,,,
,,,,,,,,,,,,,65164,2020-02-27_13h29.46.610,SandwichStudy,3.2.4,Linux x86_64,60,"[""l""]",[0.6350002288818359],1,0,80,65,1,79,Soy chicken,Ranch dressing,Lettuce,Tomatoes,Onions,,,,Avocado,Cucumbers,Arugula,Carrots,Tomatoes,Olives,Cream cheese,,7,5,7,1000,0,1000,0,1,999,,,,,,,,,,,,,,,
,,,,,,,,,,,,,65164,2020-02-27_13h29.46.610,SandwichStudy,3.2.4,Linux x86_64,60,"[""l""]",[0.2740001678466797],1,0,80,64,1,79,Peppers,Tomatoes,Basil,Spinach,Hummus,Pesto,Olives,,Provolone cheese,Guacamole,Mixed greens,Onions,Tomatoes,Pickles,Cucumbers,Sprouts,8,7,8,1000,0,1000,0,1,999,,,,,,,,,,,,,,,
,,,,,,,,,,,,,65164,2020-02-27_13h29.46.610,SandwichStudy,3.2.4,Linux x86_64,60,"[""l""]",[0.012000083923339844],1,0,80,12,1,79,Egg salad,Tomatoes,Onions,Arugula,Garlic aioli,,,,Hummus,Avocado,Cucumbers,Tomatoes,Onions,Sprouts,,,6,5,6,1000,0,1000,0,1,999,,,,,,,,,,,,,,,
,,,,,,,,,,,,,65164,2020-02-27_13h29.46.610,SandwichStudy,3.2.4,Linux x86_64,60,"[""l""]",[0.18500018119812012],1,0,80,28,1,79,Cucumbers,Tomatoes,Peppers,Onions,Mixed greens,Carrots,Sprouts,Avocado,Mushrooms,Swiss cheese,Provolone cheese,Cheddar cheese,Lettuce,Tomatoes,,,8,8,6,1000,0,1000,0,1,999,,,,,,,,,,,,,,,
,,,,,,,,,,,,,65164,2020-02-27_13h29.46.610,SandwichStudy,3.2.4,Linux x86_64,60,"[""a""]",[0.38700008392333984],1,0,80,76,1,79,Cucumbers,Tomatoes,Peppers,Onions,Mixed greens,Carrots,Sprouts,Avocado,Hummus,Guacamole,Tomatoes,Lettuce,Sprouts,,,,8,8,5,1000,0,1000,0,1,999,,,,,,,,,,,,,,,
,,,,,,,,,,,,,65164,2020-02-27_13h29.46.610,SandwichStudy,3.2.4,Linux x86_64,60,"[""a""]",[0.12000012397766113],1,0,80,50,1,79,Tomatoes,Mozzarella cheese,Pesto,Vinaigrette,Spinach,,,,Avocado,Cucumbers,Sprouts,Lettuce,Tomatoes,Onions,Pesto,,7,5,7,1000,0,1000,0,1,999,,,,,,,,,,,,,,,
,,,,,,,,,,,,,65164,2020-02-27_13h29.46.610,SandwichStudy,3.2.4,Linux x86_64,60,"[""a""]",[0.375],1,0,80,31,1,79,Mushrooms,Provolone cheese,Mustard,Peppers,Lettuce,Tomatoes,Vinaigrette,,Black bean patty,Tomatoes,Cheddar cheese,Onions,Pickles,Lettuce,,,7,7,6,1000,0,1000,0,1,999,,,,,,,,,,,,,,,
,,,,,,,,,,,,,65164,2020-02-27_13h29.46.610,SandwichStudy,3.2.4,Linux x86_64,60,"[""a""]",[0.040000200271606445],1,0,80,55,1,79,Vegan turkey,Onions,Lettuce,Pickles,Mustard,Mayonnaise,,,Soy chicken,Garlic aioli,Pickles,Cucumbers,Jalapenos,Basil,,,6,6,6,1000,0,1000,0,1,999,,,,,,,,,,,,,,,
,,,,,,,,,,,,,65164,2020-02-27_13h29.46.610,SandwichStudy,3.2.4,Linux x86_64,60,"[""l""]",[1.1029999256134033],1,0,80,58,1,79,Black bean patty,Tomatoes,Cheddar cheese,Onions,Pickles,Lettuce,,,Black bean patty,Onions,Peppers,Provolone cheese,,,,,6,6,4,1000,0,1000,0,1,999,,,,,,,,,,,,,,,
,,,,,,,,,,,,,65164,2020-02-27_13h29.46.610,SandwichStudy,3.2.4,Linux x86_64,60,"[""l""]",[0.01900005340576172],1,0,80,6,1,79,Avocado,Pepper jack cheese,Sprouts,Spinach,Cucumbers,Onions,Mayonnaise,Tomatoes,Pepper jack cheese,Cream cheese,Guacamole,Mixed greens,Onions,Tomatoes,Pickles,Sprouts,8,8,8,1000,0,1000,0,1,999,,,,,,,,,,,,,,,
,,,,,,,,,,,,,65164,2020-02-27_13h29.46.610,SandwichStudy,3.2.4,Linux x86_64,60,"[""l""]",[0.7910001277923584],1,0,80,0,1,79,Provolone cheese,Swiss cheese,Cheddar cheese,Parmesan cheese,Tomatoes,Mustard,,,Soy chicken,Garlic aioli,Pickles,Cucumbers,Jalapenos,Basil,,,6,6,6,1000,0,1000,0,1,999,,,,,,,,,,,,,,,
,,,,,,,,,,,,,65164,2020-02-27_13h29.46.610,SandwichStudy,3.2.4,Linux x86_64,60,"[""a""]",[1.0240001678466797],1,0,80,66,1,79,Soy chicken,Mushrooms,Onions,Provolone cheese,,,,,Hummus,Feta cheese,Artichoke hearts,Cucumbers,Peppers,,,,5,4,5,1000,0,1000,0,1,999,,,,,,,,,,,,,,,
,,,,,,,,,,,,,65164,2020-02-27_13h29.46.610,SandwichStudy,3.2.4,Linux x86_64,60,"[""a""]",[0.3540000915527344],1,0,80,36,1,79,Swiss cheese,Cheddar cheese,Pepper jack cheese,Onions,Tomatoes,,,,Sprouts,Avocado,Onions,Tomatoes,Cucumbers,Spinach,Garlic aioli,,7,5,7,1000,0,1000,0,1,999,,,,,,,,,,,,,,,
,,,,,,,,,,,,,65164,2020-02-27_13h29.46.610,SandwichStudy,3.2.4,Linux x86_64,60,"[""a""]",[0.37200021743774414],1,0,80,18,1,79,Provolone cheese,Tomatoes,Pesto,Cheddar cheese,,,,,Guacamole,Hummus,Feta cheese,Mixed greens,Onions,Tomatoes,Pickles,Mushrooms,8,4,8,1000,0,1000,0,1,999,,,,,,,,,,,,,,,
,,,,,,,,,,,,,65164,2020-02-27_13h29.46.610,SandwichStudy,3.2.4,Linux x86_64,60,"[""l""]",[0.15400004386901855],1,0,80,42,1,79,Falafel,Hummus,Garlic aioli,Cucumbers,Basil,Tomatoes,,,Hummus,Cucumbers,Tomatoes,Onions,Spinach,Peppers,Sprouts,,7,6,7,1000,0,1000,0,1,999,,,,,,,,,,,,,,,
,,,,,,,,,,,,,65164,2020-02-27_13h29.46.610,SandwichStudy,3.2.4,Linux x86_64,60,"[""l""]",[0.254000186920166],1,0,80,3,1,79,Egg salad,Lettuce,Tomatoes,Onions,,,,,Peppers,Tomatoes,Basil,Spinach,Hummus,Pesto,Olives,,7,4,7,1000,0,1000,0,1,999,,,,,,,,,,,,,,,
,,,,,,,,,,,,,65164,2020-02-27_13h29.46.610,SandwichStudy,3.2.4,Linux x86_64,60,"[""l""]",[0.11100006103515625],1,0,80,34,1,79,Black bean patty,Onions,Peppers,Provolone cheese,,,,,Black bean patty,American cheese,Cheddar cheese,Lettuce,Tomatoes,,,,5,4,5,1000,0,1000,0,1,999,,,,,,,,,,,,,,,
,,,,,,,,,,,,,65164,2020-02-27_13h29.46.610,SandwichStudy,3.2.4,Linux x86_64,60,"[""a""]",[0.45600008964538574],1,0,80,39,1,79,Cheddar cheese,Provolone cheese,Swiss cheese,Mushrooms,Mayonnaise,Lettuce,Tomatoes,,Olives,Tomatoes,Spinach,Feta cheese,Provolone cheese,Vinaigrette,,,7,7,6,1000,0,1000,0,1,999,,,,,,,,,,,,,,,
,,,,,,,,,,,,,65164,2020-02-27_13h29.46.610,SandwichStudy,3.2.4,Linux x86_64,60,"[""l""]",[0.20300006866455078],1,0,80,30,1,79,Olives,Tomatoes,Spinach,Feta cheese,Provolone cheese,Vinaigrette,,,Cheddar cheese,Swiss cheese,Pepper jack cheese,Avocado,Mayonnaise,Sprouts,Tomatoes,,7,6,7,1000,0,1000,0,1,999,,,,,,,,,,,,,,,
,,,,,,,,,,,,,65164,2020-02-27_13h29.46.610,SandwichStudy,3.2.4,Linux x86_64,60,"[""l""]",[0.05299997329711914],1,0,80,61,1,79,Vegan turkey,Provolone cheese,Lettuce,Tomatoes,Onions,,,,Sprouts,Cucumbers,Onions,Spinach,Tomatoes,Vinaigrette,,,6,5,6,1000,0,1000,0,1,999,,,,,,,,,,,,,,,
,,,,,,,,,,,,,65164,2020-02-27_13h29.46.610,SandwichStudy,3.2.4,Linux x86_64,60,"[""l""]",[0.2720000743865967],1,0,80,51,1,79,Jalapenos,Cucumbers,Sprouts,Mixed greens,Coleslaw,,,,Avocado,Pepper jack cheese,Sprouts,Spinach,Cucumbers,Onions,Mayonnaise,Tomatoes,8,5,8,1000,0,1000,0,1,999,,,,,,,,,,,,,,,
,,,,,,,,,,,,,65164,2020-02-27_13h29.46.610,SandwichStudy,3.2.4,Linux x86_64,60,"[""a""]",[0.3040001392364502],1,0,80,38,1,79,Cucumbers,Tomatoes,Peppers,Onions,Mixed greens,Carrots,Sprouts,Avocado,Provolone cheese,Tomatoes,Pesto,Cheddar cheese,,,,,8,8,4,1000,0,1000,0,1,999,,,,,,,,,,,,,,,
,,,,,,,,,,,,,65164,2020-02-27_13h29.46.610,SandwichStudy,3.2.4,Linux x86_64,60,"[""l""]",[0.1700000762939453],1,0,80,29,1,79,Mushrooms,Peppers,Artichoke hearts,Spinach,Pesto,,,,Tomatoes,Mozzarella cheese,Pesto,Vinaigrette,Spinach,,,,5,5,5,1000,0,1000,0,1,999,,,,,,,,,,,,,,,
,,,,,,,,,,,,,65164,2020-02-27_13h29.46.610,SandwichStudy,3.2.4,Linux x86_64,60,,,,,,,,,,,,,,,,,,,,,,,,,,,,,,,,,,space,1.606000185,5,11.52399993,space,12.54700017,1,0,10,0,1,9,Tomatoes,,
,,,,,,,,,,,,,65164,2020-02-27_13h29.46.610,SandwichStudy,3.2.4,Linux x86_64,60,,,,,,,,,,,,,,,,,,,,,,,,,,,,,,,,,,,,3,2.055999994,space,2.498000145,1,0,10,6,1,9,Provolone cheese,,
,,,,,,,,,,,,,65164,2020-02-27_13h29.46.610,SandwichStudy,3.2.4,Linux x86_64,60,,,,,,,,,,,,,,,,,,,,,,,,,,,,,,,,,,,,5,2.221999884,space,2.49600029,1,0,10,9,1,9,Mayonnaise,,
,,,,,,,,,,,,,65164,2020-02-27_13h29.46.610,SandwichStudy,3.2.4,Linux x86_64,60,,,,,,,,,,,,,,,,,,,,,,,,,,,,,,,,,,,,2,2.287999868,space,2.910000086,1,0,10,2,1,9,Cucumbers,,
,,,,,,,,,,,,,65164,2020-02-27_13h29.46.610,SandwichStudy,3.2.4,Linux x86_64,60,,,,,,,,,,,,,,,,,,,,,,,,,,,,,,,,,,,,1,2.141000032,space,2.661999941,1,0,10,5,1,9,Sprouts,,
,,,,,,,,,,,,,65164,2020-02-27_13h29.46.610,SandwichStudy,3.2.4,Linux x86_64,60,,,,,,,,,,,,,,,,,,,,,,,,,,,,,,,,,,,,4,2.054999828,space,2.664999962,1,0,10,8,1,9,Cheddar cheese,,
,,,,,,,,,,,,,65164,2020-02-27_13h29.46.610,SandwichStudy,3.2.4,Linux x86_64,60,,,,,,,,,,,,,,,,,,,,,,,,,,,,,,,,,,,,5,1.289000034,space,1.718000174,1,0,10,1,1,9,Onions,,
,,,,,,,,,,,,,65164,2020-02-27_13h29.46.610,SandwichStudy,3.2.4,Linux x86_64,60,,,,,,,,,,,,,,,,,,,,,,,,,,,,,,,,,,,,2,2.24000001,space,2.799000025,1,0,10,7,1,9,Peppers,,
,,,,,,,,,,,,,65164,2020-02-27_13h29.46.610,SandwichStudy,3.2.4,Linux x86_64,60,,,,,,,,,,,,,,,,,,,,,,,,,,,,,,,,,,,,7,3.390999794,space,3.764999866,1,0,10,4,1,9,Avocado,,
,,,,,,,,,,,,,65164,2020-02-27_13h29.46.610,SandwichStudy,3.2.4,Linux x86_64,60,,,,,,,,,,,,,,,,,,,,,,,,,,,,,,,,,,,,5,2.261000156,space,2.524000168,1,0,10,3,1,9,Lettuce,,
,,,,,,,,,,,,,65164,2020-02-27_13h29.46.610,SandwichStudy,3.2.4,Linux x86_64,60,,,,,,,,,,,,,,,,,,,,,,,,,,,,,,,,,,,,,,,,,,,,,,,return,6.942000151
