sequence,key_resp_4.keys,key_resp_4.rt,VegResp.keys,VegResp.rt,ConfirmResp.keys,ConfirmResp.rt,VegQuestionLoop.thisRepN,VegQuestionLoop.thisTrialN,VegQuestionLoop.thisN,VegQuestionLoop.thisIndex,VegQuestionLoop.ran,VegQuestionLoop.order,participant,date,expName,psychopyVersion,OS,frameRate,Decision.keys,Decision.rt,trials.thisRepN,trials.thisTrialN,trials.thisN,trials.thisIndex,trials.ran,trials.order,s11,s12,s13,s14,s15,s16,s17,s18,s21,s22,s23,s24,s25,s26,s27,s28,IngsInRow,IngIn1,IngIn2,Iter.thisRepN,Iter.thisTrialN,Iter.thisN,Iter.thisIndex,Iter.ran,Iter.order,key_resp_2.keys,key_resp_2.rt,slider.response,slider.rt,key_resp_3.keys,key_resp_3.rt,RatingLoop.thisRepN,RatingLoop.thisTrialN,RatingLoop.thisN,RatingLoop.thisIndex,RatingLoop.ran,RatingLoop.order,ingredientforslider,key_resp.keys,key_resp.rt
"[0,1,1,0,1,0,1,1,1,1,1,1,1,1,1,0,1,0,0,1,1,1,1,0,0,0,0,0,0,1,0,1,0,0,1,0,1,0,0,0,0,1,1,1,0,1,0,1,0,1,0,0,0,1,0,1,0,0,1,0,1,1,0,1,1,1,1,1,0,1,0,0,0,1,1,0,0,1,1,0]",space,0.963999987,n,7.068000078,p,3.009000063,100,0,100,0,1,99,65248,2020-03-04_00h22.34.761,SandwichStudy,3.2.4,MacIntel,60,,,,,,,,,,,,,,,,,,,,,,,,,,,,,,,,,,,,,,,,,,,,,,,,
,,,,,,,,,,,,,65248,2020-03-04_00h22.34.761,SandwichStudy,3.2.4,MacIntel,60,"[""space""]",[4.2260003089904785],1,0,80,76,1,79,Bacon,Lettuce,Tomatoes,Ranch dressing,,,,,Chicken,Bacon,Mustard,,,,,,4,4,3,1000,0,1000,0,1,999,,,,,,,,,,,,,,,
,,,,,,,,,,,,,65248,2020-03-04_00h22.34.761,SandwichStudy,3.2.4,MacIntel,60,"[""space""]",[1.6220002174377441],1,0,80,76,1,79,Bacon,Lettuce,Tomatoes,Ranch dressing,,,,,Chicken,Bacon,Mustard,,,,,,4,4,3,1000,0,1000,0,1,999,,,,,,,,,,,,,,,
,,,,,,,,,,,,,65248,2020-03-04_00h22.34.761,SandwichStudy,3.2.4,MacIntel,60,"[""space""]",[1.4010000228881836],1,0,80,76,1,79,Bacon,Lettuce,Tomatoes,Ranch dressing,,,,,Chicken,Bacon,Mustard,,,,,,4,4,3,1000,0,1000,0,1,999,,,,,,,,,,,,,,,
,,,,,,,,,,,,,65248,2020-03-04_00h22.34.761,SandwichStudy,3.2.4,MacIntel,60,"[""space""]",[1.3029999732971191],1,0,80,76,1,79,Bacon,Lettuce,Tomatoes,Ranch dressing,,,,,Chicken,Bacon,Mustard,,,,,,4,4,3,1000,0,1000,0,1,999,,,,,,,,,,,,,,,
,,,,,,,,,,,,,65248,2020-03-04_00h22.34.761,SandwichStudy,3.2.4,MacIntel,60,"[""a""]",[2.312000274658203],1,0,80,76,1,79,Bacon,Lettuce,Tomatoes,Ranch dressing,,,,,Chicken,Bacon,Mustard,,,,,,4,4,3,1000,0,1000,0,1,999,,,,,,,,,,,,,,,
,,,,,,,,,,,,,65248,2020-03-04_00h22.34.761,SandwichStudy,3.2.4,MacIntel,60,"[""space""]",[0.877000093460083],1,0,80,29,1,79,Turkey,Garlic aioli,Bacon,Spinach,,,,,Chicken,Mayonnaise,Cheddar cheese,,,,,,4,4,3,1000,0,1000,0,1,999,,,,,,,,,,,,,,,
,,,,,,,,,,,,,65248,2020-03-04_00h22.34.761,SandwichStudy,3.2.4,MacIntel,60,"[""space""]",[1.6120002269744873],1,0,80,29,1,79,Turkey,Garlic aioli,Bacon,Spinach,,,,,Chicken,Mayonnaise,Cheddar cheese,,,,,,4,4,3,1000,0,1000,0,1,999,,,,,,,,,,,,,,,
,,,,,,,,,,,,,65248,2020-03-04_00h22.34.761,SandwichStudy,3.2.4,MacIntel,60,"[""space""]",[0.7180001735687256],1,0,80,29,1,79,Turkey,Garlic aioli,Bacon,Spinach,,,,,Chicken,Mayonnaise,Cheddar cheese,,,,,,4,4,3,1000,0,1000,0,1,999,,,,,,,,,,,,,,,
,,,,,,,,,,,,,65248,2020-03-04_00h22.34.761,SandwichStudy,3.2.4,MacIntel,60,"[""a""]",[0.8800003528594971],1,0,80,29,1,79,Turkey,Garlic aioli,Bacon,Spinach,,,,,Chicken,Mayonnaise,Cheddar cheese,,,,,,4,4,3,1000,0,1000,0,1,999,,,,,,,,,,,,,,,
,,,,,,,,,,,,,65248,2020-03-04_00h22.34.761,SandwichStudy,3.2.4,MacIntel,60,"[""a""]",[1.877000093460083],1,0,80,5,1,79,Chicken,Cheddar cheese,Mayonnaise,,,,,,Turkey,Provolone cheese,Pesto,Bell peppers,,,,,4,3,4,1000,0,1000,0,1,999,,,,,,,,,,,,,,,
,,,,,,,,,,,,,65248,2020-03-04_00h22.34.761,SandwichStudy,3.2.4,MacIntel,60,"[""l""]",[1.63100004196167],1,0,80,45,1,79,Bell peppers,Provolone cheese,Cucumbers,Spinach,Tomatoes,Onions,Hummus,,Roast beef,Bacon,Turkey,Mayonnaise,,,,,7,7,4,1000,0,1000,0,1,999,,,,,,,,,,,,,,,
,,,,,,,,,,,,,65248,2020-03-04_00h22.34.761,SandwichStudy,3.2.4,MacIntel,60,"[""space""]",[1.375],1,0,80,32,1,79,Turkey,Ham,Bacon,Provolone cheese,Lettuce,Tomatoes,Ranch dressing,,Chicken,Cheddar cheese,Bacon,Avocado,Ranch dressing,,,,7,7,5,1000,0,1000,0,1,999,,,,,,,,,,,,,,,
,,,,,,,,,,,,,65248,2020-03-04_00h22.34.761,SandwichStudy,3.2.4,MacIntel,60,"[""space""]",[0.9700000286102295],1,0,80,32,1,79,Turkey,Ham,Bacon,Provolone cheese,Lettuce,Tomatoes,Ranch dressing,,Chicken,Cheddar cheese,Bacon,Avocado,Ranch dressing,,,,7,7,5,1000,0,1000,0,1,999,,,,,,,,,,,,,,,
,,,,,,,,,,,,,65248,2020-03-04_00h22.34.761,SandwichStudy,3.2.4,MacIntel,60,"[""space""]",[0.43000006675720215],1,0,80,32,1,79,Turkey,Ham,Bacon,Provolone cheese,Lettuce,Tomatoes,Ranch dressing,,Chicken,Cheddar cheese,Bacon,Avocado,Ranch dressing,,,,7,7,5,1000,0,1000,0,1,999,,,,,,,,,,,,,,,
,,,,,,,,,,,,,65248,2020-03-04_00h22.34.761,SandwichStudy,3.2.4,MacIntel,60,"[""space""]",[0.12000012397766113],1,0,80,32,1,79,Turkey,Ham,Bacon,Provolone cheese,Lettuce,Tomatoes,Ranch dressing,,Chicken,Cheddar cheese,Bacon,Avocado,Ranch dressing,,,,7,7,5,1000,0,1000,0,1,999,,,,,,,,,,,,,,,
,,,,,,,,,,,,,65248,2020-03-04_00h22.34.761,SandwichStudy,3.2.4,MacIntel,60,"[""space""]",[0.19000005722045898],1,0,80,32,1,79,Turkey,Ham,Bacon,Provolone cheese,Lettuce,Tomatoes,Ranch dressing,,Chicken,Cheddar cheese,Bacon,Avocado,Ranch dressing,,,,7,7,5,1000,0,1000,0,1,999,,,,,,,,,,,,,,,
,,,,,,,,,,,,,65248,2020-03-04_00h22.34.761,SandwichStudy,3.2.4,MacIntel,60,"[""space""]",[1.384000301361084],1,0,80,32,1,79,Turkey,Ham,Bacon,Provolone cheese,Lettuce,Tomatoes,Ranch dressing,,Chicken,Cheddar cheese,Bacon,Avocado,Ranch dressing,,,,7,7,5,1000,0,1000,0,1,999,,,,,,,,,,,,,,,
,,,,,,,,,,,,,65248,2020-03-04_00h22.34.761,SandwichStudy,3.2.4,MacIntel,60,"[""a""]",[0.41700029373168945],1,0,80,32,1,79,Turkey,Ham,Bacon,Provolone cheese,Lettuce,Tomatoes,Ranch dressing,,Chicken,Cheddar cheese,Bacon,Avocado,Ranch dressing,,,,7,7,5,1000,0,1000,0,1,999,,,,,,,,,,,,,,,
,,,,,,,,,,,,,65248,2020-03-04_00h22.34.761,SandwichStudy,3.2.4,MacIntel,60,"[""space""]",[0.509000301361084],1,0,80,6,1,79,Chicken,Cheddar cheese,Lettuce,Garlic aioli,Swiss cheese,Tomatoes,,,Cheddar cheese,Provolone cheese,Swiss cheese,Mushrooms,Mayonnaise,Lettuce,Tomatoes,,7,6,7,1000,0,1000,0,1,999,,,,,,,,,,,,,,,
,,,,,,,,,,,,,65248,2020-03-04_00h22.34.761,SandwichStudy,3.2.4,MacIntel,60,"[""space""]",[0.2369999885559082],1,0,80,6,1,79,Chicken,Cheddar cheese,Lettuce,Garlic aioli,Swiss cheese,Tomatoes,,,Cheddar cheese,Provolone cheese,Swiss cheese,Mushrooms,Mayonnaise,Lettuce,Tomatoes,,7,6,7,1000,0,1000,0,1,999,,,,,,,,,,,,,,,
,,,,,,,,,,,,,65248,2020-03-04_00h22.34.761,SandwichStudy,3.2.4,MacIntel,60,"[""space""]",[0.11900019645690918],1,0,80,6,1,79,Chicken,Cheddar cheese,Lettuce,Garlic aioli,Swiss cheese,Tomatoes,,,Cheddar cheese,Provolone cheese,Swiss cheese,Mushrooms,Mayonnaise,Lettuce,Tomatoes,,7,6,7,1000,0,1000,0,1,999,,,,,,,,,,,,,,,
,,,,,,,,,,,,,65248,2020-03-04_00h22.34.761,SandwichStudy,3.2.4,MacIntel,60,"[""space""]",[0.05200004577636719],1,0,80,6,1,79,Chicken,Cheddar cheese,Lettuce,Garlic aioli,Swiss cheese,Tomatoes,,,Cheddar cheese,Provolone cheese,Swiss cheese,Mushrooms,Mayonnaise,Lettuce,Tomatoes,,7,6,7,1000,0,1000,0,1,999,,,,,,,,,,,,,,,
,,,,,,,,,,,,,65248,2020-03-04_00h22.34.761,SandwichStudy,3.2.4,MacIntel,60,"[""a""]",[3.5320003032684326],1,0,80,6,1,79,Chicken,Cheddar cheese,Lettuce,Garlic aioli,Swiss cheese,Tomatoes,,,Cheddar cheese,Provolone cheese,Swiss cheese,Mushrooms,Mayonnaise,Lettuce,Tomatoes,,7,6,7,1000,0,1000,0,1,999,,,,,,,,,,,,,,,
,,,,,,,,,,,,,65248,2020-03-04_00h22.34.761,SandwichStudy,3.2.4,MacIntel,60,"[""space""]",[0.21300005912780762],1,0,80,47,1,79,Chicken,Cheddar cheese,Mayonnaise,,,,,,Turkey,Cheddar cheese,Coleslaw,Spinach,Mustard,,,,5,3,5,1000,0,1000,0,1,999,,,,,,,,,,,,,,,
,,,,,,,,,,,,,65248,2020-03-04_00h22.34.761,SandwichStudy,3.2.4,MacIntel,60,"[""space""]",[0.46000003814697266],1,0,80,47,1,79,Chicken,Cheddar cheese,Mayonnaise,,,,,,Turkey,Cheddar cheese,Coleslaw,Spinach,Mustard,,,,5,3,5,1000,0,1000,0,1,999,,,,,,,,,,,,,,,
,,,,,,,,,,,,,65248,2020-03-04_00h22.34.761,SandwichStudy,3.2.4,MacIntel,60,"[""space""]",[0.41100001335144043],1,0,80,47,1,79,Chicken,Cheddar cheese,Mayonnaise,,,,,,Turkey,Cheddar cheese,Coleslaw,Spinach,Mustard,,,,5,3,5,1000,0,1000,0,1,999,,,,,,,,,,,,,,,
,,,,,,,,,,,,,65248,2020-03-04_00h22.34.761,SandwichStudy,3.2.4,MacIntel,60,"[""l""]",[0.2700002193450928],1,0,80,47,1,79,Chicken,Cheddar cheese,Mayonnaise,,,,,,Turkey,Cheddar cheese,Coleslaw,Spinach,Mustard,,,,5,3,5,1000,0,1000,0,1,999,,,,,,,,,,,,,,,
,,,,,,,,,,,,,65248,2020-03-04_00h22.34.761,SandwichStudy,3.2.4,MacIntel,60,"[""space""]",[0.07200026512145996],1,0,80,25,1,79,Meatballs,Provolone cheese,Onions,Marinara sauce,,,,,Chicken,Pepper jack cheese,Ranch dressing,,,,,,4,4,3,1000,0,1000,0,1,999,,,,,,,,,,,,,,,
,,,,,,,,,,,,,65248,2020-03-04_00h22.34.761,SandwichStudy,3.2.4,MacIntel,60,"[""space""]",[0.7370002269744873],1,0,80,25,1,79,Meatballs,Provolone cheese,Onions,Marinara sauce,,,,,Chicken,Pepper jack cheese,Ranch dressing,,,,,,4,4,3,1000,0,1000,0,1,999,,,,,,,,,,,,,,,
,,,,,,,,,,,,,65248,2020-03-04_00h22.34.761,SandwichStudy,3.2.4,MacIntel,60,"[""space""]",[0.5220000743865967],1,0,80,25,1,79,Meatballs,Provolone cheese,Onions,Marinara sauce,,,,,Chicken,Pepper jack cheese,Ranch dressing,,,,,,4,4,3,1000,0,1000,0,1,999,,,,,,,,,,,,,,,
,,,,,,,,,,,,,65248,2020-03-04_00h22.34.761,SandwichStudy,3.2.4,MacIntel,60,"[""a""]",[0.5200002193450928],1,0,80,25,1,79,Meatballs,Provolone cheese,Onions,Marinara sauce,,,,,Chicken,Pepper jack cheese,Ranch dressing,,,,,,4,4,3,1000,0,1000,0,1,999,,,,,,,,,,,,,,,
,,,,,,,,,,,,,65248,2020-03-04_00h22.34.761,SandwichStudy,3.2.4,MacIntel,60,"[""space""]",[0.17200016975402832],1,0,80,0,1,79,Onions,Bell peppers,Mushrooms,Jalapenos,American cheese,Steak,,,Bacon,Provolone cheese,Mushrooms,Parmesan cheese,,,,,6,6,4,1000,0,1000,0,1,999,,,,,,,,,,,,,,,
,,,,,,,,,,,,,65248,2020-03-04_00h22.34.761,SandwichStudy,3.2.4,MacIntel,60,"[""space""]",[0.14600014686584473],1,0,80,0,1,79,Onions,Bell peppers,Mushrooms,Jalapenos,American cheese,Steak,,,Bacon,Provolone cheese,Mushrooms,Parmesan cheese,,,,,6,6,4,1000,0,1000,0,1,999,,,,,,,,,,,,,,,
,,,,,,,,,,,,,65248,2020-03-04_00h22.34.761,SandwichStudy,3.2.4,MacIntel,60,"[""a""]",[0.11300015449523926],1,0,80,0,1,79,Onions,Bell peppers,Mushrooms,Jalapenos,American cheese,Steak,,,Bacon,Provolone cheese,Mushrooms,Parmesan cheese,,,,,6,6,4,1000,0,1000,0,1,999,,,,,,,,,,,,,,,
,,,,,,,,,,,,,65248,2020-03-04_00h22.34.761,SandwichStudy,3.2.4,MacIntel,60,"[""space""]",[0.876000165939331],1,0,80,28,1,79,Chicken,Mozzarella cheese,Tomatoes,Pesto,Spinach,,,,Roast beef,Turkey,Pastrami,Mayonnaise,Provolone cheese,,,,5,5,5,1000,0,1000,0,1,999,,,,,,,,,,,,,,,
,,,,,,,,,,,,,65248,2020-03-04_00h22.34.761,SandwichStudy,3.2.4,MacIntel,60,"[""space""]",[0.1510002613067627],1,0,80,28,1,79,Chicken,Mozzarella cheese,Tomatoes,Pesto,Spinach,,,,Roast beef,Turkey,Pastrami,Mayonnaise,Provolone cheese,,,,5,5,5,1000,0,1000,0,1,999,,,,,,,,,,,,,,,
,,,,,,,,,,,,,65248,2020-03-04_00h22.34.761,SandwichStudy,3.2.4,MacIntel,60,"[""space""]",[0.567000150680542],1,0,80,28,1,79,Chicken,Mozzarella cheese,Tomatoes,Pesto,Spinach,,,,Roast beef,Turkey,Pastrami,Mayonnaise,Provolone cheese,,,,5,5,5,1000,0,1000,0,1,999,,,,,,,,,,,,,,,
,,,,,,,,,,,,,65248,2020-03-04_00h22.34.761,SandwichStudy,3.2.4,MacIntel,60,"[""space""]",[0.21300005912780762],1,0,80,28,1,79,Chicken,Mozzarella cheese,Tomatoes,Pesto,Spinach,,,,Roast beef,Turkey,Pastrami,Mayonnaise,Provolone cheese,,,,5,5,5,1000,0,1000,0,1,999,,,,,,,,,,,,,,,
,,,,,,,,,,,,,65248,2020-03-04_00h22.34.761,SandwichStudy,3.2.4,MacIntel,60,"[""l""]",[0.20100021362304688],1,0,80,28,1,79,Chicken,Mozzarella cheese,Tomatoes,Pesto,Spinach,,,,Roast beef,Turkey,Pastrami,Mayonnaise,Provolone cheese,,,,5,5,5,1000,0,1000,0,1,999,,,,,,,,,,,,,,,
,,,,,,,,,,,,,65248,2020-03-04_00h22.34.761,SandwichStudy,3.2.4,MacIntel,60,"[""space""]",[0.2350001335144043],1,0,80,4,1,79,Provolone cheese,Swiss cheese,Cheddar cheese,Parmesan cheese,Tomatoes,,,,Chicken,Lettuce,Tomatoes,Mayonnaise,,,,,5,5,4,1000,0,1000,0,1,999,,,,,,,,,,,,,,,
,,,,,,,,,,,,,65248,2020-03-04_00h22.34.761,SandwichStudy,3.2.4,MacIntel,60,"[""space""]",[0.3450002670288086],1,0,80,4,1,79,Provolone cheese,Swiss cheese,Cheddar cheese,Parmesan cheese,Tomatoes,,,,Chicken,Lettuce,Tomatoes,Mayonnaise,,,,,5,5,4,1000,0,1000,0,1,999,,,,,,,,,,,,,,,
,,,,,,,,,,,,,65248,2020-03-04_00h22.34.761,SandwichStudy,3.2.4,MacIntel,60,"[""space""]",[0.24300003051757812],1,0,80,4,1,79,Provolone cheese,Swiss cheese,Cheddar cheese,Parmesan cheese,Tomatoes,,,,Chicken,Lettuce,Tomatoes,Mayonnaise,,,,,5,5,4,1000,0,1000,0,1,999,,,,,,,,,,,,,,,
,,,,,,,,,,,,,65248,2020-03-04_00h22.34.761,SandwichStudy,3.2.4,MacIntel,60,"[""space""]",[0.2760002613067627],1,0,80,4,1,79,Provolone cheese,Swiss cheese,Cheddar cheese,Parmesan cheese,Tomatoes,,,,Chicken,Lettuce,Tomatoes,Mayonnaise,,,,,5,5,4,1000,0,1000,0,1,999,,,,,,,,,,,,,,,
,,,,,,,,,,,,,65248,2020-03-04_00h22.34.761,SandwichStudy,3.2.4,MacIntel,60,"[""a""]",[0.7250001430511475],1,0,80,4,1,79,Provolone cheese,Swiss cheese,Cheddar cheese,Parmesan cheese,Tomatoes,,,,Chicken,Lettuce,Tomatoes,Mayonnaise,,,,,5,5,4,1000,0,1000,0,1,999,,,,,,,,,,,,,,,
,,,,,,,,,,,,,65248,2020-03-04_00h22.34.761,SandwichStudy,3.2.4,MacIntel,60,"[""space""]",[0.4090001583099365],1,0,80,20,1,79,Pastrami,Swiss cheese,Coleslaw,,,,,,Chicken,Bacon,Feta cheese,Bell peppers,Basil,Garlic aioli,,,6,3,6,1000,0,1000,0,1,999,,,,,,,,,,,,,,,
,,,,,,,,,,,,,65248,2020-03-04_00h22.34.761,SandwichStudy,3.2.4,MacIntel,60,"[""space""]",[0.21500015258789062],1,0,80,20,1,79,Pastrami,Swiss cheese,Coleslaw,,,,,,Chicken,Bacon,Feta cheese,Bell peppers,Basil,Garlic aioli,,,6,3,6,1000,0,1000,0,1,999,,,,,,,,,,,,,,,
,,,,,,,,,,,,,65248,2020-03-04_00h22.34.761,SandwichStudy,3.2.4,MacIntel,60,"[""a""]",[0.5280001163482666],1,0,80,20,1,79,Pastrami,Swiss cheese,Coleslaw,,,,,,Chicken,Bacon,Feta cheese,Bell peppers,Basil,Garlic aioli,,,6,3,6,1000,0,1000,0,1,999,,,,,,,,,,,,,,,
,,,,,,,,,,,,,65248,2020-03-04_00h22.34.761,SandwichStudy,3.2.4,MacIntel,60,"[""space""]",[0.5210001468658447],1,0,80,60,1,79,Chicken,Swiss cheese,Lettuce,Tomatoes,Onions,,,,Chicken,Cheddar cheese,Lettuce,Garlic aioli,Swiss cheese,Tomatoes,,,6,5,6,1000,0,1000,0,1,999,,,,,,,,,,,,,,,
,,,,,,,,,,,,,65248,2020-03-04_00h22.34.761,SandwichStudy,3.2.4,MacIntel,60,"[""space""]",[0.5440001487731934],1,0,80,60,1,79,Chicken,Swiss cheese,Lettuce,Tomatoes,Onions,,,,Chicken,Cheddar cheese,Lettuce,Garlic aioli,Swiss cheese,Tomatoes,,,6,5,6,1000,0,1000,0,1,999,,,,,,,,,,,,,,,
,,,,,,,,,,,,,65248,2020-03-04_00h22.34.761,SandwichStudy,3.2.4,MacIntel,60,"[""l""]",[0.4960000514984131],1,0,80,60,1,79,Chicken,Swiss cheese,Lettuce,Tomatoes,Onions,,,,Chicken,Cheddar cheese,Lettuce,Garlic aioli,Swiss cheese,Tomatoes,,,6,5,6,1000,0,1000,0,1,999,,,,,,,,,,,,,,,
,,,,,,,,,,,,,65248,2020-03-04_00h22.34.761,SandwichStudy,3.2.4,MacIntel,60,"[""space""]",[0.07800030708312988],1,0,80,14,1,79,Steak,Bacon,American cheese,Tomatoes,Onions,Pickles,,,Bell peppers,Provolone cheese,Cucumbers,Spinach,Tomatoes,Onions,Hummus,,7,6,7,1000,0,1000,0,1,999,,,,,,,,,,,,,,,
,,,,,,,,,,,,,65248,2020-03-04_00h22.34.761,SandwichStudy,3.2.4,MacIntel,60,"[""space""]",[0.13900017738342285],1,0,80,14,1,79,Steak,Bacon,American cheese,Tomatoes,Onions,Pickles,,,Bell peppers,Provolone cheese,Cucumbers,Spinach,Tomatoes,Onions,Hummus,,7,6,7,1000,0,1000,0,1,999,,,,,,,,,,,,,,,
,,,,,,,,,,,,,65248,2020-03-04_00h22.34.761,SandwichStudy,3.2.4,MacIntel,60,"[""l""]",[1.2830002307891846],1,0,80,14,1,79,Steak,Bacon,American cheese,Tomatoes,Onions,Pickles,,,Bell peppers,Provolone cheese,Cucumbers,Spinach,Tomatoes,Onions,Hummus,,7,6,7,1000,0,1000,0,1,999,,,,,,,,,,,,,,,
,,,,,,,,,,,,,65248,2020-03-04_00h22.34.761,SandwichStudy,3.2.4,MacIntel,60,"[""a""]",[0.7730002403259277],1,0,80,10,1,79,Turkey,Cheddar cheese,Coleslaw,Spinach,Mustard,,,,Salami,Provolone cheese,Lettuce,Tomatoes,Mayonnaise,Mustard,,,6,5,6,1000,0,1000,0,1,999,,,,,,,,,,,,,,,
,,,,,,,,,,,,,65248,2020-03-04_00h22.34.761,SandwichStudy,3.2.4,MacIntel,60,"[""a""]",[0.5760002136230469],1,0,80,78,1,79,Chicken,American cheese,Lettuce,Tomatoes,Mayonnaise,,,,Pastrami,Cheddar cheese,Mustard,Pickles,,,,,5,5,4,1000,0,1000,0,1,999,,,,,,,,,,,,,,,
,,,,,,,,,,,,,65248,2020-03-04_00h22.34.761,SandwichStudy,3.2.4,MacIntel,60,"[""space""]",[0.2950000762939453],1,0,80,55,1,79,Roast beef,Turkey,Pastrami,Mayonnaise,Provolone cheese,,,,Ham,Swiss cheese,Spinach,Mustard,,,,,5,5,4,1000,0,1000,0,1,999,,,,,,,,,,,,,,,
,,,,,,,,,,,,,65248,2020-03-04_00h22.34.761,SandwichStudy,3.2.4,MacIntel,60,"[""l""]",[0.5180001258850098],1,0,80,55,1,79,Roast beef,Turkey,Pastrami,Mayonnaise,Provolone cheese,,,,Ham,Swiss cheese,Spinach,Mustard,,,,,5,5,4,1000,0,1000,0,1,999,,,,,,,,,,,,,,,
,,,,,,,,,,,,,65248,2020-03-04_00h22.34.761,SandwichStudy,3.2.4,MacIntel,60,"[""a""]",[0.7970001697540283],1,0,80,48,1,79,Chicken,Provolone cheese,Pesto,,,,,,Ham,Lettuce,Tomatoes,Mayonnaise,Mustard,,,,5,3,5,1000,0,1000,0,1,999,,,,,,,,,,,,,,,
,,,,,,,,,,,,,65248,2020-03-04_00h22.34.761,SandwichStudy,3.2.4,MacIntel,60,"[""a""]",[0.3810000419616699],1,0,80,53,1,79,Turkey,Avocado,Mayonnaise,,,,,,Ham,Pork,Swiss cheese,Mustard,Pickles,,,,5,3,5,1000,0,1000,0,1,999,,,,,,,,,,,,,,,
,,,,,,,,,,,,,65248,2020-03-04_00h22.34.761,SandwichStudy,3.2.4,MacIntel,60,"[""space""]",[0.9010002613067627],1,0,80,54,1,79,Chicken,Bell peppers,Bacon,Provolone cheese,Ranch dressing,Lettuce,Tomatoes,,Turkey,Bacon,Pepper jack cheese,Avocado,Ranch dressing,Spinach,Tomatoes,,7,7,7,1000,0,1000,0,1,999,,,,,,,,,,,,,,,
,,,,,,,,,,,,,65248,2020-03-04_00h22.34.761,SandwichStudy,3.2.4,MacIntel,60,"[""space""]",[0.512000322341919],1,0,80,54,1,79,Chicken,Bell peppers,Bacon,Provolone cheese,Ranch dressing,Lettuce,Tomatoes,,Turkey,Bacon,Pepper jack cheese,Avocado,Ranch dressing,Spinach,Tomatoes,,7,7,7,1000,0,1000,0,1,999,,,,,,,,,,,,,,,
,,,,,,,,,,,,,65248,2020-03-04_00h22.34.761,SandwichStudy,3.2.4,MacIntel,60,"[""space""]",[3.2109999656677246],1,0,80,54,1,79,Chicken,Bell peppers,Bacon,Provolone cheese,Ranch dressing,Lettuce,Tomatoes,,Turkey,Bacon,Pepper jack cheese,Avocado,Ranch dressing,Spinach,Tomatoes,,7,7,7,1000,0,1000,0,1,999,,,,,,,,,,,,,,,
,,,,,,,,,,,,,65248,2020-03-04_00h22.34.761,SandwichStudy,3.2.4,MacIntel,60,"[""l""]",[0.9020001888275146],1,0,80,54,1,79,Chicken,Bell peppers,Bacon,Provolone cheese,Ranch dressing,Lettuce,Tomatoes,,Turkey,Bacon,Pepper jack cheese,Avocado,Ranch dressing,Spinach,Tomatoes,,7,7,7,1000,0,1000,0,1,999,,,,,,,,,,,,,,,
,,,,,,,,,,,,,65248,2020-03-04_00h22.34.761,SandwichStudy,3.2.4,MacIntel,60,"[""l""]",[0.48399996757507324],1,0,80,22,1,79,Bacon,Lettuce,Tomatoes,Garlic aioli,Avocado,,,,Ham,Swiss cheese,Spinach,Mustard,,,,,5,5,4,1000,0,1000,0,1,999,,,,,,,,,,,,,,,
,,,,,,,,,,,,,65248,2020-03-04_00h22.34.761,SandwichStudy,3.2.4,MacIntel,60,"[""space""]",[0.25999999046325684],1,0,80,75,1,79,Ham,Swiss cheese,Mustard,,,,,,Ham,Swiss cheese,Mayonnaise,Mustard,Tomatoes,,,,5,3,5,1000,0,1000,0,1,999,,,,,,,,,,,,,,,
,,,,,,,,,,,,,65248,2020-03-04_00h22.34.761,SandwichStudy,3.2.4,MacIntel,60,"[""space""]",[0.069000244140625],1,0,80,75,1,79,Ham,Swiss cheese,Mustard,,,,,,Ham,Swiss cheese,Mayonnaise,Mustard,Tomatoes,,,,5,3,5,1000,0,1000,0,1,999,,,,,,,,,,,,,,,
,,,,,,,,,,,,,65248,2020-03-04_00h22.34.761,SandwichStudy,3.2.4,MacIntel,60,"[""a""]",[0.3860001564025879],1,0,80,75,1,79,Ham,Swiss cheese,Mustard,,,,,,Ham,Swiss cheese,Mayonnaise,Mustard,Tomatoes,,,,5,3,5,1000,0,1000,0,1,999,,,,,,,,,,,,,,,
,,,,,,,,,,,,,65248,2020-03-04_00h22.34.761,SandwichStudy,3.2.4,MacIntel,60,"[""space""]",[0.3430001735687256],1,0,80,79,1,79,Salami,Roast beef,Turkey,Ham,Swiss cheese,Lettuce,Tomatoes,Mayonnaise,Turkey,Cheddar cheese,Mayonnaise,,,,,,8,8,3,1000,0,1000,0,1,999,,,,,,,,,,,,,,,
,,,,,,,,,,,,,65248,2020-03-04_00h22.34.761,SandwichStudy,3.2.4,MacIntel,60,"[""space""]",[0.17800021171569824],1,0,80,79,1,79,Salami,Roast beef,Turkey,Ham,Swiss cheese,Lettuce,Tomatoes,Mayonnaise,Turkey,Cheddar cheese,Mayonnaise,,,,,,8,8,3,1000,0,1000,0,1,999,,,,,,,,,,,,,,,
,,,,,,,,,,,,,65248,2020-03-04_00h22.34.761,SandwichStudy,3.2.4,MacIntel,60,"[""l""]",[4.671000242233276],1,0,80,79,1,79,Salami,Roast beef,Turkey,Ham,Swiss cheese,Lettuce,Tomatoes,Mayonnaise,Turkey,Cheddar cheese,Mayonnaise,,,,,,8,8,3,1000,0,1000,0,1,999,,,,,,,,,,,,,,,
,,,,,,,,,,,,,65248,2020-03-04_00h22.34.761,SandwichStudy,3.2.4,MacIntel,60,"[""space""]",[0.8730001449584961],1,0,80,38,1,79,Steak,Turkey,Ham,Cheddar cheese,Olives,Lettuce,Tomatoes,Onions,Chicken,Swiss cheese,Lettuce,Tomatoes,Onions,,,,8,8,5,1000,0,1000,0,1,999,,,,,,,,,,,,,,,
,,,,,,,,,,,,,65248,2020-03-04_00h22.34.761,SandwichStudy,3.2.4,MacIntel,60,"[""space""]",[0.005000114440917969],1,0,80,38,1,79,Steak,Turkey,Ham,Cheddar cheese,Olives,Lettuce,Tomatoes,Onions,Chicken,Swiss cheese,Lettuce,Tomatoes,Onions,,,,8,8,5,1000,0,1000,0,1,999,,,,,,,,,,,,,,,
,,,,,,,,,,,,,65248,2020-03-04_00h22.34.761,SandwichStudy,3.2.4,MacIntel,60,"[""l""]",[2.687000274658203],1,0,80,38,1,79,Steak,Turkey,Ham,Cheddar cheese,Olives,Lettuce,Tomatoes,Onions,Chicken,Swiss cheese,Lettuce,Tomatoes,Onions,,,,8,8,5,1000,0,1000,0,1,999,,,,,,,,,,,,,,,
,,,,,,,,,,,,,65248,2020-03-04_00h22.34.761,SandwichStudy,3.2.4,MacIntel,60,"[""space""]",[0.10900020599365234],1,0,80,56,1,79,Turkey,Salami,Cheddar cheese,Mayonnaise,,,,,Turkey,Bacon,Avocado,Provolone cheese,Lettuce,Tomatoes,Onions,Ranch dressing,8,4,8,1000,0,1000,0,1,999,,,,,,,,,,,,,,,
,,,,,,,,,,,,,65248,2020-03-04_00h22.34.761,SandwichStudy,3.2.4,MacIntel,60,"[""space""]",[0.14700007438659668],1,0,80,56,1,79,Turkey,Salami,Cheddar cheese,Mayonnaise,,,,,Turkey,Bacon,Avocado,Provolone cheese,Lettuce,Tomatoes,Onions,Ranch dressing,8,4,8,1000,0,1000,0,1,999,,,,,,,,,,,,,,,
,,,,,,,,,,,,,65248,2020-03-04_00h22.34.761,SandwichStudy,3.2.4,MacIntel,60,"[""a""]",[0.21700000762939453],1,0,80,56,1,79,Turkey,Salami,Cheddar cheese,Mayonnaise,,,,,Turkey,Bacon,Avocado,Provolone cheese,Lettuce,Tomatoes,Onions,Ranch dressing,8,4,8,1000,0,1000,0,1,999,,,,,,,,,,,,,,,
,,,,,,,,,,,,,65248,2020-03-04_00h22.34.761,SandwichStudy,3.2.4,MacIntel,60,"[""space""]",[0.26800012588500977],1,0,80,59,1,79,Chicken,Ham,Cheddar cheese,Mayonnaise,,,,,Turkey,Garlic aioli,Bacon,Spinach,,,,,4,4,4,1000,0,1000,0,1,999,,,,,,,,,,,,,,,
,,,,,,,,,,,,,65248,2020-03-04_00h22.34.761,SandwichStudy,3.2.4,MacIntel,60,"[""space""]",[8.94700026512146],1,0,80,59,1,79,Chicken,Ham,Cheddar cheese,Mayonnaise,,,,,Turkey,Garlic aioli,Bacon,Spinach,,,,,4,4,4,1000,0,1000,0,1,999,,,,,,,,,,,,,,,
,,,,,,,,,,,,,65248,2020-03-04_00h22.34.761,SandwichStudy,3.2.4,MacIntel,60,"[""l""]",[0.3280003070831299],1,0,80,59,1,79,Chicken,Ham,Cheddar cheese,Mayonnaise,,,,,Turkey,Garlic aioli,Bacon,Spinach,,,,,4,4,4,1000,0,1000,0,1,999,,,,,,,,,,,,,,,
,,,,,,,,,,,,,65248,2020-03-04_00h22.34.761,SandwichStudy,3.2.4,MacIntel,60,"[""space""]",[0.34200024604797363],1,0,80,1,1,79,Tomatoes,Mozzarella cheese,Spinach,Pesto,,,,,Ham,Swiss cheese,Mustard,,,,,,4,4,3,1000,0,1000,0,1,999,,,,,,,,,,,,,,,
,,,,,,,,,,,,,65248,2020-03-04_00h22.34.761,SandwichStudy,3.2.4,MacIntel,60,"[""space""]",[0.0950002670288086],1,0,80,1,1,79,Tomatoes,Mozzarella cheese,Spinach,Pesto,,,,,Ham,Swiss cheese,Mustard,,,,,,4,4,3,1000,0,1000,0,1,999,,,,,,,,,,,,,,,
,,,,,,,,,,,,,65248,2020-03-04_00h22.34.761,SandwichStudy,3.2.4,MacIntel,60,"[""space""]",[0.14500021934509277],1,0,80,1,1,79,Tomatoes,Mozzarella cheese,Spinach,Pesto,,,,,Ham,Swiss cheese,Mustard,,,,,,4,4,3,1000,0,1000,0,1,999,,,,,,,,,,,,,,,
,,,,,,,,,,,,,65248,2020-03-04_00h22.34.761,SandwichStudy,3.2.4,MacIntel,60,"[""a""]",[0.3470001220703125],1,0,80,1,1,79,Tomatoes,Mozzarella cheese,Spinach,Pesto,,,,,Ham,Swiss cheese,Mustard,,,,,,4,4,3,1000,0,1000,0,1,999,,,,,,,,,,,,,,,
,,,,,,,,,,,,,65248,2020-03-04_00h22.34.761,SandwichStudy,3.2.4,MacIntel,60,"[""space""]",[0.1809999942779541],1,0,80,31,1,79,Spinach,Tomatoes,Cucumbers,Onions,Bell peppers,Avocado,Mayonnaise,,Turkey,Ham,Bacon,Swiss cheese,Lettuce,Tomatoes,Onions,,7,7,7,1000,0,1000,0,1,999,,,,,,,,,,,,,,,
,,,,,,,,,,,,,65248,2020-03-04_00h22.34.761,SandwichStudy,3.2.4,MacIntel,60,"[""space""]",[0.11300015449523926],1,0,80,31,1,79,Spinach,Tomatoes,Cucumbers,Onions,Bell peppers,Avocado,Mayonnaise,,Turkey,Ham,Bacon,Swiss cheese,Lettuce,Tomatoes,Onions,,7,7,7,1000,0,1000,0,1,999,,,,,,,,,,,,,,,
,,,,,,,,,,,,,65248,2020-03-04_00h22.34.761,SandwichStudy,3.2.4,MacIntel,60,"[""a""]",[0.020000219345092773],1,0,80,31,1,79,Spinach,Tomatoes,Cucumbers,Onions,Bell peppers,Avocado,Mayonnaise,,Turkey,Ham,Bacon,Swiss cheese,Lettuce,Tomatoes,Onions,,7,7,7,1000,0,1000,0,1,999,,,,,,,,,,,,,,,
,,,,,,,,,,,,,65248,2020-03-04_00h22.34.761,SandwichStudy,3.2.4,MacIntel,60,"[""space""]",[0.2950000762939453],1,0,80,2,1,79,Turkey,Provolone cheese,Spinach,Garlic aioli,,,,,Chicken,Pickles,Basil,Tomatoes,Cucumbers,,,,5,4,5,1000,0,1000,0,1,999,,,,,,,,,,,,,,,
,,,,,,,,,,,,,65248,2020-03-04_00h22.34.761,SandwichStudy,3.2.4,MacIntel,60,"[""space""]",[0.4230000972747803],1,0,80,2,1,79,Turkey,Provolone cheese,Spinach,Garlic aioli,,,,,Chicken,Pickles,Basil,Tomatoes,Cucumbers,,,,5,4,5,1000,0,1000,0,1,999,,,,,,,,,,,,,,,
,,,,,,,,,,,,,65248,2020-03-04_00h22.34.761,SandwichStudy,3.2.4,MacIntel,60,"[""space""]",[0.13100028038024902],1,0,80,2,1,79,Turkey,Provolone cheese,Spinach,Garlic aioli,,,,,Chicken,Pickles,Basil,Tomatoes,Cucumbers,,,,5,4,5,1000,0,1000,0,1,999,,,,,,,,,,,,,,,
,,,,,,,,,,,,,65248,2020-03-04_00h22.34.761,SandwichStudy,3.2.4,MacIntel,60,"[""space""]",[0.13700008392333984],1,0,80,2,1,79,Turkey,Provolone cheese,Spinach,Garlic aioli,,,,,Chicken,Pickles,Basil,Tomatoes,Cucumbers,,,,5,4,5,1000,0,1000,0,1,999,,,,,,,,,,,,,,,
,,,,,,,,,,,,,65248,2020-03-04_00h22.34.761,SandwichStudy,3.2.4,MacIntel,60,"[""l""]",[0.021000146865844727],1,0,80,2,1,79,Turkey,Provolone cheese,Spinach,Garlic aioli,,,,,Chicken,Pickles,Basil,Tomatoes,Cucumbers,,,,5,4,5,1000,0,1000,0,1,999,,,,,,,,,,,,,,,
,,,,,,,,,,,,,65248,2020-03-04_00h22.34.761,SandwichStudy,3.2.4,MacIntel,60,"[""space""]",[0.2690002918243408],1,0,80,21,1,79,Chicken,Ham,Cheddar cheese,Mayonnaise,,,,,Turkey,Bacon,Avocado,Provolone cheese,Lettuce,Tomatoes,Onions,Ranch dressing,8,4,8,1000,0,1000,0,1,999,,,,,,,,,,,,,,,
,,,,,,,,,,,,,65248,2020-03-04_00h22.34.761,SandwichStudy,3.2.4,MacIntel,60,"[""space""]",[0.11800003051757812],1,0,80,21,1,79,Chicken,Ham,Cheddar cheese,Mayonnaise,,,,,Turkey,Bacon,Avocado,Provolone cheese,Lettuce,Tomatoes,Onions,Ranch dressing,8,4,8,1000,0,1000,0,1,999,,,,,,,,,,,,,,,
,,,,,,,,,,,,,65248,2020-03-04_00h22.34.761,SandwichStudy,3.2.4,MacIntel,60,"[""space""]",[0.6730003356933594],1,0,80,21,1,79,Chicken,Ham,Cheddar cheese,Mayonnaise,,,,,Turkey,Bacon,Avocado,Provolone cheese,Lettuce,Tomatoes,Onions,Ranch dressing,8,4,8,1000,0,1000,0,1,999,,,,,,,,,,,,,,,
,,,,,,,,,,,,,65248,2020-03-04_00h22.34.761,SandwichStudy,3.2.4,MacIntel,60,"[""a""]",[0.054000139236450195],1,0,80,21,1,79,Chicken,Ham,Cheddar cheese,Mayonnaise,,,,,Turkey,Bacon,Avocado,Provolone cheese,Lettuce,Tomatoes,Onions,Ranch dressing,8,4,8,1000,0,1000,0,1,999,,,,,,,,,,,,,,,
,,,,,,,,,,,,,65248,2020-03-04_00h22.34.761,SandwichStudy,3.2.4,MacIntel,60,"[""space""]",[0.009000062942504883],1,0,80,11,1,79,Pork,Ham,Swiss cheese,Pickles,Mustard,,,,Chicken,Bacon,Mustard,,,,,,5,5,3,1000,0,1000,0,1,999,,,,,,,,,,,,,,,
,,,,,,,,,,,,,65248,2020-03-04_00h22.34.761,SandwichStudy,3.2.4,MacIntel,60,"[""space""]",[0.12800025939941406],1,0,80,11,1,79,Pork,Ham,Swiss cheese,Pickles,Mustard,,,,Chicken,Bacon,Mustard,,,,,,5,5,3,1000,0,1000,0,1,999,,,,,,,,,,,,,,,
,,,,,,,,,,,,,65248,2020-03-04_00h22.34.761,SandwichStudy,3.2.4,MacIntel,60,"[""space""]",[0.8590002059936523],1,0,80,11,1,79,Pork,Ham,Swiss cheese,Pickles,Mustard,,,,Chicken,Bacon,Mustard,,,,,,5,5,3,1000,0,1000,0,1,999,,,,,,,,,,,,,,,
,,,,,,,,,,,,,65248,2020-03-04_00h22.34.761,SandwichStudy,3.2.4,MacIntel,60,"[""a""]",[1.2630000114440918],1,0,80,11,1,79,Pork,Ham,Swiss cheese,Pickles,Mustard,,,,Chicken,Bacon,Mustard,,,,,,5,5,3,1000,0,1000,0,1,999,,,,,,,,,,,,,,,
,,,,,,,,,,,,,65248,2020-03-04_00h22.34.761,SandwichStudy,3.2.4,MacIntel,60,"[""space""]",[0.30100011825561523],1,0,80,44,1,79,Chicken,Gouda cheese,Avocado,Basil,Bell peppers,Mayonnaise,,,Turkey,Gouda cheese,Avocado,Garlic aioli,Jalapenos,Tomatoes,Lettuce,,7,6,7,1000,0,1000,0,1,999,,,,,,,,,,,,,,,
,,,,,,,,,,,,,65248,2020-03-04_00h22.34.761,SandwichStudy,3.2.4,MacIntel,60,"[""space""]",[0.4720001220703125],1,0,80,44,1,79,Chicken,Gouda cheese,Avocado,Basil,Bell peppers,Mayonnaise,,,Turkey,Gouda cheese,Avocado,Garlic aioli,Jalapenos,Tomatoes,Lettuce,,7,6,7,1000,0,1000,0,1,999,,,,,,,,,,,,,,,
,,,,,,,,,,,,,65248,2020-03-04_00h22.34.761,SandwichStudy,3.2.4,MacIntel,60,"[""space""]",[0.48800015449523926],1,0,80,44,1,79,Chicken,Gouda cheese,Avocado,Basil,Bell peppers,Mayonnaise,,,Turkey,Gouda cheese,Avocado,Garlic aioli,Jalapenos,Tomatoes,Lettuce,,7,6,7,1000,0,1000,0,1,999,,,,,,,,,,,,,,,
,,,,,,,,,,,,,65248,2020-03-04_00h22.34.761,SandwichStudy,3.2.4,MacIntel,60,"[""l""]",[0.7860002517700195],1,0,80,44,1,79,Chicken,Gouda cheese,Avocado,Basil,Bell peppers,Mayonnaise,,,Turkey,Gouda cheese,Avocado,Garlic aioli,Jalapenos,Tomatoes,Lettuce,,7,6,7,1000,0,1000,0,1,999,,,,,,,,,,,,,,,
,,,,,,,,,,,,,65248,2020-03-04_00h22.34.761,SandwichStudy,3.2.4,MacIntel,60,"[""space""]",[0.29400014877319336],1,0,80,42,1,79,Chicken,Bacon,Feta cheese,Bell peppers,Basil,Garlic aioli,,,Turkey,Ham,Cheddar cheese,Mayonnaise,,,,,6,6,4,1000,0,1000,0,1,999,,,,,,,,,,,,,,,
,,,,,,,,,,,,,65248,2020-03-04_00h22.34.761,SandwichStudy,3.2.4,MacIntel,60,"[""space""]",[0.2930002212524414],1,0,80,42,1,79,Chicken,Bacon,Feta cheese,Bell peppers,Basil,Garlic aioli,,,Turkey,Ham,Cheddar cheese,Mayonnaise,,,,,6,6,4,1000,0,1000,0,1,999,,,,,,,,,,,,,,,
,,,,,,,,,,,,,65248,2020-03-04_00h22.34.761,SandwichStudy,3.2.4,MacIntel,60,"[""a""]",[0.4380002021789551],1,0,80,42,1,79,Chicken,Bacon,Feta cheese,Bell peppers,Basil,Garlic aioli,,,Turkey,Ham,Cheddar cheese,Mayonnaise,,,,,6,6,4,1000,0,1000,0,1,999,,,,,,,,,,,,,,,
,,,,,,,,,,,,,65248,2020-03-04_00h22.34.761,SandwichStudy,3.2.4,MacIntel,60,"[""space""]",[0.013000011444091797],1,0,80,43,1,79,Meatballs,Provolone cheese,Onions,Marinara sauce,,,,,Chicken,Mozzarella cheese,Tomatoes,Pesto,Spinach,,,,5,4,5,1000,0,1000,0,1,999,,,,,,,,,,,,,,,
,,,,,,,,,,,,,65248,2020-03-04_00h22.34.761,SandwichStudy,3.2.4,MacIntel,60,"[""space""]",[0.4350001811981201],1,0,80,43,1,79,Meatballs,Provolone cheese,Onions,Marinara sauce,,,,,Chicken,Mozzarella cheese,Tomatoes,Pesto,Spinach,,,,5,4,5,1000,0,1000,0,1,999,,,,,,,,,,,,,,,
,,,,,,,,,,,,,65248,2020-03-04_00h22.34.761,SandwichStudy,3.2.4,MacIntel,60,"[""l""]",[0.05000019073486328],1,0,80,43,1,79,Meatballs,Provolone cheese,Onions,Marinara sauce,,,,,Chicken,Mozzarella cheese,Tomatoes,Pesto,Spinach,,,,5,4,5,1000,0,1000,0,1,999,,,,,,,,,,,,,,,
,,,,,,,,,,,,,65248,2020-03-04_00h22.34.761,SandwichStudy,3.2.4,MacIntel,60,"[""space""]",[0.17300033569335938],1,0,80,40,1,79,Pork,Ham,Swiss cheese,Pickles,Mustard,,,,Steak,Turkey,Ham,Cheddar cheese,Olives,Lettuce,Tomatoes,Onions,8,5,8,1000,0,1000,0,1,999,,,,,,,,,,,,,,,
,,,,,,,,,,,,,65248,2020-03-04_00h22.34.761,SandwichStudy,3.2.4,MacIntel,60,"[""space""]",[0.12900018692016602],1,0,80,40,1,79,Pork,Ham,Swiss cheese,Pickles,Mustard,,,,Steak,Turkey,Ham,Cheddar cheese,Olives,Lettuce,Tomatoes,Onions,8,5,8,1000,0,1000,0,1,999,,,,,,,,,,,,,,,
,,,,,,,,,,,,,65248,2020-03-04_00h22.34.761,SandwichStudy,3.2.4,MacIntel,60,"[""space""]",[0.5240001678466797],1,0,80,40,1,79,Pork,Ham,Swiss cheese,Pickles,Mustard,,,,Steak,Turkey,Ham,Cheddar cheese,Olives,Lettuce,Tomatoes,Onions,8,5,8,1000,0,1000,0,1,999,,,,,,,,,,,,,,,
,,,,,,,,,,,,,65248,2020-03-04_00h22.34.761,SandwichStudy,3.2.4,MacIntel,60,"[""a""]",[0.32899999618530273],1,0,80,40,1,79,Pork,Ham,Swiss cheese,Pickles,Mustard,,,,Steak,Turkey,Ham,Cheddar cheese,Olives,Lettuce,Tomatoes,Onions,8,5,8,1000,0,1000,0,1,999,,,,,,,,,,,,,,,
,,,,,,,,,,,,,65248,2020-03-04_00h22.34.761,SandwichStudy,3.2.4,MacIntel,60,"[""space""]",[0.03300023078918457],1,0,80,67,1,79,Avocado,Onions,Cucumbers,,,,,,Meatballs,Provolone cheese,Marinara sauce,Parmesan cheese,,,,,4,3,4,1000,0,1000,0,1,999,,,,,,,,,,,,,,,
,,,,,,,,,,,,,65248,2020-03-04_00h22.34.761,SandwichStudy,3.2.4,MacIntel,60,"[""space""]",[0.05200004577636719],1,0,80,67,1,79,Avocado,Onions,Cucumbers,,,,,,Meatballs,Provolone cheese,Marinara sauce,Parmesan cheese,,,,,4,3,4,1000,0,1000,0,1,999,,,,,,,,,,,,,,,
,,,,,,,,,,,,,65248,2020-03-04_00h22.34.761,SandwichStudy,3.2.4,MacIntel,60,"[""space""]",[0.626000165939331],1,0,80,67,1,79,Avocado,Onions,Cucumbers,,,,,,Meatballs,Provolone cheese,Marinara sauce,Parmesan cheese,,,,,4,3,4,1000,0,1000,0,1,999,,,,,,,,,,,,,,,
,,,,,,,,,,,,,65248,2020-03-04_00h22.34.761,SandwichStudy,3.2.4,MacIntel,60,"[""l""]",[0.4610002040863037],1,0,80,67,1,79,Avocado,Onions,Cucumbers,,,,,,Meatballs,Provolone cheese,Marinara sauce,Parmesan cheese,,,,,4,3,4,1000,0,1000,0,1,999,,,,,,,,,,,,,,,
,,,,,,,,,,,,,65248,2020-03-04_00h22.34.761,SandwichStudy,3.2.4,MacIntel,60,"[""space""]",[0.379000186920166],1,0,80,51,1,79,Turkey,Provolone cheese,Pesto,Bell peppers,,,,,Swiss cheese,Provolone cheese,Bell peppers,Tomatoes,Onions,,,,5,4,5,1000,0,1000,0,1,999,,,,,,,,,,,,,,,
,,,,,,,,,,,,,65248,2020-03-04_00h22.34.761,SandwichStudy,3.2.4,MacIntel,60,"[""space""]",[0.1530001163482666],1,0,80,51,1,79,Turkey,Provolone cheese,Pesto,Bell peppers,,,,,Swiss cheese,Provolone cheese,Bell peppers,Tomatoes,Onions,,,,5,4,5,1000,0,1000,0,1,999,,,,,,,,,,,,,,,
,,,,,,,,,,,,,65248,2020-03-04_00h22.34.761,SandwichStudy,3.2.4,MacIntel,60,"[""space""]",[0.24500012397766113],1,0,80,51,1,79,Turkey,Provolone cheese,Pesto,Bell peppers,,,,,Swiss cheese,Provolone cheese,Bell peppers,Tomatoes,Onions,,,,5,4,5,1000,0,1000,0,1,999,,,,,,,,,,,,,,,
,,,,,,,,,,,,,65248,2020-03-04_00h22.34.761,SandwichStudy,3.2.4,MacIntel,60,"[""space""]",[0.12100005149841309],1,0,80,51,1,79,Turkey,Provolone cheese,Pesto,Bell peppers,,,,,Swiss cheese,Provolone cheese,Bell peppers,Tomatoes,Onions,,,,5,4,5,1000,0,1000,0,1,999,,,,,,,,,,,,,,,
,,,,,,,,,,,,,65248,2020-03-04_00h22.34.761,SandwichStudy,3.2.4,MacIntel,60,"[""l""]",[1.6620001792907715],1,0,80,51,1,79,Turkey,Provolone cheese,Pesto,Bell peppers,,,,,Swiss cheese,Provolone cheese,Bell peppers,Tomatoes,Onions,,,,5,4,5,1000,0,1000,0,1,999,,,,,,,,,,,,,,,
,,,,,,,,,,,,,65248,2020-03-04_00h22.34.761,SandwichStudy,3.2.4,MacIntel,60,"[""space""]",[0.22099995613098145],1,0,80,68,1,79,Tomatoes,Mozzarella cheese,Spinach,Pesto,,,,,Steak,Bacon,American cheese,Tomatoes,Onions,Pickles,,,6,4,6,1000,0,1000,0,1,999,,,,,,,,,,,,,,,
,,,,,,,,,,,,,65248,2020-03-04_00h22.34.761,SandwichStudy,3.2.4,MacIntel,60,"[""space""]",[0.24500012397766113],1,0,80,68,1,79,Tomatoes,Mozzarella cheese,Spinach,Pesto,,,,,Steak,Bacon,American cheese,Tomatoes,Onions,Pickles,,,6,4,6,1000,0,1000,0,1,999,,,,,,,,,,,,,,,
,,,,,,,,,,,,,65248,2020-03-04_00h22.34.761,SandwichStudy,3.2.4,MacIntel,60,"[""space""]",[1.3320000171661377],1,0,80,68,1,79,Tomatoes,Mozzarella cheese,Spinach,Pesto,,,,,Steak,Bacon,American cheese,Tomatoes,Onions,Pickles,,,6,4,6,1000,0,1000,0,1,999,,,,,,,,,,,,,,,
,,,,,,,,,,,,,65248,2020-03-04_00h22.34.761,SandwichStudy,3.2.4,MacIntel,60,"[""l""]",[0.25500035285949707],1,0,80,68,1,79,Tomatoes,Mozzarella cheese,Spinach,Pesto,,,,,Steak,Bacon,American cheese,Tomatoes,Onions,Pickles,,,6,4,6,1000,0,1000,0,1,999,,,,,,,,,,,,,,,
,,,,,,,,,,,,,65248,2020-03-04_00h22.34.761,SandwichStudy,3.2.4,MacIntel,60,"[""space""]",[0.3210000991821289],1,0,80,19,1,79,Bacon,Ham,Turkey,Mayonnaise,Cheddar cheese,Tomatoes,Spinach,Swiss cheese,Turkey,Salami,Cheddar cheese,Mayonnaise,,,,,8,8,4,1000,0,1000,0,1,999,,,,,,,,,,,,,,,
,,,,,,,,,,,,,65248,2020-03-04_00h22.34.761,SandwichStudy,3.2.4,MacIntel,60,"[""space""]",[0.13400006294250488],1,0,80,19,1,79,Bacon,Ham,Turkey,Mayonnaise,Cheddar cheese,Tomatoes,Spinach,Swiss cheese,Turkey,Salami,Cheddar cheese,Mayonnaise,,,,,8,8,4,1000,0,1000,0,1,999,,,,,,,,,,,,,,,
,,,,,,,,,,,,,65248,2020-03-04_00h22.34.761,SandwichStudy,3.2.4,MacIntel,60,"[""l""]",[0.14800024032592773],1,0,80,19,1,79,Bacon,Ham,Turkey,Mayonnaise,Cheddar cheese,Tomatoes,Spinach,Swiss cheese,Turkey,Salami,Cheddar cheese,Mayonnaise,,,,,8,8,4,1000,0,1000,0,1,999,,,,,,,,,,,,,,,
,,,,,,,,,,,,,65248,2020-03-04_00h22.34.761,SandwichStudy,3.2.4,MacIntel,60,"[""space""]",[0.009000301361083984],1,0,80,8,1,79,Chicken,Ham,Swiss cheese,Mayonnaise,,,,,Pepperoni,Meatballs,Marinara sauce,Provolone cheese,Mushrooms,,,,5,4,5,1000,0,1000,0,1,999,,,,,,,,,,,,,,,
,,,,,,,,,,,,,65248,2020-03-04_00h22.34.761,SandwichStudy,3.2.4,MacIntel,60,"[""space""]",[0.23100018501281738],1,0,80,8,1,79,Chicken,Ham,Swiss cheese,Mayonnaise,,,,,Pepperoni,Meatballs,Marinara sauce,Provolone cheese,Mushrooms,,,,5,4,5,1000,0,1000,0,1,999,,,,,,,,,,,,,,,
,,,,,,,,,,,,,65248,2020-03-04_00h22.34.761,SandwichStudy,3.2.4,MacIntel,60,"[""space""]",[0.03500008583068848],1,0,80,8,1,79,Chicken,Ham,Swiss cheese,Mayonnaise,,,,,Pepperoni,Meatballs,Marinara sauce,Provolone cheese,Mushrooms,,,,5,4,5,1000,0,1000,0,1,999,,,,,,,,,,,,,,,
,,,,,,,,,,,,,65248,2020-03-04_00h22.34.761,SandwichStudy,3.2.4,MacIntel,60,"[""a""]",[0.6140003204345703],1,0,80,8,1,79,Chicken,Ham,Swiss cheese,Mayonnaise,,,,,Pepperoni,Meatballs,Marinara sauce,Provolone cheese,Mushrooms,,,,5,4,5,1000,0,1000,0,1,999,,,,,,,,,,,,,,,
,,,,,,,,,,,,,65248,2020-03-04_00h22.34.761,SandwichStudy,3.2.4,MacIntel,60,"[""space""]",[3.9700000286102295],1,0,80,64,1,79,Tuna,Basil,Cheddar cheese,Garlic aioli,Pickles,Onions,Tomatoes,Spinach,Turkey,Ham,Bacon,Provolone cheese,Lettuce,Tomatoes,Ranch dressing,,8,8,7,1000,0,1000,0,1,999,,,,,,,,,,,,,,,
,,,,,,,,,,,,,65248,2020-03-04_00h22.34.761,SandwichStudy,3.2.4,MacIntel,60,"[""a""]",[1.4630000591278076],1,0,80,64,1,79,Tuna,Basil,Cheddar cheese,Garlic aioli,Pickles,Onions,Tomatoes,Spinach,Turkey,Ham,Bacon,Provolone cheese,Lettuce,Tomatoes,Ranch dressing,,8,8,7,1000,0,1000,0,1,999,,,,,,,,,,,,,,,
,,,,,,,,,,,,,65248,2020-03-04_00h22.34.761,SandwichStudy,3.2.4,MacIntel,60,"[""space""]",[0.03400015830993652],1,0,80,35,1,79,Bacon,Lettuce,Tomatoes,Ranch dressing,,,,,Turkey,Gouda cheese,Avocado,Garlic aioli,Jalapenos,Tomatoes,Lettuce,,7,4,7,1000,0,1000,0,1,999,,,,,,,,,,,,,,,
,,,,,,,,,,,,,65248,2020-03-04_00h22.34.761,SandwichStudy,3.2.4,MacIntel,60,"[""space""]",[0.5960001945495605],1,0,80,35,1,79,Bacon,Lettuce,Tomatoes,Ranch dressing,,,,,Turkey,Gouda cheese,Avocado,Garlic aioli,Jalapenos,Tomatoes,Lettuce,,7,4,7,1000,0,1000,0,1,999,,,,,,,,,,,,,,,
,,,,,,,,,,,,,65248,2020-03-04_00h22.34.761,SandwichStudy,3.2.4,MacIntel,60,"[""space""]",[2.880000114440918],1,0,80,35,1,79,Bacon,Lettuce,Tomatoes,Ranch dressing,,,,,Turkey,Gouda cheese,Avocado,Garlic aioli,Jalapenos,Tomatoes,Lettuce,,7,4,7,1000,0,1000,0,1,999,,,,,,,,,,,,,,,
,,,,,,,,,,,,,65248,2020-03-04_00h22.34.761,SandwichStudy,3.2.4,MacIntel,60,"[""l""]",[0.9560000896453857],1,0,80,35,1,79,Bacon,Lettuce,Tomatoes,Ranch dressing,,,,,Turkey,Gouda cheese,Avocado,Garlic aioli,Jalapenos,Tomatoes,Lettuce,,7,4,7,1000,0,1000,0,1,999,,,,,,,,,,,,,,,
,,,,,,,,,,,,,65248,2020-03-04_00h22.34.761,SandwichStudy,3.2.4,MacIntel,60,"[""space""]",[0.38700008392333984],1,0,80,23,1,79,Meatballs,Provolone cheese,Marinara sauce,Parmesan cheese,,,,,Turkey,Cheddar cheese,Bacon,,,,,,4,4,3,1000,0,1000,0,1,999,,,,,,,,,,,,,,,
,,,,,,,,,,,,,65248,2020-03-04_00h22.34.761,SandwichStudy,3.2.4,MacIntel,60,"[""space""]",[0.3360002040863037],1,0,80,23,1,79,Meatballs,Provolone cheese,Marinara sauce,Parmesan cheese,,,,,Turkey,Cheddar cheese,Bacon,,,,,,4,4,3,1000,0,1000,0,1,999,,,,,,,,,,,,,,,
,,,,,,,,,,,,,65248,2020-03-04_00h22.34.761,SandwichStudy,3.2.4,MacIntel,60,"[""a""]",[0.07800030708312988],1,0,80,23,1,79,Meatballs,Provolone cheese,Marinara sauce,Parmesan cheese,,,,,Turkey,Cheddar cheese,Bacon,,,,,,4,4,3,1000,0,1000,0,1,999,,,,,,,,,,,,,,,
,,,,,,,,,,,,,65248,2020-03-04_00h22.34.761,SandwichStudy,3.2.4,MacIntel,60,"[""space""]",[0.44300007820129395],1,0,80,26,1,79,Turkey,Avocado,Mayonnaise,,,,,,Chicken,Mozzarella cheese,Tomatoes,Onions,Basil,Mayonnaise,,,6,3,6,1000,0,1000,0,1,999,,,,,,,,,,,,,,,
,,,,,,,,,,,,,65248,2020-03-04_00h22.34.761,SandwichStudy,3.2.4,MacIntel,60,"[""space""]",[0.16100025177001953],1,0,80,26,1,79,Turkey,Avocado,Mayonnaise,,,,,,Chicken,Mozzarella cheese,Tomatoes,Onions,Basil,Mayonnaise,,,6,3,6,1000,0,1000,0,1,999,,,,,,,,,,,,,,,
,,,,,,,,,,,,,65248,2020-03-04_00h22.34.761,SandwichStudy,3.2.4,MacIntel,60,"[""space""]",[0.02200007438659668],1,0,80,26,1,79,Turkey,Avocado,Mayonnaise,,,,,,Chicken,Mozzarella cheese,Tomatoes,Onions,Basil,Mayonnaise,,,6,3,6,1000,0,1000,0,1,999,,,,,,,,,,,,,,,
,,,,,,,,,,,,,65248,2020-03-04_00h22.34.761,SandwichStudy,3.2.4,MacIntel,60,"[""a""]",[0.8730001449584961],1,0,80,26,1,79,Turkey,Avocado,Mayonnaise,,,,,,Chicken,Mozzarella cheese,Tomatoes,Onions,Basil,Mayonnaise,,,6,3,6,1000,0,1000,0,1,999,,,,,,,,,,,,,,,
,,,,,,,,,,,,,65248,2020-03-04_00h22.34.761,SandwichStudy,3.2.4,MacIntel,60,"[""space""]",[0.17600011825561523],1,0,80,50,1,79,Mozzarella cheese,Bell peppers,Pesto,Spinach,,,,,Chicken,Ham,Swiss cheese,Mayonnaise,,,,,4,4,4,1000,0,1000,0,1,999,,,,,,,,,,,,,,,
,,,,,,,,,,,,,65248,2020-03-04_00h22.34.761,SandwichStudy,3.2.4,MacIntel,60,"[""space""]",[0.06700015068054199],1,0,80,50,1,79,Mozzarella cheese,Bell peppers,Pesto,Spinach,,,,,Chicken,Ham,Swiss cheese,Mayonnaise,,,,,4,4,4,1000,0,1000,0,1,999,,,,,,,,,,,,,,,
,,,,,,,,,,,,,65248,2020-03-04_00h22.34.761,SandwichStudy,3.2.4,MacIntel,60,"[""l""]",[0.4550001621246338],1,0,80,50,1,79,Mozzarella cheese,Bell peppers,Pesto,Spinach,,,,,Chicken,Ham,Swiss cheese,Mayonnaise,,,,,4,4,4,1000,0,1000,0,1,999,,,,,,,,,,,,,,,
,,,,,,,,,,,,,65248,2020-03-04_00h22.34.761,SandwichStudy,3.2.4,MacIntel,60,"[""space""]",[0.4200000762939453],1,0,80,70,1,79,Pastrami,Swiss cheese,Coleslaw,,,,,,Chicken,Cheddar cheese,Bacon,Avocado,Ranch dressing,,,,5,3,5,1000,0,1000,0,1,999,,,,,,,,,,,,,,,
,,,,,,,,,,,,,65248,2020-03-04_00h22.34.761,SandwichStudy,3.2.4,MacIntel,60,"[""space""]",[0.5199999809265137],1,0,80,70,1,79,Pastrami,Swiss cheese,Coleslaw,,,,,,Chicken,Cheddar cheese,Bacon,Avocado,Ranch dressing,,,,5,3,5,1000,0,1000,0,1,999,,,,,,,,,,,,,,,
,,,,,,,,,,,,,65248,2020-03-04_00h22.34.761,SandwichStudy,3.2.4,MacIntel,60,"[""a""]",[1.2180001735687256],1,0,80,70,1,79,Pastrami,Swiss cheese,Coleslaw,,,,,,Chicken,Cheddar cheese,Bacon,Avocado,Ranch dressing,,,,5,3,5,1000,0,1000,0,1,999,,,,,,,,,,,,,,,
,,,,,,,,,,,,,65248,2020-03-04_00h22.34.761,SandwichStudy,3.2.4,MacIntel,60,"[""space""]",[0.20100021362304688],1,0,80,24,1,79,Steak,Onions,Bell peppers,Provolone cheese,,,,,Tuna,Lettuce,Tomatoes,Mayonnaise,,,,,4,4,4,1000,0,1000,0,1,999,,,,,,,,,,,,,,,
,,,,,,,,,,,,,65248,2020-03-04_00h22.34.761,SandwichStudy,3.2.4,MacIntel,60,"[""space""]",[0.30100011825561523],1,0,80,24,1,79,Steak,Onions,Bell peppers,Provolone cheese,,,,,Tuna,Lettuce,Tomatoes,Mayonnaise,,,,,4,4,4,1000,0,1000,0,1,999,,,,,,,,,,,,,,,
,,,,,,,,,,,,,65248,2020-03-04_00h22.34.761,SandwichStudy,3.2.4,MacIntel,60,"[""l""]",[0.2930002212524414],1,0,80,24,1,79,Steak,Onions,Bell peppers,Provolone cheese,,,,,Tuna,Lettuce,Tomatoes,Mayonnaise,,,,,4,4,4,1000,0,1000,0,1,999,,,,,,,,,,,,,,,
,,,,,,,,,,,,,65248,2020-03-04_00h22.34.761,SandwichStudy,3.2.4,MacIntel,60,"[""space""]",[0.029000282287597656],1,0,80,73,1,79,Turkey,Avocado,Bacon,Garlic aioli,Tomatoes,Spinach,Onions,,Tuna,Lettuce,Tomatoes,Mayonnaise,,,,,7,7,4,1000,0,1000,0,1,999,,,,,,,,,,,,,,,
,,,,,,,,,,,,,65248,2020-03-04_00h22.34.761,SandwichStudy,3.2.4,MacIntel,60,"[""space""]",[0.194000244140625],1,0,80,73,1,79,Turkey,Avocado,Bacon,Garlic aioli,Tomatoes,Spinach,Onions,,Tuna,Lettuce,Tomatoes,Mayonnaise,,,,,7,7,4,1000,0,1000,0,1,999,,,,,,,,,,,,,,,
,,,,,,,,,,,,,65248,2020-03-04_00h22.34.761,SandwichStudy,3.2.4,MacIntel,60,"[""a""]",[6.363000154495239],1,0,80,73,1,79,Turkey,Avocado,Bacon,Garlic aioli,Tomatoes,Spinach,Onions,,Tuna,Lettuce,Tomatoes,Mayonnaise,,,,,7,7,4,1000,0,1000,0,1,999,,,,,,,,,,,,,,,
,,,,,,,,,,,,,65248,2020-03-04_00h22.34.761,SandwichStudy,3.2.4,MacIntel,60,"[""space""]",[0.19300007820129395],1,0,80,41,1,79,Bacon,Provolone cheese,Mushrooms,Parmesan cheese,,,,,Turkey,Bacon,Jalapenos,Lettuce,Avocado,Garlic aioli,Tomatoes,,7,4,7,1000,0,1000,0,1,999,,,,,,,,,,,,,,,
,,,,,,,,,,,,,65248,2020-03-04_00h22.34.761,SandwichStudy,3.2.4,MacIntel,60,"[""space""]",[0.004000186920166016],1,0,80,41,1,79,Bacon,Provolone cheese,Mushrooms,Parmesan cheese,,,,,Turkey,Bacon,Jalapenos,Lettuce,Avocado,Garlic aioli,Tomatoes,,7,4,7,1000,0,1000,0,1,999,,,,,,,,,,,,,,,
,,,,,,,,,,,,,65248,2020-03-04_00h22.34.761,SandwichStudy,3.2.4,MacIntel,60,"[""a""]",[0.6550002098083496],1,0,80,41,1,79,Bacon,Provolone cheese,Mushrooms,Parmesan cheese,,,,,Turkey,Bacon,Jalapenos,Lettuce,Avocado,Garlic aioli,Tomatoes,,7,4,7,1000,0,1000,0,1,999,,,,,,,,,,,,,,,
,,,,,,,,,,,,,65248,2020-03-04_00h22.34.761,SandwichStudy,3.2.4,MacIntel,60,"[""a""]",[0.127000093460083],1,0,80,58,1,79,Chicken,Mayonnaise,Cheddar cheese,,,,,,Steak,Onions,Bell peppers,Provolone cheese,,,,,4,3,4,1000,0,1000,0,1,999,,,,,,,,,,,,,,,
,,,,,,,,,,,,,65248,2020-03-04_00h22.34.761,SandwichStudy,3.2.4,MacIntel,60,"[""space""]",[0.8400001525878906],1,0,80,57,1,79,Avocado,Spinach,Tomatoes,Swiss cheese,,,,,Chicken,Ham,Swiss cheese,Mayonnaise,Mustard,,,,5,4,5,1000,0,1000,0,1,999,,,,,,,,,,,,,,,
,,,,,,,,,,,,,65248,2020-03-04_00h22.34.761,SandwichStudy,3.2.4,MacIntel,60,"[""a""]",[0.2670001983642578],1,0,80,57,1,79,Avocado,Spinach,Tomatoes,Swiss cheese,,,,,Chicken,Ham,Swiss cheese,Mayonnaise,Mustard,,,,5,4,5,1000,0,1000,0,1,999,,,,,,,,,,,,,,,
,,,,,,,,,,,,,65248,2020-03-04_00h22.34.761,SandwichStudy,3.2.4,MacIntel,60,"[""space""]",[0.17600011825561523],1,0,80,77,1,79,Chicken,Lettuce,Tomatoes,Mayonnaise,,,,,Pepperoni,Meatballs,Marinara sauce,Provolone cheese,Mushrooms,,,,5,4,5,1000,0,1000,0,1,999,,,,,,,,,,,,,,,
,,,,,,,,,,,,,65248,2020-03-04_00h22.34.761,SandwichStudy,3.2.4,MacIntel,60,"[""a""]",[0.5200002193450928],1,0,80,77,1,79,Chicken,Lettuce,Tomatoes,Mayonnaise,,,,,Pepperoni,Meatballs,Marinara sauce,Provolone cheese,Mushrooms,,,,5,4,5,1000,0,1000,0,1,999,,,,,,,,,,,,,,,
,,,,,,,,,,,,,65248,2020-03-04_00h22.34.761,SandwichStudy,3.2.4,MacIntel,60,"[""space""]",[0.19700002670288086],1,0,80,36,1,79,Chicken,Bell peppers,Bacon,Provolone cheese,Ranch dressing,Lettuce,Tomatoes,,Pastrami,Cheddar cheese,Mustard,Pickles,,,,,7,7,4,1000,0,1000,0,1,999,,,,,,,,,,,,,,,
,,,,,,,,,,,,,65248,2020-03-04_00h22.34.761,SandwichStudy,3.2.4,MacIntel,60,"[""space""]",[0.16100025177001953],1,0,80,36,1,79,Chicken,Bell peppers,Bacon,Provolone cheese,Ranch dressing,Lettuce,Tomatoes,,Pastrami,Cheddar cheese,Mustard,Pickles,,,,,7,7,4,1000,0,1000,0,1,999,,,,,,,,,,,,,,,
,,,,,,,,,,,,,65248,2020-03-04_00h22.34.761,SandwichStudy,3.2.4,MacIntel,60,"[""a""]",[0.17400026321411133],1,0,80,36,1,79,Chicken,Bell peppers,Bacon,Provolone cheese,Ranch dressing,Lettuce,Tomatoes,,Pastrami,Cheddar cheese,Mustard,Pickles,,,,,7,7,4,1000,0,1000,0,1,999,,,,,,,,,,,,,,,
,,,,,,,,,,,,,65248,2020-03-04_00h22.34.761,SandwichStudy,3.2.4,MacIntel,60,"[""space""]",[0.12600016593933105],1,0,80,15,1,79,Pork,Cucumbers,Pickles,Jalapenos,Basil,Mayonnaise,,,Roast beef,Pastrami,Swiss cheese,Mustard,,,,,6,6,4,1000,0,1000,0,1,999,,,,,,,,,,,,,,,
,,,,,,,,,,,,,65248,2020-03-04_00h22.34.761,SandwichStudy,3.2.4,MacIntel,60,"[""space""]",[0.38000011444091797],1,0,80,15,1,79,Pork,Cucumbers,Pickles,Jalapenos,Basil,Mayonnaise,,,Roast beef,Pastrami,Swiss cheese,Mustard,,,,,6,6,4,1000,0,1000,0,1,999,,,,,,,,,,,,,,,
,,,,,,,,,,,,,65248,2020-03-04_00h22.34.761,SandwichStudy,3.2.4,MacIntel,60,"[""space""]",[0.0070002079010009766],1,0,80,15,1,79,Pork,Cucumbers,Pickles,Jalapenos,Basil,Mayonnaise,,,Roast beef,Pastrami,Swiss cheese,Mustard,,,,,6,6,4,1000,0,1000,0,1,999,,,,,,,,,,,,,,,
,,,,,,,,,,,,,65248,2020-03-04_00h22.34.761,SandwichStudy,3.2.4,MacIntel,60,"[""a""]",[0.21800017356872559],1,0,80,15,1,79,Pork,Cucumbers,Pickles,Jalapenos,Basil,Mayonnaise,,,Roast beef,Pastrami,Swiss cheese,Mustard,,,,,6,6,4,1000,0,1000,0,1,999,,,,,,,,,,,,,,,
,,,,,,,,,,,,,65248,2020-03-04_00h22.34.761,SandwichStudy,3.2.4,MacIntel,60,"[""space""]",[0.2910001277923584],1,0,80,61,1,79,Pork,Cucumbers,Pickles,Jalapenos,Basil,Mayonnaise,,,Turkey,Cheddar cheese,Bacon,,,,,,6,6,3,1000,0,1000,0,1,999,,,,,,,,,,,,,,,
,,,,,,,,,,,,,65248,2020-03-04_00h22.34.761,SandwichStudy,3.2.4,MacIntel,60,"[""space""]",[0.05900001525878906],1,0,80,61,1,79,Pork,Cucumbers,Pickles,Jalapenos,Basil,Mayonnaise,,,Turkey,Cheddar cheese,Bacon,,,,,,6,6,3,1000,0,1000,0,1,999,,,,,,,,,,,,,,,
,,,,,,,,,,,,,65248,2020-03-04_00h22.34.761,SandwichStudy,3.2.4,MacIntel,60,"[""space""]",[0.3280003070831299],1,0,80,61,1,79,Pork,Cucumbers,Pickles,Jalapenos,Basil,Mayonnaise,,,Turkey,Cheddar cheese,Bacon,,,,,,6,6,3,1000,0,1000,0,1,999,,,,,,,,,,,,,,,
,,,,,,,,,,,,,65248,2020-03-04_00h22.34.761,SandwichStudy,3.2.4,MacIntel,60,"[""l""]",[0.3600001335144043],1,0,80,61,1,79,Pork,Cucumbers,Pickles,Jalapenos,Basil,Mayonnaise,,,Turkey,Cheddar cheese,Bacon,,,,,,6,6,3,1000,0,1000,0,1,999,,,,,,,,,,,,,,,
,,,,,,,,,,,,,65248,2020-03-04_00h22.34.761,SandwichStudy,3.2.4,MacIntel,60,"[""space""]",[0.2840001583099365],1,0,80,71,1,79,Bacon,Ham,Turkey,Mayonnaise,Mustard,Cheddar cheese,Tomatoes,Spinach,Bacon,Lettuce,Tomatoes,Garlic aioli,Avocado,,,,8,8,5,1000,0,1000,0,1,999,,,,,,,,,,,,,,,
,,,,,,,,,,,,,65248,2020-03-04_00h22.34.761,SandwichStudy,3.2.4,MacIntel,60,"[""a""]",[0.37000012397766113],1,0,80,71,1,79,Bacon,Ham,Turkey,Mayonnaise,Mustard,Cheddar cheese,Tomatoes,Spinach,Bacon,Lettuce,Tomatoes,Garlic aioli,Avocado,,,,8,8,5,1000,0,1000,0,1,999,,,,,,,,,,,,,,,
,,,,,,,,,,,,,65248,2020-03-04_00h22.34.761,SandwichStudy,3.2.4,MacIntel,60,"[""space""]",[0.12200021743774414],1,0,80,72,1,79,Chicken,Mozzarella cheese,Tomatoes,Onions,Basil,Mayonnaise,,,Chicken,American cheese,Coleslaw,Tomatoes,Pickles,Mayonnaise,,,6,6,6,1000,0,1000,0,1,999,,,,,,,,,,,,,,,
,,,,,,,,,,,,,65248,2020-03-04_00h22.34.761,SandwichStudy,3.2.4,MacIntel,60,"[""l""]",[1.070000171661377],1,0,80,72,1,79,Chicken,Mozzarella cheese,Tomatoes,Onions,Basil,Mayonnaise,,,Chicken,American cheese,Coleslaw,Tomatoes,Pickles,Mayonnaise,,,6,6,6,1000,0,1000,0,1,999,,,,,,,,,,,,,,,
,,,,,,,,,,,,,65248,2020-03-04_00h22.34.761,SandwichStudy,3.2.4,MacIntel,60,"[""space""]",[0.2200002670288086],1,0,80,49,1,79,Spinach,Tomatoes,Cucumbers,Onions,Bell peppers,Avocado,Mayonnaise,,Turkey,Provolone cheese,Spinach,Garlic aioli,,,,,7,7,4,1000,0,1000,0,1,999,,,,,,,,,,,,,,,
,,,,,,,,,,,,,65248,2020-03-04_00h22.34.761,SandwichStudy,3.2.4,MacIntel,60,"[""space""]",[0.06400036811828613],1,0,80,49,1,79,Spinach,Tomatoes,Cucumbers,Onions,Bell peppers,Avocado,Mayonnaise,,Turkey,Provolone cheese,Spinach,Garlic aioli,,,,,7,7,4,1000,0,1000,0,1,999,,,,,,,,,,,,,,,
,,,,,,,,,,,,,65248,2020-03-04_00h22.34.761,SandwichStudy,3.2.4,MacIntel,60,"[""space""]",[0.4350001811981201],1,0,80,49,1,79,Spinach,Tomatoes,Cucumbers,Onions,Bell peppers,Avocado,Mayonnaise,,Turkey,Provolone cheese,Spinach,Garlic aioli,,,,,7,7,4,1000,0,1000,0,1,999,,,,,,,,,,,,,,,
,,,,,,,,,,,,,65248,2020-03-04_00h22.34.761,SandwichStudy,3.2.4,MacIntel,60,"[""l""]",[0.817000150680542],1,0,80,49,1,79,Spinach,Tomatoes,Cucumbers,Onions,Bell peppers,Avocado,Mayonnaise,,Turkey,Provolone cheese,Spinach,Garlic aioli,,,,,7,7,4,1000,0,1000,0,1,999,,,,,,,,,,,,,,,
,,,,,,,,,,,,,65248,2020-03-04_00h22.34.761,SandwichStudy,3.2.4,MacIntel,60,"[""space""]",[0.3020002841949463],1,0,80,17,1,79,Salami,Roast beef,Turkey,Ham,Swiss cheese,Lettuce,Tomatoes,Mayonnaise,Chicken,Gouda cheese,Avocado,Basil,Bell peppers,Mayonnaise,,,8,8,6,1000,0,1000,0,1,999,,,,,,,,,,,,,,,
,,,,,,,,,,,,,65248,2020-03-04_00h22.34.761,SandwichStudy,3.2.4,MacIntel,60,"[""l""]",[0.4930002689361572],1,0,80,17,1,79,Salami,Roast beef,Turkey,Ham,Swiss cheese,Lettuce,Tomatoes,Mayonnaise,Chicken,Gouda cheese,Avocado,Basil,Bell peppers,Mayonnaise,,,8,8,6,1000,0,1000,0,1,999,,,,,,,,,,,,,,,
,,,,,,,,,,,,,65248,2020-03-04_00h22.34.761,SandwichStudy,3.2.4,MacIntel,60,"[""space""]",[0.32900023460388184],1,0,80,33,1,79,Bacon,Ham,Turkey,Mayonnaise,Mustard,Cheddar cheese,Tomatoes,Spinach,Turkey,Avocado,Bacon,Garlic aioli,Tomatoes,Spinach,Onions,,8,8,7,1000,0,1000,0,1,999,,,,,,,,,,,,,,,
,,,,,,,,,,,,,65248,2020-03-04_00h22.34.761,SandwichStudy,3.2.4,MacIntel,60,"[""space""]",[0.029000043869018555],1,0,80,33,1,79,Bacon,Ham,Turkey,Mayonnaise,Mustard,Cheddar cheese,Tomatoes,Spinach,Turkey,Avocado,Bacon,Garlic aioli,Tomatoes,Spinach,Onions,,8,8,7,1000,0,1000,0,1,999,,,,,,,,,,,,,,,
,,,,,,,,,,,,,65248,2020-03-04_00h22.34.761,SandwichStudy,3.2.4,MacIntel,60,"[""l""]",[0.6130001544952393],1,0,80,33,1,79,Bacon,Ham,Turkey,Mayonnaise,Mustard,Cheddar cheese,Tomatoes,Spinach,Turkey,Avocado,Bacon,Garlic aioli,Tomatoes,Spinach,Onions,,8,8,7,1000,0,1000,0,1,999,,,,,,,,,,,,,,,
,,,,,,,,,,,,,65248,2020-03-04_00h22.34.761,SandwichStudy,3.2.4,MacIntel,60,"[""space""]",[0.2220001220703125],1,0,80,52,1,79,Cheddar cheese,Avocado,Onions,Tomatoes,Mayonnaise,,,,Bacon,Ham,Turkey,Mayonnaise,Cheddar cheese,Tomatoes,Spinach,Swiss cheese,8,5,8,1000,0,1000,0,1,999,,,,,,,,,,,,,,,
,,,,,,,,,,,,,65248,2020-03-04_00h22.34.761,SandwichStudy,3.2.4,MacIntel,60,"[""space""]",[0.4530003070831299],1,0,80,52,1,79,Cheddar cheese,Avocado,Onions,Tomatoes,Mayonnaise,,,,Bacon,Ham,Turkey,Mayonnaise,Cheddar cheese,Tomatoes,Spinach,Swiss cheese,8,5,8,1000,0,1000,0,1,999,,,,,,,,,,,,,,,
,,,,,,,,,,,,,65248,2020-03-04_00h22.34.761,SandwichStudy,3.2.4,MacIntel,60,"[""a""]",[0.5780003070831299],1,0,80,52,1,79,Cheddar cheese,Avocado,Onions,Tomatoes,Mayonnaise,,,,Bacon,Ham,Turkey,Mayonnaise,Cheddar cheese,Tomatoes,Spinach,Swiss cheese,8,5,8,1000,0,1000,0,1,999,,,,,,,,,,,,,,,
,,,,,,,,,,,,,65248,2020-03-04_00h22.34.761,SandwichStudy,3.2.4,MacIntel,60,"[""space""]",[0.24600005149841309],1,0,80,7,1,79,Mozzarella cheese,Bell peppers,Pesto,Spinach,,,,,Ham,Lettuce,Tomatoes,Mayonnaise,Mustard,,,,5,4,5,1000,0,1000,0,1,999,,,,,,,,,,,,,,,
,,,,,,,,,,,,,65248,2020-03-04_00h22.34.761,SandwichStudy,3.2.4,MacIntel,60,"[""space""]",[0.39800024032592773],1,0,80,7,1,79,Mozzarella cheese,Bell peppers,Pesto,Spinach,,,,,Ham,Lettuce,Tomatoes,Mayonnaise,Mustard,,,,5,4,5,1000,0,1000,0,1,999,,,,,,,,,,,,,,,
,,,,,,,,,,,,,65248,2020-03-04_00h22.34.761,SandwichStudy,3.2.4,MacIntel,60,"[""a""]",[0.8530001640319824],1,0,80,7,1,79,Mozzarella cheese,Bell peppers,Pesto,Spinach,,,,,Ham,Lettuce,Tomatoes,Mayonnaise,Mustard,,,,5,4,5,1000,0,1000,0,1,999,,,,,,,,,,,,,,,
,,,,,,,,,,,,,65248,2020-03-04_00h22.34.761,SandwichStudy,3.2.4,MacIntel,60,"[""space""]",[0.2560000419616699],1,0,80,30,1,79,Turkey,Ham,Roast beef,Provolone cheese,Spinach,Tomatoes,Mayonnaise,Mustard,Ham,Swiss cheese,Mayonnaise,Mustard,Tomatoes,,,,8,8,5,1000,0,1000,0,1,999,,,,,,,,,,,,,,,
,,,,,,,,,,,,,65248,2020-03-04_00h22.34.761,SandwichStudy,3.2.4,MacIntel,60,"[""space""]",[0.33900022506713867],1,0,80,30,1,79,Turkey,Ham,Roast beef,Provolone cheese,Spinach,Tomatoes,Mayonnaise,Mustard,Ham,Swiss cheese,Mayonnaise,Mustard,Tomatoes,,,,8,8,5,1000,0,1000,0,1,999,,,,,,,,,,,,,,,
,,,,,,,,,,,,,65248,2020-03-04_00h22.34.761,SandwichStudy,3.2.4,MacIntel,60,"[""l""]",[0.2390000820159912],1,0,80,30,1,79,Turkey,Ham,Roast beef,Provolone cheese,Spinach,Tomatoes,Mayonnaise,Mustard,Ham,Swiss cheese,Mayonnaise,Mustard,Tomatoes,,,,8,8,5,1000,0,1000,0,1,999,,,,,,,,,,,,,,,
,,,,,,,,,,,,,65248,2020-03-04_00h22.34.761,SandwichStudy,3.2.4,MacIntel,60,"[""space""]",[0.42600011825561523],1,0,80,12,1,79,Turkey,Cheddar cheese,Mayonnaise,,,,,,Ham,Pork,Swiss cheese,Mustard,Pickles,,,,5,3,5,1000,0,1000,0,1,999,,,,,,,,,,,,,,,
,,,,,,,,,,,,,65248,2020-03-04_00h22.34.761,SandwichStudy,3.2.4,MacIntel,60,"[""space""]",[0.4100000858306885],1,0,80,12,1,79,Turkey,Cheddar cheese,Mayonnaise,,,,,,Ham,Pork,Swiss cheese,Mustard,Pickles,,,,5,3,5,1000,0,1000,0,1,999,,,,,,,,,,,,,,,
,,,,,,,,,,,,,65248,2020-03-04_00h22.34.761,SandwichStudy,3.2.4,MacIntel,60,"[""a""]",[1.4780001640319824],1,0,80,12,1,79,Turkey,Cheddar cheese,Mayonnaise,,,,,,Ham,Pork,Swiss cheese,Mustard,Pickles,,,,5,3,5,1000,0,1000,0,1,999,,,,,,,,,,,,,,,
,,,,,,,,,,,,,65248,2020-03-04_00h22.34.761,SandwichStudy,3.2.4,MacIntel,60,"[""space""]",[0.8450002670288086],1,0,80,46,1,79,Turkey,Ham,Bacon,Swiss cheese,Lettuce,Tomatoes,Onions,,Chicken,Pickles,Basil,Tomatoes,Cucumbers,,,,7,7,5,1000,0,1000,0,1,999,,,,,,,,,,,,,,,
,,,,,,,,,,,,,65248,2020-03-04_00h22.34.761,SandwichStudy,3.2.4,MacIntel,60,"[""space""]",[0.8690001964569092],1,0,80,46,1,79,Turkey,Ham,Bacon,Swiss cheese,Lettuce,Tomatoes,Onions,,Chicken,Pickles,Basil,Tomatoes,Cucumbers,,,,7,7,5,1000,0,1000,0,1,999,,,,,,,,,,,,,,,
,,,,,,,,,,,,,65248,2020-03-04_00h22.34.761,SandwichStudy,3.2.4,MacIntel,60,"[""a""]",[0.5880000591278076],1,0,80,46,1,79,Turkey,Ham,Bacon,Swiss cheese,Lettuce,Tomatoes,Onions,,Chicken,Pickles,Basil,Tomatoes,Cucumbers,,,,7,7,5,1000,0,1000,0,1,999,,,,,,,,,,,,,,,
,,,,,,,,,,,,,65248,2020-03-04_00h22.34.761,SandwichStudy,3.2.4,MacIntel,60,"[""space""]",[0.39800024032592773],1,0,80,69,1,79,Chicken,Garlic aioli,Pickles,Cucumbers,Jalapenos,Basil,,,Chicken,Bacon,Cheddar cheese,Swiss cheese,Spinach,Tomatoes,Mayonnaise,Mustard,8,6,8,1000,0,1000,0,1,999,,,,,,,,,,,,,,,
,,,,,,,,,,,,,65248,2020-03-04_00h22.34.761,SandwichStudy,3.2.4,MacIntel,60,"[""space""]",[0.31800007820129395],1,0,80,69,1,79,Chicken,Garlic aioli,Pickles,Cucumbers,Jalapenos,Basil,,,Chicken,Bacon,Cheddar cheese,Swiss cheese,Spinach,Tomatoes,Mayonnaise,Mustard,8,6,8,1000,0,1000,0,1,999,,,,,,,,,,,,,,,
,,,,,,,,,,,,,65248,2020-03-04_00h22.34.761,SandwichStudy,3.2.4,MacIntel,60,"[""a""]",[1.2109999656677246],1,0,80,69,1,79,Chicken,Garlic aioli,Pickles,Cucumbers,Jalapenos,Basil,,,Chicken,Bacon,Cheddar cheese,Swiss cheese,Spinach,Tomatoes,Mayonnaise,Mustard,8,6,8,1000,0,1000,0,1,999,,,,,,,,,,,,,,,
,,,,,,,,,,,,,65248,2020-03-04_00h22.34.761,SandwichStudy,3.2.4,MacIntel,60,"[""space""]",[0.6520001888275146],1,0,80,16,1,79,Chicken,American cheese,Lettuce,Tomatoes,Mayonnaise,,,,Cheddar cheese,Avocado,Onions,Tomatoes,Mayonnaise,,,,5,5,5,1000,0,1000,0,1,999,,,,,,,,,,,,,,,
,,,,,,,,,,,,,65248,2020-03-04_00h22.34.761,SandwichStudy,3.2.4,MacIntel,60,"[""l""]",[0.6100003719329834],1,0,80,16,1,79,Chicken,American cheese,Lettuce,Tomatoes,Mayonnaise,,,,Cheddar cheese,Avocado,Onions,Tomatoes,Mayonnaise,,,,5,5,5,1000,0,1000,0,1,999,,,,,,,,,,,,,,,
,,,,,,,,,,,,,65248,2020-03-04_00h22.34.761,SandwichStudy,3.2.4,MacIntel,60,"[""a""]",[0.5940003395080566],1,0,80,34,1,79,Avocado,Onions,Cucumbers,,,,,,Tuna,Basil,Cheddar cheese,Garlic aioli,Pickles,Onions,Tomatoes,Spinach,8,3,8,1000,0,1000,0,1,999,,,,,,,,,,,,,,,
,,,,,,,,,,,,,65248,2020-03-04_00h22.34.761,SandwichStudy,3.2.4,MacIntel,60,"[""space""]",[0.9510002136230469],1,0,80,18,1,79,Turkey,Bacon,Pepper jack cheese,Avocado,Ranch dressing,Spinach,Tomatoes,,Chicken,Bacon,Cheddar cheese,Swiss cheese,Spinach,Tomatoes,Mayonnaise,Mustard,8,7,8,1000,0,1000,0,1,999,,,,,,,,,,,,,,,
,,,,,,,,,,,,,65248,2020-03-04_00h22.34.761,SandwichStudy,3.2.4,MacIntel,60,"[""space""]",[0.22300028800964355],1,0,80,18,1,79,Turkey,Bacon,Pepper jack cheese,Avocado,Ranch dressing,Spinach,Tomatoes,,Chicken,Bacon,Cheddar cheese,Swiss cheese,Spinach,Tomatoes,Mayonnaise,Mustard,8,7,8,1000,0,1000,0,1,999,,,,,,,,,,,,,,,
,,,,,,,,,,,,,65248,2020-03-04_00h22.34.761,SandwichStudy,3.2.4,MacIntel,60,"[""l""]",[0.9520001411437988],1,0,80,18,1,79,Turkey,Bacon,Pepper jack cheese,Avocado,Ranch dressing,Spinach,Tomatoes,,Chicken,Bacon,Cheddar cheese,Swiss cheese,Spinach,Tomatoes,Mayonnaise,Mustard,8,7,8,1000,0,1000,0,1,999,,,,,,,,,,,,,,,
,,,,,,,,,,,,,65248,2020-03-04_00h22.34.761,SandwichStudy,3.2.4,MacIntel,60,"[""space""]",[0.0840003490447998],1,0,80,9,1,79,Bacon,Turkey,Pepper jack cheese,Mustard,,,,,Bacon,Spinach,Tomatoes,Avocado,Mayonnaise,,,,5,4,5,1000,0,1000,0,1,999,,,,,,,,,,,,,,,
,,,,,,,,,,,,,65248,2020-03-04_00h22.34.761,SandwichStudy,3.2.4,MacIntel,60,"[""space""]",[0.35700011253356934],1,0,80,9,1,79,Bacon,Turkey,Pepper jack cheese,Mustard,,,,,Bacon,Spinach,Tomatoes,Avocado,Mayonnaise,,,,5,4,5,1000,0,1000,0,1,999,,,,,,,,,,,,,,,
,,,,,,,,,,,,,65248,2020-03-04_00h22.34.761,SandwichStudy,3.2.4,MacIntel,60,"[""a""]",[0.9409999847412109],1,0,80,9,1,79,Bacon,Turkey,Pepper jack cheese,Mustard,,,,,Bacon,Spinach,Tomatoes,Avocado,Mayonnaise,,,,5,4,5,1000,0,1000,0,1,999,,,,,,,,,,,,,,,
,,,,,,,,,,,,,65248,2020-03-04_00h22.34.761,SandwichStudy,3.2.4,MacIntel,60,"[""space""]",[0.3060002326965332],1,0,80,62,1,79,Cheddar cheese,Provolone cheese,Swiss cheese,Mushrooms,Mayonnaise,Lettuce,Tomatoes,,Bacon,Turkey,Pepper jack cheese,Mustard,,,,,7,7,4,1000,0,1000,0,1,999,,,,,,,,,,,,,,,
,,,,,,,,,,,,,65248,2020-03-04_00h22.34.761,SandwichStudy,3.2.4,MacIntel,60,"[""space""]",[0.5350003242492676],1,0,80,62,1,79,Cheddar cheese,Provolone cheese,Swiss cheese,Mushrooms,Mayonnaise,Lettuce,Tomatoes,,Bacon,Turkey,Pepper jack cheese,Mustard,,,,,7,7,4,1000,0,1000,0,1,999,,,,,,,,,,,,,,,
,,,,,,,,,,,,,65248,2020-03-04_00h22.34.761,SandwichStudy,3.2.4,MacIntel,60,"[""a""]",[1.8540000915527344],1,0,80,62,1,79,Cheddar cheese,Provolone cheese,Swiss cheese,Mushrooms,Mayonnaise,Lettuce,Tomatoes,,Bacon,Turkey,Pepper jack cheese,Mustard,,,,,7,7,4,1000,0,1000,0,1,999,,,,,,,,,,,,,,,
,,,,,,,,,,,,,65248,2020-03-04_00h22.34.761,SandwichStudy,3.2.4,MacIntel,60,"[""space""]",[0.40200018882751465],1,0,80,3,1,79,Chicken,American cheese,Coleslaw,Tomatoes,Pickles,Mayonnaise,,,Swiss cheese,Provolone cheese,Bell peppers,Tomatoes,Onions,,,,6,6,5,1000,0,1000,0,1,999,,,,,,,,,,,,,,,
,,,,,,,,,,,,,65248,2020-03-04_00h22.34.761,SandwichStudy,3.2.4,MacIntel,60,"[""space""]",[0.30700016021728516],1,0,80,3,1,79,Chicken,American cheese,Coleslaw,Tomatoes,Pickles,Mayonnaise,,,Swiss cheese,Provolone cheese,Bell peppers,Tomatoes,Onions,,,,6,6,5,1000,0,1000,0,1,999,,,,,,,,,,,,,,,
,,,,,,,,,,,,,65248,2020-03-04_00h22.34.761,SandwichStudy,3.2.4,MacIntel,60,"[""l""]",[0.35200023651123047],1,0,80,3,1,79,Chicken,American cheese,Coleslaw,Tomatoes,Pickles,Mayonnaise,,,Swiss cheese,Provolone cheese,Bell peppers,Tomatoes,Onions,,,,6,6,5,1000,0,1000,0,1,999,,,,,,,,,,,,,,,
,,,,,,,,,,,,,65248,2020-03-04_00h22.34.761,SandwichStudy,3.2.4,MacIntel,60,"[""space""]",[0.2630000114440918],1,0,80,63,1,79,Onions,Bell peppers,Mushrooms,Jalapenos,American cheese,Steak,,,Turkey,Ham,Roast beef,Provolone cheese,Spinach,Tomatoes,Mayonnaise,Mustard,8,6,8,1000,0,1000,0,1,999,,,,,,,,,,,,,,,
,,,,,,,,,,,,,65248,2020-03-04_00h22.34.761,SandwichStudy,3.2.4,MacIntel,60,"[""l""]",[0.24400019645690918],1,0,80,63,1,79,Onions,Bell peppers,Mushrooms,Jalapenos,American cheese,Steak,,,Turkey,Ham,Roast beef,Provolone cheese,Spinach,Tomatoes,Mayonnaise,Mustard,8,6,8,1000,0,1000,0,1,999,,,,,,,,,,,,,,,
,,,,,,,,,,,,,65248,2020-03-04_00h22.34.761,SandwichStudy,3.2.4,MacIntel,60,"[""space""]",[0.26400017738342285],1,0,80,13,1,79,Chicken,Garlic aioli,Pickles,Cucumbers,Jalapenos,Basil,,,Roast beef,Bacon,Turkey,Mayonnaise,,,,,6,6,4,1000,0,1000,0,1,999,,,,,,,,,,,,,,,
,,,,,,,,,,,,,65248,2020-03-04_00h22.34.761,SandwichStudy,3.2.4,MacIntel,60,"[""space""]",[0.6510000228881836],1,0,80,13,1,79,Chicken,Garlic aioli,Pickles,Cucumbers,Jalapenos,Basil,,,Roast beef,Bacon,Turkey,Mayonnaise,,,,,6,6,4,1000,0,1000,0,1,999,,,,,,,,,,,,,,,
,,,,,,,,,,,,,65248,2020-03-04_00h22.34.761,SandwichStudy,3.2.4,MacIntel,60,"[""a""]",[0.8360002040863037],1,0,80,13,1,79,Chicken,Garlic aioli,Pickles,Cucumbers,Jalapenos,Basil,,,Roast beef,Bacon,Turkey,Mayonnaise,,,,,6,6,4,1000,0,1000,0,1,999,,,,,,,,,,,,,,,
,,,,,,,,,,,,,65248,2020-03-04_00h22.34.761,SandwichStudy,3.2.4,MacIntel,60,"[""space""]",[0.5520000457763672],1,0,80,27,1,79,Mushrooms,Swiss cheese,Provolone cheese,Cheddar cheese,Lettuce,Tomatoes,,,Avocado,Spinach,Tomatoes,Swiss cheese,,,,,6,6,4,1000,0,1000,0,1,999,,,,,,,,,,,,,,,
,,,,,,,,,,,,,65248,2020-03-04_00h22.34.761,SandwichStudy,3.2.4,MacIntel,60,"[""l""]",[0.1679999828338623],1,0,80,27,1,79,Mushrooms,Swiss cheese,Provolone cheese,Cheddar cheese,Lettuce,Tomatoes,,,Avocado,Spinach,Tomatoes,Swiss cheese,,,,,6,6,4,1000,0,1000,0,1,999,,,,,,,,,,,,,,,
,,,,,,,,,,,,,65248,2020-03-04_00h22.34.761,SandwichStudy,3.2.4,MacIntel,60,"[""space""]",[0.009000062942504883],1,0,80,37,1,79,Turkey,Ham,Cheddar cheese,Mayonnaise,,,,,Chicken,Ham,Swiss cheese,Mayonnaise,Mustard,,,,5,4,5,1000,0,1000,0,1,999,,,,,,,,,,,,,,,
,,,,,,,,,,,,,65248,2020-03-04_00h22.34.761,SandwichStudy,3.2.4,MacIntel,60,"[""a""]",[0.3880002498626709],1,0,80,37,1,79,Turkey,Ham,Cheddar cheese,Mayonnaise,,,,,Chicken,Ham,Swiss cheese,Mayonnaise,Mustard,,,,5,4,5,1000,0,1000,0,1,999,,,,,,,,,,,,,,,
,,,,,,,,,,,,,65248,2020-03-04_00h22.34.761,SandwichStudy,3.2.4,MacIntel,60,"[""space""]",[0.33700013160705566],1,0,80,65,1,79,Chicken,Pepper jack cheese,Ranch dressing,,,,,,Salami,Provolone cheese,Lettuce,Tomatoes,Mayonnaise,Mustard,,,6,3,6,1000,0,1000,0,1,999,,,,,,,,,,,,,,,
,,,,,,,,,,,,,65248,2020-03-04_00h22.34.761,SandwichStudy,3.2.4,MacIntel,60,"[""l""]",[0.46000003814697266],1,0,80,65,1,79,Chicken,Pepper jack cheese,Ranch dressing,,,,,,Salami,Provolone cheese,Lettuce,Tomatoes,Mayonnaise,Mustard,,,6,3,6,1000,0,1000,0,1,999,,,,,,,,,,,,,,,
,,,,,,,,,,,,,65248,2020-03-04_00h22.34.761,SandwichStudy,3.2.4,MacIntel,60,"[""space""]",[0.26999998092651367],1,0,80,66,1,79,Bacon,Spinach,Tomatoes,Avocado,Mayonnaise,,,,Provolone cheese,Swiss cheese,Cheddar cheese,Parmesan cheese,Tomatoes,,,,5,5,5,1000,0,1000,0,1,999,,,,,,,,,,,,,,,
,,,,,,,,,,,,,65248,2020-03-04_00h22.34.761,SandwichStudy,3.2.4,MacIntel,60,"[""space""]",[1.3510000705718994],1,0,80,66,1,79,Bacon,Spinach,Tomatoes,Avocado,Mayonnaise,,,,Provolone cheese,Swiss cheese,Cheddar cheese,Parmesan cheese,Tomatoes,,,,5,5,5,1000,0,1000,0,1,999,,,,,,,,,,,,,,,
,,,,,,,,,,,,,65248,2020-03-04_00h22.34.761,SandwichStudy,3.2.4,MacIntel,60,"[""space""]",[0.2720000743865967],1,0,80,66,1,79,Bacon,Spinach,Tomatoes,Avocado,Mayonnaise,,,,Provolone cheese,Swiss cheese,Cheddar cheese,Parmesan cheese,Tomatoes,,,,5,5,5,1000,0,1000,0,1,999,,,,,,,,,,,,,,,
,,,,,,,,,,,,,65248,2020-03-04_00h22.34.761,SandwichStudy,3.2.4,MacIntel,60,"[""l""]",[0.5920002460479736],1,0,80,66,1,79,Bacon,Spinach,Tomatoes,Avocado,Mayonnaise,,,,Provolone cheese,Swiss cheese,Cheddar cheese,Parmesan cheese,Tomatoes,,,,5,5,5,1000,0,1000,0,1,999,,,,,,,,,,,,,,,
,,,,,,,,,,,,,65248,2020-03-04_00h22.34.761,SandwichStudy,3.2.4,MacIntel,60,"[""space""]",[0.17000031471252441],1,0,80,39,1,79,Chicken,Provolone cheese,Pesto,,,,,,Turkey,Bacon,Jalapenos,Lettuce,Avocado,Garlic aioli,Tomatoes,,7,3,7,1000,0,1000,0,1,999,,,,,,,,,,,,,,,
,,,,,,,,,,,,,65248,2020-03-04_00h22.34.761,SandwichStudy,3.2.4,MacIntel,60,"[""space""]",[0.18400001525878906],1,0,80,39,1,79,Chicken,Provolone cheese,Pesto,,,,,,Turkey,Bacon,Jalapenos,Lettuce,Avocado,Garlic aioli,Tomatoes,,7,3,7,1000,0,1000,0,1,999,,,,,,,,,,,,,,,
,,,,,,,,,,,,,65248,2020-03-04_00h22.34.761,SandwichStudy,3.2.4,MacIntel,60,"[""l""]",[0.23800015449523926],1,0,80,39,1,79,Chicken,Provolone cheese,Pesto,,,,,,Turkey,Bacon,Jalapenos,Lettuce,Avocado,Garlic aioli,Tomatoes,,7,3,7,1000,0,1000,0,1,999,,,,,,,,,,,,,,,
,,,,,,,,,,,,,65248,2020-03-04_00h22.34.761,SandwichStudy,3.2.4,MacIntel,60,"[""space""]",[0.21800017356872559],1,0,80,74,1,79,Mushrooms,Swiss cheese,Provolone cheese,Cheddar cheese,Lettuce,Tomatoes,,,Roast beef,Pastrami,Swiss cheese,Mustard,,,,,6,6,4,1000,0,1000,0,1,999,,,,,,,,,,,,,,,
,,,,,,,,,,,,,65248,2020-03-04_00h22.34.761,SandwichStudy,3.2.4,MacIntel,60,"[""space""]",[0.31800031661987305],1,0,80,74,1,79,Mushrooms,Swiss cheese,Provolone cheese,Cheddar cheese,Lettuce,Tomatoes,,,Roast beef,Pastrami,Swiss cheese,Mustard,,,,,6,6,4,1000,0,1000,0,1,999,,,,,,,,,,,,,,,
,,,,,,,,,,,,,65248,2020-03-04_00h22.34.761,SandwichStudy,3.2.4,MacIntel,60,"[""a""]",[0.21800017356872559],1,0,80,74,1,79,Mushrooms,Swiss cheese,Provolone cheese,Cheddar cheese,Lettuce,Tomatoes,,,Roast beef,Pastrami,Swiss cheese,Mustard,,,,,6,6,4,1000,0,1000,0,1,999,,,,,,,,,,,,,,,
,,,,,,,,,,,,,65248,2020-03-04_00h22.34.761,SandwichStudy,3.2.4,MacIntel,60,,,,,,,,,,,,,,,,,,,,,,,,,,,,,,,,,,space,9.151000023,7,3.664000034,space,4.594000101,1,0,10,4,1,9,Chicken,,
,,,,,,,,,,,,,65248,2020-03-04_00h22.34.761,SandwichStudy,3.2.4,MacIntel,60,,,,,,,,,,,,,,,,,,,,,,,,,,,,,,,,,,,,7,1.64199996,space,2.034000158,1,0,10,7,1,9,Lettuce,,
,,,,,,,,,,,,,65248,2020-03-04_00h22.34.761,SandwichStudy,3.2.4,MacIntel,60,,,,,,,,,,,,,,,,,,,,,,,,,,,,,,,,,,,,4,2.080999851,space,2.404000282,1,0,10,8,1,9,Provolone cheese,,
,,,,,,,,,,,,,65248,2020-03-04_00h22.34.761,SandwichStudy,3.2.4,MacIntel,60,,,,,,,,,,,,,,,,,,,,,,,,,,,,,,,,,,,,5,4.894999981,space,5.474000216,1,0,10,1,1,9,Mayonnaise,,
,,,,,,,,,,,,,65248,2020-03-04_00h22.34.761,SandwichStudy,3.2.4,MacIntel,60,,,,,,,,,,,,,,,,,,,,,,,,,,,,,,,,,,,,5,1.986999989,space,2.241000175,1,0,10,0,1,9,Tomatoes,,
,,,,,,,,,,,,,65248,2020-03-04_00h22.34.761,SandwichStudy,3.2.4,MacIntel,60,,,,,,,,,,,,,,,,,,,,,,,,,,,,,,,,,,,,6,1.698000193,space,2.895000219,1,0,10,9,1,9,Spinach,,
,,,,,,,,,,,,,65248,2020-03-04_00h22.34.761,SandwichStudy,3.2.4,MacIntel,60,,,,,,,,,,,,,,,,,,,,,,,,,,,,,,,,,,,,7,3.072999954,space,3.538000107,1,0,10,2,1,9,Turkey,,
,,,,,,,,,,,,,65248,2020-03-04_00h22.34.761,SandwichStudy,3.2.4,MacIntel,60,,,,,,,,,,,,,,,,,,,,,,,,,,,,,,,,,,,,7,1.093999863,space,1.384000301,1,0,10,6,1,9,Swiss cheese,,
,,,,,,,,,,,,,65248,2020-03-04_00h22.34.761,SandwichStudy,3.2.4,MacIntel,60,,,,,,,,,,,,,,,,,,,,,,,,,,,,,,,,,,,,6,1.329999924,space,1.804000139,1,0,10,3,1,9,Bacon,,
,,,,,,,,,,,,,65248,2020-03-04_00h22.34.761,SandwichStudy,3.2.4,MacIntel,60,,,,,,,,,,,,,,,,,,,,,,,,,,,,,,,,,,,,7,1.987999916,space,2.480000257,1,0,10,5,1,9,Cheddar cheese,,
,,,,,,,,,,,,,65248,2020-03-04_00h22.34.761,SandwichStudy,3.2.4,MacIntel,60,,,,,,,,,,,,,,,,,,,,,,,,,,,,,,,,,,,,,,,,,,,,,,,return,11.5480001
