sequence,key_resp_4.keys,key_resp_4.rt,VegResp.keys,VegResp.rt,ConfirmResp.keys,ConfirmResp.rt,VegQuestionLoop.thisRepN,VegQuestionLoop.thisTrialN,VegQuestionLoop.thisN,VegQuestionLoop.thisIndex,VegQuestionLoop.ran,VegQuestionLoop.order,participant,date,expName,psychopyVersion,OS,frameRate,Decision.keys,Decision.rt,trials.thisRepN,trials.thisTrialN,trials.thisN,trials.thisIndex,trials.ran,trials.order,s11,s12,s13,s14,s15,s16,s17,s18,s21,s22,s23,s24,s25,s26,s27,s28,IngsInRow,IngIn1,IngIn2,Iter.thisRepN,Iter.thisTrialN,Iter.thisN,Iter.thisIndex,Iter.ran,Iter.order,key_resp_2.keys,key_resp_2.rt,slider.response,slider.rt,key_resp_3.keys,key_resp_3.rt,RatingLoop.thisRepN,RatingLoop.thisTrialN,RatingLoop.thisN,RatingLoop.thisIndex,RatingLoop.ran,RatingLoop.order,ingredientforslider,key_resp.keys,key_resp.rt
"[0,1,1,0,0,1,0,0,1,0,1,1,1,0,0,1,1,1,1,1,1,1,0,0,0,0,1,1,1,0,1,1,0,0,1,1,0,0,0,0,1,1,0,1,0,1,1,0,0,1,1,0,0,1,0,1,1,0,1,1,0,0,1,1,1,1,0,1,0,0,1,0,1,0,0,0,1,1,1,0]",space,2.149000168,y,4.657000303,p,3.633000135,100,0,100,0,1,99,66979,2020-02-27_19h44.45.045,SandwichStudy,3.2.4,MacIntel,60,,,,,,,,,,,,,,,,,,,,,,,,,,,,,,,,,,,,,,,,,,,,,,,,
,,,,,,,,,,,,,66979,2020-02-27_19h44.45.045,SandwichStudy,3.2.4,MacIntel,60,"[""space""]",[4.093000173568726],1,0,80,60,1,79,Vegan turkey,Cucumbers,Pickles,Jalapenos,Garlic aioli,,,,Swiss cheese,Cheddar cheese,Pepper jack cheese,Onions,Tomatoes,,,,5,5,5,1000,0,1000,0,1,999,,,,,,,,,,,,,,,
,,,,,,,,,,,,,66979,2020-02-27_19h44.45.045,SandwichStudy,3.2.4,MacIntel,60,"[""space""]",[5.939000129699707],1,0,80,60,1,79,Vegan turkey,Cucumbers,Pickles,Jalapenos,Garlic aioli,,,,Swiss cheese,Cheddar cheese,Pepper jack cheese,Onions,Tomatoes,,,,5,5,5,1000,0,1000,0,1,999,,,,,,,,,,,,,,,
,,,,,,,,,,,,,66979,2020-02-27_19h44.45.045,SandwichStudy,3.2.4,MacIntel,60,"[""l""]",[2.3550002574920654],1,0,80,60,1,79,Vegan turkey,Cucumbers,Pickles,Jalapenos,Garlic aioli,,,,Swiss cheese,Cheddar cheese,Pepper jack cheese,Onions,Tomatoes,,,,5,5,5,1000,0,1000,0,1,999,,,,,,,,,,,,,,,
,,,,,,,,,,,,,66979,2020-02-27_19h44.45.045,SandwichStudy,3.2.4,MacIntel,60,"[""space""]",[1.071000099182129],1,0,80,27,1,79,Pepper jack cheese,Spinach,Tomatoes,Garlic aioli,,,,,Black bean patty,Guacamole,Tomatoes,Lettuce,Sprouts,,,,5,4,5,1000,0,1000,0,1,999,,,,,,,,,,,,,,,
,,,,,,,,,,,,,66979,2020-02-27_19h44.45.045,SandwichStudy,3.2.4,MacIntel,60,"[""a""]",[1.2549998760223389],1,0,80,27,1,79,Pepper jack cheese,Spinach,Tomatoes,Garlic aioli,,,,,Black bean patty,Guacamole,Tomatoes,Lettuce,Sprouts,,,,5,4,5,1000,0,1000,0,1,999,,,,,,,,,,,,,,,
,,,,,,,,,,,,,66979,2020-02-27_19h44.45.045,SandwichStudy,3.2.4,MacIntel,60,"[""space""]",[1.4110000133514404],1,0,80,31,1,79,Mushrooms,Provolone cheese,Mustard,Peppers,Lettuce,Tomatoes,Vinaigrette,,Black bean patty,Tomatoes,Cheddar cheese,Onions,Pickles,Lettuce,,,7,7,6,1000,0,1000,0,1,999,,,,,,,,,,,,,,,
,,,,,,,,,,,,,66979,2020-02-27_19h44.45.045,SandwichStudy,3.2.4,MacIntel,60,"[""space""]",[1.0190000534057617],1,0,80,31,1,79,Mushrooms,Provolone cheese,Mustard,Peppers,Lettuce,Tomatoes,Vinaigrette,,Black bean patty,Tomatoes,Cheddar cheese,Onions,Pickles,Lettuce,,,7,7,6,1000,0,1000,0,1,999,,,,,,,,,,,,,,,
,,,,,,,,,,,,,66979,2020-02-27_19h44.45.045,SandwichStudy,3.2.4,MacIntel,60,"[""space""]",[0.48600029945373535],1,0,80,31,1,79,Mushrooms,Provolone cheese,Mustard,Peppers,Lettuce,Tomatoes,Vinaigrette,,Black bean patty,Tomatoes,Cheddar cheese,Onions,Pickles,Lettuce,,,7,7,6,1000,0,1000,0,1,999,,,,,,,,,,,,,,,
,,,,,,,,,,,,,66979,2020-02-27_19h44.45.045,SandwichStudy,3.2.4,MacIntel,60,"[""space""]",[0.22900009155273438],1,0,80,31,1,79,Mushrooms,Provolone cheese,Mustard,Peppers,Lettuce,Tomatoes,Vinaigrette,,Black bean patty,Tomatoes,Cheddar cheese,Onions,Pickles,Lettuce,,,7,7,6,1000,0,1000,0,1,999,,,,,,,,,,,,,,,
,,,,,,,,,,,,,66979,2020-02-27_19h44.45.045,SandwichStudy,3.2.4,MacIntel,60,"[""space""]",[0.018000125885009766],1,0,80,31,1,79,Mushrooms,Provolone cheese,Mustard,Peppers,Lettuce,Tomatoes,Vinaigrette,,Black bean patty,Tomatoes,Cheddar cheese,Onions,Pickles,Lettuce,,,7,7,6,1000,0,1000,0,1,999,,,,,,,,,,,,,,,
,,,,,,,,,,,,,66979,2020-02-27_19h44.45.045,SandwichStudy,3.2.4,MacIntel,60,"[""l""]",[3.2780001163482666],1,0,80,31,1,79,Mushrooms,Provolone cheese,Mustard,Peppers,Lettuce,Tomatoes,Vinaigrette,,Black bean patty,Tomatoes,Cheddar cheese,Onions,Pickles,Lettuce,,,7,7,6,1000,0,1000,0,1,999,,,,,,,,,,,,,,,
,,,,,,,,,,,,,66979,2020-02-27_19h44.45.045,SandwichStudy,3.2.4,MacIntel,60,"[""space""]",[30.77500009536743],1,0,80,71,1,79,Pepper jack cheese,Cream cheese,Guacamole,Mixed greens,Onions,Tomatoes,Pickles,Sprouts,Black bean patty,Sprouts,Avocado,Tomatoes,Onions,Garlic aioli,,,8,8,6,1000,0,1000,0,1,999,,,,,,,,,,,,,,,
,,,,,,,,,,,,,66979,2020-02-27_19h44.45.045,SandwichStudy,3.2.4,MacIntel,60,"[""space""]",[0.5160000324249268],1,0,80,71,1,79,Pepper jack cheese,Cream cheese,Guacamole,Mixed greens,Onions,Tomatoes,Pickles,Sprouts,Black bean patty,Sprouts,Avocado,Tomatoes,Onions,Garlic aioli,,,8,8,6,1000,0,1000,0,1,999,,,,,,,,,,,,,,,
,,,,,,,,,,,,,66979,2020-02-27_19h44.45.045,SandwichStudy,3.2.4,MacIntel,60,"[""space""]",[1.4300000667572021],1,0,80,71,1,79,Pepper jack cheese,Cream cheese,Guacamole,Mixed greens,Onions,Tomatoes,Pickles,Sprouts,Black bean patty,Sprouts,Avocado,Tomatoes,Onions,Garlic aioli,,,8,8,6,1000,0,1000,0,1,999,,,,,,,,,,,,,,,
,,,,,,,,,,,,,66979,2020-02-27_19h44.45.045,SandwichStudy,3.2.4,MacIntel,60,"[""l""]",[1.2200000286102295],1,0,80,71,1,79,Pepper jack cheese,Cream cheese,Guacamole,Mixed greens,Onions,Tomatoes,Pickles,Sprouts,Black bean patty,Sprouts,Avocado,Tomatoes,Onions,Garlic aioli,,,8,8,6,1000,0,1000,0,1,999,,,,,,,,,,,,,,,
,,,,,,,,,,,,,66979,2020-02-27_19h44.45.045,SandwichStudy,3.2.4,MacIntel,60,"[""space""]",[0.3619999885559082],1,0,80,59,1,79,Vegan turkey,Provolone cheese,Vinaigrette,Coleslaw,Mayonnaise,,,,Provolone cheese,Swiss cheese,Cheddar cheese,Parmesan cheese,Tomatoes,Mustard,,,6,5,6,1000,0,1000,0,1,999,,,,,,,,,,,,,,,
,,,,,,,,,,,,,66979,2020-02-27_19h44.45.045,SandwichStudy,3.2.4,MacIntel,60,"[""a""]",[0.809999942779541],1,0,80,59,1,79,Vegan turkey,Provolone cheese,Vinaigrette,Coleslaw,Mayonnaise,,,,Provolone cheese,Swiss cheese,Cheddar cheese,Parmesan cheese,Tomatoes,Mustard,,,6,5,6,1000,0,1000,0,1,999,,,,,,,,,,,,,,,
,,,,,,,,,,,,,66979,2020-02-27_19h44.45.045,SandwichStudy,3.2.4,MacIntel,60,"[""space""]",[0.006999969482421875],1,0,80,2,1,79,Avocado,Spinach,Tomatoes,Swiss cheese,,,,,Pesto,Tomatoes,Provolone cheese,,,,,,4,4,3,1000,0,1000,0,1,999,,,,,,,,,,,,,,,
,,,,,,,,,,,,,66979,2020-02-27_19h44.45.045,SandwichStudy,3.2.4,MacIntel,60,"[""space""]",[0.9019999504089355],1,0,80,2,1,79,Avocado,Spinach,Tomatoes,Swiss cheese,,,,,Pesto,Tomatoes,Provolone cheese,,,,,,4,4,3,1000,0,1000,0,1,999,,,,,,,,,,,,,,,
,,,,,,,,,,,,,66979,2020-02-27_19h44.45.045,SandwichStudy,3.2.4,MacIntel,60,"[""space""]",[0.9709999561309814],1,0,80,2,1,79,Avocado,Spinach,Tomatoes,Swiss cheese,,,,,Pesto,Tomatoes,Provolone cheese,,,,,,4,4,3,1000,0,1000,0,1,999,,,,,,,,,,,,,,,
,,,,,,,,,,,,,66979,2020-02-27_19h44.45.045,SandwichStudy,3.2.4,MacIntel,60,"[""a""]",[1.4930000305175781],1,0,80,2,1,79,Avocado,Spinach,Tomatoes,Swiss cheese,,,,,Pesto,Tomatoes,Provolone cheese,,,,,,4,4,3,1000,0,1000,0,1,999,,,,,,,,,,,,,,,
,,,,,,,,,,,,,66979,2020-02-27_19h44.45.045,SandwichStudy,3.2.4,MacIntel,60,"[""space""]",[0.4270000457763672],1,0,80,66,1,79,Soy chicken,Mushrooms,Onions,Provolone cheese,,,,,Hummus,Feta cheese,Artichoke hearts,Cucumbers,Peppers,,,,5,4,5,1000,0,1000,0,1,999,,,,,,,,,,,,,,,
,,,,,,,,,,,,,66979,2020-02-27_19h44.45.045,SandwichStudy,3.2.4,MacIntel,60,"[""a""]",[1.4890000820159912],1,0,80,66,1,79,Soy chicken,Mushrooms,Onions,Provolone cheese,,,,,Hummus,Feta cheese,Artichoke hearts,Cucumbers,Peppers,,,,5,4,5,1000,0,1000,0,1,999,,,,,,,,,,,,,,,
,,,,,,,,,,,,,66979,2020-02-27_19h44.45.045,SandwichStudy,3.2.4,MacIntel,60,"[""space""]",[0.09500002861022949],1,0,80,72,1,79,Artichoke hearts,Mushrooms,Pesto,Provolone cheese,,,,,Avocado,Pesto,Cheddar cheese,,,,,,4,4,3,1000,0,1000,0,1,999,,,,,,,,,,,,,,,
,,,,,,,,,,,,,66979,2020-02-27_19h44.45.045,SandwichStudy,3.2.4,MacIntel,60,"[""space""]",[0.020000219345092773],1,0,80,72,1,79,Artichoke hearts,Mushrooms,Pesto,Provolone cheese,,,,,Avocado,Pesto,Cheddar cheese,,,,,,4,4,3,1000,0,1000,0,1,999,,,,,,,,,,,,,,,
,,,,,,,,,,,,,66979,2020-02-27_19h44.45.045,SandwichStudy,3.2.4,MacIntel,60,"[""space""]",[0.7279999256134033],1,0,80,72,1,79,Artichoke hearts,Mushrooms,Pesto,Provolone cheese,,,,,Avocado,Pesto,Cheddar cheese,,,,,,4,4,3,1000,0,1000,0,1,999,,,,,,,,,,,,,,,
,,,,,,,,,,,,,66979,2020-02-27_19h44.45.045,SandwichStudy,3.2.4,MacIntel,60,"[""a""]",[0.6480000019073486],1,0,80,72,1,79,Artichoke hearts,Mushrooms,Pesto,Provolone cheese,,,,,Avocado,Pesto,Cheddar cheese,,,,,,4,4,3,1000,0,1000,0,1,999,,,,,,,,,,,,,,,
,,,,,,,,,,,,,66979,2020-02-27_19h44.45.045,SandwichStudy,3.2.4,MacIntel,60,"[""space""]",[0.21399998664855957],1,0,80,38,1,79,Cucumbers,Tomatoes,Peppers,Onions,Mixed greens,Carrots,Sprouts,Avocado,Provolone cheese,Tomatoes,Pesto,Cheddar cheese,,,,,8,8,4,1000,0,1000,0,1,999,,,,,,,,,,,,,,,
,,,,,,,,,,,,,66979,2020-02-27_19h44.45.045,SandwichStudy,3.2.4,MacIntel,60,"[""space""]",[0.23600006103515625],1,0,80,38,1,79,Cucumbers,Tomatoes,Peppers,Onions,Mixed greens,Carrots,Sprouts,Avocado,Provolone cheese,Tomatoes,Pesto,Cheddar cheese,,,,,8,8,4,1000,0,1000,0,1,999,,,,,,,,,,,,,,,
,,,,,,,,,,,,,66979,2020-02-27_19h44.45.045,SandwichStudy,3.2.4,MacIntel,60,"[""a""]",[0.32700014114379883],1,0,80,38,1,79,Cucumbers,Tomatoes,Peppers,Onions,Mixed greens,Carrots,Sprouts,Avocado,Provolone cheese,Tomatoes,Pesto,Cheddar cheese,,,,,8,8,4,1000,0,1000,0,1,999,,,,,,,,,,,,,,,
,,,,,,,,,,,,,66979,2020-02-27_19h44.45.045,SandwichStudy,3.2.4,MacIntel,60,"[""space""]",[0.38000011444091797],1,0,80,39,1,79,Cheddar cheese,Provolone cheese,Swiss cheese,Mushrooms,Mayonnaise,Lettuce,Tomatoes,,Olives,Tomatoes,Spinach,Feta cheese,Provolone cheese,Vinaigrette,,,7,7,6,1000,0,1000,0,1,999,,,,,,,,,,,,,,,
,,,,,,,,,,,,,66979,2020-02-27_19h44.45.045,SandwichStudy,3.2.4,MacIntel,60,"[""space""]",[0.03600001335144043],1,0,80,39,1,79,Cheddar cheese,Provolone cheese,Swiss cheese,Mushrooms,Mayonnaise,Lettuce,Tomatoes,,Olives,Tomatoes,Spinach,Feta cheese,Provolone cheese,Vinaigrette,,,7,7,6,1000,0,1000,0,1,999,,,,,,,,,,,,,,,
,,,,,,,,,,,,,66979,2020-02-27_19h44.45.045,SandwichStudy,3.2.4,MacIntel,60,"[""a""]",[0.444000244140625],1,0,80,39,1,79,Cheddar cheese,Provolone cheese,Swiss cheese,Mushrooms,Mayonnaise,Lettuce,Tomatoes,,Olives,Tomatoes,Spinach,Feta cheese,Provolone cheese,Vinaigrette,,,7,7,6,1000,0,1000,0,1,999,,,,,,,,,,,,,,,
,,,,,,,,,,,,,66979,2020-02-27_19h44.45.045,SandwichStudy,3.2.4,MacIntel,60,"[""space""]",[0.2630002498626709],1,0,80,23,1,79,Artichoke hearts,Mushrooms,Pesto,Provolone cheese,,,,,Guacamole,Cheddar cheese,Provolone cheese,Olives,Cucumbers,Mushrooms,Peppers,Lettuce,8,4,8,1000,0,1000,0,1,999,,,,,,,,,,,,,,,
,,,,,,,,,,,,,66979,2020-02-27_19h44.45.045,SandwichStudy,3.2.4,MacIntel,60,"[""space""]",[0.41100025177001953],1,0,80,23,1,79,Artichoke hearts,Mushrooms,Pesto,Provolone cheese,,,,,Guacamole,Cheddar cheese,Provolone cheese,Olives,Cucumbers,Mushrooms,Peppers,Lettuce,8,4,8,1000,0,1000,0,1,999,,,,,,,,,,,,,,,
,,,,,,,,,,,,,66979,2020-02-27_19h44.45.045,SandwichStudy,3.2.4,MacIntel,60,"[""l""]",[1.9519999027252197],1,0,80,23,1,79,Artichoke hearts,Mushrooms,Pesto,Provolone cheese,,,,,Guacamole,Cheddar cheese,Provolone cheese,Olives,Cucumbers,Mushrooms,Peppers,Lettuce,8,4,8,1000,0,1000,0,1,999,,,,,,,,,,,,,,,
,,,,,,,,,,,,,66979,2020-02-27_19h44.45.045,SandwichStudy,3.2.4,MacIntel,60,"[""space""]",[0.009999990463256836],1,0,80,67,1,79,Mixed greens,Onions,Hummus,Olives,Cucumbers,Sprouts,Tomatoes,,Egg salad,Lettuce,Tomatoes,Onions,,,,,7,7,4,1000,0,1000,0,1,999,,,,,,,,,,,,,,,
,,,,,,,,,,,,,66979,2020-02-27_19h44.45.045,SandwichStudy,3.2.4,MacIntel,60,"[""space""]",[0.24300026893615723],1,0,80,67,1,79,Mixed greens,Onions,Hummus,Olives,Cucumbers,Sprouts,Tomatoes,,Egg salad,Lettuce,Tomatoes,Onions,,,,,7,7,4,1000,0,1000,0,1,999,,,,,,,,,,,,,,,
,,,,,,,,,,,,,66979,2020-02-27_19h44.45.045,SandwichStudy,3.2.4,MacIntel,60,"[""a""]",[0.25500011444091797],1,0,80,67,1,79,Mixed greens,Onions,Hummus,Olives,Cucumbers,Sprouts,Tomatoes,,Egg salad,Lettuce,Tomatoes,Onions,,,,,7,7,4,1000,0,1000,0,1,999,,,,,,,,,,,,,,,
,,,,,,,,,,,,,66979,2020-02-27_19h44.45.045,SandwichStudy,3.2.4,MacIntel,60,"[""space""]",[0.17100000381469727],1,0,80,22,1,79,Vegan bacon,Tomatoes,Avocado,Pesto,,,,,Provolone cheese,Avocado,Cucumbers,Lettuce,Tomatoes,Onions,Sprouts,Mayonnaise,8,4,8,1000,0,1000,0,1,999,,,,,,,,,,,,,,,
,,,,,,,,,,,,,66979,2020-02-27_19h44.45.045,SandwichStudy,3.2.4,MacIntel,60,"[""l""]",[0.06000018119812012],1,0,80,22,1,79,Vegan bacon,Tomatoes,Avocado,Pesto,,,,,Provolone cheese,Avocado,Cucumbers,Lettuce,Tomatoes,Onions,Sprouts,Mayonnaise,8,4,8,1000,0,1000,0,1,999,,,,,,,,,,,,,,,
,,,,,,,,,,,,,66979,2020-02-27_19h44.45.045,SandwichStudy,3.2.4,MacIntel,60,"[""space""]",[0.4610002040863037],1,0,80,61,1,79,Vegan turkey,Provolone cheese,Lettuce,Tomatoes,Onions,,,,Sprouts,Cucumbers,Onions,Spinach,Tomatoes,Vinaigrette,,,6,5,6,1000,0,1000,0,1,999,,,,,,,,,,,,,,,
,,,,,,,,,,,,,66979,2020-02-27_19h44.45.045,SandwichStudy,3.2.4,MacIntel,60,"[""a""]",[2.240000009536743],1,0,80,61,1,79,Vegan turkey,Provolone cheese,Lettuce,Tomatoes,Onions,,,,Sprouts,Cucumbers,Onions,Spinach,Tomatoes,Vinaigrette,,,6,5,6,1000,0,1000,0,1,999,,,,,,,,,,,,,,,
,,,,,,,,,,,,,66979,2020-02-27_19h44.45.045,SandwichStudy,3.2.4,MacIntel,60,"[""space""]",[0.2709999084472656],1,0,80,77,1,79,Mushrooms,Provolone cheese,Mustard,Peppers,Lettuce,Tomatoes,Vinaigrette,,Black bean patty,Onions,Peppers,Provolone cheese,,,,,7,7,4,1000,0,1000,0,1,999,,,,,,,,,,,,,,,
,,,,,,,,,,,,,66979,2020-02-27_19h44.45.045,SandwichStudy,3.2.4,MacIntel,60,"[""space""]",[0.5200002193450928],1,0,80,77,1,79,Mushrooms,Provolone cheese,Mustard,Peppers,Lettuce,Tomatoes,Vinaigrette,,Black bean patty,Onions,Peppers,Provolone cheese,,,,,7,7,4,1000,0,1000,0,1,999,,,,,,,,,,,,,,,
,,,,,,,,,,,,,66979,2020-02-27_19h44.45.045,SandwichStudy,3.2.4,MacIntel,60,"[""l""]",[1.0360000133514404],1,0,80,77,1,79,Mushrooms,Provolone cheese,Mustard,Peppers,Lettuce,Tomatoes,Vinaigrette,,Black bean patty,Onions,Peppers,Provolone cheese,,,,,7,7,4,1000,0,1000,0,1,999,,,,,,,,,,,,,,,
,,,,,,,,,,,,,66979,2020-02-27_19h44.45.045,SandwichStudy,3.2.4,MacIntel,60,"[""space""]",[1.4260001182556152],1,0,80,16,1,79,Vegan turkey,Cucumbers,Pickles,Jalapenos,Garlic aioli,,,,Cheddar cheese,Avocado,Cucumbers,Lettuce,Mustard,Sprouts,,,6,5,6,1000,0,1000,0,1,999,,,,,,,,,,,,,,,
,,,,,,,,,,,,,66979,2020-02-27_19h44.45.045,SandwichStudy,3.2.4,MacIntel,60,"[""space""]",[0.5610001087188721],1,0,80,16,1,79,Vegan turkey,Cucumbers,Pickles,Jalapenos,Garlic aioli,,,,Cheddar cheese,Avocado,Cucumbers,Lettuce,Mustard,Sprouts,,,6,5,6,1000,0,1000,0,1,999,,,,,,,,,,,,,,,
,,,,,,,,,,,,,66979,2020-02-27_19h44.45.045,SandwichStudy,3.2.4,MacIntel,60,"[""space""]",[1.2930002212524414],1,0,80,16,1,79,Vegan turkey,Cucumbers,Pickles,Jalapenos,Garlic aioli,,,,Cheddar cheese,Avocado,Cucumbers,Lettuce,Mustard,Sprouts,,,6,5,6,1000,0,1000,0,1,999,,,,,,,,,,,,,,,
,,,,,,,,,,,,,66979,2020-02-27_19h44.45.045,SandwichStudy,3.2.4,MacIntel,60,"[""l""]",[0.6520001888275146],1,0,80,16,1,79,Vegan turkey,Cucumbers,Pickles,Jalapenos,Garlic aioli,,,,Cheddar cheese,Avocado,Cucumbers,Lettuce,Mustard,Sprouts,,,6,5,6,1000,0,1000,0,1,999,,,,,,,,,,,,,,,
,,,,,,,,,,,,,66979,2020-02-27_19h44.45.045,SandwichStudy,3.2.4,MacIntel,60,"[""space""]",[3.011000156402588],1,0,80,47,1,79,Pepper jack cheese,Spinach,Tomatoes,Garlic aioli,,,,,Sprouts,Avocado,Onions,Tomatoes,Cucumbers,Spinach,Garlic aioli,,7,4,7,1000,0,1000,0,1,999,,,,,,,,,,,,,,,
,,,,,,,,,,,,,66979,2020-02-27_19h44.45.045,SandwichStudy,3.2.4,MacIntel,60,"[""space""]",[13.226999998092651],1,0,80,47,1,79,Pepper jack cheese,Spinach,Tomatoes,Garlic aioli,,,,,Sprouts,Avocado,Onions,Tomatoes,Cucumbers,Spinach,Garlic aioli,,7,4,7,1000,0,1000,0,1,999,,,,,,,,,,,,,,,
,,,,,,,,,,,,,66979,2020-02-27_19h44.45.045,SandwichStudy,3.2.4,MacIntel,60,"[""a""]",[1.5929999351501465],1,0,80,47,1,79,Pepper jack cheese,Spinach,Tomatoes,Garlic aioli,,,,,Sprouts,Avocado,Onions,Tomatoes,Cucumbers,Spinach,Garlic aioli,,7,4,7,1000,0,1000,0,1,999,,,,,,,,,,,,,,,
,,,,,,,,,,,,,66979,2020-02-27_19h44.45.045,SandwichStudy,3.2.4,MacIntel,60,"[""space""]",[2.19700026512146],1,0,80,68,1,79,Mushrooms,Provolone cheese,Mustard,Peppers,Lettuce,Tomatoes,Vinaigrette,,Vegan turkey,Cucumbers,Tomatoes,Onions,Sprouts,Avocado,Mayonnaise,,7,7,7,1000,0,1000,0,1,999,,,,,,,,,,,,,,,
,,,,,,,,,,,,,66979,2020-02-27_19h44.45.045,SandwichStudy,3.2.4,MacIntel,60,"[""space""]",[0.2610001564025879],1,0,80,68,1,79,Mushrooms,Provolone cheese,Mustard,Peppers,Lettuce,Tomatoes,Vinaigrette,,Vegan turkey,Cucumbers,Tomatoes,Onions,Sprouts,Avocado,Mayonnaise,,7,7,7,1000,0,1000,0,1,999,,,,,,,,,,,,,,,
,,,,,,,,,,,,,66979,2020-02-27_19h44.45.045,SandwichStudy,3.2.4,MacIntel,60,"[""space""]",[0.7039999961853027],1,0,80,68,1,79,Mushrooms,Provolone cheese,Mustard,Peppers,Lettuce,Tomatoes,Vinaigrette,,Vegan turkey,Cucumbers,Tomatoes,Onions,Sprouts,Avocado,Mayonnaise,,7,7,7,1000,0,1000,0,1,999,,,,,,,,,,,,,,,
,,,,,,,,,,,,,66979,2020-02-27_19h44.45.045,SandwichStudy,3.2.4,MacIntel,60,"[""a""]",[0.37800002098083496],1,0,80,68,1,79,Mushrooms,Provolone cheese,Mustard,Peppers,Lettuce,Tomatoes,Vinaigrette,,Vegan turkey,Cucumbers,Tomatoes,Onions,Sprouts,Avocado,Mayonnaise,,7,7,7,1000,0,1000,0,1,999,,,,,,,,,,,,,,,
,,,,,,,,,,,,,66979,2020-02-27_19h44.45.045,SandwichStudy,3.2.4,MacIntel,60,"[""space""]",[0.6280002593994141],1,0,80,14,1,79,American cheese,Cheddar cheese,Swiss cheese,Onions,Mustard,,,,Cheddar cheese,Cream cheese,Pickles,Jalapenos,,,,,5,5,4,1000,0,1000,0,1,999,,,,,,,,,,,,,,,
,,,,,,,,,,,,,66979,2020-02-27_19h44.45.045,SandwichStudy,3.2.4,MacIntel,60,"[""a""]",[0.2370002269744873],1,0,80,14,1,79,American cheese,Cheddar cheese,Swiss cheese,Onions,Mustard,,,,Cheddar cheese,Cream cheese,Pickles,Jalapenos,,,,,5,5,4,1000,0,1000,0,1,999,,,,,,,,,,,,,,,
,,,,,,,,,,,,,66979,2020-02-27_19h44.45.045,SandwichStudy,3.2.4,MacIntel,60,"[""space""]",[0.13499999046325684],1,0,80,73,1,79,Soy chicken,Coleslaw,Ranch dressing,Pickles,,,,,Black bean patty,Guacamole,Tomatoes,Lettuce,Sprouts,,,,5,4,5,1000,0,1000,0,1,999,,,,,,,,,,,,,,,
,,,,,,,,,,,,,66979,2020-02-27_19h44.45.045,SandwichStudy,3.2.4,MacIntel,60,"[""l""]",[0.8689999580383301],1,0,80,73,1,79,Soy chicken,Coleslaw,Ranch dressing,Pickles,,,,,Black bean patty,Guacamole,Tomatoes,Lettuce,Sprouts,,,,5,4,5,1000,0,1000,0,1,999,,,,,,,,,,,,,,,
,,,,,,,,,,,,,66979,2020-02-27_19h44.45.045,SandwichStudy,3.2.4,MacIntel,60,"[""space""]",[0.49000000953674316],1,0,80,33,1,79,Soy chicken,Pickles,Jalapenos,Basil,,,,,Avocado,Vegan bacon,Garlic aioli,Lettuce,Tomatoes,Onions,,,6,4,6,1000,0,1000,0,1,999,,,,,,,,,,,,,,,
,,,,,,,,,,,,,66979,2020-02-27_19h44.45.045,SandwichStudy,3.2.4,MacIntel,60,"[""space""]",[0.40400004386901855],1,0,80,33,1,79,Soy chicken,Pickles,Jalapenos,Basil,,,,,Avocado,Vegan bacon,Garlic aioli,Lettuce,Tomatoes,Onions,,,6,4,6,1000,0,1000,0,1,999,,,,,,,,,,,,,,,
,,,,,,,,,,,,,66979,2020-02-27_19h44.45.045,SandwichStudy,3.2.4,MacIntel,60,"[""a""]",[0.40400004386901855],1,0,80,33,1,79,Soy chicken,Pickles,Jalapenos,Basil,,,,,Avocado,Vegan bacon,Garlic aioli,Lettuce,Tomatoes,Onions,,,6,4,6,1000,0,1000,0,1,999,,,,,,,,,,,,,,,
,,,,,,,,,,,,,66979,2020-02-27_19h44.45.045,SandwichStudy,3.2.4,MacIntel,60,"[""space""]",[0.3690001964569092],1,0,80,48,1,79,Cheddar cheese,Swiss cheese,Pepper jack cheese,Avocado,Mayonnaise,Sprouts,Tomatoes,,Egg salad,Feta cheese,Spinach,Tomatoes,,,,,7,7,4,1000,0,1000,0,1,999,,,,,,,,,,,,,,,
,,,,,,,,,,,,,66979,2020-02-27_19h44.45.045,SandwichStudy,3.2.4,MacIntel,60,"[""space""]",[0.5210001468658447],1,0,80,48,1,79,Cheddar cheese,Swiss cheese,Pepper jack cheese,Avocado,Mayonnaise,Sprouts,Tomatoes,,Egg salad,Feta cheese,Spinach,Tomatoes,,,,,7,7,4,1000,0,1000,0,1,999,,,,,,,,,,,,,,,
,,,,,,,,,,,,,66979,2020-02-27_19h44.45.045,SandwichStudy,3.2.4,MacIntel,60,"[""space""]",[0.18900012969970703],1,0,80,48,1,79,Cheddar cheese,Swiss cheese,Pepper jack cheese,Avocado,Mayonnaise,Sprouts,Tomatoes,,Egg salad,Feta cheese,Spinach,Tomatoes,,,,,7,7,4,1000,0,1000,0,1,999,,,,,,,,,,,,,,,
,,,,,,,,,,,,,66979,2020-02-27_19h44.45.045,SandwichStudy,3.2.4,MacIntel,60,"[""l""]",[0.19700026512145996],1,0,80,48,1,79,Cheddar cheese,Swiss cheese,Pepper jack cheese,Avocado,Mayonnaise,Sprouts,Tomatoes,,Egg salad,Feta cheese,Spinach,Tomatoes,,,,,7,7,4,1000,0,1000,0,1,999,,,,,,,,,,,,,,,
,,,,,,,,,,,,,66979,2020-02-27_19h44.45.045,SandwichStudy,3.2.4,MacIntel,60,"[""space""]",[0.020999908447265625],1,0,80,56,1,79,Soy chicken,Pickles,Jalapenos,Basil,,,,,Onions,Peppers,Mushrooms,Jalapenos,American cheese,,,,5,4,5,1000,0,1000,0,1,999,,,,,,,,,,,,,,,
,,,,,,,,,,,,,66979,2020-02-27_19h44.45.045,SandwichStudy,3.2.4,MacIntel,60,"[""space""]",[0.26800012588500977],1,0,80,56,1,79,Soy chicken,Pickles,Jalapenos,Basil,,,,,Onions,Peppers,Mushrooms,Jalapenos,American cheese,,,,5,4,5,1000,0,1000,0,1,999,,,,,,,,,,,,,,,
,,,,,,,,,,,,,66979,2020-02-27_19h44.45.045,SandwichStudy,3.2.4,MacIntel,60,"[""space""]",[0.48600006103515625],1,0,80,56,1,79,Soy chicken,Pickles,Jalapenos,Basil,,,,,Onions,Peppers,Mushrooms,Jalapenos,American cheese,,,,5,4,5,1000,0,1000,0,1,999,,,,,,,,,,,,,,,
,,,,,,,,,,,,,66979,2020-02-27_19h44.45.045,SandwichStudy,3.2.4,MacIntel,60,"[""l""]",[1.5800001621246338],1,0,80,56,1,79,Soy chicken,Pickles,Jalapenos,Basil,,,,,Onions,Peppers,Mushrooms,Jalapenos,American cheese,,,,5,4,5,1000,0,1000,0,1,999,,,,,,,,,,,,,,,
,,,,,,,,,,,,,66979,2020-02-27_19h44.45.045,SandwichStudy,3.2.4,MacIntel,60,"[""space""]",[0.2630002498626709],1,0,80,78,1,79,Soy chicken,Mushrooms,Onions,Provolone cheese,,,,,Avocado,Pesto,Cheddar cheese,,,,,,4,4,3,1000,0,1000,0,1,999,,,,,,,,,,,,,,,
,,,,,,,,,,,,,66979,2020-02-27_19h44.45.045,SandwichStudy,3.2.4,MacIntel,60,"[""space""]",[0.1940000057220459],1,0,80,78,1,79,Soy chicken,Mushrooms,Onions,Provolone cheese,,,,,Avocado,Pesto,Cheddar cheese,,,,,,4,4,3,1000,0,1000,0,1,999,,,,,,,,,,,,,,,
,,,,,,,,,,,,,66979,2020-02-27_19h44.45.045,SandwichStudy,3.2.4,MacIntel,60,"[""a""]",[0.7189998626708984],1,0,80,78,1,79,Soy chicken,Mushrooms,Onions,Provolone cheese,,,,,Avocado,Pesto,Cheddar cheese,,,,,,4,4,3,1000,0,1000,0,1,999,,,,,,,,,,,,,,,
,,,,,,,,,,,,,66979,2020-02-27_19h44.45.045,SandwichStudy,3.2.4,MacIntel,60,"[""space""]",[0.9540002346038818],1,0,80,7,1,79,Guacamole,Sprouts,Tomatoes,Cucumbers,Vinaigrette,,,,Soy chicken,Pesto,Mixed greens,Tomatoes,Onions,,,,5,5,5,1000,0,1000,0,1,999,,,,,,,,,,,,,,,
,,,,,,,,,,,,,66979,2020-02-27_19h44.45.045,SandwichStudy,3.2.4,MacIntel,60,"[""space""]",[1.2790000438690186],1,0,80,7,1,79,Guacamole,Sprouts,Tomatoes,Cucumbers,Vinaigrette,,,,Soy chicken,Pesto,Mixed greens,Tomatoes,Onions,,,,5,5,5,1000,0,1000,0,1,999,,,,,,,,,,,,,,,
,,,,,,,,,,,,,66979,2020-02-27_19h44.45.045,SandwichStudy,3.2.4,MacIntel,60,"[""l""]",[0.8360002040863037],1,0,80,7,1,79,Guacamole,Sprouts,Tomatoes,Cucumbers,Vinaigrette,,,,Soy chicken,Pesto,Mixed greens,Tomatoes,Onions,,,,5,5,5,1000,0,1000,0,1,999,,,,,,,,,,,,,,,
,,,,,,,,,,,,,66979,2020-02-27_19h44.45.045,SandwichStudy,3.2.4,MacIntel,60,"[""space""]",[0.8730001449584961],1,0,80,51,1,79,Jalapenos,Cucumbers,Sprouts,Mixed greens,Coleslaw,,,,Avocado,Pepper jack cheese,Sprouts,Spinach,Cucumbers,Onions,Mayonnaise,Tomatoes,8,5,8,1000,0,1000,0,1,999,,,,,,,,,,,,,,,
,,,,,,,,,,,,,66979,2020-02-27_19h44.45.045,SandwichStudy,3.2.4,MacIntel,60,"[""space""]",[0.2350001335144043],1,0,80,51,1,79,Jalapenos,Cucumbers,Sprouts,Mixed greens,Coleslaw,,,,Avocado,Pepper jack cheese,Sprouts,Spinach,Cucumbers,Onions,Mayonnaise,Tomatoes,8,5,8,1000,0,1000,0,1,999,,,,,,,,,,,,,,,
,,,,,,,,,,,,,66979,2020-02-27_19h44.45.045,SandwichStudy,3.2.4,MacIntel,60,"[""space""]",[2.4820001125335693],1,0,80,51,1,79,Jalapenos,Cucumbers,Sprouts,Mixed greens,Coleslaw,,,,Avocado,Pepper jack cheese,Sprouts,Spinach,Cucumbers,Onions,Mayonnaise,Tomatoes,8,5,8,1000,0,1000,0,1,999,,,,,,,,,,,,,,,
,,,,,,,,,,,,,66979,2020-02-27_19h44.45.045,SandwichStudy,3.2.4,MacIntel,60,"[""l""]",[0.9809999465942383],1,0,80,51,1,79,Jalapenos,Cucumbers,Sprouts,Mixed greens,Coleslaw,,,,Avocado,Pepper jack cheese,Sprouts,Spinach,Cucumbers,Onions,Mayonnaise,Tomatoes,8,5,8,1000,0,1000,0,1,999,,,,,,,,,,,,,,,
,,,,,,,,,,,,,66979,2020-02-27_19h44.45.045,SandwichStudy,3.2.4,MacIntel,60,"[""space""]",[1.1570000648498535],1,0,80,8,1,79,Avocado,Tomatoes,Lettuce,Sprouts,Guacamole,Vinaigrette,,,Tomatoes,Mozzarella cheese,Spinach,Pesto,,,,,6,6,4,1000,0,1000,0,1,999,,,,,,,,,,,,,,,
,,,,,,,,,,,,,66979,2020-02-27_19h44.45.045,SandwichStudy,3.2.4,MacIntel,60,"[""space""]",[0.24300003051757812],1,0,80,8,1,79,Avocado,Tomatoes,Lettuce,Sprouts,Guacamole,Vinaigrette,,,Tomatoes,Mozzarella cheese,Spinach,Pesto,,,,,6,6,4,1000,0,1000,0,1,999,,,,,,,,,,,,,,,
,,,,,,,,,,,,,66979,2020-02-27_19h44.45.045,SandwichStudy,3.2.4,MacIntel,60,"[""a""]",[2.614000082015991],1,0,80,8,1,79,Avocado,Tomatoes,Lettuce,Sprouts,Guacamole,Vinaigrette,,,Tomatoes,Mozzarella cheese,Spinach,Pesto,,,,,6,6,4,1000,0,1000,0,1,999,,,,,,,,,,,,,,,
,,,,,,,,,,,,,66979,2020-02-27_19h44.45.045,SandwichStudy,3.2.4,MacIntel,60,"[""space""]",[0.18799996376037598],1,0,80,20,1,79,Hummus,Guacamole,Tomatoes,Lettuce,Sprouts,,,,Black bean patty,Pepper jack cheese,Lettuce,Tomatoes,Onions,Avocado,Mustard,,7,5,7,1000,0,1000,0,1,999,,,,,,,,,,,,,,,
,,,,,,,,,,,,,66979,2020-02-27_19h44.45.045,SandwichStudy,3.2.4,MacIntel,60,"[""space""]",[0.570000171661377],1,0,80,20,1,79,Hummus,Guacamole,Tomatoes,Lettuce,Sprouts,,,,Black bean patty,Pepper jack cheese,Lettuce,Tomatoes,Onions,Avocado,Mustard,,7,5,7,1000,0,1000,0,1,999,,,,,,,,,,,,,,,
,,,,,,,,,,,,,66979,2020-02-27_19h44.45.045,SandwichStudy,3.2.4,MacIntel,60,"[""l""]",[1.9579999446868896],1,0,80,20,1,79,Hummus,Guacamole,Tomatoes,Lettuce,Sprouts,,,,Black bean patty,Pepper jack cheese,Lettuce,Tomatoes,Onions,Avocado,Mustard,,7,5,7,1000,0,1000,0,1,999,,,,,,,,,,,,,,,
,,,,,,,,,,,,,66979,2020-02-27_19h44.45.045,SandwichStudy,3.2.4,MacIntel,60,"[""space""]",[15.854000091552734],1,0,80,32,1,79,Soy chicken,Coleslaw,Ranch dressing,Pickles,,,,,Avocado,Cucumbers,Arugula,Carrots,Tomatoes,Olives,Cream cheese,,7,4,7,1000,0,1000,0,1,999,,,,,,,,,,,,,,,
,,,,,,,,,,,,,66979,2020-02-27_19h44.45.045,SandwichStudy,3.2.4,MacIntel,60,"[""l""]",[0.2200002670288086],1,0,80,32,1,79,Soy chicken,Coleslaw,Ranch dressing,Pickles,,,,,Avocado,Cucumbers,Arugula,Carrots,Tomatoes,Olives,Cream cheese,,7,4,7,1000,0,1000,0,1,999,,,,,,,,,,,,,,,
,,,,,,,,,,,,,66979,2020-02-27_19h44.45.045,SandwichStudy,3.2.4,MacIntel,60,"[""space""]",[0.03000020980834961],1,0,80,12,1,79,Egg salad,Tomatoes,Onions,Arugula,Garlic aioli,,,,Hummus,Avocado,Cucumbers,Tomatoes,Onions,Sprouts,,,6,5,6,1000,0,1000,0,1,999,,,,,,,,,,,,,,,
,,,,,,,,,,,,,66979,2020-02-27_19h44.45.045,SandwichStudy,3.2.4,MacIntel,60,"[""a""]",[0.8359999656677246],1,0,80,12,1,79,Egg salad,Tomatoes,Onions,Arugula,Garlic aioli,,,,Hummus,Avocado,Cucumbers,Tomatoes,Onions,Sprouts,,,6,5,6,1000,0,1000,0,1,999,,,,,,,,,,,,,,,
,,,,,,,,,,,,,66979,2020-02-27_19h44.45.045,SandwichStudy,3.2.4,MacIntel,60,"[""space""]",[0.21799993515014648],1,0,80,75,1,79,Vegan bacon,Tomatoes,Lettuce,Mayonnaise,,,,,Artichoke hearts,Feta cheese,Provolone cheese,Mayonnaise,Onions,Tomatoes,Pickles,,7,4,7,1000,0,1000,0,1,999,,,,,,,,,,,,,,,
,,,,,,,,,,,,,66979,2020-02-27_19h44.45.045,SandwichStudy,3.2.4,MacIntel,60,"[""l""]",[0.20099997520446777],1,0,80,75,1,79,Vegan bacon,Tomatoes,Lettuce,Mayonnaise,,,,,Artichoke hearts,Feta cheese,Provolone cheese,Mayonnaise,Onions,Tomatoes,Pickles,,7,4,7,1000,0,1000,0,1,999,,,,,,,,,,,,,,,
,,,,,,,,,,,,,66979,2020-02-27_19h44.45.045,SandwichStudy,3.2.4,MacIntel,60,"[""space""]",[0.4140000343322754],1,0,80,42,1,79,Falafel,Hummus,Garlic aioli,Cucumbers,Basil,Tomatoes,,,Hummus,Cucumbers,Tomatoes,Onions,Spinach,Peppers,Sprouts,,7,6,7,1000,0,1000,0,1,999,,,,,,,,,,,,,,,
,,,,,,,,,,,,,66979,2020-02-27_19h44.45.045,SandwichStudy,3.2.4,MacIntel,60,"[""l""]",[3.187000036239624],1,0,80,42,1,79,Falafel,Hummus,Garlic aioli,Cucumbers,Basil,Tomatoes,,,Hummus,Cucumbers,Tomatoes,Onions,Spinach,Peppers,Sprouts,,7,6,7,1000,0,1000,0,1,999,,,,,,,,,,,,,,,
,,,,,,,,,,,,,66979,2020-02-27_19h44.45.045,SandwichStudy,3.2.4,MacIntel,60,"[""space""]",[0.15900015830993652],1,0,80,10,1,79,Soy chicken,Ranch dressing,Lettuce,Tomatoes,Onions,,,,Swiss cheese,Hummus,Peppers,Mixed greens,Onions,Tomatoes,Pickles,Olives,8,5,8,1000,0,1000,0,1,999,,,,,,,,,,,,,,,
,,,,,,,,,,,,,66979,2020-02-27_19h44.45.045,SandwichStudy,3.2.4,MacIntel,60,"[""a""]",[0.4100000858306885],1,0,80,10,1,79,Soy chicken,Ranch dressing,Lettuce,Tomatoes,Onions,,,,Swiss cheese,Hummus,Peppers,Mixed greens,Onions,Tomatoes,Pickles,Olives,8,5,8,1000,0,1000,0,1,999,,,,,,,,,,,,,,,
,,,,,,,,,,,,,66979,2020-02-27_19h44.45.045,SandwichStudy,3.2.4,MacIntel,60,"[""space""]",[0.7210001945495605],1,0,80,55,1,79,Vegan turkey,Onions,Lettuce,Pickles,Mustard,Mayonnaise,,,Soy chicken,Garlic aioli,Pickles,Cucumbers,Jalapenos,Basil,,,6,6,6,1000,0,1000,0,1,999,,,,,,,,,,,,,,,
,,,,,,,,,,,,,66979,2020-02-27_19h44.45.045,SandwichStudy,3.2.4,MacIntel,60,"[""space""]",[0.069000244140625],1,0,80,55,1,79,Vegan turkey,Onions,Lettuce,Pickles,Mustard,Mayonnaise,,,Soy chicken,Garlic aioli,Pickles,Cucumbers,Jalapenos,Basil,,,6,6,6,1000,0,1000,0,1,999,,,,,,,,,,,,,,,
,,,,,,,,,,,,,66979,2020-02-27_19h44.45.045,SandwichStudy,3.2.4,MacIntel,60,"[""a""]",[0.23800015449523926],1,0,80,55,1,79,Vegan turkey,Onions,Lettuce,Pickles,Mustard,Mayonnaise,,,Soy chicken,Garlic aioli,Pickles,Cucumbers,Jalapenos,Basil,,,6,6,6,1000,0,1000,0,1,999,,,,,,,,,,,,,,,
,,,,,,,,,,,,,66979,2020-02-27_19h44.45.045,SandwichStudy,3.2.4,MacIntel,60,"[""space""]",[0.01100015640258789],1,0,80,13,1,79,Jalapenos,Cucumbers,Sprouts,Mixed greens,Coleslaw,,,,Onions,Peppers,Mushrooms,Jalapenos,American cheese,,,,5,5,5,1000,0,1000,0,1,999,,,,,,,,,,,,,,,
,,,,,,,,,,,,,66979,2020-02-27_19h44.45.045,SandwichStudy,3.2.4,MacIntel,60,"[""a""]",[0.24399995803833008],1,0,80,13,1,79,Jalapenos,Cucumbers,Sprouts,Mixed greens,Coleslaw,,,,Onions,Peppers,Mushrooms,Jalapenos,American cheese,,,,5,5,5,1000,0,1000,0,1,999,,,,,,,,,,,,,,,
,,,,,,,,,,,,,66979,2020-02-27_19h44.45.045,SandwichStudy,3.2.4,MacIntel,60,"[""space""]",[0.254000186920166],1,0,80,28,1,79,Cucumbers,Tomatoes,Peppers,Onions,Mixed greens,Carrots,Sprouts,Avocado,Mushrooms,Swiss cheese,Provolone cheese,Cheddar cheese,Lettuce,Tomatoes,,,8,8,6,1000,0,1000,0,1,999,,,,,,,,,,,,,,,
,,,,,,,,,,,,,66979,2020-02-27_19h44.45.045,SandwichStudy,3.2.4,MacIntel,60,"[""a""]",[1.2020001411437988],1,0,80,28,1,79,Cucumbers,Tomatoes,Peppers,Onions,Mixed greens,Carrots,Sprouts,Avocado,Mushrooms,Swiss cheese,Provolone cheese,Cheddar cheese,Lettuce,Tomatoes,,,8,8,6,1000,0,1000,0,1,999,,,,,,,,,,,,,,,
,,,,,,,,,,,,,66979,2020-02-27_19h44.45.045,SandwichStudy,3.2.4,MacIntel,60,"[""space""]",[0.38700032234191895],1,0,80,62,1,79,Guacamole,Sprouts,Tomatoes,Cucumbers,Vinaigrette,,,,Mushrooms,Arugula,Tomatoes,Onions,Swiss cheese,Vinaigrette,,,6,5,6,1000,0,1000,0,1,999,,,,,,,,,,,,,,,
,,,,,,,,,,,,,66979,2020-02-27_19h44.45.045,SandwichStudy,3.2.4,MacIntel,60,"[""space""]",[0.377000093460083],1,0,80,62,1,79,Guacamole,Sprouts,Tomatoes,Cucumbers,Vinaigrette,,,,Mushrooms,Arugula,Tomatoes,Onions,Swiss cheese,Vinaigrette,,,6,5,6,1000,0,1000,0,1,999,,,,,,,,,,,,,,,
,,,,,,,,,,,,,66979,2020-02-27_19h44.45.045,SandwichStudy,3.2.4,MacIntel,60,"[""l""]",[0.6210000514984131],1,0,80,62,1,79,Guacamole,Sprouts,Tomatoes,Cucumbers,Vinaigrette,,,,Mushrooms,Arugula,Tomatoes,Onions,Swiss cheese,Vinaigrette,,,6,5,6,1000,0,1000,0,1,999,,,,,,,,,,,,,,,
,,,,,,,,,,,,,66979,2020-02-27_19h44.45.045,SandwichStudy,3.2.4,MacIntel,60,"[""space""]",[0.3430001735687256],1,0,80,4,1,79,Black bean patty,Sprouts,Avocado,Tomatoes,Onions,Garlic aioli,,,Provolone cheese,Guacamole,Mixed greens,Onions,Tomatoes,Pickles,Cucumbers,Sprouts,8,6,8,1000,0,1000,0,1,999,,,,,,,,,,,,,,,
,,,,,,,,,,,,,66979,2020-02-27_19h44.45.045,SandwichStudy,3.2.4,MacIntel,60,"[""space""]",[0.7139999866485596],1,0,80,4,1,79,Black bean patty,Sprouts,Avocado,Tomatoes,Onions,Garlic aioli,,,Provolone cheese,Guacamole,Mixed greens,Onions,Tomatoes,Pickles,Cucumbers,Sprouts,8,6,8,1000,0,1000,0,1,999,,,,,,,,,,,,,,,
,,,,,,,,,,,,,66979,2020-02-27_19h44.45.045,SandwichStudy,3.2.4,MacIntel,60,"[""a""]",[1.9100000858306885],1,0,80,4,1,79,Black bean patty,Sprouts,Avocado,Tomatoes,Onions,Garlic aioli,,,Provolone cheese,Guacamole,Mixed greens,Onions,Tomatoes,Pickles,Cucumbers,Sprouts,8,6,8,1000,0,1000,0,1,999,,,,,,,,,,,,,,,
,,,,,,,,,,,,,66979,2020-02-27_19h44.45.045,SandwichStudy,3.2.4,MacIntel,60,"[""space""]",[0.2870001792907715],1,0,80,19,1,79,Egg salad,Feta cheese,Spinach,Tomatoes,,,,,Spinach,Tomatoes,Cucumbers,Onions,Peppers,Avocado,Mayonnaise,,7,4,7,1000,0,1000,0,1,999,,,,,,,,,,,,,,,
,,,,,,,,,,,,,66979,2020-02-27_19h44.45.045,SandwichStudy,3.2.4,MacIntel,60,"[""space""]",[0.22900009155273438],1,0,80,19,1,79,Egg salad,Feta cheese,Spinach,Tomatoes,,,,,Spinach,Tomatoes,Cucumbers,Onions,Peppers,Avocado,Mayonnaise,,7,4,7,1000,0,1000,0,1,999,,,,,,,,,,,,,,,
,,,,,,,,,,,,,66979,2020-02-27_19h44.45.045,SandwichStudy,3.2.4,MacIntel,60,"[""space""]",[1.1979999542236328],1,0,80,19,1,79,Egg salad,Feta cheese,Spinach,Tomatoes,,,,,Spinach,Tomatoes,Cucumbers,Onions,Peppers,Avocado,Mayonnaise,,7,4,7,1000,0,1000,0,1,999,,,,,,,,,,,,,,,
,,,,,,,,,,,,,66979,2020-02-27_19h44.45.045,SandwichStudy,3.2.4,MacIntel,60,"[""l""]",[0.039999961853027344],1,0,80,19,1,79,Egg salad,Feta cheese,Spinach,Tomatoes,,,,,Spinach,Tomatoes,Cucumbers,Onions,Peppers,Avocado,Mayonnaise,,7,4,7,1000,0,1000,0,1,999,,,,,,,,,,,,,,,
,,,,,,,,,,,,,66979,2020-02-27_19h44.45.045,SandwichStudy,3.2.4,MacIntel,60,"[""space""]",[0.4100000858306885],1,0,80,57,1,79,Cheddar cheese,Avocado,Cucumbers,Lettuce,Mustard,Sprouts,,,American cheese,Cheddar cheese,Swiss cheese,Onions,Mustard,,,,6,6,5,1000,0,1000,0,1,999,,,,,,,,,,,,,,,
,,,,,,,,,,,,,66979,2020-02-27_19h44.45.045,SandwichStudy,3.2.4,MacIntel,60,"[""a""]",[1.9260001182556152],1,0,80,57,1,79,Cheddar cheese,Avocado,Cucumbers,Lettuce,Mustard,Sprouts,,,American cheese,Cheddar cheese,Swiss cheese,Onions,Mustard,,,,6,6,5,1000,0,1000,0,1,999,,,,,,,,,,,,,,,
,,,,,,,,,,,,,66979,2020-02-27_19h44.45.045,SandwichStudy,3.2.4,MacIntel,60,"[""space""]",[0.3970000743865967],1,0,80,1,1,79,Avocado,Pesto,Cheddar cheese,,,,,,Falafel,Hummus,Garlic aioli,Cucumbers,Basil,Tomatoes,,,6,3,6,1000,0,1000,0,1,999,,,,,,,,,,,,,,,
,,,,,,,,,,,,,66979,2020-02-27_19h44.45.045,SandwichStudy,3.2.4,MacIntel,60,"[""space""]",[0.943000078201294],1,0,80,1,1,79,Avocado,Pesto,Cheddar cheese,,,,,,Falafel,Hummus,Garlic aioli,Cucumbers,Basil,Tomatoes,,,6,3,6,1000,0,1000,0,1,999,,,,,,,,,,,,,,,
,,,,,,,,,,,,,66979,2020-02-27_19h44.45.045,SandwichStudy,3.2.4,MacIntel,60,"[""l""]",[1.1319999694824219],1,0,80,1,1,79,Avocado,Pesto,Cheddar cheese,,,,,,Falafel,Hummus,Garlic aioli,Cucumbers,Basil,Tomatoes,,,6,3,6,1000,0,1000,0,1,999,,,,,,,,,,,,,,,
,,,,,,,,,,,,,66979,2020-02-27_19h44.45.045,SandwichStudy,3.2.4,MacIntel,60,"[""space""]",[0.7800002098083496],1,0,80,30,1,79,Olives,Tomatoes,Spinach,Feta cheese,Provolone cheese,Vinaigrette,,,Cheddar cheese,Swiss cheese,Pepper jack cheese,Avocado,Mayonnaise,Sprouts,Tomatoes,,7,6,7,1000,0,1000,0,1,999,,,,,,,,,,,,,,,
,,,,,,,,,,,,,66979,2020-02-27_19h44.45.045,SandwichStudy,3.2.4,MacIntel,60,"[""space""]",[1.3359999656677246],1,0,80,30,1,79,Olives,Tomatoes,Spinach,Feta cheese,Provolone cheese,Vinaigrette,,,Cheddar cheese,Swiss cheese,Pepper jack cheese,Avocado,Mayonnaise,Sprouts,Tomatoes,,7,6,7,1000,0,1000,0,1,999,,,,,,,,,,,,,,,
,,,,,,,,,,,,,66979,2020-02-27_19h44.45.045,SandwichStudy,3.2.4,MacIntel,60,"[""space""]",[2.190000057220459],1,0,80,30,1,79,Olives,Tomatoes,Spinach,Feta cheese,Provolone cheese,Vinaigrette,,,Cheddar cheese,Swiss cheese,Pepper jack cheese,Avocado,Mayonnaise,Sprouts,Tomatoes,,7,6,7,1000,0,1000,0,1,999,,,,,,,,,,,,,,,
,,,,,,,,,,,,,66979,2020-02-27_19h44.45.045,SandwichStudy,3.2.4,MacIntel,60,"[""a""]",[0.5280001163482666],1,0,80,30,1,79,Olives,Tomatoes,Spinach,Feta cheese,Provolone cheese,Vinaigrette,,,Cheddar cheese,Swiss cheese,Pepper jack cheese,Avocado,Mayonnaise,Sprouts,Tomatoes,,7,6,7,1000,0,1000,0,1,999,,,,,,,,,,,,,,,
,,,,,,,,,,,,,66979,2020-02-27_19h44.45.045,SandwichStudy,3.2.4,MacIntel,60,"[""space""]",[0.1399998664855957],1,0,80,43,1,79,Soy chicken,Lettuce,Tomatoes,Onions,Guacamole,Mayonnaise,,,Egg salad,Tomatoes,Onions,Arugula,Garlic aioli,,,,6,6,5,1000,0,1000,0,1,999,,,,,,,,,,,,,,,
,,,,,,,,,,,,,66979,2020-02-27_19h44.45.045,SandwichStudy,3.2.4,MacIntel,60,"[""space""]",[0.004000186920166016],1,0,80,43,1,79,Soy chicken,Lettuce,Tomatoes,Onions,Guacamole,Mayonnaise,,,Egg salad,Tomatoes,Onions,Arugula,Garlic aioli,,,,6,6,5,1000,0,1000,0,1,999,,,,,,,,,,,,,,,
,,,,,,,,,,,,,66979,2020-02-27_19h44.45.045,SandwichStudy,3.2.4,MacIntel,60,"[""a""]",[0.21900010108947754],1,0,80,43,1,79,Soy chicken,Lettuce,Tomatoes,Onions,Guacamole,Mayonnaise,,,Egg salad,Tomatoes,Onions,Arugula,Garlic aioli,,,,6,6,5,1000,0,1000,0,1,999,,,,,,,,,,,,,,,
,,,,,,,,,,,,,66979,2020-02-27_19h44.45.045,SandwichStudy,3.2.4,MacIntel,60,"[""space""]",[0.24399995803833008],1,0,80,69,1,79,Falafel,Garlic aioli,Cucumbers,Peppers,Arugula,,,,Guacamole,Cheddar cheese,Provolone cheese,Olives,Cucumbers,Mushrooms,Peppers,Lettuce,8,5,8,1000,0,1000,0,1,999,,,,,,,,,,,,,,,
,,,,,,,,,,,,,66979,2020-02-27_19h44.45.045,SandwichStudy,3.2.4,MacIntel,60,"[""l""]",[0.6220002174377441],1,0,80,69,1,79,Falafel,Garlic aioli,Cucumbers,Peppers,Arugula,,,,Guacamole,Cheddar cheese,Provolone cheese,Olives,Cucumbers,Mushrooms,Peppers,Lettuce,8,5,8,1000,0,1000,0,1,999,,,,,,,,,,,,,,,
,,,,,,,,,,,,,66979,2020-02-27_19h44.45.045,SandwichStudy,3.2.4,MacIntel,60,"[""space""]",[0.3359999656677246],1,0,80,5,1,79,Peppers,Provolone cheese,Cucumbers,Mixed greens,Tomatoes,Onions,Hummus,,Avocado,Tomatoes,Mayonnaise,Mixed greens,Lettuce,Onions,Vinaigrette,,7,7,7,1000,0,1000,0,1,999,,,,,,,,,,,,,,,
,,,,,,,,,,,,,66979,2020-02-27_19h44.45.045,SandwichStudy,3.2.4,MacIntel,60,"[""space""]",[0.13100004196166992],1,0,80,5,1,79,Peppers,Provolone cheese,Cucumbers,Mixed greens,Tomatoes,Onions,Hummus,,Avocado,Tomatoes,Mayonnaise,Mixed greens,Lettuce,Onions,Vinaigrette,,7,7,7,1000,0,1000,0,1,999,,,,,,,,,,,,,,,
,,,,,,,,,,,,,66979,2020-02-27_19h44.45.045,SandwichStudy,3.2.4,MacIntel,60,"[""l""]",[1.0810000896453857],1,0,80,5,1,79,Peppers,Provolone cheese,Cucumbers,Mixed greens,Tomatoes,Onions,Hummus,,Avocado,Tomatoes,Mayonnaise,Mixed greens,Lettuce,Onions,Vinaigrette,,7,7,7,1000,0,1000,0,1,999,,,,,,,,,,,,,,,
,,,,,,,,,,,,,66979,2020-02-27_19h44.45.045,SandwichStudy,3.2.4,MacIntel,60,"[""space""]",[0.19500017166137695],1,0,80,70,1,79,Mushrooms,Peppers,Artichoke hearts,Spinach,Pesto,,,,Hummus,Avocado,Cucumbers,Tomatoes,Onions,Sprouts,,,6,5,6,1000,0,1000,0,1,999,,,,,,,,,,,,,,,
,,,,,,,,,,,,,66979,2020-02-27_19h44.45.045,SandwichStudy,3.2.4,MacIntel,60,"[""space""]",[0.05300021171569824],1,0,80,70,1,79,Mushrooms,Peppers,Artichoke hearts,Spinach,Pesto,,,,Hummus,Avocado,Cucumbers,Tomatoes,Onions,Sprouts,,,6,5,6,1000,0,1000,0,1,999,,,,,,,,,,,,,,,
,,,,,,,,,,,,,66979,2020-02-27_19h44.45.045,SandwichStudy,3.2.4,MacIntel,60,"[""l""]",[0.5120000839233398],1,0,80,70,1,79,Mushrooms,Peppers,Artichoke hearts,Spinach,Pesto,,,,Hummus,Avocado,Cucumbers,Tomatoes,Onions,Sprouts,,,6,5,6,1000,0,1000,0,1,999,,,,,,,,,,,,,,,
,,,,,,,,,,,,,66979,2020-02-27_19h44.45.045,SandwichStudy,3.2.4,MacIntel,60,"[""space""]",[0.22700023651123047],1,0,80,40,1,79,Black bean patty,American cheese,Cheddar cheese,Lettuce,Tomatoes,,,,Avocado,Tomatoes,Mayonnaise,Mixed greens,Lettuce,Onions,Vinaigrette,,7,5,7,1000,0,1000,0,1,999,,,,,,,,,,,,,,,
,,,,,,,,,,,,,66979,2020-02-27_19h44.45.045,SandwichStudy,3.2.4,MacIntel,60,"[""space""]",[0.5400002002716064],1,0,80,40,1,79,Black bean patty,American cheese,Cheddar cheese,Lettuce,Tomatoes,,,,Avocado,Tomatoes,Mayonnaise,Mixed greens,Lettuce,Onions,Vinaigrette,,7,5,7,1000,0,1000,0,1,999,,,,,,,,,,,,,,,
,,,,,,,,,,,,,66979,2020-02-27_19h44.45.045,SandwichStudy,3.2.4,MacIntel,60,"[""a""]",[1.8029999732971191],1,0,80,40,1,79,Black bean patty,American cheese,Cheddar cheese,Lettuce,Tomatoes,,,,Avocado,Tomatoes,Mayonnaise,Mixed greens,Lettuce,Onions,Vinaigrette,,7,5,7,1000,0,1000,0,1,999,,,,,,,,,,,,,,,
,,,,,,,,,,,,,66979,2020-02-27_19h44.45.045,SandwichStudy,3.2.4,MacIntel,60,"[""space""]",[0.3020002841949463],1,0,80,24,1,79,Cheddar cheese,Provolone cheese,Swiss cheese,Mushrooms,Mayonnaise,Lettuce,Tomatoes,,Soy chicken,Pepper jack cheese,Tomatoes,Lettuce,Onions,Garlic aioli,,,7,7,6,1000,0,1000,0,1,999,,,,,,,,,,,,,,,
,,,,,,,,,,,,,66979,2020-02-27_19h44.45.045,SandwichStudy,3.2.4,MacIntel,60,"[""l""]",[0.12900018692016602],1,0,80,24,1,79,Cheddar cheese,Provolone cheese,Swiss cheese,Mushrooms,Mayonnaise,Lettuce,Tomatoes,,Soy chicken,Pepper jack cheese,Tomatoes,Lettuce,Onions,Garlic aioli,,,7,7,6,1000,0,1000,0,1,999,,,,,,,,,,,,,,,
,,,,,,,,,,,,,66979,2020-02-27_19h44.45.045,SandwichStudy,3.2.4,MacIntel,60,"[""space""]",[0.40400004386901855],1,0,80,76,1,79,Cucumbers,Tomatoes,Peppers,Onions,Mixed greens,Carrots,Sprouts,Avocado,Hummus,Guacamole,Tomatoes,Lettuce,Sprouts,,,,8,8,5,1000,0,1000,0,1,999,,,,,,,,,,,,,,,
,,,,,,,,,,,,,66979,2020-02-27_19h44.45.045,SandwichStudy,3.2.4,MacIntel,60,"[""l""]",[2.2260000705718994],1,0,80,76,1,79,Cucumbers,Tomatoes,Peppers,Onions,Mixed greens,Carrots,Sprouts,Avocado,Hummus,Guacamole,Tomatoes,Lettuce,Sprouts,,,,8,8,5,1000,0,1000,0,1,999,,,,,,,,,,,,,,,
,,,,,,,,,,,,,66979,2020-02-27_19h44.45.045,SandwichStudy,3.2.4,MacIntel,60,"[""space""]",[0.2760002613067627],1,0,80,46,1,79,Black bean patty,Pepper jack cheese,Lettuce,Tomatoes,Onions,Avocado,Mustard,,Avocado,Spinach,Tomatoes,Swiss cheese,,,,,7,7,4,1000,0,1000,0,1,999,,,,,,,,,,,,,,,
,,,,,,,,,,,,,66979,2020-02-27_19h44.45.045,SandwichStudy,3.2.4,MacIntel,60,"[""space""]",[0.2850000858306885],1,0,80,46,1,79,Black bean patty,Pepper jack cheese,Lettuce,Tomatoes,Onions,Avocado,Mustard,,Avocado,Spinach,Tomatoes,Swiss cheese,,,,,7,7,4,1000,0,1000,0,1,999,,,,,,,,,,,,,,,
,,,,,,,,,,,,,66979,2020-02-27_19h44.45.045,SandwichStudy,3.2.4,MacIntel,60,"[""a""]",[1.570000171661377],1,0,80,46,1,79,Black bean patty,Pepper jack cheese,Lettuce,Tomatoes,Onions,Avocado,Mustard,,Avocado,Spinach,Tomatoes,Swiss cheese,,,,,7,7,4,1000,0,1000,0,1,999,,,,,,,,,,,,,,,
,,,,,,,,,,,,,66979,2020-02-27_19h44.45.045,SandwichStudy,3.2.4,MacIntel,60,"[""l""]",[0.13499999046325684],1,0,80,65,1,79,Soy chicken,Ranch dressing,Lettuce,Tomatoes,Onions,,,,Avocado,Cucumbers,Arugula,Carrots,Tomatoes,Olives,Cream cheese,,7,5,7,1000,0,1000,0,1,999,,,,,,,,,,,,,,,
,,,,,,,,,,,,,66979,2020-02-27_19h44.45.045,SandwichStudy,3.2.4,MacIntel,60,"[""space""]",[0.377000093460083],1,0,80,54,1,79,Tomatoes,Mozzarella cheese,Spinach,Pesto,,,,,Avocado,Onions,Cucumbers,Spinach,Cheddar cheese,,,,5,4,5,1000,0,1000,0,1,999,,,,,,,,,,,,,,,
,,,,,,,,,,,,,66979,2020-02-27_19h44.45.045,SandwichStudy,3.2.4,MacIntel,60,"[""space""]",[0.012000083923339844],1,0,80,54,1,79,Tomatoes,Mozzarella cheese,Spinach,Pesto,,,,,Avocado,Onions,Cucumbers,Spinach,Cheddar cheese,,,,5,4,5,1000,0,1000,0,1,999,,,,,,,,,,,,,,,
,,,,,,,,,,,,,66979,2020-02-27_19h44.45.045,SandwichStudy,3.2.4,MacIntel,60,"[""a""]",[0.6960000991821289],1,0,80,54,1,79,Tomatoes,Mozzarella cheese,Spinach,Pesto,,,,,Avocado,Onions,Cucumbers,Spinach,Cheddar cheese,,,,5,4,5,1000,0,1000,0,1,999,,,,,,,,,,,,,,,
,,,,,,,,,,,,,66979,2020-02-27_19h44.45.045,SandwichStudy,3.2.4,MacIntel,60,"[""space""]",[0.09400010108947754],1,0,80,58,1,79,Black bean patty,Tomatoes,Cheddar cheese,Onions,Pickles,Lettuce,,,Black bean patty,Onions,Peppers,Provolone cheese,,,,,6,6,4,1000,0,1000,0,1,999,,,,,,,,,,,,,,,
,,,,,,,,,,,,,66979,2020-02-27_19h44.45.045,SandwichStudy,3.2.4,MacIntel,60,"[""space""]",[0.040000200271606445],1,0,80,58,1,79,Black bean patty,Tomatoes,Cheddar cheese,Onions,Pickles,Lettuce,,,Black bean patty,Onions,Peppers,Provolone cheese,,,,,6,6,4,1000,0,1000,0,1,999,,,,,,,,,,,,,,,
,,,,,,,,,,,,,66979,2020-02-27_19h44.45.045,SandwichStudy,3.2.4,MacIntel,60,"[""a""]",[0.2739999294281006],1,0,80,58,1,79,Black bean patty,Tomatoes,Cheddar cheese,Onions,Pickles,Lettuce,,,Black bean patty,Onions,Peppers,Provolone cheese,,,,,6,6,4,1000,0,1000,0,1,999,,,,,,,,,,,,,,,
,,,,,,,,,,,,,66979,2020-02-27_19h44.45.045,SandwichStudy,3.2.4,MacIntel,60,"[""space""]",[0.127000093460083],1,0,80,64,1,79,Peppers,Tomatoes,Basil,Spinach,Hummus,Pesto,Olives,,Provolone cheese,Guacamole,Mixed greens,Onions,Tomatoes,Pickles,Cucumbers,Sprouts,8,7,8,1000,0,1000,0,1,999,,,,,,,,,,,,,,,
,,,,,,,,,,,,,66979,2020-02-27_19h44.45.045,SandwichStudy,3.2.4,MacIntel,60,"[""space""]",[0.5290000438690186],1,0,80,64,1,79,Peppers,Tomatoes,Basil,Spinach,Hummus,Pesto,Olives,,Provolone cheese,Guacamole,Mixed greens,Onions,Tomatoes,Pickles,Cucumbers,Sprouts,8,7,8,1000,0,1000,0,1,999,,,,,,,,,,,,,,,
,,,,,,,,,,,,,66979,2020-02-27_19h44.45.045,SandwichStudy,3.2.4,MacIntel,60,"[""space""]",[0.10100007057189941],1,0,80,64,1,79,Peppers,Tomatoes,Basil,Spinach,Hummus,Pesto,Olives,,Provolone cheese,Guacamole,Mixed greens,Onions,Tomatoes,Pickles,Cucumbers,Sprouts,8,7,8,1000,0,1000,0,1,999,,,,,,,,,,,,,,,
,,,,,,,,,,,,,66979,2020-02-27_19h44.45.045,SandwichStudy,3.2.4,MacIntel,60,"[""space""]",[0.05300021171569824],1,0,80,64,1,79,Peppers,Tomatoes,Basil,Spinach,Hummus,Pesto,Olives,,Provolone cheese,Guacamole,Mixed greens,Onions,Tomatoes,Pickles,Cucumbers,Sprouts,8,7,8,1000,0,1000,0,1,999,,,,,,,,,,,,,,,
,,,,,,,,,,,,,66979,2020-02-27_19h44.45.045,SandwichStudy,3.2.4,MacIntel,60,"[""space""]",[0.9550001621246338],1,0,80,64,1,79,Peppers,Tomatoes,Basil,Spinach,Hummus,Pesto,Olives,,Provolone cheese,Guacamole,Mixed greens,Onions,Tomatoes,Pickles,Cucumbers,Sprouts,8,7,8,1000,0,1000,0,1,999,,,,,,,,,,,,,,,
,,,,,,,,,,,,,66979,2020-02-27_19h44.45.045,SandwichStudy,3.2.4,MacIntel,60,"[""space""]",[0.11500024795532227],1,0,80,64,1,79,Peppers,Tomatoes,Basil,Spinach,Hummus,Pesto,Olives,,Provolone cheese,Guacamole,Mixed greens,Onions,Tomatoes,Pickles,Cucumbers,Sprouts,8,7,8,1000,0,1000,0,1,999,,,,,,,,,,,,,,,
,,,,,,,,,,,,,66979,2020-02-27_19h44.45.045,SandwichStudy,3.2.4,MacIntel,60,"[""space""]",[1.309000015258789],1,0,80,64,1,79,Peppers,Tomatoes,Basil,Spinach,Hummus,Pesto,Olives,,Provolone cheese,Guacamole,Mixed greens,Onions,Tomatoes,Pickles,Cucumbers,Sprouts,8,7,8,1000,0,1000,0,1,999,,,,,,,,,,,,,,,
,,,,,,,,,,,,,66979,2020-02-27_19h44.45.045,SandwichStudy,3.2.4,MacIntel,60,"[""l""]",[5.457000017166138],1,0,80,64,1,79,Peppers,Tomatoes,Basil,Spinach,Hummus,Pesto,Olives,,Provolone cheese,Guacamole,Mixed greens,Onions,Tomatoes,Pickles,Cucumbers,Sprouts,8,7,8,1000,0,1000,0,1,999,,,,,,,,,,,,,,,
,,,,,,,,,,,,,66979,2020-02-27_19h44.45.045,SandwichStudy,3.2.4,MacIntel,60,"[""space""]",[0.3400001525878906],1,0,80,50,1,79,Tomatoes,Mozzarella cheese,Pesto,Vinaigrette,Spinach,,,,Avocado,Cucumbers,Sprouts,Lettuce,Tomatoes,Onions,Pesto,,7,5,7,1000,0,1000,0,1,999,,,,,,,,,,,,,,,
,,,,,,,,,,,,,66979,2020-02-27_19h44.45.045,SandwichStudy,3.2.4,MacIntel,60,"[""space""]",[0.07700014114379883],1,0,80,50,1,79,Tomatoes,Mozzarella cheese,Pesto,Vinaigrette,Spinach,,,,Avocado,Cucumbers,Sprouts,Lettuce,Tomatoes,Onions,Pesto,,7,5,7,1000,0,1000,0,1,999,,,,,,,,,,,,,,,
,,,,,,,,,,,,,66979,2020-02-27_19h44.45.045,SandwichStudy,3.2.4,MacIntel,60,"[""a""]",[0.2610001564025879],1,0,80,50,1,79,Tomatoes,Mozzarella cheese,Pesto,Vinaigrette,Spinach,,,,Avocado,Cucumbers,Sprouts,Lettuce,Tomatoes,Onions,Pesto,,7,5,7,1000,0,1000,0,1,999,,,,,,,,,,,,,,,
,,,,,,,,,,,,,66979,2020-02-27_19h44.45.045,SandwichStudy,3.2.4,MacIntel,60,"[""space""]",[0.31800007820129395],1,0,80,11,1,79,Soy chicken,Lettuce,Tomatoes,Onions,Guacamole,Mayonnaise,,,Avocado,Cucumbers,Sprouts,Lettuce,Tomatoes,Onions,Pesto,,7,6,7,1000,0,1000,0,1,999,,,,,,,,,,,,,,,
,,,,,,,,,,,,,66979,2020-02-27_19h44.45.045,SandwichStudy,3.2.4,MacIntel,60,"[""space""]",[0.11500024795532227],1,0,80,11,1,79,Soy chicken,Lettuce,Tomatoes,Onions,Guacamole,Mayonnaise,,,Avocado,Cucumbers,Sprouts,Lettuce,Tomatoes,Onions,Pesto,,7,6,7,1000,0,1000,0,1,999,,,,,,,,,,,,,,,
,,,,,,,,,,,,,66979,2020-02-27_19h44.45.045,SandwichStudy,3.2.4,MacIntel,60,"[""l""]",[0.0690000057220459],1,0,80,11,1,79,Soy chicken,Lettuce,Tomatoes,Onions,Guacamole,Mayonnaise,,,Avocado,Cucumbers,Sprouts,Lettuce,Tomatoes,Onions,Pesto,,7,6,7,1000,0,1000,0,1,999,,,,,,,,,,,,,,,
,,,,,,,,,,,,,66979,2020-02-27_19h44.45.045,SandwichStudy,3.2.4,MacIntel,60,"[""space""]",[0.3100001811981201],1,0,80,52,1,79,Cheddar cheese,Cream cheese,Pickles,Jalapenos,,,,,Guacamole,Hummus,Feta cheese,Mixed greens,Onions,Tomatoes,Pickles,Mushrooms,8,4,8,1000,0,1000,0,1,999,,,,,,,,,,,,,,,
,,,,,,,,,,,,,66979,2020-02-27_19h44.45.045,SandwichStudy,3.2.4,MacIntel,60,"[""space""]",[3.260000228881836],1,0,80,52,1,79,Cheddar cheese,Cream cheese,Pickles,Jalapenos,,,,,Guacamole,Hummus,Feta cheese,Mixed greens,Onions,Tomatoes,Pickles,Mushrooms,8,4,8,1000,0,1000,0,1,999,,,,,,,,,,,,,,,
,,,,,,,,,,,,,66979,2020-02-27_19h44.45.045,SandwichStudy,3.2.4,MacIntel,60,"[""a""]",[0.37800002098083496],1,0,80,52,1,79,Cheddar cheese,Cream cheese,Pickles,Jalapenos,,,,,Guacamole,Hummus,Feta cheese,Mixed greens,Onions,Tomatoes,Pickles,Mushrooms,8,4,8,1000,0,1000,0,1,999,,,,,,,,,,,,,,,
,,,,,,,,,,,,,66979,2020-02-27_19h44.45.045,SandwichStudy,3.2.4,MacIntel,60,"[""space""]",[2.8289999961853027],1,0,80,21,1,79,Soy chicken,Mushrooms,Onions,Provolone cheese,,,,,Mushrooms,Arugula,Tomatoes,Onions,Swiss cheese,Vinaigrette,,,6,4,6,1000,0,1000,0,1,999,,,,,,,,,,,,,,,
,,,,,,,,,,,,,66979,2020-02-27_19h44.45.045,SandwichStudy,3.2.4,MacIntel,60,"[""a""]",[1.4540002346038818],1,0,80,21,1,79,Soy chicken,Mushrooms,Onions,Provolone cheese,,,,,Mushrooms,Arugula,Tomatoes,Onions,Swiss cheese,Vinaigrette,,,6,4,6,1000,0,1000,0,1,999,,,,,,,,,,,,,,,
,,,,,,,,,,,,,66979,2020-02-27_19h44.45.045,SandwichStudy,3.2.4,MacIntel,60,"[""space""]",[0.18000030517578125],1,0,80,9,1,79,Vegan turkey,Provolone cheese,Lettuce,Tomatoes,Onions,,,,Vegan turkey,Onions,Lettuce,Pickles,Mustard,Mayonnaise,,,6,5,6,1000,0,1000,0,1,999,,,,,,,,,,,,,,,
,,,,,,,,,,,,,66979,2020-02-27_19h44.45.045,SandwichStudy,3.2.4,MacIntel,60,"[""space""]",[0.3210000991821289],1,0,80,9,1,79,Vegan turkey,Provolone cheese,Lettuce,Tomatoes,Onions,,,,Vegan turkey,Onions,Lettuce,Pickles,Mustard,Mayonnaise,,,6,5,6,1000,0,1000,0,1,999,,,,,,,,,,,,,,,
,,,,,,,,,,,,,66979,2020-02-27_19h44.45.045,SandwichStudy,3.2.4,MacIntel,60,"[""space""]",[0.07700014114379883],1,0,80,9,1,79,Vegan turkey,Provolone cheese,Lettuce,Tomatoes,Onions,,,,Vegan turkey,Onions,Lettuce,Pickles,Mustard,Mayonnaise,,,6,5,6,1000,0,1000,0,1,999,,,,,,,,,,,,,,,
,,,,,,,,,,,,,66979,2020-02-27_19h44.45.045,SandwichStudy,3.2.4,MacIntel,60,"[""l""]",[0.07000017166137695],1,0,80,9,1,79,Vegan turkey,Provolone cheese,Lettuce,Tomatoes,Onions,,,,Vegan turkey,Onions,Lettuce,Pickles,Mustard,Mayonnaise,,,6,5,6,1000,0,1000,0,1,999,,,,,,,,,,,,,,,
,,,,,,,,,,,,,66979,2020-02-27_19h44.45.045,SandwichStudy,3.2.4,MacIntel,60,"[""space""]",[0.01100015640258789],1,0,80,37,1,79,Vegan turkey,Provolone cheese,Vinaigrette,Coleslaw,Mayonnaise,,,,Vegan bacon,Tomatoes,Lettuce,Mayonnaise,,,,,5,5,4,1000,0,1000,0,1,999,,,,,,,,,,,,,,,
,,,,,,,,,,,,,66979,2020-02-27_19h44.45.045,SandwichStudy,3.2.4,MacIntel,60,"[""a""]",[0.36300015449523926],1,0,80,37,1,79,Vegan turkey,Provolone cheese,Vinaigrette,Coleslaw,Mayonnaise,,,,Vegan bacon,Tomatoes,Lettuce,Mayonnaise,,,,,5,5,4,1000,0,1000,0,1,999,,,,,,,,,,,,,,,
,,,,,,,,,,,,,66979,2020-02-27_19h44.45.045,SandwichStudy,3.2.4,MacIntel,60,"[""space""]",[0.39300012588500977],1,0,80,74,1,79,Spinach,Tomatoes,Cucumbers,Onions,Peppers,Avocado,Mayonnaise,,Vegan bacon,Tomatoes,Avocado,Pesto,,,,,7,7,4,1000,0,1000,0,1,999,,,,,,,,,,,,,,,
,,,,,,,,,,,,,66979,2020-02-27_19h44.45.045,SandwichStudy,3.2.4,MacIntel,60,"[""space""]",[0.0690000057220459],1,0,80,74,1,79,Spinach,Tomatoes,Cucumbers,Onions,Peppers,Avocado,Mayonnaise,,Vegan bacon,Tomatoes,Avocado,Pesto,,,,,7,7,4,1000,0,1000,0,1,999,,,,,,,,,,,,,,,
,,,,,,,,,,,,,66979,2020-02-27_19h44.45.045,SandwichStudy,3.2.4,MacIntel,60,"[""l""]",[0.34400010108947754],1,0,80,74,1,79,Spinach,Tomatoes,Cucumbers,Onions,Peppers,Avocado,Mayonnaise,,Vegan bacon,Tomatoes,Avocado,Pesto,,,,,7,7,4,1000,0,1000,0,1,999,,,,,,,,,,,,,,,
,,,,,,,,,,,,,66979,2020-02-27_19h44.45.045,SandwichStudy,3.2.4,MacIntel,60,"[""space""]",[0.43900012969970703],1,0,80,0,1,79,Provolone cheese,Swiss cheese,Cheddar cheese,Parmesan cheese,Tomatoes,Mustard,,,Soy chicken,Garlic aioli,Pickles,Cucumbers,Jalapenos,Basil,,,6,6,6,1000,0,1000,0,1,999,,,,,,,,,,,,,,,
,,,,,,,,,,,,,66979,2020-02-27_19h44.45.045,SandwichStudy,3.2.4,MacIntel,60,"[""space""]",[0.06999993324279785],1,0,80,0,1,79,Provolone cheese,Swiss cheese,Cheddar cheese,Parmesan cheese,Tomatoes,Mustard,,,Soy chicken,Garlic aioli,Pickles,Cucumbers,Jalapenos,Basil,,,6,6,6,1000,0,1000,0,1,999,,,,,,,,,,,,,,,
,,,,,,,,,,,,,66979,2020-02-27_19h44.45.045,SandwichStudy,3.2.4,MacIntel,60,"[""space""]",[0.9110002517700195],1,0,80,0,1,79,Provolone cheese,Swiss cheese,Cheddar cheese,Parmesan cheese,Tomatoes,Mustard,,,Soy chicken,Garlic aioli,Pickles,Cucumbers,Jalapenos,Basil,,,6,6,6,1000,0,1000,0,1,999,,,,,,,,,,,,,,,
,,,,,,,,,,,,,66979,2020-02-27_19h44.45.045,SandwichStudy,3.2.4,MacIntel,60,"[""space""]",[0.1380002498626709],1,0,80,0,1,79,Provolone cheese,Swiss cheese,Cheddar cheese,Parmesan cheese,Tomatoes,Mustard,,,Soy chicken,Garlic aioli,Pickles,Cucumbers,Jalapenos,Basil,,,6,6,6,1000,0,1000,0,1,999,,,,,,,,,,,,,,,
,,,,,,,,,,,,,66979,2020-02-27_19h44.45.045,SandwichStudy,3.2.4,MacIntel,60,"[""a""]",[2.370000123977661],1,0,80,0,1,79,Provolone cheese,Swiss cheese,Cheddar cheese,Parmesan cheese,Tomatoes,Mustard,,,Soy chicken,Garlic aioli,Pickles,Cucumbers,Jalapenos,Basil,,,6,6,6,1000,0,1000,0,1,999,,,,,,,,,,,,,,,
,,,,,,,,,,,,,66979,2020-02-27_19h44.45.045,SandwichStudy,3.2.4,MacIntel,60,"[""l""]",[0.562000036239624],1,0,80,35,1,79,Falafel,Garlic aioli,Cucumbers,Peppers,Arugula,,,,Hummus,Feta cheese,Artichoke hearts,Cucumbers,Peppers,,,,5,5,5,1000,0,1000,0,1,999,,,,,,,,,,,,,,,
,,,,,,,,,,,,,66979,2020-02-27_19h44.45.045,SandwichStudy,3.2.4,MacIntel,60,"[""space""]",[0.43600010871887207],1,0,80,17,1,79,Hummus,Cucumbers,Tomatoes,Onions,Spinach,Peppers,Sprouts,,Artichoke hearts,Feta cheese,Provolone cheese,Mayonnaise,Onions,Tomatoes,Pickles,,7,7,7,1000,0,1000,0,1,999,,,,,,,,,,,,,,,
,,,,,,,,,,,,,66979,2020-02-27_19h44.45.045,SandwichStudy,3.2.4,MacIntel,60,"[""space""]",[0.04399991035461426],1,0,80,17,1,79,Hummus,Cucumbers,Tomatoes,Onions,Spinach,Peppers,Sprouts,,Artichoke hearts,Feta cheese,Provolone cheese,Mayonnaise,Onions,Tomatoes,Pickles,,7,7,7,1000,0,1000,0,1,999,,,,,,,,,,,,,,,
,,,,,,,,,,,,,66979,2020-02-27_19h44.45.045,SandwichStudy,3.2.4,MacIntel,60,"[""a""]",[1.7200000286102295],1,0,80,17,1,79,Hummus,Cucumbers,Tomatoes,Onions,Spinach,Peppers,Sprouts,,Artichoke hearts,Feta cheese,Provolone cheese,Mayonnaise,Onions,Tomatoes,Pickles,,7,7,7,1000,0,1000,0,1,999,,,,,,,,,,,,,,,
,,,,,,,,,,,,,66979,2020-02-27_19h44.45.045,SandwichStudy,3.2.4,MacIntel,60,"[""space""]",[0.27700018882751465],1,0,80,18,1,79,Provolone cheese,Tomatoes,Pesto,Cheddar cheese,,,,,Guacamole,Hummus,Feta cheese,Mixed greens,Onions,Tomatoes,Pickles,Mushrooms,8,4,8,1000,0,1000,0,1,999,,,,,,,,,,,,,,,
,,,,,,,,,,,,,66979,2020-02-27_19h44.45.045,SandwichStudy,3.2.4,MacIntel,60,"[""space""]",[0.2220001220703125],1,0,80,18,1,79,Provolone cheese,Tomatoes,Pesto,Cheddar cheese,,,,,Guacamole,Hummus,Feta cheese,Mixed greens,Onions,Tomatoes,Pickles,Mushrooms,8,4,8,1000,0,1000,0,1,999,,,,,,,,,,,,,,,
,,,,,,,,,,,,,66979,2020-02-27_19h44.45.045,SandwichStudy,3.2.4,MacIntel,60,"[""l""]",[0.0710000991821289],1,0,80,18,1,79,Provolone cheese,Tomatoes,Pesto,Cheddar cheese,,,,,Guacamole,Hummus,Feta cheese,Mixed greens,Onions,Tomatoes,Pickles,Mushrooms,8,4,8,1000,0,1000,0,1,999,,,,,,,,,,,,,,,
,,,,,,,,,,,,,66979,2020-02-27_19h44.45.045,SandwichStudy,3.2.4,MacIntel,60,"[""space""]",[0.06999993324279785],1,0,80,36,1,79,Swiss cheese,Cheddar cheese,Pepper jack cheese,Onions,Tomatoes,,,,Sprouts,Avocado,Onions,Tomatoes,Cucumbers,Spinach,Garlic aioli,,7,5,7,1000,0,1000,0,1,999,,,,,,,,,,,,,,,
,,,,,,,,,,,,,66979,2020-02-27_19h44.45.045,SandwichStudy,3.2.4,MacIntel,60,"[""space""]",[0.23600029945373535],1,0,80,36,1,79,Swiss cheese,Cheddar cheese,Pepper jack cheese,Onions,Tomatoes,,,,Sprouts,Avocado,Onions,Tomatoes,Cucumbers,Spinach,Garlic aioli,,7,5,7,1000,0,1000,0,1,999,,,,,,,,,,,,,,,
,,,,,,,,,,,,,66979,2020-02-27_19h44.45.045,SandwichStudy,3.2.4,MacIntel,60,"[""space""]",[0.2070002555847168],1,0,80,36,1,79,Swiss cheese,Cheddar cheese,Pepper jack cheese,Onions,Tomatoes,,,,Sprouts,Avocado,Onions,Tomatoes,Cucumbers,Spinach,Garlic aioli,,7,5,7,1000,0,1000,0,1,999,,,,,,,,,,,,,,,
,,,,,,,,,,,,,66979,2020-02-27_19h44.45.045,SandwichStudy,3.2.4,MacIntel,60,"[""l""]",[0.15199995040893555],1,0,80,36,1,79,Swiss cheese,Cheddar cheese,Pepper jack cheese,Onions,Tomatoes,,,,Sprouts,Avocado,Onions,Tomatoes,Cucumbers,Spinach,Garlic aioli,,7,5,7,1000,0,1000,0,1,999,,,,,,,,,,,,,,,
,,,,,,,,,,,,,66979,2020-02-27_19h44.45.045,SandwichStudy,3.2.4,MacIntel,60,"[""space""]",[0.2109999656677246],1,0,80,53,1,79,Soy chicken,Pepper jack cheese,Tomatoes,Lettuce,Onions,Garlic aioli,,,Mushrooms,Swiss cheese,Provolone cheese,Cheddar cheese,Lettuce,Tomatoes,,,6,6,6,1000,0,1000,0,1,999,,,,,,,,,,,,,,,
,,,,,,,,,,,,,66979,2020-02-27_19h44.45.045,SandwichStudy,3.2.4,MacIntel,60,"[""space""]",[0.13499999046325684],1,0,80,53,1,79,Soy chicken,Pepper jack cheese,Tomatoes,Lettuce,Onions,Garlic aioli,,,Mushrooms,Swiss cheese,Provolone cheese,Cheddar cheese,Lettuce,Tomatoes,,,6,6,6,1000,0,1000,0,1,999,,,,,,,,,,,,,,,
,,,,,,,,,,,,,66979,2020-02-27_19h44.45.045,SandwichStudy,3.2.4,MacIntel,60,"[""a""]",[1.7940001487731934],1,0,80,53,1,79,Soy chicken,Pepper jack cheese,Tomatoes,Lettuce,Onions,Garlic aioli,,,Mushrooms,Swiss cheese,Provolone cheese,Cheddar cheese,Lettuce,Tomatoes,,,6,6,6,1000,0,1000,0,1,999,,,,,,,,,,,,,,,
,,,,,,,,,,,,,66979,2020-02-27_19h44.45.045,SandwichStudy,3.2.4,MacIntel,60,"[""space""]",[0.3430001735687256],1,0,80,15,1,79,Mixed greens,Onions,Hummus,Olives,Cucumbers,Sprouts,Tomatoes,,Mozzarella cheese,Peppers,Pesto,Mixed greens,Mayonnaise,,,,7,7,5,1000,0,1000,0,1,999,,,,,,,,,,,,,,,
,,,,,,,,,,,,,66979,2020-02-27_19h44.45.045,SandwichStudy,3.2.4,MacIntel,60,"[""space""]",[0.3470001220703125],1,0,80,15,1,79,Mixed greens,Onions,Hummus,Olives,Cucumbers,Sprouts,Tomatoes,,Mozzarella cheese,Peppers,Pesto,Mixed greens,Mayonnaise,,,,7,7,5,1000,0,1000,0,1,999,,,,,,,,,,,,,,,
,,,,,,,,,,,,,66979,2020-02-27_19h44.45.045,SandwichStudy,3.2.4,MacIntel,60,"[""space""]",[0.24499988555908203],1,0,80,15,1,79,Mixed greens,Onions,Hummus,Olives,Cucumbers,Sprouts,Tomatoes,,Mozzarella cheese,Peppers,Pesto,Mixed greens,Mayonnaise,,,,7,7,5,1000,0,1000,0,1,999,,,,,,,,,,,,,,,
,,,,,,,,,,,,,66979,2020-02-27_19h44.45.045,SandwichStudy,3.2.4,MacIntel,60,"[""space""]",[0.24600005149841309],1,0,80,15,1,79,Mixed greens,Onions,Hummus,Olives,Cucumbers,Sprouts,Tomatoes,,Mozzarella cheese,Peppers,Pesto,Mixed greens,Mayonnaise,,,,7,7,5,1000,0,1000,0,1,999,,,,,,,,,,,,,,,
,,,,,,,,,,,,,66979,2020-02-27_19h44.45.045,SandwichStudy,3.2.4,MacIntel,60,"[""space""]",[0.37800002098083496],1,0,80,15,1,79,Mixed greens,Onions,Hummus,Olives,Cucumbers,Sprouts,Tomatoes,,Mozzarella cheese,Peppers,Pesto,Mixed greens,Mayonnaise,,,,7,7,5,1000,0,1000,0,1,999,,,,,,,,,,,,,,,
,,,,,,,,,,,,,66979,2020-02-27_19h44.45.045,SandwichStudy,3.2.4,MacIntel,60,"[""l""]",[0.9609999656677246],1,0,80,15,1,79,Mixed greens,Onions,Hummus,Olives,Cucumbers,Sprouts,Tomatoes,,Mozzarella cheese,Peppers,Pesto,Mixed greens,Mayonnaise,,,,7,7,5,1000,0,1000,0,1,999,,,,,,,,,,,,,,,
,,,,,,,,,,,,,66979,2020-02-27_19h44.45.045,SandwichStudy,3.2.4,MacIntel,60,"[""space""]",[7.543000221252441],1,0,80,45,1,79,Peppers,Provolone cheese,Cucumbers,Mixed greens,Tomatoes,Onions,Hummus,,Pesto,Tomatoes,Provolone cheese,,,,,,7,7,3,1000,0,1000,0,1,999,,,,,,,,,,,,,,,
,,,,,,,,,,,,,66979,2020-02-27_19h44.45.045,SandwichStudy,3.2.4,MacIntel,60,"[""space""]",[0.31800007820129395],1,0,80,45,1,79,Peppers,Provolone cheese,Cucumbers,Mixed greens,Tomatoes,Onions,Hummus,,Pesto,Tomatoes,Provolone cheese,,,,,,7,7,3,1000,0,1000,0,1,999,,,,,,,,,,,,,,,
,,,,,,,,,,,,,66979,2020-02-27_19h44.45.045,SandwichStudy,3.2.4,MacIntel,60,"[""space""]",[0.13500022888183594],1,0,80,45,1,79,Peppers,Provolone cheese,Cucumbers,Mixed greens,Tomatoes,Onions,Hummus,,Pesto,Tomatoes,Provolone cheese,,,,,,7,7,3,1000,0,1000,0,1,999,,,,,,,,,,,,,,,
,,,,,,,,,,,,,66979,2020-02-27_19h44.45.045,SandwichStudy,3.2.4,MacIntel,60,"[""l""]",[0.05200028419494629],1,0,80,45,1,79,Peppers,Provolone cheese,Cucumbers,Mixed greens,Tomatoes,Onions,Hummus,,Pesto,Tomatoes,Provolone cheese,,,,,,7,7,3,1000,0,1000,0,1,999,,,,,,,,,,,,,,,
,,,,,,,,,,,,,66979,2020-02-27_19h44.45.045,SandwichStudy,3.2.4,MacIntel,60,"[""space""]",[0.3540000915527344],1,0,80,34,1,79,Black bean patty,Onions,Peppers,Provolone cheese,,,,,Black bean patty,American cheese,Cheddar cheese,Lettuce,Tomatoes,,,,5,4,5,1000,0,1000,0,1,999,,,,,,,,,,,,,,,
,,,,,,,,,,,,,66979,2020-02-27_19h44.45.045,SandwichStudy,3.2.4,MacIntel,60,"[""space""]",[0.0690000057220459],1,0,80,34,1,79,Black bean patty,Onions,Peppers,Provolone cheese,,,,,Black bean patty,American cheese,Cheddar cheese,Lettuce,Tomatoes,,,,5,4,5,1000,0,1000,0,1,999,,,,,,,,,,,,,,,
,,,,,,,,,,,,,66979,2020-02-27_19h44.45.045,SandwichStudy,3.2.4,MacIntel,60,"[""a""]",[1.1720001697540283],1,0,80,34,1,79,Black bean patty,Onions,Peppers,Provolone cheese,,,,,Black bean patty,American cheese,Cheddar cheese,Lettuce,Tomatoes,,,,5,4,5,1000,0,1000,0,1,999,,,,,,,,,,,,,,,
,,,,,,,,,,,,,66979,2020-02-27_19h44.45.045,SandwichStudy,3.2.4,MacIntel,60,"[""space""]",[0.127000093460083],1,0,80,44,1,79,Avocado,Tomatoes,Lettuce,Sprouts,Guacamole,Vinaigrette,,,Provolone cheese,Avocado,Cucumbers,Lettuce,Tomatoes,Onions,Sprouts,Mayonnaise,8,6,8,1000,0,1000,0,1,999,,,,,,,,,,,,,,,
,,,,,,,,,,,,,66979,2020-02-27_19h44.45.045,SandwichStudy,3.2.4,MacIntel,60,"[""space""]",[3.8450002670288086],1,0,80,44,1,79,Avocado,Tomatoes,Lettuce,Sprouts,Guacamole,Vinaigrette,,,Provolone cheese,Avocado,Cucumbers,Lettuce,Tomatoes,Onions,Sprouts,Mayonnaise,8,6,8,1000,0,1000,0,1,999,,,,,,,,,,,,,,,
,,,,,,,,,,,,,66979,2020-02-27_19h44.45.045,SandwichStudy,3.2.4,MacIntel,60,"[""l""]",[1.0520000457763672],1,0,80,44,1,79,Avocado,Tomatoes,Lettuce,Sprouts,Guacamole,Vinaigrette,,,Provolone cheese,Avocado,Cucumbers,Lettuce,Tomatoes,Onions,Sprouts,Mayonnaise,8,6,8,1000,0,1000,0,1,999,,,,,,,,,,,,,,,
,,,,,,,,,,,,,66979,2020-02-27_19h44.45.045,SandwichStudy,3.2.4,MacIntel,60,"[""space""]",[0.7969999313354492],1,0,80,26,1,79,Avocado,Onions,Cucumbers,Spinach,Cheddar cheese,,,,Hummus,Avocado,Tomatoes,Arugula,Mayonnaise,,,,5,5,5,1000,0,1000,0,1,999,,,,,,,,,,,,,,,
,,,,,,,,,,,,,66979,2020-02-27_19h44.45.045,SandwichStudy,3.2.4,MacIntel,60,"[""space""]",[13.523000240325928],1,0,80,26,1,79,Avocado,Onions,Cucumbers,Spinach,Cheddar cheese,,,,Hummus,Avocado,Tomatoes,Arugula,Mayonnaise,,,,5,5,5,1000,0,1000,0,1,999,,,,,,,,,,,,,,,
,,,,,,,,,,,,,66979,2020-02-27_19h44.45.045,SandwichStudy,3.2.4,MacIntel,60,"[""l""]",[1.7699999809265137],1,0,80,26,1,79,Avocado,Onions,Cucumbers,Spinach,Cheddar cheese,,,,Hummus,Avocado,Tomatoes,Arugula,Mayonnaise,,,,5,5,5,1000,0,1000,0,1,999,,,,,,,,,,,,,,,
,,,,,,,,,,,,,66979,2020-02-27_19h44.45.045,SandwichStudy,3.2.4,MacIntel,60,"[""space""]",[0.3730001449584961],1,0,80,49,1,79,Soy chicken,Pesto,Mixed greens,Tomatoes,Onions,,,,Avocado,Vegan bacon,Garlic aioli,Lettuce,Tomatoes,Onions,,,6,5,6,1000,0,1000,0,1,999,,,,,,,,,,,,,,,
,,,,,,,,,,,,,66979,2020-02-27_19h44.45.045,SandwichStudy,3.2.4,MacIntel,60,"[""space""]",[0.5110001564025879],1,0,80,49,1,79,Soy chicken,Pesto,Mixed greens,Tomatoes,Onions,,,,Avocado,Vegan bacon,Garlic aioli,Lettuce,Tomatoes,Onions,,,6,5,6,1000,0,1000,0,1,999,,,,,,,,,,,,,,,
,,,,,,,,,,,,,66979,2020-02-27_19h44.45.045,SandwichStudy,3.2.4,MacIntel,60,"[""a""]",[0.21000003814697266],1,0,80,49,1,79,Soy chicken,Pesto,Mixed greens,Tomatoes,Onions,,,,Avocado,Vegan bacon,Garlic aioli,Lettuce,Tomatoes,Onions,,,6,5,6,1000,0,1000,0,1,999,,,,,,,,,,,,,,,
,,,,,,,,,,,,,66979,2020-02-27_19h44.45.045,SandwichStudy,3.2.4,MacIntel,60,"[""space""]",[0.40199995040893555],1,0,80,3,1,79,Egg salad,Lettuce,Tomatoes,Onions,,,,,Peppers,Tomatoes,Basil,Spinach,Hummus,Pesto,Olives,,7,4,7,1000,0,1000,0,1,999,,,,,,,,,,,,,,,
,,,,,,,,,,,,,66979,2020-02-27_19h44.45.045,SandwichStudy,3.2.4,MacIntel,60,"[""a""]",[0.06999993324279785],1,0,80,3,1,79,Egg salad,Lettuce,Tomatoes,Onions,,,,,Peppers,Tomatoes,Basil,Spinach,Hummus,Pesto,Olives,,7,4,7,1000,0,1000,0,1,999,,,,,,,,,,,,,,,
,,,,,,,,,,,,,66979,2020-02-27_19h44.45.045,SandwichStudy,3.2.4,MacIntel,60,"[""space""]",[0.07599997520446777],1,0,80,63,1,79,Mozzarella cheese,Peppers,Pesto,Mixed greens,Mayonnaise,,,,Hummus,Guacamole,Tomatoes,Lettuce,Sprouts,,,,5,5,5,1000,0,1000,0,1,999,,,,,,,,,,,,,,,
,,,,,,,,,,,,,66979,2020-02-27_19h44.45.045,SandwichStudy,3.2.4,MacIntel,60,"[""space""]",[0.051000118255615234],1,0,80,63,1,79,Mozzarella cheese,Peppers,Pesto,Mixed greens,Mayonnaise,,,,Hummus,Guacamole,Tomatoes,Lettuce,Sprouts,,,,5,5,5,1000,0,1000,0,1,999,,,,,,,,,,,,,,,
,,,,,,,,,,,,,66979,2020-02-27_19h44.45.045,SandwichStudy,3.2.4,MacIntel,60,"[""a""]",[0.2220001220703125],1,0,80,63,1,79,Mozzarella cheese,Peppers,Pesto,Mixed greens,Mayonnaise,,,,Hummus,Guacamole,Tomatoes,Lettuce,Sprouts,,,,5,5,5,1000,0,1000,0,1,999,,,,,,,,,,,,,,,
,,,,,,,,,,,,,66979,2020-02-27_19h44.45.045,SandwichStudy,3.2.4,MacIntel,60,"[""space""]",[0.40400004386901855],1,0,80,25,1,79,Vegan turkey,Cucumbers,Tomatoes,Onions,Sprouts,Avocado,Mayonnaise,,Sprouts,Cucumbers,Onions,Spinach,Tomatoes,Vinaigrette,,,7,7,6,1000,0,1000,0,1,999,,,,,,,,,,,,,,,
,,,,,,,,,,,,,66979,2020-02-27_19h44.45.045,SandwichStudy,3.2.4,MacIntel,60,"[""space""]",[1.4030001163482666],1,0,80,25,1,79,Vegan turkey,Cucumbers,Tomatoes,Onions,Sprouts,Avocado,Mayonnaise,,Sprouts,Cucumbers,Onions,Spinach,Tomatoes,Vinaigrette,,,7,7,6,1000,0,1000,0,1,999,,,,,,,,,,,,,,,
,,,,,,,,,,,,,66979,2020-02-27_19h44.45.045,SandwichStudy,3.2.4,MacIntel,60,"[""space""]",[0.17600011825561523],1,0,80,25,1,79,Vegan turkey,Cucumbers,Tomatoes,Onions,Sprouts,Avocado,Mayonnaise,,Sprouts,Cucumbers,Onions,Spinach,Tomatoes,Vinaigrette,,,7,7,6,1000,0,1000,0,1,999,,,,,,,,,,,,,,,
,,,,,,,,,,,,,66979,2020-02-27_19h44.45.045,SandwichStudy,3.2.4,MacIntel,60,"[""a""]",[0.939000129699707],1,0,80,25,1,79,Vegan turkey,Cucumbers,Tomatoes,Onions,Sprouts,Avocado,Mayonnaise,,Sprouts,Cucumbers,Onions,Spinach,Tomatoes,Vinaigrette,,,7,7,6,1000,0,1000,0,1,999,,,,,,,,,,,,,,,
,,,,,,,,,,,,,66979,2020-02-27_19h44.45.045,SandwichStudy,3.2.4,MacIntel,60,"[""space""]",[0.252000093460083],1,0,80,29,1,79,Mushrooms,Peppers,Artichoke hearts,Spinach,Pesto,,,,Tomatoes,Mozzarella cheese,Pesto,Vinaigrette,Spinach,,,,5,5,5,1000,0,1000,0,1,999,,,,,,,,,,,,,,,
,,,,,,,,,,,,,66979,2020-02-27_19h44.45.045,SandwichStudy,3.2.4,MacIntel,60,"[""space""]",[0.35200023651123047],1,0,80,29,1,79,Mushrooms,Peppers,Artichoke hearts,Spinach,Pesto,,,,Tomatoes,Mozzarella cheese,Pesto,Vinaigrette,Spinach,,,,5,5,5,1000,0,1000,0,1,999,,,,,,,,,,,,,,,
,,,,,,,,,,,,,66979,2020-02-27_19h44.45.045,SandwichStudy,3.2.4,MacIntel,60,"[""a""]",[0.5099999904632568],1,0,80,29,1,79,Mushrooms,Peppers,Artichoke hearts,Spinach,Pesto,,,,Tomatoes,Mozzarella cheese,Pesto,Vinaigrette,Spinach,,,,5,5,5,1000,0,1000,0,1,999,,,,,,,,,,,,,,,
,,,,,,,,,,,,,66979,2020-02-27_19h44.45.045,SandwichStudy,3.2.4,MacIntel,60,"[""space""]",[0.02700018882751465],1,0,80,79,1,79,Artichoke hearts,Mushrooms,Pesto,Provolone cheese,,,,,Vegan turkey,Provolone cheese,Vinaigrette,Coleslaw,Mayonnaise,,,,5,4,5,1000,0,1000,0,1,999,,,,,,,,,,,,,,,
,,,,,,,,,,,,,66979,2020-02-27_19h44.45.045,SandwichStudy,3.2.4,MacIntel,60,"[""space""]",[0.03600001335144043],1,0,80,79,1,79,Artichoke hearts,Mushrooms,Pesto,Provolone cheese,,,,,Vegan turkey,Provolone cheese,Vinaigrette,Coleslaw,Mayonnaise,,,,5,4,5,1000,0,1000,0,1,999,,,,,,,,,,,,,,,
,,,,,,,,,,,,,66979,2020-02-27_19h44.45.045,SandwichStudy,3.2.4,MacIntel,60,"[""a""]",[1.4730002880096436],1,0,80,79,1,79,Artichoke hearts,Mushrooms,Pesto,Provolone cheese,,,,,Vegan turkey,Provolone cheese,Vinaigrette,Coleslaw,Mayonnaise,,,,5,4,5,1000,0,1000,0,1,999,,,,,,,,,,,,,,,
,,,,,,,,,,,,,66979,2020-02-27_19h44.45.045,SandwichStudy,3.2.4,MacIntel,60,"[""space""]",[0.40599989891052246],1,0,80,41,1,79,Swiss cheese,Hummus,Peppers,Mixed greens,Onions,Tomatoes,Pickles,Olives,Hummus,Avocado,Tomatoes,Arugula,Mayonnaise,,,,8,8,5,1000,0,1000,0,1,999,,,,,,,,,,,,,,,
,,,,,,,,,,,,,66979,2020-02-27_19h44.45.045,SandwichStudy,3.2.4,MacIntel,60,"[""space""]",[0.04400014877319336],1,0,80,41,1,79,Swiss cheese,Hummus,Peppers,Mixed greens,Onions,Tomatoes,Pickles,Olives,Hummus,Avocado,Tomatoes,Arugula,Mayonnaise,,,,8,8,5,1000,0,1000,0,1,999,,,,,,,,,,,,,,,
,,,,,,,,,,,,,66979,2020-02-27_19h44.45.045,SandwichStudy,3.2.4,MacIntel,60,"[""space""]",[2.01200008392334],1,0,80,41,1,79,Swiss cheese,Hummus,Peppers,Mixed greens,Onions,Tomatoes,Pickles,Olives,Hummus,Avocado,Tomatoes,Arugula,Mayonnaise,,,,8,8,5,1000,0,1000,0,1,999,,,,,,,,,,,,,,,
,,,,,,,,,,,,,66979,2020-02-27_19h44.45.045,SandwichStudy,3.2.4,MacIntel,60,"[""a""]",[0.15900015830993652],1,0,80,41,1,79,Swiss cheese,Hummus,Peppers,Mixed greens,Onions,Tomatoes,Pickles,Olives,Hummus,Avocado,Tomatoes,Arugula,Mayonnaise,,,,8,8,5,1000,0,1000,0,1,999,,,,,,,,,,,,,,,
,,,,,,,,,,,,,66979,2020-02-27_19h44.45.045,SandwichStudy,3.2.4,MacIntel,60,"[""space""]",[1.059000015258789],1,0,80,6,1,79,Avocado,Pepper jack cheese,Sprouts,Spinach,Cucumbers,Onions,Mayonnaise,Tomatoes,Pepper jack cheese,Cream cheese,Guacamole,Mixed greens,Onions,Tomatoes,Pickles,Sprouts,8,8,8,1000,0,1000,0,1,999,,,,,,,,,,,,,,,
,,,,,,,,,,,,,66979,2020-02-27_19h44.45.045,SandwichStudy,3.2.4,MacIntel,60,"[""space""]",[0.3560001850128174],1,0,80,6,1,79,Avocado,Pepper jack cheese,Sprouts,Spinach,Cucumbers,Onions,Mayonnaise,Tomatoes,Pepper jack cheese,Cream cheese,Guacamole,Mixed greens,Onions,Tomatoes,Pickles,Sprouts,8,8,8,1000,0,1000,0,1,999,,,,,,,,,,,,,,,
,,,,,,,,,,,,,66979,2020-02-27_19h44.45.045,SandwichStudy,3.2.4,MacIntel,60,"[""a""]",[1.7139999866485596],1,0,80,6,1,79,Avocado,Pepper jack cheese,Sprouts,Spinach,Cucumbers,Onions,Mayonnaise,Tomatoes,Pepper jack cheese,Cream cheese,Guacamole,Mixed greens,Onions,Tomatoes,Pickles,Sprouts,8,8,8,1000,0,1000,0,1,999,,,,,,,,,,,,,,,
,,,,,,,,,,,,,66979,2020-02-27_19h44.45.045,SandwichStudy,3.2.4,MacIntel,60,,,,,,,,,,,,,,,,,,,,,,,,,,,,,,,,,,space,1.518000126,,,space,7.29700017,1,0,10,8,1,9,Cheddar cheese,,
,,,,,,,,,,,,,66979,2020-02-27_19h44.45.045,SandwichStudy,3.2.4,MacIntel,60,,,,,,,,,,,,,,,,,,,,,,,,,,,,,,,,,,,,,,space,4.804000139,1,0,10,9,1,9,Mayonnaise,,
,,,,,,,,,,,,,66979,2020-02-27_19h44.45.045,SandwichStudy,3.2.4,MacIntel,60,,,,,,,,,,,,,,,,,,,,,,,,,,,,,,,,,,,,,,space,4.40500021,1,0,10,4,1,9,Avocado,,
,,,,,,,,,,,,,66979,2020-02-27_19h44.45.045,SandwichStudy,3.2.4,MacIntel,60,,,,,,,,,,,,,,,,,,,,,,,,,,,,,,,,,,,,,,space,2.930000305,1,0,10,2,1,9,Cucumbers,,
,,,,,,,,,,,,,66979,2020-02-27_19h44.45.045,SandwichStudy,3.2.4,MacIntel,60,,,,,,,,,,,,,,,,,,,,,,,,,,,,,,,,,,,,,,space,3.039000034,1,0,10,6,1,9,Provolone cheese,,
,,,,,,,,,,,,,66979,2020-02-27_19h44.45.045,SandwichStudy,3.2.4,MacIntel,60,,,,,,,,,,,,,,,,,,,,,,,,,,,,,,,,,,,,,,space,2.039000273,1,0,10,7,1,9,Peppers,,
,,,,,,,,,,,,,66979,2020-02-27_19h44.45.045,SandwichStudy,3.2.4,MacIntel,60,,,,,,,,,,,,,,,,,,,,,,,,,,,,,,,,,,,,,,space,1.710000038,1,0,10,0,1,9,Tomatoes,,
,,,,,,,,,,,,,66979,2020-02-27_19h44.45.045,SandwichStudy,3.2.4,MacIntel,60,,,,,,,,,,,,,,,,,,,,,,,,,,,,,,,,,,,,,,space,2.381000042,1,0,10,1,1,9,Onions,,
,,,,,,,,,,,,,66979,2020-02-27_19h44.45.045,SandwichStudy,3.2.4,MacIntel,60,,,,,,,,,,,,,,,,,,,,,,,,,,,,,,,,,,,,,,space,1.69900012,1,0,10,3,1,9,Lettuce,,
,,,,,,,,,,,,,66979,2020-02-27_19h44.45.045,SandwichStudy,3.2.4,MacIntel,60,,,,,,,,,,,,,,,,,,,,,,,,,,,,,,,,,,,,,,space,1.648000002,1,0,10,5,1,9,Sprouts,,
,,,,,,,,,,,,,66979,2020-02-27_19h44.45.045,SandwichStudy,3.2.4,MacIntel,60,,,,,,,,,,,,,,,,,,,,,,,,,,,,,,,,,,,,,,,,,,,,,,,return,17.18600011
