sequence,key_resp_4.keys,key_resp_4.rt,VegResp.keys,VegResp.rt,ConfirmResp.keys,ConfirmResp.rt,VegQuestionLoop.thisRepN,VegQuestionLoop.thisTrialN,VegQuestionLoop.thisN,VegQuestionLoop.thisIndex,VegQuestionLoop.ran,VegQuestionLoop.order,participant,date,expName,psychopyVersion,OS,frameRate,Decision.keys,Decision.rt,trials.thisRepN,trials.thisTrialN,trials.thisN,trials.thisIndex,trials.ran,trials.order,s11,s12,s13,s14,s15,s16,s17,s18,s21,s22,s23,s24,s25,s26,s27,s28,IngsInRow,IngIn1,IngIn2,Iter.thisRepN,Iter.thisTrialN,Iter.thisN,Iter.thisIndex,Iter.ran,Iter.order,key_resp_2.keys,key_resp_2.rt,slider.response,slider.rt,key_resp_3.keys,key_resp_3.rt,RatingLoop.thisRepN,RatingLoop.thisTrialN,RatingLoop.thisN,RatingLoop.thisIndex,RatingLoop.ran,RatingLoop.order,ingredientforslider,key_resp.keys,key_resp.rt
"[0,1,0,0,1,1,0,0,1,0,0,0,1,0,0,0,0,0,0,0,1,0,0,1,0,0,1,0,0,1,1,0,1,1,1,1,1,1,1,0,0,0,0,1,0,1,0,1,1,0,0,0,1,0,0,0,0,1,0,0,0,0,1,1,0,1,1,0,1,1,1,0,0,1,1,0,1,0,1,1]",space,2.309999943,n,4.093999863,p,8.31799984,100,0,100,0,1,99,67174,2020-02-26_15h31.19.493,SandwichStudy,3.2.4,MacIntel,60,,,,,,,,,,,,,,,,,,,,,,,,,,,,,,,,,,,,,,,,,,,,,,,,
,,,,,,,,,,,,,67174,2020-02-26_15h31.19.493,SandwichStudy,3.2.4,MacIntel,60,"[""l""]",[7.018999814987183],1,0,80,18,1,79,Turkey,Bacon,Pepper jack cheese,Avocado,Ranch dressing,Spinach,Tomatoes,,Chicken,Bacon,Cheddar cheese,Swiss cheese,Spinach,Tomatoes,Mayonnaise,Mustard,8,7,8,1000,0,1000,0,1,999,,,,,,,,,,,,,,,
,,,,,,,,,,,,,67174,2020-02-26_15h31.19.493,SandwichStudy,3.2.4,MacIntel,60,"[""l""]",[3.549999952316284],1,0,80,64,1,79,Tuna,Basil,Cheddar cheese,Garlic aioli,Pickles,Onions,Tomatoes,Spinach,Turkey,Ham,Bacon,Provolone cheese,Lettuce,Tomatoes,Ranch dressing,,8,8,7,1000,0,1000,0,1,999,,,,,,,,,,,,,,,
,,,,,,,,,,,,,67174,2020-02-26_15h31.19.493,SandwichStudy,3.2.4,MacIntel,60,"[""l""]",[1.6969997882843018],1,0,80,50,1,79,Mozzarella cheese,Bell peppers,Pesto,Spinach,,,,,Chicken,Ham,Swiss cheese,Mayonnaise,,,,,4,4,4,1000,0,1000,0,1,999,,,,,,,,,,,,,,,
,,,,,,,,,,,,,67174,2020-02-26_15h31.19.493,SandwichStudy,3.2.4,MacIntel,60,"[""a""]",[2.317999839782715],1,0,80,23,1,79,Meatballs,Provolone cheese,Marinara sauce,Parmesan cheese,,,,,Turkey,Cheddar cheese,Bacon,,,,,,4,4,3,1000,0,1000,0,1,999,,,,,,,,,,,,,,,
,,,,,,,,,,,,,67174,2020-02-26_15h31.19.493,SandwichStudy,3.2.4,MacIntel,60,"[""l""]",[1.3449997901916504],1,0,80,8,1,79,Chicken,Ham,Swiss cheese,Mayonnaise,,,,,Pepperoni,Meatballs,Marinara sauce,Provolone cheese,Mushrooms,,,,5,4,5,1000,0,1000,0,1,999,,,,,,,,,,,,,,,
,,,,,,,,,,,,,67174,2020-02-26_15h31.19.493,SandwichStudy,3.2.4,MacIntel,60,"[""l""]",[3.5429999828338623],1,0,80,33,1,79,Bacon,Ham,Turkey,Mayonnaise,Mustard,Cheddar cheese,Tomatoes,Spinach,Turkey,Avocado,Bacon,Garlic aioli,Tomatoes,Spinach,Onions,,8,8,7,1000,0,1000,0,1,999,,,,,,,,,,,,,,,
,,,,,,,,,,,,,67174,2020-02-26_15h31.19.493,SandwichStudy,3.2.4,MacIntel,60,"[""l""]",[0.9029996395111084],1,0,80,67,1,79,Avocado,Onions,Cucumbers,,,,,,Meatballs,Provolone cheese,Marinara sauce,Parmesan cheese,,,,,4,3,4,1000,0,1000,0,1,999,,,,,,,,,,,,,,,
,,,,,,,,,,,,,67174,2020-02-26_15h31.19.493,SandwichStudy,3.2.4,MacIntel,60,"[""l""]",[0.06299996376037598],1,0,80,37,1,79,Turkey,Ham,Cheddar cheese,Mayonnaise,,,,,Chicken,Ham,Swiss cheese,Mayonnaise,Mustard,,,,5,4,5,1000,0,1000,0,1,999,,,,,,,,,,,,,,,
,,,,,,,,,,,,,67174,2020-02-26_15h31.19.493,SandwichStudy,3.2.4,MacIntel,60,"[""a""]",[3.2929999828338623],1,0,80,15,1,79,Pork,Cucumbers,Pickles,Jalapenos,Basil,Mayonnaise,,,Roast beef,Pastrami,Swiss cheese,Mustard,,,,,6,6,4,1000,0,1000,0,1,999,,,,,,,,,,,,,,,
,,,,,,,,,,,,,67174,2020-02-26_15h31.19.493,SandwichStudy,3.2.4,MacIntel,60,"[""a""]",[0.30299997329711914],1,0,80,24,1,79,Steak,Onions,Bell peppers,Provolone cheese,,,,,Tuna,Lettuce,Tomatoes,Mayonnaise,,,,,4,4,4,1000,0,1000,0,1,999,,,,,,,,,,,,,,,
,,,,,,,,,,,,,67174,2020-02-26_15h31.19.493,SandwichStudy,3.2.4,MacIntel,60,"[""l""]",[1.0789999961853027],1,0,80,45,1,79,Bell peppers,Provolone cheese,Cucumbers,Spinach,Tomatoes,Onions,Hummus,,Roast beef,Bacon,Turkey,Mayonnaise,,,,,7,7,4,1000,0,1000,0,1,999,,,,,,,,,,,,,,,
,,,,,,,,,,,,,67174,2020-02-26_15h31.19.493,SandwichStudy,3.2.4,MacIntel,60,"[""space""]",[4.996999740600586],1,0,80,9,1,79,Bacon,Turkey,Pepper jack cheese,Mustard,,,,,Bacon,Spinach,Tomatoes,Avocado,Mayonnaise,,,,5,4,5,1000,0,1000,0,1,999,,,,,,,,,,,,,,,
,,,,,,,,,,,,,67174,2020-02-26_15h31.19.493,SandwichStudy,3.2.4,MacIntel,60,"[""space""]",[1.6359996795654297],1,0,80,9,1,79,Bacon,Turkey,Pepper jack cheese,Mustard,,,,,Bacon,Spinach,Tomatoes,Avocado,Mayonnaise,,,,5,4,5,1000,0,1000,0,1,999,,,,,,,,,,,,,,,
,,,,,,,,,,,,,67174,2020-02-26_15h31.19.493,SandwichStudy,3.2.4,MacIntel,60,"[""l""]",[3.5119998455047607],1,0,80,9,1,79,Bacon,Turkey,Pepper jack cheese,Mustard,,,,,Bacon,Spinach,Tomatoes,Avocado,Mayonnaise,,,,5,4,5,1000,0,1000,0,1,999,,,,,,,,,,,,,,,
,,,,,,,,,,,,,67174,2020-02-26_15h31.19.493,SandwichStudy,3.2.4,MacIntel,60,"[""space""]",[0.45099973678588867],1,0,80,56,1,79,Turkey,Salami,Cheddar cheese,Mayonnaise,,,,,Turkey,Bacon,Avocado,Provolone cheese,Lettuce,Tomatoes,Onions,Ranch dressing,8,4,8,1000,0,1000,0,1,999,,,,,,,,,,,,,,,
,,,,,,,,,,,,,67174,2020-02-26_15h31.19.493,SandwichStudy,3.2.4,MacIntel,60,"[""space""]",[0.24299979209899902],1,0,80,56,1,79,Turkey,Salami,Cheddar cheese,Mayonnaise,,,,,Turkey,Bacon,Avocado,Provolone cheese,Lettuce,Tomatoes,Onions,Ranch dressing,8,4,8,1000,0,1000,0,1,999,,,,,,,,,,,,,,,
,,,,,,,,,,,,,67174,2020-02-26_15h31.19.493,SandwichStudy,3.2.4,MacIntel,60,"[""l""]",[4.659999847412109],1,0,80,56,1,79,Turkey,Salami,Cheddar cheese,Mayonnaise,,,,,Turkey,Bacon,Avocado,Provolone cheese,Lettuce,Tomatoes,Onions,Ranch dressing,8,4,8,1000,0,1000,0,1,999,,,,,,,,,,,,,,,
,,,,,,,,,,,,,67174,2020-02-26_15h31.19.493,SandwichStudy,3.2.4,MacIntel,60,"[""space""]",[0.06799983978271484],1,0,80,7,1,79,Mozzarella cheese,Bell peppers,Pesto,Spinach,,,,,Ham,Lettuce,Tomatoes,Mayonnaise,Mustard,,,,5,4,5,1000,0,1000,0,1,999,,,,,,,,,,,,,,,
,,,,,,,,,,,,,67174,2020-02-26_15h31.19.493,SandwichStudy,3.2.4,MacIntel,60,"[""space""]",[0.3269996643066406],1,0,80,7,1,79,Mozzarella cheese,Bell peppers,Pesto,Spinach,,,,,Ham,Lettuce,Tomatoes,Mayonnaise,Mustard,,,,5,4,5,1000,0,1000,0,1,999,,,,,,,,,,,,,,,
,,,,,,,,,,,,,67174,2020-02-26_15h31.19.493,SandwichStudy,3.2.4,MacIntel,60,"[""l""]",[1.809999704360962],1,0,80,7,1,79,Mozzarella cheese,Bell peppers,Pesto,Spinach,,,,,Ham,Lettuce,Tomatoes,Mayonnaise,Mustard,,,,5,4,5,1000,0,1000,0,1,999,,,,,,,,,,,,,,,
,,,,,,,,,,,,,67174,2020-02-26_15h31.19.493,SandwichStudy,3.2.4,MacIntel,60,"[""space""]",[0.3119997978210449],1,0,80,31,1,79,Spinach,Tomatoes,Cucumbers,Onions,Bell peppers,Avocado,Mayonnaise,,Turkey,Ham,Bacon,Swiss cheese,Lettuce,Tomatoes,Onions,,7,7,7,1000,0,1000,0,1,999,,,,,,,,,,,,,,,
,,,,,,,,,,,,,67174,2020-02-26_15h31.19.493,SandwichStudy,3.2.4,MacIntel,60,"[""space""]",[0.15400004386901855],1,0,80,31,1,79,Spinach,Tomatoes,Cucumbers,Onions,Bell peppers,Avocado,Mayonnaise,,Turkey,Ham,Bacon,Swiss cheese,Lettuce,Tomatoes,Onions,,7,7,7,1000,0,1000,0,1,999,,,,,,,,,,,,,,,
,,,,,,,,,,,,,67174,2020-02-26_15h31.19.493,SandwichStudy,3.2.4,MacIntel,60,"[""a""]",[3.556999683380127],1,0,80,31,1,79,Spinach,Tomatoes,Cucumbers,Onions,Bell peppers,Avocado,Mayonnaise,,Turkey,Ham,Bacon,Swiss cheese,Lettuce,Tomatoes,Onions,,7,7,7,1000,0,1000,0,1,999,,,,,,,,,,,,,,,
,,,,,,,,,,,,,67174,2020-02-26_15h31.19.493,SandwichStudy,3.2.4,MacIntel,60,"[""space""]",[0.3579998016357422],1,0,80,34,1,79,Avocado,Onions,Cucumbers,,,,,,Tuna,Basil,Cheddar cheese,Garlic aioli,Pickles,Onions,Tomatoes,Spinach,8,3,8,1000,0,1000,0,1,999,,,,,,,,,,,,,,,
,,,,,,,,,,,,,67174,2020-02-26_15h31.19.493,SandwichStudy,3.2.4,MacIntel,60,"[""space""]",[0.16099977493286133],1,0,80,34,1,79,Avocado,Onions,Cucumbers,,,,,,Tuna,Basil,Cheddar cheese,Garlic aioli,Pickles,Onions,Tomatoes,Spinach,8,3,8,1000,0,1000,0,1,999,,,,,,,,,,,,,,,
,,,,,,,,,,,,,67174,2020-02-26_15h31.19.493,SandwichStudy,3.2.4,MacIntel,60,"[""l""]",[0.03900003433227539],1,0,80,34,1,79,Avocado,Onions,Cucumbers,,,,,,Tuna,Basil,Cheddar cheese,Garlic aioli,Pickles,Onions,Tomatoes,Spinach,8,3,8,1000,0,1000,0,1,999,,,,,,,,,,,,,,,
,,,,,,,,,,,,,67174,2020-02-26_15h31.19.493,SandwichStudy,3.2.4,MacIntel,60,"[""space""]",[0.27899980545043945],1,0,80,52,1,79,Cheddar cheese,Avocado,Onions,Tomatoes,Mayonnaise,,,,Bacon,Ham,Turkey,Mayonnaise,Cheddar cheese,Tomatoes,Spinach,Swiss cheese,8,5,8,1000,0,1000,0,1,999,,,,,,,,,,,,,,,
,,,,,,,,,,,,,67174,2020-02-26_15h31.19.493,SandwichStudy,3.2.4,MacIntel,60,"[""space""]",[0.04999995231628418],1,0,80,52,1,79,Cheddar cheese,Avocado,Onions,Tomatoes,Mayonnaise,,,,Bacon,Ham,Turkey,Mayonnaise,Cheddar cheese,Tomatoes,Spinach,Swiss cheese,8,5,8,1000,0,1000,0,1,999,,,,,,,,,,,,,,,
,,,,,,,,,,,,,67174,2020-02-26_15h31.19.493,SandwichStudy,3.2.4,MacIntel,60,"[""a""]",[0.9709997177124023],1,0,80,52,1,79,Cheddar cheese,Avocado,Onions,Tomatoes,Mayonnaise,,,,Bacon,Ham,Turkey,Mayonnaise,Cheddar cheese,Tomatoes,Spinach,Swiss cheese,8,5,8,1000,0,1000,0,1,999,,,,,,,,,,,,,,,
,,,,,,,,,,,,,67174,2020-02-26_15h31.19.493,SandwichStudy,3.2.4,MacIntel,60,"[""space""]",[0.037999868392944336],1,0,80,29,1,79,Turkey,Garlic aioli,Bacon,Spinach,,,,,Chicken,Mayonnaise,Cheddar cheese,,,,,,4,4,3,1000,0,1000,0,1,999,,,,,,,,,,,,,,,
,,,,,,,,,,,,,67174,2020-02-26_15h31.19.493,SandwichStudy,3.2.4,MacIntel,60,"[""space""]",[0.2869999408721924],1,0,80,29,1,79,Turkey,Garlic aioli,Bacon,Spinach,,,,,Chicken,Mayonnaise,Cheddar cheese,,,,,,4,4,3,1000,0,1000,0,1,999,,,,,,,,,,,,,,,
,,,,,,,,,,,,,67174,2020-02-26_15h31.19.493,SandwichStudy,3.2.4,MacIntel,60,"[""l""]",[0.8659999370574951],1,0,80,29,1,79,Turkey,Garlic aioli,Bacon,Spinach,,,,,Chicken,Mayonnaise,Cheddar cheese,,,,,,4,4,3,1000,0,1000,0,1,999,,,,,,,,,,,,,,,
,,,,,,,,,,,,,67174,2020-02-26_15h31.19.493,SandwichStudy,3.2.4,MacIntel,60,"[""space""]",[0.008999824523925781],1,0,80,43,1,79,Meatballs,Provolone cheese,Onions,Marinara sauce,,,,,Chicken,Mozzarella cheese,Tomatoes,Pesto,Spinach,,,,5,4,5,1000,0,1000,0,1,999,,,,,,,,,,,,,,,
,,,,,,,,,,,,,67174,2020-02-26_15h31.19.493,SandwichStudy,3.2.4,MacIntel,60,"[""space""]",[0.7990000247955322],1,0,80,43,1,79,Meatballs,Provolone cheese,Onions,Marinara sauce,,,,,Chicken,Mozzarella cheese,Tomatoes,Pesto,Spinach,,,,5,4,5,1000,0,1000,0,1,999,,,,,,,,,,,,,,,
,,,,,,,,,,,,,67174,2020-02-26_15h31.19.493,SandwichStudy,3.2.4,MacIntel,60,"[""l""]",[0.5490000247955322],1,0,80,43,1,79,Meatballs,Provolone cheese,Onions,Marinara sauce,,,,,Chicken,Mozzarella cheese,Tomatoes,Pesto,Spinach,,,,5,4,5,1000,0,1000,0,1,999,,,,,,,,,,,,,,,
,,,,,,,,,,,,,67174,2020-02-26_15h31.19.493,SandwichStudy,3.2.4,MacIntel,60,"[""space""]",[0.006999969482421875],1,0,80,79,1,79,Salami,Roast beef,Turkey,Ham,Swiss cheese,Lettuce,Tomatoes,Mayonnaise,Turkey,Cheddar cheese,Mayonnaise,,,,,,8,8,3,1000,0,1000,0,1,999,,,,,,,,,,,,,,,
,,,,,,,,,,,,,67174,2020-02-26_15h31.19.493,SandwichStudy,3.2.4,MacIntel,60,"[""a""]",[0.33099985122680664],1,0,80,79,1,79,Salami,Roast beef,Turkey,Ham,Swiss cheese,Lettuce,Tomatoes,Mayonnaise,Turkey,Cheddar cheese,Mayonnaise,,,,,,8,8,3,1000,0,1000,0,1,999,,,,,,,,,,,,,,,
,,,,,,,,,,,,,67174,2020-02-26_15h31.19.493,SandwichStudy,3.2.4,MacIntel,60,"[""space""]",[0.41099977493286133],1,0,80,66,1,79,Bacon,Spinach,Tomatoes,Avocado,Mayonnaise,,,,Provolone cheese,Swiss cheese,Cheddar cheese,Parmesan cheese,Tomatoes,,,,5,5,5,1000,0,1000,0,1,999,,,,,,,,,,,,,,,
,,,,,,,,,,,,,67174,2020-02-26_15h31.19.493,SandwichStudy,3.2.4,MacIntel,60,"[""space""]",[0.370999813079834],1,0,80,66,1,79,Bacon,Spinach,Tomatoes,Avocado,Mayonnaise,,,,Provolone cheese,Swiss cheese,Cheddar cheese,Parmesan cheese,Tomatoes,,,,5,5,5,1000,0,1000,0,1,999,,,,,,,,,,,,,,,
,,,,,,,,,,,,,67174,2020-02-26_15h31.19.493,SandwichStudy,3.2.4,MacIntel,60,"[""l""]",[0.9139997959136963],1,0,80,66,1,79,Bacon,Spinach,Tomatoes,Avocado,Mayonnaise,,,,Provolone cheese,Swiss cheese,Cheddar cheese,Parmesan cheese,Tomatoes,,,,5,5,5,1000,0,1000,0,1,999,,,,,,,,,,,,,,,
,,,,,,,,,,,,,67174,2020-02-26_15h31.19.493,SandwichStudy,3.2.4,MacIntel,60,"[""space""]",[0.21199989318847656],1,0,80,16,1,79,Chicken,American cheese,Lettuce,Tomatoes,Mayonnaise,,,,Cheddar cheese,Avocado,Onions,Tomatoes,Mayonnaise,,,,5,5,5,1000,0,1000,0,1,999,,,,,,,,,,,,,,,
,,,,,,,,,,,,,67174,2020-02-26_15h31.19.493,SandwichStudy,3.2.4,MacIntel,60,"[""space""]",[1.2209997177124023],1,0,80,16,1,79,Chicken,American cheese,Lettuce,Tomatoes,Mayonnaise,,,,Cheddar cheese,Avocado,Onions,Tomatoes,Mayonnaise,,,,5,5,5,1000,0,1000,0,1,999,,,,,,,,,,,,,,,
,,,,,,,,,,,,,67174,2020-02-26_15h31.19.493,SandwichStudy,3.2.4,MacIntel,60,"[""a""]",[2.6449997425079346],1,0,80,16,1,79,Chicken,American cheese,Lettuce,Tomatoes,Mayonnaise,,,,Cheddar cheese,Avocado,Onions,Tomatoes,Mayonnaise,,,,5,5,5,1000,0,1000,0,1,999,,,,,,,,,,,,,,,
,,,,,,,,,,,,,67174,2020-02-26_15h31.19.493,SandwichStudy,3.2.4,MacIntel,60,"[""space""]",[0.49899983406066895],1,0,80,14,1,79,Steak,Bacon,American cheese,Tomatoes,Onions,Pickles,,,Bell peppers,Provolone cheese,Cucumbers,Spinach,Tomatoes,Onions,Hummus,,7,6,7,1000,0,1000,0,1,999,,,,,,,,,,,,,,,
,,,,,,,,,,,,,67174,2020-02-26_15h31.19.493,SandwichStudy,3.2.4,MacIntel,60,"[""a""]",[0.7539999485015869],1,0,80,14,1,79,Steak,Bacon,American cheese,Tomatoes,Onions,Pickles,,,Bell peppers,Provolone cheese,Cucumbers,Spinach,Tomatoes,Onions,Hummus,,7,6,7,1000,0,1000,0,1,999,,,,,,,,,,,,,,,
,,,,,,,,,,,,,67174,2020-02-26_15h31.19.493,SandwichStudy,3.2.4,MacIntel,60,"[""space""]",[0.11699986457824707],1,0,80,63,1,79,Onions,Bell peppers,Mushrooms,Jalapenos,American cheese,Steak,,,Turkey,Ham,Roast beef,Provolone cheese,Spinach,Tomatoes,Mayonnaise,Mustard,8,6,8,1000,0,1000,0,1,999,,,,,,,,,,,,,,,
,,,,,,,,,,,,,67174,2020-02-26_15h31.19.493,SandwichStudy,3.2.4,MacIntel,60,"[""space""]",[0.367999792098999],1,0,80,63,1,79,Onions,Bell peppers,Mushrooms,Jalapenos,American cheese,Steak,,,Turkey,Ham,Roast beef,Provolone cheese,Spinach,Tomatoes,Mayonnaise,Mustard,8,6,8,1000,0,1000,0,1,999,,,,,,,,,,,,,,,
,,,,,,,,,,,,,67174,2020-02-26_15h31.19.493,SandwichStudy,3.2.4,MacIntel,60,"[""a""]",[0.21599984169006348],1,0,80,63,1,79,Onions,Bell peppers,Mushrooms,Jalapenos,American cheese,Steak,,,Turkey,Ham,Roast beef,Provolone cheese,Spinach,Tomatoes,Mayonnaise,Mustard,8,6,8,1000,0,1000,0,1,999,,,,,,,,,,,,,,,
,,,,,,,,,,,,,67174,2020-02-26_15h31.19.493,SandwichStudy,3.2.4,MacIntel,60,"[""space""]",[0.045999765396118164],1,0,80,60,1,79,Chicken,Swiss cheese,Lettuce,Tomatoes,Onions,,,,Chicken,Cheddar cheese,Lettuce,Garlic aioli,Swiss cheese,Tomatoes,,,6,5,6,1000,0,1000,0,1,999,,,,,,,,,,,,,,,
,,,,,,,,,,,,,67174,2020-02-26_15h31.19.493,SandwichStudy,3.2.4,MacIntel,60,"[""space""]",[0.43199992179870605],1,0,80,60,1,79,Chicken,Swiss cheese,Lettuce,Tomatoes,Onions,,,,Chicken,Cheddar cheese,Lettuce,Garlic aioli,Swiss cheese,Tomatoes,,,6,5,6,1000,0,1000,0,1,999,,,,,,,,,,,,,,,
,,,,,,,,,,,,,67174,2020-02-26_15h31.19.493,SandwichStudy,3.2.4,MacIntel,60,"[""l""]",[1.613999843597412],1,0,80,60,1,79,Chicken,Swiss cheese,Lettuce,Tomatoes,Onions,,,,Chicken,Cheddar cheese,Lettuce,Garlic aioli,Swiss cheese,Tomatoes,,,6,5,6,1000,0,1000,0,1,999,,,,,,,,,,,,,,,
,,,,,,,,,,,,,67174,2020-02-26_15h31.19.493,SandwichStudy,3.2.4,MacIntel,60,"[""space""]",[0.0709998607635498],1,0,80,42,1,79,Chicken,Bacon,Feta cheese,Bell peppers,Basil,Garlic aioli,,,Turkey,Ham,Cheddar cheese,Mayonnaise,,,,,6,6,4,1000,0,1000,0,1,999,,,,,,,,,,,,,,,
,,,,,,,,,,,,,67174,2020-02-26_15h31.19.493,SandwichStudy,3.2.4,MacIntel,60,"[""a""]",[0.5319998264312744],1,0,80,42,1,79,Chicken,Bacon,Feta cheese,Bell peppers,Basil,Garlic aioli,,,Turkey,Ham,Cheddar cheese,Mayonnaise,,,,,6,6,4,1000,0,1000,0,1,999,,,,,,,,,,,,,,,
,,,,,,,,,,,,,67174,2020-02-26_15h31.19.493,SandwichStudy,3.2.4,MacIntel,60,"[""space""]",[0.554999828338623],1,0,80,25,1,79,Meatballs,Provolone cheese,Onions,Marinara sauce,,,,,Chicken,Pepper jack cheese,Ranch dressing,,,,,,4,4,3,1000,0,1000,0,1,999,,,,,,,,,,,,,,,
,,,,,,,,,,,,,67174,2020-02-26_15h31.19.493,SandwichStudy,3.2.4,MacIntel,60,"[""space""]",[0.1119997501373291],1,0,80,25,1,79,Meatballs,Provolone cheese,Onions,Marinara sauce,,,,,Chicken,Pepper jack cheese,Ranch dressing,,,,,,4,4,3,1000,0,1000,0,1,999,,,,,,,,,,,,,,,
,,,,,,,,,,,,,67174,2020-02-26_15h31.19.493,SandwichStudy,3.2.4,MacIntel,60,"[""a""]",[0.37999963760375977],1,0,80,25,1,79,Meatballs,Provolone cheese,Onions,Marinara sauce,,,,,Chicken,Pepper jack cheese,Ranch dressing,,,,,,4,4,3,1000,0,1000,0,1,999,,,,,,,,,,,,,,,
,,,,,,,,,,,,,67174,2020-02-26_15h31.19.493,SandwichStudy,3.2.4,MacIntel,60,"[""space""]",[0.15199995040893555],1,0,80,6,1,79,Chicken,Cheddar cheese,Lettuce,Garlic aioli,Swiss cheese,Tomatoes,,,Cheddar cheese,Provolone cheese,Swiss cheese,Mushrooms,Mayonnaise,Lettuce,Tomatoes,,7,6,7,1000,0,1000,0,1,999,,,,,,,,,,,,,,,
,,,,,,,,,,,,,67174,2020-02-26_15h31.19.493,SandwichStudy,3.2.4,MacIntel,60,"[""space""]",[0.16099977493286133],1,0,80,6,1,79,Chicken,Cheddar cheese,Lettuce,Garlic aioli,Swiss cheese,Tomatoes,,,Cheddar cheese,Provolone cheese,Swiss cheese,Mushrooms,Mayonnaise,Lettuce,Tomatoes,,7,6,7,1000,0,1000,0,1,999,,,,,,,,,,,,,,,
,,,,,,,,,,,,,67174,2020-02-26_15h31.19.493,SandwichStudy,3.2.4,MacIntel,60,"[""a""]",[0.09799981117248535],1,0,80,6,1,79,Chicken,Cheddar cheese,Lettuce,Garlic aioli,Swiss cheese,Tomatoes,,,Cheddar cheese,Provolone cheese,Swiss cheese,Mushrooms,Mayonnaise,Lettuce,Tomatoes,,7,6,7,1000,0,1000,0,1,999,,,,,,,,,,,,,,,
,,,,,,,,,,,,,67174,2020-02-26_15h31.19.493,SandwichStudy,3.2.4,MacIntel,60,"[""space""]",[0.0409998893737793],1,0,80,70,1,79,Pastrami,Swiss cheese,Coleslaw,,,,,,Chicken,Cheddar cheese,Bacon,Avocado,Ranch dressing,,,,5,3,5,1000,0,1000,0,1,999,,,,,,,,,,,,,,,
,,,,,,,,,,,,,67174,2020-02-26_15h31.19.493,SandwichStudy,3.2.4,MacIntel,60,"[""space""]",[0.26399970054626465],1,0,80,70,1,79,Pastrami,Swiss cheese,Coleslaw,,,,,,Chicken,Cheddar cheese,Bacon,Avocado,Ranch dressing,,,,5,3,5,1000,0,1000,0,1,999,,,,,,,,,,,,,,,
,,,,,,,,,,,,,67174,2020-02-26_15h31.19.493,SandwichStudy,3.2.4,MacIntel,60,"[""l""]",[0.8429999351501465],1,0,80,70,1,79,Pastrami,Swiss cheese,Coleslaw,,,,,,Chicken,Cheddar cheese,Bacon,Avocado,Ranch dressing,,,,5,3,5,1000,0,1000,0,1,999,,,,,,,,,,,,,,,
,,,,,,,,,,,,,67174,2020-02-26_15h31.19.493,SandwichStudy,3.2.4,MacIntel,60,"[""space""]",[0.17499971389770508],1,0,80,17,1,79,Salami,Roast beef,Turkey,Ham,Swiss cheese,Lettuce,Tomatoes,Mayonnaise,Chicken,Gouda cheese,Avocado,Basil,Bell peppers,Mayonnaise,,,8,8,6,1000,0,1000,0,1,999,,,,,,,,,,,,,,,
,,,,,,,,,,,,,67174,2020-02-26_15h31.19.493,SandwichStudy,3.2.4,MacIntel,60,"[""space""]",[0.0819997787475586],1,0,80,17,1,79,Salami,Roast beef,Turkey,Ham,Swiss cheese,Lettuce,Tomatoes,Mayonnaise,Chicken,Gouda cheese,Avocado,Basil,Bell peppers,Mayonnaise,,,8,8,6,1000,0,1000,0,1,999,,,,,,,,,,,,,,,
,,,,,,,,,,,,,67174,2020-02-26_15h31.19.493,SandwichStudy,3.2.4,MacIntel,60,"[""l""]",[0.27699995040893555],1,0,80,17,1,79,Salami,Roast beef,Turkey,Ham,Swiss cheese,Lettuce,Tomatoes,Mayonnaise,Chicken,Gouda cheese,Avocado,Basil,Bell peppers,Mayonnaise,,,8,8,6,1000,0,1000,0,1,999,,,,,,,,,,,,,,,
,,,,,,,,,,,,,67174,2020-02-26_15h31.19.493,SandwichStudy,3.2.4,MacIntel,60,"[""space""]",[0.10799980163574219],1,0,80,46,1,79,Turkey,Ham,Bacon,Swiss cheese,Lettuce,Tomatoes,Onions,,Chicken,Pickles,Basil,Tomatoes,Cucumbers,,,,7,7,5,1000,0,1000,0,1,999,,,,,,,,,,,,,,,
,,,,,,,,,,,,,67174,2020-02-26_15h31.19.493,SandwichStudy,3.2.4,MacIntel,60,"[""space""]",[0.11099982261657715],1,0,80,46,1,79,Turkey,Ham,Bacon,Swiss cheese,Lettuce,Tomatoes,Onions,,Chicken,Pickles,Basil,Tomatoes,Cucumbers,,,,7,7,5,1000,0,1000,0,1,999,,,,,,,,,,,,,,,
,,,,,,,,,,,,,67174,2020-02-26_15h31.19.493,SandwichStudy,3.2.4,MacIntel,60,"[""a""]",[1.0979998111724854],1,0,80,46,1,79,Turkey,Ham,Bacon,Swiss cheese,Lettuce,Tomatoes,Onions,,Chicken,Pickles,Basil,Tomatoes,Cucumbers,,,,7,7,5,1000,0,1000,0,1,999,,,,,,,,,,,,,,,
,,,,,,,,,,,,,67174,2020-02-26_15h31.19.493,SandwichStudy,3.2.4,MacIntel,60,"[""space""]",[0.3449997901916504],1,0,80,38,1,79,Steak,Turkey,Ham,Cheddar cheese,Olives,Lettuce,Tomatoes,Onions,Chicken,Swiss cheese,Lettuce,Tomatoes,Onions,,,,8,8,5,1000,0,1000,0,1,999,,,,,,,,,,,,,,,
,,,,,,,,,,,,,67174,2020-02-26_15h31.19.493,SandwichStudy,3.2.4,MacIntel,60,"[""l""]",[0.41299986839294434],1,0,80,38,1,79,Steak,Turkey,Ham,Cheddar cheese,Olives,Lettuce,Tomatoes,Onions,Chicken,Swiss cheese,Lettuce,Tomatoes,Onions,,,,8,8,5,1000,0,1000,0,1,999,,,,,,,,,,,,,,,
,,,,,,,,,,,,,67174,2020-02-26_15h31.19.493,SandwichStudy,3.2.4,MacIntel,60,"[""space""]",[0.21899986267089844],1,0,80,55,1,79,Roast beef,Turkey,Pastrami,Mayonnaise,Provolone cheese,,,,Ham,Swiss cheese,Spinach,Mustard,,,,,5,5,4,1000,0,1000,0,1,999,,,,,,,,,,,,,,,
,,,,,,,,,,,,,67174,2020-02-26_15h31.19.493,SandwichStudy,3.2.4,MacIntel,60,"[""space""]",[0.44899988174438477],1,0,80,55,1,79,Roast beef,Turkey,Pastrami,Mayonnaise,Provolone cheese,,,,Ham,Swiss cheese,Spinach,Mustard,,,,,5,5,4,1000,0,1000,0,1,999,,,,,,,,,,,,,,,
,,,,,,,,,,,,,67174,2020-02-26_15h31.19.493,SandwichStudy,3.2.4,MacIntel,60,"[""a""]",[1.7339999675750732],1,0,80,55,1,79,Roast beef,Turkey,Pastrami,Mayonnaise,Provolone cheese,,,,Ham,Swiss cheese,Spinach,Mustard,,,,,5,5,4,1000,0,1000,0,1,999,,,,,,,,,,,,,,,
,,,,,,,,,,,,,67174,2020-02-26_15h31.19.493,SandwichStudy,3.2.4,MacIntel,60,"[""space""]",[0.03999972343444824],1,0,80,62,1,79,Cheddar cheese,Provolone cheese,Swiss cheese,Mushrooms,Mayonnaise,Lettuce,Tomatoes,,Bacon,Turkey,Pepper jack cheese,Mustard,,,,,7,7,4,1000,0,1000,0,1,999,,,,,,,,,,,,,,,
,,,,,,,,,,,,,67174,2020-02-26_15h31.19.493,SandwichStudy,3.2.4,MacIntel,60,"[""space""]",[0.1289997100830078],1,0,80,62,1,79,Cheddar cheese,Provolone cheese,Swiss cheese,Mushrooms,Mayonnaise,Lettuce,Tomatoes,,Bacon,Turkey,Pepper jack cheese,Mustard,,,,,7,7,4,1000,0,1000,0,1,999,,,,,,,,,,,,,,,
,,,,,,,,,,,,,67174,2020-02-26_15h31.19.493,SandwichStudy,3.2.4,MacIntel,60,"[""l""]",[0.21499991416931152],1,0,80,62,1,79,Cheddar cheese,Provolone cheese,Swiss cheese,Mushrooms,Mayonnaise,Lettuce,Tomatoes,,Bacon,Turkey,Pepper jack cheese,Mustard,,,,,7,7,4,1000,0,1000,0,1,999,,,,,,,,,,,,,,,
,,,,,,,,,,,,,67174,2020-02-26_15h31.19.493,SandwichStudy,3.2.4,MacIntel,60,"[""space""]",[0.0709998607635498],1,0,80,32,1,79,Turkey,Ham,Bacon,Provolone cheese,Lettuce,Tomatoes,Ranch dressing,,Chicken,Cheddar cheese,Bacon,Avocado,Ranch dressing,,,,7,7,5,1000,0,1000,0,1,999,,,,,,,,,,,,,,,
,,,,,,,,,,,,,67174,2020-02-26_15h31.19.493,SandwichStudy,3.2.4,MacIntel,60,"[""space""]",[0.037999868392944336],1,0,80,32,1,79,Turkey,Ham,Bacon,Provolone cheese,Lettuce,Tomatoes,Ranch dressing,,Chicken,Cheddar cheese,Bacon,Avocado,Ranch dressing,,,,7,7,5,1000,0,1000,0,1,999,,,,,,,,,,,,,,,
,,,,,,,,,,,,,67174,2020-02-26_15h31.19.493,SandwichStudy,3.2.4,MacIntel,60,"[""a""]",[1.6800000667572021],1,0,80,32,1,79,Turkey,Ham,Bacon,Provolone cheese,Lettuce,Tomatoes,Ranch dressing,,Chicken,Cheddar cheese,Bacon,Avocado,Ranch dressing,,,,7,7,5,1000,0,1000,0,1,999,,,,,,,,,,,,,,,
,,,,,,,,,,,,,67174,2020-02-26_15h31.19.493,SandwichStudy,3.2.4,MacIntel,60,"[""space""]",[0.09099984169006348],1,0,80,13,1,79,Chicken,Garlic aioli,Pickles,Cucumbers,Jalapenos,Basil,,,Roast beef,Bacon,Turkey,Mayonnaise,,,,,6,6,4,1000,0,1000,0,1,999,,,,,,,,,,,,,,,
,,,,,,,,,,,,,67174,2020-02-26_15h31.19.493,SandwichStudy,3.2.4,MacIntel,60,"[""space""]",[0.35699987411499023],1,0,80,13,1,79,Chicken,Garlic aioli,Pickles,Cucumbers,Jalapenos,Basil,,,Roast beef,Bacon,Turkey,Mayonnaise,,,,,6,6,4,1000,0,1000,0,1,999,,,,,,,,,,,,,,,
,,,,,,,,,,,,,67174,2020-02-26_15h31.19.493,SandwichStudy,3.2.4,MacIntel,60,"[""a""]",[0.8749997615814209],1,0,80,13,1,79,Chicken,Garlic aioli,Pickles,Cucumbers,Jalapenos,Basil,,,Roast beef,Bacon,Turkey,Mayonnaise,,,,,6,6,4,1000,0,1000,0,1,999,,,,,,,,,,,,,,,
,,,,,,,,,,,,,67174,2020-02-26_15h31.19.493,SandwichStudy,3.2.4,MacIntel,60,"[""space""]",[0.11699986457824707],1,0,80,10,1,79,Turkey,Cheddar cheese,Coleslaw,Spinach,Mustard,,,,Salami,Provolone cheese,Lettuce,Tomatoes,Mayonnaise,Mustard,,,6,5,6,1000,0,1000,0,1,999,,,,,,,,,,,,,,,
,,,,,,,,,,,,,67174,2020-02-26_15h31.19.493,SandwichStudy,3.2.4,MacIntel,60,"[""space""]",[0.32199978828430176],1,0,80,10,1,79,Turkey,Cheddar cheese,Coleslaw,Spinach,Mustard,,,,Salami,Provolone cheese,Lettuce,Tomatoes,Mayonnaise,Mustard,,,6,5,6,1000,0,1000,0,1,999,,,,,,,,,,,,,,,
,,,,,,,,,,,,,67174,2020-02-26_15h31.19.493,SandwichStudy,3.2.4,MacIntel,60,"[""l""]",[0.4549999237060547],1,0,80,10,1,79,Turkey,Cheddar cheese,Coleslaw,Spinach,Mustard,,,,Salami,Provolone cheese,Lettuce,Tomatoes,Mayonnaise,Mustard,,,6,5,6,1000,0,1000,0,1,999,,,,,,,,,,,,,,,
,,,,,,,,,,,,,67174,2020-02-26_15h31.19.493,SandwichStudy,3.2.4,MacIntel,60,"[""space""]",[0.21599984169006348],1,0,80,73,1,79,Turkey,Avocado,Bacon,Garlic aioli,Tomatoes,Spinach,Onions,,Tuna,Lettuce,Tomatoes,Mayonnaise,,,,,7,7,4,1000,0,1000,0,1,999,,,,,,,,,,,,,,,
,,,,,,,,,,,,,67174,2020-02-26_15h31.19.493,SandwichStudy,3.2.4,MacIntel,60,"[""a""]",[0.2609999179840088],1,0,80,73,1,79,Turkey,Avocado,Bacon,Garlic aioli,Tomatoes,Spinach,Onions,,Tuna,Lettuce,Tomatoes,Mayonnaise,,,,,7,7,4,1000,0,1000,0,1,999,,,,,,,,,,,,,,,
,,,,,,,,,,,,,67174,2020-02-26_15h31.19.493,SandwichStudy,3.2.4,MacIntel,60,"[""space""]",[0.22799992561340332],1,0,80,35,1,79,Bacon,Lettuce,Tomatoes,Ranch dressing,,,,,Turkey,Gouda cheese,Avocado,Garlic aioli,Jalapenos,Tomatoes,Lettuce,,7,4,7,1000,0,1000,0,1,999,,,,,,,,,,,,,,,
,,,,,,,,,,,,,67174,2020-02-26_15h31.19.493,SandwichStudy,3.2.4,MacIntel,60,"[""space""]",[0.04999995231628418],1,0,80,35,1,79,Bacon,Lettuce,Tomatoes,Ranch dressing,,,,,Turkey,Gouda cheese,Avocado,Garlic aioli,Jalapenos,Tomatoes,Lettuce,,7,4,7,1000,0,1000,0,1,999,,,,,,,,,,,,,,,
,,,,,,,,,,,,,67174,2020-02-26_15h31.19.493,SandwichStudy,3.2.4,MacIntel,60,"[""l""]",[0.21700000762939453],1,0,80,35,1,79,Bacon,Lettuce,Tomatoes,Ranch dressing,,,,,Turkey,Gouda cheese,Avocado,Garlic aioli,Jalapenos,Tomatoes,Lettuce,,7,4,7,1000,0,1000,0,1,999,,,,,,,,,,,,,,,
,,,,,,,,,,,,,67174,2020-02-26_15h31.19.493,SandwichStudy,3.2.4,MacIntel,60,"[""space""]",[0.11099982261657715],1,0,80,72,1,79,Chicken,Mozzarella cheese,Tomatoes,Onions,Basil,Mayonnaise,,,Chicken,American cheese,Coleslaw,Tomatoes,Pickles,Mayonnaise,,,6,6,6,1000,0,1000,0,1,999,,,,,,,,,,,,,,,
,,,,,,,,,,,,,67174,2020-02-26_15h31.19.493,SandwichStudy,3.2.4,MacIntel,60,"[""space""]",[0.4889998435974121],1,0,80,72,1,79,Chicken,Mozzarella cheese,Tomatoes,Onions,Basil,Mayonnaise,,,Chicken,American cheese,Coleslaw,Tomatoes,Pickles,Mayonnaise,,,6,6,6,1000,0,1000,0,1,999,,,,,,,,,,,,,,,
,,,,,,,,,,,,,67174,2020-02-26_15h31.19.493,SandwichStudy,3.2.4,MacIntel,60,"[""a""]",[2.633999824523926],1,0,80,72,1,79,Chicken,Mozzarella cheese,Tomatoes,Onions,Basil,Mayonnaise,,,Chicken,American cheese,Coleslaw,Tomatoes,Pickles,Mayonnaise,,,6,6,6,1000,0,1000,0,1,999,,,,,,,,,,,,,,,
,,,,,,,,,,,,,67174,2020-02-26_15h31.19.493,SandwichStudy,3.2.4,MacIntel,60,"[""space""]",[1.1979999542236328],1,0,80,61,1,79,Pork,Cucumbers,Pickles,Jalapenos,Basil,Mayonnaise,,,Turkey,Cheddar cheese,Bacon,,,,,,6,6,3,1000,0,1000,0,1,999,,,,,,,,,,,,,,,
,,,,,,,,,,,,,67174,2020-02-26_15h31.19.493,SandwichStudy,3.2.4,MacIntel,60,"[""space""]",[0.866999626159668],1,0,80,61,1,79,Pork,Cucumbers,Pickles,Jalapenos,Basil,Mayonnaise,,,Turkey,Cheddar cheese,Bacon,,,,,,6,6,3,1000,0,1000,0,1,999,,,,,,,,,,,,,,,
,,,,,,,,,,,,,67174,2020-02-26_15h31.19.493,SandwichStudy,3.2.4,MacIntel,60,"[""a""]",[1.5509998798370361],1,0,80,61,1,79,Pork,Cucumbers,Pickles,Jalapenos,Basil,Mayonnaise,,,Turkey,Cheddar cheese,Bacon,,,,,,6,6,3,1000,0,1000,0,1,999,,,,,,,,,,,,,,,
,,,,,,,,,,,,,67174,2020-02-26_15h31.19.493,SandwichStudy,3.2.4,MacIntel,60,"[""space""]",[0.09099984169006348],1,0,80,78,1,79,Chicken,American cheese,Lettuce,Tomatoes,Mayonnaise,,,,Pastrami,Cheddar cheese,Mustard,Pickles,,,,,5,5,4,1000,0,1000,0,1,999,,,,,,,,,,,,,,,
,,,,,,,,,,,,,67174,2020-02-26_15h31.19.493,SandwichStudy,3.2.4,MacIntel,60,"[""space""]",[0.5239996910095215],1,0,80,78,1,79,Chicken,American cheese,Lettuce,Tomatoes,Mayonnaise,,,,Pastrami,Cheddar cheese,Mustard,Pickles,,,,,5,5,4,1000,0,1000,0,1,999,,,,,,,,,,,,,,,
,,,,,,,,,,,,,67174,2020-02-26_15h31.19.493,SandwichStudy,3.2.4,MacIntel,60,"[""l""]",[0.5499999523162842],1,0,80,78,1,79,Chicken,American cheese,Lettuce,Tomatoes,Mayonnaise,,,,Pastrami,Cheddar cheese,Mustard,Pickles,,,,,5,5,4,1000,0,1000,0,1,999,,,,,,,,,,,,,,,
,,,,,,,,,,,,,67174,2020-02-26_15h31.19.493,SandwichStudy,3.2.4,MacIntel,60,"[""space""]",[0.11799979209899902],1,0,80,68,1,79,Tomatoes,Mozzarella cheese,Spinach,Pesto,,,,,Steak,Bacon,American cheese,Tomatoes,Onions,Pickles,,,6,4,6,1000,0,1000,0,1,999,,,,,,,,,,,,,,,
,,,,,,,,,,,,,67174,2020-02-26_15h31.19.493,SandwichStudy,3.2.4,MacIntel,60,"[""space""]",[0.23799991607666016],1,0,80,68,1,79,Tomatoes,Mozzarella cheese,Spinach,Pesto,,,,,Steak,Bacon,American cheese,Tomatoes,Onions,Pickles,,,6,4,6,1000,0,1000,0,1,999,,,,,,,,,,,,,,,
,,,,,,,,,,,,,67174,2020-02-26_15h31.19.493,SandwichStudy,3.2.4,MacIntel,60,"[""l""]",[1.4900000095367432],1,0,80,68,1,79,Tomatoes,Mozzarella cheese,Spinach,Pesto,,,,,Steak,Bacon,American cheese,Tomatoes,Onions,Pickles,,,6,4,6,1000,0,1000,0,1,999,,,,,,,,,,,,,,,
,,,,,,,,,,,,,67174,2020-02-26_15h31.19.493,SandwichStudy,3.2.4,MacIntel,60,"[""space""]",[0.2869999408721924],1,0,80,41,1,79,Bacon,Provolone cheese,Mushrooms,Parmesan cheese,,,,,Turkey,Bacon,Jalapenos,Lettuce,Avocado,Garlic aioli,Tomatoes,,7,4,7,1000,0,1000,0,1,999,,,,,,,,,,,,,,,
,,,,,,,,,,,,,67174,2020-02-26_15h31.19.493,SandwichStudy,3.2.4,MacIntel,60,"[""space""]",[0.3449997901916504],1,0,80,41,1,79,Bacon,Provolone cheese,Mushrooms,Parmesan cheese,,,,,Turkey,Bacon,Jalapenos,Lettuce,Avocado,Garlic aioli,Tomatoes,,7,4,7,1000,0,1000,0,1,999,,,,,,,,,,,,,,,
,,,,,,,,,,,,,67174,2020-02-26_15h31.19.493,SandwichStudy,3.2.4,MacIntel,60,"[""a""]",[0.29600000381469727],1,0,80,41,1,79,Bacon,Provolone cheese,Mushrooms,Parmesan cheese,,,,,Turkey,Bacon,Jalapenos,Lettuce,Avocado,Garlic aioli,Tomatoes,,7,4,7,1000,0,1000,0,1,999,,,,,,,,,,,,,,,
,,,,,,,,,,,,,67174,2020-02-26_15h31.19.493,SandwichStudy,3.2.4,MacIntel,60,"[""space""]",[0.16199970245361328],1,0,80,19,1,79,Bacon,Ham,Turkey,Mayonnaise,Cheddar cheese,Tomatoes,Spinach,Swiss cheese,Turkey,Salami,Cheddar cheese,Mayonnaise,,,,,8,8,4,1000,0,1000,0,1,999,,,,,,,,,,,,,,,
,,,,,,,,,,,,,67174,2020-02-26_15h31.19.493,SandwichStudy,3.2.4,MacIntel,60,"[""space""]",[0.5169999599456787],1,0,80,19,1,79,Bacon,Ham,Turkey,Mayonnaise,Cheddar cheese,Tomatoes,Spinach,Swiss cheese,Turkey,Salami,Cheddar cheese,Mayonnaise,,,,,8,8,4,1000,0,1000,0,1,999,,,,,,,,,,,,,,,
,,,,,,,,,,,,,67174,2020-02-26_15h31.19.493,SandwichStudy,3.2.4,MacIntel,60,"[""l""]",[0.09299993515014648],1,0,80,19,1,79,Bacon,Ham,Turkey,Mayonnaise,Cheddar cheese,Tomatoes,Spinach,Swiss cheese,Turkey,Salami,Cheddar cheese,Mayonnaise,,,,,8,8,4,1000,0,1000,0,1,999,,,,,,,,,,,,,,,
,,,,,,,,,,,,,67174,2020-02-26_15h31.19.493,SandwichStudy,3.2.4,MacIntel,60,"[""space""]",[0.22499990463256836],1,0,80,65,1,79,Chicken,Pepper jack cheese,Ranch dressing,,,,,,Salami,Provolone cheese,Lettuce,Tomatoes,Mayonnaise,Mustard,,,6,3,6,1000,0,1000,0,1,999,,,,,,,,,,,,,,,
,,,,,,,,,,,,,67174,2020-02-26_15h31.19.493,SandwichStudy,3.2.4,MacIntel,60,"[""space""]",[0.22899985313415527],1,0,80,65,1,79,Chicken,Pepper jack cheese,Ranch dressing,,,,,,Salami,Provolone cheese,Lettuce,Tomatoes,Mayonnaise,Mustard,,,6,3,6,1000,0,1000,0,1,999,,,,,,,,,,,,,,,
,,,,,,,,,,,,,67174,2020-02-26_15h31.19.493,SandwichStudy,3.2.4,MacIntel,60,"[""l""]",[0.4779999256134033],1,0,80,65,1,79,Chicken,Pepper jack cheese,Ranch dressing,,,,,,Salami,Provolone cheese,Lettuce,Tomatoes,Mayonnaise,Mustard,,,6,3,6,1000,0,1000,0,1,999,,,,,,,,,,,,,,,
,,,,,,,,,,,,,67174,2020-02-26_15h31.19.493,SandwichStudy,3.2.4,MacIntel,60,"[""space""]",[0.2539999485015869],1,0,80,44,1,79,Chicken,Gouda cheese,Avocado,Basil,Bell peppers,Mayonnaise,,,Turkey,Gouda cheese,Avocado,Garlic aioli,Jalapenos,Tomatoes,Lettuce,,7,6,7,1000,0,1000,0,1,999,,,,,,,,,,,,,,,
,,,,,,,,,,,,,67174,2020-02-26_15h31.19.493,SandwichStudy,3.2.4,MacIntel,60,"[""a""]",[1.4529998302459717],1,0,80,44,1,79,Chicken,Gouda cheese,Avocado,Basil,Bell peppers,Mayonnaise,,,Turkey,Gouda cheese,Avocado,Garlic aioli,Jalapenos,Tomatoes,Lettuce,,7,6,7,1000,0,1000,0,1,999,,,,,,,,,,,,,,,
,,,,,,,,,,,,,67174,2020-02-26_15h31.19.493,SandwichStudy,3.2.4,MacIntel,60,"[""a""]",[0.495999813079834],1,0,80,26,1,79,Turkey,Avocado,Mayonnaise,,,,,,Chicken,Mozzarella cheese,Tomatoes,Onions,Basil,Mayonnaise,,,6,3,6,1000,0,1000,0,1,999,,,,,,,,,,,,,,,
,,,,,,,,,,,,,67174,2020-02-26_15h31.19.493,SandwichStudy,3.2.4,MacIntel,60,"[""a""]",[1.063999891281128],1,0,80,2,1,79,Turkey,Provolone cheese,Spinach,Garlic aioli,,,,,Chicken,Pickles,Basil,Tomatoes,Cucumbers,,,,5,4,5,1000,0,1000,0,1,999,,,,,,,,,,,,,,,
,,,,,,,,,,,,,67174,2020-02-26_15h31.19.493,SandwichStudy,3.2.4,MacIntel,60,"[""l""]",[1.5],1,0,80,4,1,79,Provolone cheese,Swiss cheese,Cheddar cheese,Parmesan cheese,Tomatoes,,,,Chicken,Lettuce,Tomatoes,Mayonnaise,,,,,5,5,4,1000,0,1000,0,1,999,,,,,,,,,,,,,,,
,,,,,,,,,,,,,67174,2020-02-26_15h31.19.493,SandwichStudy,3.2.4,MacIntel,60,"[""space""]",[0.14099979400634766],1,0,80,36,1,79,Chicken,Bell peppers,Bacon,Provolone cheese,Ranch dressing,Lettuce,Tomatoes,,Pastrami,Cheddar cheese,Mustard,Pickles,,,,,7,7,4,1000,0,1000,0,1,999,,,,,,,,,,,,,,,
,,,,,,,,,,,,,67174,2020-02-26_15h31.19.493,SandwichStudy,3.2.4,MacIntel,60,"[""space""]",[0.5299997329711914],1,0,80,36,1,79,Chicken,Bell peppers,Bacon,Provolone cheese,Ranch dressing,Lettuce,Tomatoes,,Pastrami,Cheddar cheese,Mustard,Pickles,,,,,7,7,4,1000,0,1000,0,1,999,,,,,,,,,,,,,,,
,,,,,,,,,,,,,67174,2020-02-26_15h31.19.493,SandwichStudy,3.2.4,MacIntel,60,"[""l""]",[1.9049997329711914],1,0,80,36,1,79,Chicken,Bell peppers,Bacon,Provolone cheese,Ranch dressing,Lettuce,Tomatoes,,Pastrami,Cheddar cheese,Mustard,Pickles,,,,,7,7,4,1000,0,1000,0,1,999,,,,,,,,,,,,,,,
,,,,,,,,,,,,,67174,2020-02-26_15h31.19.493,SandwichStudy,3.2.4,MacIntel,60,"[""space""]",[0.4289999008178711],1,0,80,3,1,79,Chicken,American cheese,Coleslaw,Tomatoes,Pickles,Mayonnaise,,,Swiss cheese,Provolone cheese,Bell peppers,Tomatoes,Onions,,,,6,6,5,1000,0,1000,0,1,999,,,,,,,,,,,,,,,
,,,,,,,,,,,,,67174,2020-02-26_15h31.19.493,SandwichStudy,3.2.4,MacIntel,60,"[""space""]",[1.05899977684021],1,0,80,3,1,79,Chicken,American cheese,Coleslaw,Tomatoes,Pickles,Mayonnaise,,,Swiss cheese,Provolone cheese,Bell peppers,Tomatoes,Onions,,,,6,6,5,1000,0,1000,0,1,999,,,,,,,,,,,,,,,
,,,,,,,,,,,,,67174,2020-02-26_15h31.19.493,SandwichStudy,3.2.4,MacIntel,60,"[""l""]",[2.001999855041504],1,0,80,3,1,79,Chicken,American cheese,Coleslaw,Tomatoes,Pickles,Mayonnaise,,,Swiss cheese,Provolone cheese,Bell peppers,Tomatoes,Onions,,,,6,6,5,1000,0,1000,0,1,999,,,,,,,,,,,,,,,
,,,,,,,,,,,,,67174,2020-02-26_15h31.19.493,SandwichStudy,3.2.4,MacIntel,60,"[""space""]",[0.1099998950958252],1,0,80,27,1,79,Mushrooms,Swiss cheese,Provolone cheese,Cheddar cheese,Lettuce,Tomatoes,,,Avocado,Spinach,Tomatoes,Swiss cheese,,,,,6,6,4,1000,0,1000,0,1,999,,,,,,,,,,,,,,,
,,,,,,,,,,,,,67174,2020-02-26_15h31.19.493,SandwichStudy,3.2.4,MacIntel,60,"[""a""]",[0.7869999408721924],1,0,80,27,1,79,Mushrooms,Swiss cheese,Provolone cheese,Cheddar cheese,Lettuce,Tomatoes,,,Avocado,Spinach,Tomatoes,Swiss cheese,,,,,6,6,4,1000,0,1000,0,1,999,,,,,,,,,,,,,,,
,,,,,,,,,,,,,67174,2020-02-26_15h31.19.493,SandwichStudy,3.2.4,MacIntel,60,"[""l""]",[0.8259999752044678],1,0,80,28,1,79,Chicken,Mozzarella cheese,Tomatoes,Pesto,Spinach,,,,Roast beef,Turkey,Pastrami,Mayonnaise,Provolone cheese,,,,5,5,5,1000,0,1000,0,1,999,,,,,,,,,,,,,,,
,,,,,,,,,,,,,67174,2020-02-26_15h31.19.493,SandwichStudy,3.2.4,MacIntel,60,"[""a""]",[0.12999987602233887],1,0,80,5,1,79,Chicken,Cheddar cheese,Mayonnaise,,,,,,Turkey,Provolone cheese,Pesto,Bell peppers,,,,,4,3,4,1000,0,1000,0,1,999,,,,,,,,,,,,,,,
,,,,,,,,,,,,,67174,2020-02-26_15h31.19.493,SandwichStudy,3.2.4,MacIntel,60,"[""a""]",[1.428999900817871],1,0,80,47,1,79,Chicken,Cheddar cheese,Mayonnaise,,,,,,Turkey,Cheddar cheese,Coleslaw,Spinach,Mustard,,,,5,3,5,1000,0,1000,0,1,999,,,,,,,,,,,,,,,
,,,,,,,,,,,,,67174,2020-02-26_15h31.19.493,SandwichStudy,3.2.4,MacIntel,60,"[""a""]",[0.17399978637695312],1,0,80,48,1,79,Chicken,Provolone cheese,Pesto,,,,,,Ham,Lettuce,Tomatoes,Mayonnaise,Mustard,,,,5,3,5,1000,0,1000,0,1,999,,,,,,,,,,,,,,,
,,,,,,,,,,,,,67174,2020-02-26_15h31.19.493,SandwichStudy,3.2.4,MacIntel,60,"[""l""]",[0.00599980354309082],1,0,80,59,1,79,Chicken,Ham,Cheddar cheese,Mayonnaise,,,,,Turkey,Garlic aioli,Bacon,Spinach,,,,,4,4,4,1000,0,1000,0,1,999,,,,,,,,,,,,,,,
,,,,,,,,,,,,,67174,2020-02-26_15h31.19.493,SandwichStudy,3.2.4,MacIntel,60,"[""a""]",[1.3659999370574951],1,0,80,21,1,79,Chicken,Ham,Cheddar cheese,Mayonnaise,,,,,Turkey,Bacon,Avocado,Provolone cheese,Lettuce,Tomatoes,Onions,Ranch dressing,8,4,8,1000,0,1000,0,1,999,,,,,,,,,,,,,,,
,,,,,,,,,,,,,67174,2020-02-26_15h31.19.493,SandwichStudy,3.2.4,MacIntel,60,"[""a""]",[0.34799981117248535],1,0,80,54,1,79,Chicken,Bell peppers,Bacon,Provolone cheese,Ranch dressing,Lettuce,Tomatoes,,Turkey,Bacon,Pepper jack cheese,Avocado,Ranch dressing,Spinach,Tomatoes,,7,7,7,1000,0,1000,0,1,999,,,,,,,,,,,,,,,
,,,,,,,,,,,,,67174,2020-02-26_15h31.19.493,SandwichStudy,3.2.4,MacIntel,60,"[""l""]",[0.04699993133544922],1,0,80,76,1,79,Bacon,Lettuce,Tomatoes,Ranch dressing,,,,,Chicken,Bacon,Mustard,,,,,,4,4,3,1000,0,1000,0,1,999,,,,,,,,,,,,,,,
,,,,,,,,,,,,,67174,2020-02-26_15h31.19.493,SandwichStudy,3.2.4,MacIntel,60,"[""space""]",[0.19999980926513672],1,0,80,71,1,79,Bacon,Ham,Turkey,Mayonnaise,Mustard,Cheddar cheese,Tomatoes,Spinach,Bacon,Lettuce,Tomatoes,Garlic aioli,Avocado,,,,8,8,5,1000,0,1000,0,1,999,,,,,,,,,,,,,,,
,,,,,,,,,,,,,67174,2020-02-26_15h31.19.493,SandwichStudy,3.2.4,MacIntel,60,"[""space""]",[0.03299975395202637],1,0,80,71,1,79,Bacon,Ham,Turkey,Mayonnaise,Mustard,Cheddar cheese,Tomatoes,Spinach,Bacon,Lettuce,Tomatoes,Garlic aioli,Avocado,,,,8,8,5,1000,0,1000,0,1,999,,,,,,,,,,,,,,,
,,,,,,,,,,,,,67174,2020-02-26_15h31.19.493,SandwichStudy,3.2.4,MacIntel,60,"[""l""]",[1.429999828338623],1,0,80,71,1,79,Bacon,Ham,Turkey,Mayonnaise,Mustard,Cheddar cheese,Tomatoes,Spinach,Bacon,Lettuce,Tomatoes,Garlic aioli,Avocado,,,,8,8,5,1000,0,1000,0,1,999,,,,,,,,,,,,,,,
,,,,,,,,,,,,,67174,2020-02-26_15h31.19.493,SandwichStudy,3.2.4,MacIntel,60,"[""space""]",[0.4589998722076416],1,0,80,51,1,79,Turkey,Provolone cheese,Pesto,Bell peppers,,,,,Swiss cheese,Provolone cheese,Bell peppers,Tomatoes,Onions,,,,5,4,5,1000,0,1000,0,1,999,,,,,,,,,,,,,,,
,,,,,,,,,,,,,67174,2020-02-26_15h31.19.493,SandwichStudy,3.2.4,MacIntel,60,"[""space""]",[0.9269998073577881],1,0,80,51,1,79,Turkey,Provolone cheese,Pesto,Bell peppers,,,,,Swiss cheese,Provolone cheese,Bell peppers,Tomatoes,Onions,,,,5,4,5,1000,0,1000,0,1,999,,,,,,,,,,,,,,,
,,,,,,,,,,,,,67174,2020-02-26_15h31.19.493,SandwichStudy,3.2.4,MacIntel,60,"[""a""]",[0.16299986839294434],1,0,80,51,1,79,Turkey,Provolone cheese,Pesto,Bell peppers,,,,,Swiss cheese,Provolone cheese,Bell peppers,Tomatoes,Onions,,,,5,4,5,1000,0,1000,0,1,999,,,,,,,,,,,,,,,
,,,,,,,,,,,,,67174,2020-02-26_15h31.19.493,SandwichStudy,3.2.4,MacIntel,60,"[""a""]",[0.3429999351501465],1,0,80,53,1,79,Turkey,Avocado,Mayonnaise,,,,,,Ham,Pork,Swiss cheese,Mustard,Pickles,,,,5,3,5,1000,0,1000,0,1,999,,,,,,,,,,,,,,,
,,,,,,,,,,,,,67174,2020-02-26_15h31.19.493,SandwichStudy,3.2.4,MacIntel,60,"[""space""]",[1.7170000076293945],1,0,80,1,1,79,Tomatoes,Mozzarella cheese,Spinach,Pesto,,,,,Ham,Swiss cheese,Mustard,,,,,,4,4,3,1000,0,1000,0,1,999,,,,,,,,,,,,,,,
,,,,,,,,,,,,,67174,2020-02-26_15h31.19.493,SandwichStudy,3.2.4,MacIntel,60,"[""space""]",[0.17999982833862305],1,0,80,1,1,79,Tomatoes,Mozzarella cheese,Spinach,Pesto,,,,,Ham,Swiss cheese,Mustard,,,,,,4,4,3,1000,0,1000,0,1,999,,,,,,,,,,,,,,,
,,,,,,,,,,,,,67174,2020-02-26_15h31.19.493,SandwichStudy,3.2.4,MacIntel,60,"[""a""]",[1.0469999313354492],1,0,80,1,1,79,Tomatoes,Mozzarella cheese,Spinach,Pesto,,,,,Ham,Swiss cheese,Mustard,,,,,,4,4,3,1000,0,1000,0,1,999,,,,,,,,,,,,,,,
,,,,,,,,,,,,,67174,2020-02-26_15h31.19.493,SandwichStudy,3.2.4,MacIntel,60,"[""space""]",[0.20299983024597168],1,0,80,30,1,79,Turkey,Ham,Roast beef,Provolone cheese,Spinach,Tomatoes,Mayonnaise,Mustard,Ham,Swiss cheese,Mayonnaise,Mustard,Tomatoes,,,,8,8,5,1000,0,1000,0,1,999,,,,,,,,,,,,,,,
,,,,,,,,,,,,,67174,2020-02-26_15h31.19.493,SandwichStudy,3.2.4,MacIntel,60,"[""space""]",[0.25499987602233887],1,0,80,30,1,79,Turkey,Ham,Roast beef,Provolone cheese,Spinach,Tomatoes,Mayonnaise,Mustard,Ham,Swiss cheese,Mayonnaise,Mustard,Tomatoes,,,,8,8,5,1000,0,1000,0,1,999,,,,,,,,,,,,,,,
,,,,,,,,,,,,,67174,2020-02-26_15h31.19.493,SandwichStudy,3.2.4,MacIntel,60,"[""a""]",[1.1700000762939453],1,0,80,30,1,79,Turkey,Ham,Roast beef,Provolone cheese,Spinach,Tomatoes,Mayonnaise,Mustard,Ham,Swiss cheese,Mayonnaise,Mustard,Tomatoes,,,,8,8,5,1000,0,1000,0,1,999,,,,,,,,,,,,,,,
,,,,,,,,,,,,,67174,2020-02-26_15h31.19.493,SandwichStudy,3.2.4,MacIntel,60,"[""space""]",[0.1399998664855957],1,0,80,11,1,79,Pork,Ham,Swiss cheese,Pickles,Mustard,,,,Chicken,Bacon,Mustard,,,,,,5,5,3,1000,0,1000,0,1,999,,,,,,,,,,,,,,,
,,,,,,,,,,,,,67174,2020-02-26_15h31.19.493,SandwichStudy,3.2.4,MacIntel,60,"[""space""]",[0.22499966621398926],1,0,80,11,1,79,Pork,Ham,Swiss cheese,Pickles,Mustard,,,,Chicken,Bacon,Mustard,,,,,,5,5,3,1000,0,1000,0,1,999,,,,,,,,,,,,,,,
,,,,,,,,,,,,,67174,2020-02-26_15h31.19.493,SandwichStudy,3.2.4,MacIntel,60,"[""a""]",[0.9579999446868896],1,0,80,11,1,79,Pork,Ham,Swiss cheese,Pickles,Mustard,,,,Chicken,Bacon,Mustard,,,,,,5,5,3,1000,0,1000,0,1,999,,,,,,,,,,,,,,,
,,,,,,,,,,,,,67174,2020-02-26_15h31.19.493,SandwichStudy,3.2.4,MacIntel,60,"[""space""]",[0.30099987983703613],1,0,80,40,1,79,Pork,Ham,Swiss cheese,Pickles,Mustard,,,,Steak,Turkey,Ham,Cheddar cheese,Olives,Lettuce,Tomatoes,Onions,8,5,8,1000,0,1000,0,1,999,,,,,,,,,,,,,,,
,,,,,,,,,,,,,67174,2020-02-26_15h31.19.493,SandwichStudy,3.2.4,MacIntel,60,"[""a""]",[0.3409998416900635],1,0,80,40,1,79,Pork,Ham,Swiss cheese,Pickles,Mustard,,,,Steak,Turkey,Ham,Cheddar cheese,Olives,Lettuce,Tomatoes,Onions,8,5,8,1000,0,1000,0,1,999,,,,,,,,,,,,,,,
,,,,,,,,,,,,,67174,2020-02-26_15h31.19.493,SandwichStudy,3.2.4,MacIntel,60,"[""l""]",[0.6019999980926514],1,0,80,77,1,79,Chicken,Lettuce,Tomatoes,Mayonnaise,,,,,Pepperoni,Meatballs,Marinara sauce,Provolone cheese,Mushrooms,,,,5,4,5,1000,0,1000,0,1,999,,,,,,,,,,,,,,,
,,,,,,,,,,,,,67174,2020-02-26_15h31.19.493,SandwichStudy,3.2.4,MacIntel,60,"[""space""]",[0.10099983215332031],1,0,80,20,1,79,Pastrami,Swiss cheese,Coleslaw,,,,,,Chicken,Bacon,Feta cheese,Bell peppers,Basil,Garlic aioli,,,6,3,6,1000,0,1000,0,1,999,,,,,,,,,,,,,,,
,,,,,,,,,,,,,67174,2020-02-26_15h31.19.493,SandwichStudy,3.2.4,MacIntel,60,"[""space""]",[0.03399991989135742],1,0,80,20,1,79,Pastrami,Swiss cheese,Coleslaw,,,,,,Chicken,Bacon,Feta cheese,Bell peppers,Basil,Garlic aioli,,,6,3,6,1000,0,1000,0,1,999,,,,,,,,,,,,,,,
,,,,,,,,,,,,,67174,2020-02-26_15h31.19.493,SandwichStudy,3.2.4,MacIntel,60,"[""a""]",[2.2739999294281006],1,0,80,20,1,79,Pastrami,Swiss cheese,Coleslaw,,,,,,Chicken,Bacon,Feta cheese,Bell peppers,Basil,Garlic aioli,,,6,3,6,1000,0,1000,0,1,999,,,,,,,,,,,,,,,
,,,,,,,,,,,,,67174,2020-02-26_15h31.19.493,SandwichStudy,3.2.4,MacIntel,60,"[""space""]",[0.0279998779296875],1,0,80,57,1,79,Avocado,Spinach,Tomatoes,Swiss cheese,,,,,Chicken,Ham,Swiss cheese,Mayonnaise,Mustard,,,,5,4,5,1000,0,1000,0,1,999,,,,,,,,,,,,,,,
,,,,,,,,,,,,,67174,2020-02-26_15h31.19.493,SandwichStudy,3.2.4,MacIntel,60,"[""space""]",[0.26399993896484375],1,0,80,57,1,79,Avocado,Spinach,Tomatoes,Swiss cheese,,,,,Chicken,Ham,Swiss cheese,Mayonnaise,Mustard,,,,5,4,5,1000,0,1000,0,1,999,,,,,,,,,,,,,,,
,,,,,,,,,,,,,67174,2020-02-26_15h31.19.493,SandwichStudy,3.2.4,MacIntel,60,"[""l""]",[0.2999999523162842],1,0,80,57,1,79,Avocado,Spinach,Tomatoes,Swiss cheese,,,,,Chicken,Ham,Swiss cheese,Mayonnaise,Mustard,,,,5,4,5,1000,0,1000,0,1,999,,,,,,,,,,,,,,,
,,,,,,,,,,,,,67174,2020-02-26_15h31.19.493,SandwichStudy,3.2.4,MacIntel,60,"[""space""]",[0.05799984931945801],1,0,80,69,1,79,Chicken,Garlic aioli,Pickles,Cucumbers,Jalapenos,Basil,,,Chicken,Bacon,Cheddar cheese,Swiss cheese,Spinach,Tomatoes,Mayonnaise,Mustard,8,6,8,1000,0,1000,0,1,999,,,,,,,,,,,,,,,
,,,,,,,,,,,,,67174,2020-02-26_15h31.19.493,SandwichStudy,3.2.4,MacIntel,60,"[""space""]",[0.04199981689453125],1,0,80,69,1,79,Chicken,Garlic aioli,Pickles,Cucumbers,Jalapenos,Basil,,,Chicken,Bacon,Cheddar cheese,Swiss cheese,Spinach,Tomatoes,Mayonnaise,Mustard,8,6,8,1000,0,1000,0,1,999,,,,,,,,,,,,,,,
,,,,,,,,,,,,,67174,2020-02-26_15h31.19.493,SandwichStudy,3.2.4,MacIntel,60,"[""l""]",[1.5359997749328613],1,0,80,69,1,79,Chicken,Garlic aioli,Pickles,Cucumbers,Jalapenos,Basil,,,Chicken,Bacon,Cheddar cheese,Swiss cheese,Spinach,Tomatoes,Mayonnaise,Mustard,8,6,8,1000,0,1000,0,1,999,,,,,,,,,,,,,,,
,,,,,,,,,,,,,67174,2020-02-26_15h31.19.493,SandwichStudy,3.2.4,MacIntel,60,"[""l""]",[0.3619999885559082],1,0,80,74,1,79,Mushrooms,Swiss cheese,Provolone cheese,Cheddar cheese,Lettuce,Tomatoes,,,Roast beef,Pastrami,Swiss cheese,Mustard,,,,,6,6,4,1000,0,1000,0,1,999,,,,,,,,,,,,,,,
,,,,,,,,,,,,,67174,2020-02-26_15h31.19.493,SandwichStudy,3.2.4,MacIntel,60,"[""space""]",[0.11999988555908203],1,0,80,58,1,79,Chicken,Mayonnaise,Cheddar cheese,,,,,,Steak,Onions,Bell peppers,Provolone cheese,,,,,4,3,4,1000,0,1000,0,1,999,,,,,,,,,,,,,,,
,,,,,,,,,,,,,67174,2020-02-26_15h31.19.493,SandwichStudy,3.2.4,MacIntel,60,"[""l""]",[0.367999792098999],1,0,80,58,1,79,Chicken,Mayonnaise,Cheddar cheese,,,,,,Steak,Onions,Bell peppers,Provolone cheese,,,,,4,3,4,1000,0,1000,0,1,999,,,,,,,,,,,,,,,
,,,,,,,,,,,,,67174,2020-02-26_15h31.19.493,SandwichStudy,3.2.4,MacIntel,60,"[""a""]",[0.182999849319458],1,0,80,12,1,79,Turkey,Cheddar cheese,Mayonnaise,,,,,,Ham,Pork,Swiss cheese,Mustard,Pickles,,,,5,3,5,1000,0,1000,0,1,999,,,,,,,,,,,,,,,
,,,,,,,,,,,,,67174,2020-02-26_15h31.19.493,SandwichStudy,3.2.4,MacIntel,60,"[""space""]",[0.20599985122680664],1,0,80,39,1,79,Chicken,Provolone cheese,Pesto,,,,,,Turkey,Bacon,Jalapenos,Lettuce,Avocado,Garlic aioli,Tomatoes,,7,3,7,1000,0,1000,0,1,999,,,,,,,,,,,,,,,
,,,,,,,,,,,,,67174,2020-02-26_15h31.19.493,SandwichStudy,3.2.4,MacIntel,60,"[""space""]",[0.04799985885620117],1,0,80,39,1,79,Chicken,Provolone cheese,Pesto,,,,,,Turkey,Bacon,Jalapenos,Lettuce,Avocado,Garlic aioli,Tomatoes,,7,3,7,1000,0,1000,0,1,999,,,,,,,,,,,,,,,
,,,,,,,,,,,,,67174,2020-02-26_15h31.19.493,SandwichStudy,3.2.4,MacIntel,60,"[""a""]",[0.7709996700286865],1,0,80,39,1,79,Chicken,Provolone cheese,Pesto,,,,,,Turkey,Bacon,Jalapenos,Lettuce,Avocado,Garlic aioli,Tomatoes,,7,3,7,1000,0,1000,0,1,999,,,,,,,,,,,,,,,
,,,,,,,,,,,,,67174,2020-02-26_15h31.19.493,SandwichStudy,3.2.4,MacIntel,60,"[""space""]",[0.17799973487854004],1,0,80,22,1,79,Bacon,Lettuce,Tomatoes,Garlic aioli,Avocado,,,,Ham,Swiss cheese,Spinach,Mustard,,,,,5,5,4,1000,0,1000,0,1,999,,,,,,,,,,,,,,,
,,,,,,,,,,,,,67174,2020-02-26_15h31.19.493,SandwichStudy,3.2.4,MacIntel,60,"[""space""]",[0.8219997882843018],1,0,80,22,1,79,Bacon,Lettuce,Tomatoes,Garlic aioli,Avocado,,,,Ham,Swiss cheese,Spinach,Mustard,,,,,5,5,4,1000,0,1000,0,1,999,,,,,,,,,,,,,,,
,,,,,,,,,,,,,67174,2020-02-26_15h31.19.493,SandwichStudy,3.2.4,MacIntel,60,"[""a""]",[0.6749997138977051],1,0,80,22,1,79,Bacon,Lettuce,Tomatoes,Garlic aioli,Avocado,,,,Ham,Swiss cheese,Spinach,Mustard,,,,,5,5,4,1000,0,1000,0,1,999,,,,,,,,,,,,,,,
,,,,,,,,,,,,,67174,2020-02-26_15h31.19.493,SandwichStudy,3.2.4,MacIntel,60,"[""space""]",[0.00599980354309082],1,0,80,0,1,79,Onions,Bell peppers,Mushrooms,Jalapenos,American cheese,Steak,,,Bacon,Provolone cheese,Mushrooms,Parmesan cheese,,,,,6,6,4,1000,0,1000,0,1,999,,,,,,,,,,,,,,,
,,,,,,,,,,,,,67174,2020-02-26_15h31.19.493,SandwichStudy,3.2.4,MacIntel,60,"[""l""]",[0.21399974822998047],1,0,80,0,1,79,Onions,Bell peppers,Mushrooms,Jalapenos,American cheese,Steak,,,Bacon,Provolone cheese,Mushrooms,Parmesan cheese,,,,,6,6,4,1000,0,1000,0,1,999,,,,,,,,,,,,,,,
,,,,,,,,,,,,,67174,2020-02-26_15h31.19.493,SandwichStudy,3.2.4,MacIntel,60,"[""l""]",[0.2559998035430908],1,0,80,49,1,79,Spinach,Tomatoes,Cucumbers,Onions,Bell peppers,Avocado,Mayonnaise,,Turkey,Provolone cheese,Spinach,Garlic aioli,,,,,7,7,4,1000,0,1000,0,1,999,,,,,,,,,,,,,,,
,,,,,,,,,,,,,67174,2020-02-26_15h31.19.493,SandwichStudy,3.2.4,MacIntel,60,"[""space""]",[0.11399984359741211],1,0,80,75,1,79,Ham,Swiss cheese,Mustard,,,,,,Ham,Swiss cheese,Mayonnaise,Mustard,Tomatoes,,,,5,3,5,1000,0,1000,0,1,999,,,,,,,,,,,,,,,
,,,,,,,,,,,,,67174,2020-02-26_15h31.19.493,SandwichStudy,3.2.4,MacIntel,60,"[""space""]",[0.6739997863769531],1,0,80,75,1,79,Ham,Swiss cheese,Mustard,,,,,,Ham,Swiss cheese,Mayonnaise,Mustard,Tomatoes,,,,5,3,5,1000,0,1000,0,1,999,,,,,,,,,,,,,,,
,,,,,,,,,,,,,67174,2020-02-26_15h31.19.493,SandwichStudy,3.2.4,MacIntel,60,"[""l""]",[0.4269998073577881],1,0,80,75,1,79,Ham,Swiss cheese,Mustard,,,,,,Ham,Swiss cheese,Mayonnaise,Mustard,Tomatoes,,,,5,3,5,1000,0,1000,0,1,999,,,,,,,,,,,,,,,
,,,,,,,,,,,,,67174,2020-02-26_15h31.19.493,SandwichStudy,3.2.4,MacIntel,60,,,,,,,,,,,,,,,,,,,,,,,,,,,,,,,,,,space,2.26699996,,,space,8.932999849,1,0,10,7,1,9,Lettuce,,
,,,,,,,,,,,,,67174,2020-02-26_15h31.19.493,SandwichStudy,3.2.4,MacIntel,60,,,,,,,,,,,,,,,,,,,,,,,,,,,,,,,,,,,,,,space,6.630999804,1,0,10,8,1,9,Provolone cheese,,
,,,,,,,,,,,,,67174,2020-02-26_15h31.19.493,SandwichStudy,3.2.4,MacIntel,60,,,,,,,,,,,,,,,,,,,,,,,,,,,,,,,,,,,,,,space,6.339999914,1,0,10,1,1,9,Mayonnaise,,
,,,,,,,,,,,,,67174,2020-02-26_15h31.19.493,SandwichStudy,3.2.4,MacIntel,60,,,,,,,,,,,,,,,,,,,,,,,,,,,,,,,,,,,,,,space,3.093999863,1,0,10,5,1,9,Cheddar cheese,,
,,,,,,,,,,,,,67174,2020-02-26_15h31.19.493,SandwichStudy,3.2.4,MacIntel,60,,,,,,,,,,,,,,,,,,,,,,,,,,,,,,,,,,,,,,space,3.629999876,1,0,10,4,1,9,Chicken,,
,,,,,,,,,,,,,67174,2020-02-26_15h31.19.493,SandwichStudy,3.2.4,MacIntel,60,,,,,,,,,,,,,,,,,,,,,,,,,,,,,,,,,,,,,,space,1.601999998,1,0,10,0,1,9,Tomatoes,,
,,,,,,,,,,,,,67174,2020-02-26_15h31.19.493,SandwichStudy,3.2.4,MacIntel,60,,,,,,,,,,,,,,,,,,,,,,,,,,,,,,,,,,,,,,space,1.45299983,1,0,10,3,1,9,Bacon,,
,,,,,,,,,,,,,67174,2020-02-26_15h31.19.493,SandwichStudy,3.2.4,MacIntel,60,,,,,,,,,,,,,,,,,,,,,,,,,,,,,,,,,,,,,,space,2.751999855,1,0,10,2,1,9,Turkey,,
,,,,,,,,,,,,,67174,2020-02-26_15h31.19.493,SandwichStudy,3.2.4,MacIntel,60,,,,,,,,,,,,,,,,,,,,,,,,,,,,,,,,,,,,,,space,1.723999739,1,0,10,9,1,9,Spinach,,
,,,,,,,,,,,,,67174,2020-02-26_15h31.19.493,SandwichStudy,3.2.4,MacIntel,60,,,,,,,,,,,,,,,,,,,,,,,,,,,,,,,,,,,,,,space,1.74399972,1,0,10,6,1,9,Swiss cheese,,
,,,,,,,,,,,,,67174,2020-02-26_15h31.19.493,SandwichStudy,3.2.4,MacIntel,60,,,,,,,,,,,,,,,,,,,,,,,,,,,,,,,,,,,,,,,,,,,,,,,return,8.846999884
