sequence,key_resp_4.keys,key_resp_4.rt,VegResp.keys,VegResp.rt,ConfirmResp.keys,ConfirmResp.rt,VegQuestionLoop.thisRepN,VegQuestionLoop.thisTrialN,VegQuestionLoop.thisN,VegQuestionLoop.thisIndex,VegQuestionLoop.ran,VegQuestionLoop.order,participant,date,expName,psychopyVersion,OS,frameRate,Decision.keys,Decision.rt,trials.thisRepN,trials.thisTrialN,trials.thisN,trials.thisIndex,trials.ran,trials.order,s11,s12,s13,s14,s15,s16,s17,s18,s21,s22,s23,s24,s25,s26,s27,s28,IngsInRow,IngIn1,IngIn2,Iter.thisRepN,Iter.thisTrialN,Iter.thisN,Iter.thisIndex,Iter.ran,Iter.order,key_resp_2.keys,key_resp_2.rt,slider.response,slider.rt,key_resp_3.keys,key_resp_3.rt,RatingLoop.thisRepN,RatingLoop.thisTrialN,RatingLoop.thisN,RatingLoop.thisIndex,RatingLoop.ran,RatingLoop.order,ingredientforslider,key_resp.keys,key_resp.rt
"[1,1,0,1,1,1,1,1,1,0,0,0,0,1,1,0,1,1,1,1,1,1,0,1,0,0,1,1,1,0,0,0,1,0,0,0,1,1,0,1,1,1,0,1,0,0,1,0,1,1,1,0,1,1,1,0,0,0,0,1,0,1,1,1,0,1,0,1,1,1,1,1,1,0,0,1,0,0,1,1]",space,2.075000048,n,9.398999929,p,8.180999994,100,0,100,0,1,99,67216,2020-03-04_18h18.39.705,SandwichStudy,3.2.4,MacIntel,60,,,,,,,,,,,,,,,,,,,,,,,,,,,,,,,,,,,,,,,,,,,,,,,,
,,,,,,,,,,,,,67216,2020-03-04_18h18.39.705,SandwichStudy,3.2.4,MacIntel,60,"[""l""]",[10.151000022888184],1,0,80,45,1,79,Bell peppers,Provolone cheese,Cucumbers,Spinach,Tomatoes,Onions,Hummus,,Roast beef,Bacon,Turkey,Mayonnaise,,,,,7,7,4,1000,0,1000,0,1,999,,,,,,,,,,,,,,,
,,,,,,,,,,,,,67216,2020-03-04_18h18.39.705,SandwichStudy,3.2.4,MacIntel,60,"[""a""]",[4.2209999561309814],1,0,80,64,1,79,Tuna,Basil,Cheddar cheese,Garlic aioli,Pickles,Onions,Tomatoes,Spinach,Turkey,Ham,Bacon,Provolone cheese,Lettuce,Tomatoes,Ranch dressing,,8,8,7,1000,0,1000,0,1,999,,,,,,,,,,,,,,,
,,,,,,,,,,,,,67216,2020-03-04_18h18.39.705,SandwichStudy,3.2.4,MacIntel,60,"[""l""]",[1.3179998397827148],1,0,80,40,1,79,Pork,Ham,Swiss cheese,Pickles,Mustard,,,,Steak,Turkey,Ham,Cheddar cheese,Olives,Lettuce,Tomatoes,Onions,8,5,8,1000,0,1000,0,1,999,,,,,,,,,,,,,,,
,,,,,,,,,,,,,67216,2020-03-04_18h18.39.705,SandwichStudy,3.2.4,MacIntel,60,"[""a""]",[1.5970001220703125],1,0,80,23,1,79,Meatballs,Provolone cheese,Marinara sauce,Parmesan cheese,,,,,Turkey,Cheddar cheese,Bacon,,,,,,4,4,3,1000,0,1000,0,1,999,,,,,,,,,,,,,,,
,,,,,,,,,,,,,67216,2020-03-04_18h18.39.705,SandwichStudy,3.2.4,MacIntel,60,"[""l""]",[0.5420000553131104],1,0,80,1,1,79,Tomatoes,Mozzarella cheese,Spinach,Pesto,,,,,Ham,Swiss cheese,Mustard,,,,,,4,4,3,1000,0,1000,0,1,999,,,,,,,,,,,,,,,
,,,,,,,,,,,,,67216,2020-03-04_18h18.39.705,SandwichStudy,3.2.4,MacIntel,60,"[""l""]",[1.2679998874664307],1,0,80,38,1,79,Steak,Turkey,Ham,Cheddar cheese,Olives,Lettuce,Tomatoes,Onions,Chicken,Swiss cheese,Lettuce,Tomatoes,Onions,,,,8,8,5,1000,0,1000,0,1,999,,,,,,,,,,,,,,,
,,,,,,,,,,,,,67216,2020-03-04_18h18.39.705,SandwichStudy,3.2.4,MacIntel,60,"[""l""]",[0.4909999370574951],1,0,80,55,1,79,Roast beef,Turkey,Pastrami,Mayonnaise,Provolone cheese,,,,Ham,Swiss cheese,Spinach,Mustard,,,,,5,5,4,1000,0,1000,0,1,999,,,,,,,,,,,,,,,
,,,,,,,,,,,,,67216,2020-03-04_18h18.39.705,SandwichStudy,3.2.4,MacIntel,60,"[""l""]",[1.2209999561309814],1,0,80,30,1,79,Turkey,Ham,Roast beef,Provolone cheese,Spinach,Tomatoes,Mayonnaise,Mustard,Ham,Swiss cheese,Mayonnaise,Mustard,Tomatoes,,,,8,8,5,1000,0,1000,0,1,999,,,,,,,,,,,,,,,
,,,,,,,,,,,,,67216,2020-03-04_18h18.39.705,SandwichStudy,3.2.4,MacIntel,60,"[""l""]",[1.8329999446868896],1,0,80,53,1,79,Turkey,Avocado,Mayonnaise,,,,,,Ham,Pork,Swiss cheese,Mustard,Pickles,,,,5,3,5,1000,0,1000,0,1,999,,,,,,,,,,,,,,,
,,,,,,,,,,,,,67216,2020-03-04_18h18.39.705,SandwichStudy,3.2.4,MacIntel,60,"[""l""]",[0.5409998893737793],1,0,80,2,1,79,Turkey,Provolone cheese,Spinach,Garlic aioli,,,,,Chicken,Pickles,Basil,Tomatoes,Cucumbers,,,,5,4,5,1000,0,1000,0,1,999,,,,,,,,,,,,,,,
,,,,,,,,,,,,,67216,2020-03-04_18h18.39.705,SandwichStudy,3.2.4,MacIntel,60,"[""space""]",[4.2209999561309814],1,0,80,69,1,79,Chicken,Garlic aioli,Pickles,Cucumbers,Jalapenos,Basil,,,Chicken,Bacon,Cheddar cheese,Swiss cheese,Spinach,Tomatoes,Mayonnaise,Mustard,8,6,8,1000,0,1000,0,1,999,,,,,,,,,,,,,,,
,,,,,,,,,,,,,67216,2020-03-04_18h18.39.705,SandwichStudy,3.2.4,MacIntel,60,"[""space""]",[1.8919999599456787],1,0,80,69,1,79,Chicken,Garlic aioli,Pickles,Cucumbers,Jalapenos,Basil,,,Chicken,Bacon,Cheddar cheese,Swiss cheese,Spinach,Tomatoes,Mayonnaise,Mustard,8,6,8,1000,0,1000,0,1,999,,,,,,,,,,,,,,,
,,,,,,,,,,,,,67216,2020-03-04_18h18.39.705,SandwichStudy,3.2.4,MacIntel,60,"[""space""]",[0.6100001335144043],1,0,80,69,1,79,Chicken,Garlic aioli,Pickles,Cucumbers,Jalapenos,Basil,,,Chicken,Bacon,Cheddar cheese,Swiss cheese,Spinach,Tomatoes,Mayonnaise,Mustard,8,6,8,1000,0,1000,0,1,999,,,,,,,,,,,,,,,
,,,,,,,,,,,,,67216,2020-03-04_18h18.39.705,SandwichStudy,3.2.4,MacIntel,60,"[""a""]",[2.818000078201294],1,0,80,69,1,79,Chicken,Garlic aioli,Pickles,Cucumbers,Jalapenos,Basil,,,Chicken,Bacon,Cheddar cheese,Swiss cheese,Spinach,Tomatoes,Mayonnaise,Mustard,8,6,8,1000,0,1000,0,1,999,,,,,,,,,,,,,,,
,,,,,,,,,,,,,67216,2020-03-04_18h18.39.705,SandwichStudy,3.2.4,MacIntel,60,"[""space""]",[3.486999988555908],1,0,80,34,1,79,Avocado,Onions,Cucumbers,,,,,,Tuna,Basil,Cheddar cheese,Garlic aioli,Pickles,Onions,Tomatoes,Spinach,8,3,8,1000,0,1000,0,1,999,,,,,,,,,,,,,,,
,,,,,,,,,,,,,67216,2020-03-04_18h18.39.705,SandwichStudy,3.2.4,MacIntel,60,"[""space""]",[0.43400001525878906],1,0,80,34,1,79,Avocado,Onions,Cucumbers,,,,,,Tuna,Basil,Cheddar cheese,Garlic aioli,Pickles,Onions,Tomatoes,Spinach,8,3,8,1000,0,1000,0,1,999,,,,,,,,,,,,,,,
,,,,,,,,,,,,,67216,2020-03-04_18h18.39.705,SandwichStudy,3.2.4,MacIntel,60,"[""a""]",[0.9620001316070557],1,0,80,34,1,79,Avocado,Onions,Cucumbers,,,,,,Tuna,Basil,Cheddar cheese,Garlic aioli,Pickles,Onions,Tomatoes,Spinach,8,3,8,1000,0,1000,0,1,999,,,,,,,,,,,,,,,
,,,,,,,,,,,,,67216,2020-03-04_18h18.39.705,SandwichStudy,3.2.4,MacIntel,60,"[""l""]",[0.9590001106262207],1,0,80,27,1,79,Mushrooms,Swiss cheese,Provolone cheese,Cheddar cheese,Lettuce,Tomatoes,,,Avocado,Spinach,Tomatoes,Swiss cheese,,,,,6,6,4,1000,0,1000,0,1,999,,,,,,,,,,,,,,,
,,,,,,,,,,,,,67216,2020-03-04_18h18.39.705,SandwichStudy,3.2.4,MacIntel,60,"[""space""]",[0.9189999103546143],1,0,80,7,1,79,Mozzarella cheese,Bell peppers,Pesto,Spinach,,,,,Ham,Lettuce,Tomatoes,Mayonnaise,Mustard,,,,5,4,5,1000,0,1000,0,1,999,,,,,,,,,,,,,,,
,,,,,,,,,,,,,67216,2020-03-04_18h18.39.705,SandwichStudy,3.2.4,MacIntel,60,"[""l""]",[1.2579998970031738],1,0,80,7,1,79,Mozzarella cheese,Bell peppers,Pesto,Spinach,,,,,Ham,Lettuce,Tomatoes,Mayonnaise,Mustard,,,,5,4,5,1000,0,1000,0,1,999,,,,,,,,,,,,,,,
,,,,,,,,,,,,,67216,2020-03-04_18h18.39.705,SandwichStudy,3.2.4,MacIntel,60,"[""space""]",[0.05500006675720215],1,0,80,12,1,79,Turkey,Cheddar cheese,Mayonnaise,,,,,,Ham,Pork,Swiss cheese,Mustard,Pickles,,,,5,3,5,1000,0,1000,0,1,999,,,,,,,,,,,,,,,
,,,,,,,,,,,,,67216,2020-03-04_18h18.39.705,SandwichStudy,3.2.4,MacIntel,60,"[""l""]",[2.435999870300293],1,0,80,12,1,79,Turkey,Cheddar cheese,Mayonnaise,,,,,,Ham,Pork,Swiss cheese,Mustard,Pickles,,,,5,3,5,1000,0,1000,0,1,999,,,,,,,,,,,,,,,
,,,,,,,,,,,,,67216,2020-03-04_18h18.39.705,SandwichStudy,3.2.4,MacIntel,60,"[""l""]",[0.5260000228881836],1,0,80,25,1,79,Meatballs,Provolone cheese,Onions,Marinara sauce,,,,,Chicken,Pepper jack cheese,Ranch dressing,,,,,,4,4,3,1000,0,1000,0,1,999,,,,,,,,,,,,,,,
,,,,,,,,,,,,,67216,2020-03-04_18h18.39.705,SandwichStudy,3.2.4,MacIntel,60,"[""a""]",[1.0239999294281006],1,0,80,26,1,79,Turkey,Avocado,Mayonnaise,,,,,,Chicken,Mozzarella cheese,Tomatoes,Onions,Basil,Mayonnaise,,,6,3,6,1000,0,1000,0,1,999,,,,,,,,,,,,,,,
,,,,,,,,,,,,,67216,2020-03-04_18h18.39.705,SandwichStudy,3.2.4,MacIntel,60,"[""space""]",[0.6429998874664307],1,0,80,57,1,79,Avocado,Spinach,Tomatoes,Swiss cheese,,,,,Chicken,Ham,Swiss cheese,Mayonnaise,Mustard,,,,5,4,5,1000,0,1000,0,1,999,,,,,,,,,,,,,,,
,,,,,,,,,,,,,67216,2020-03-04_18h18.39.705,SandwichStudy,3.2.4,MacIntel,60,"[""space""]",[0.4869999885559082],1,0,80,57,1,79,Avocado,Spinach,Tomatoes,Swiss cheese,,,,,Chicken,Ham,Swiss cheese,Mayonnaise,Mustard,,,,5,4,5,1000,0,1000,0,1,999,,,,,,,,,,,,,,,
,,,,,,,,,,,,,67216,2020-03-04_18h18.39.705,SandwichStudy,3.2.4,MacIntel,60,"[""l""]",[0.7690000534057617],1,0,80,57,1,79,Avocado,Spinach,Tomatoes,Swiss cheese,,,,,Chicken,Ham,Swiss cheese,Mayonnaise,Mustard,,,,5,4,5,1000,0,1000,0,1,999,,,,,,,,,,,,,,,
,,,,,,,,,,,,,67216,2020-03-04_18h18.39.705,SandwichStudy,3.2.4,MacIntel,60,"[""l""]",[0.9610002040863037],1,0,80,21,1,79,Chicken,Ham,Cheddar cheese,Mayonnaise,,,,,Turkey,Bacon,Avocado,Provolone cheese,Lettuce,Tomatoes,Onions,Ranch dressing,8,4,8,1000,0,1000,0,1,999,,,,,,,,,,,,,,,
,,,,,,,,,,,,,67216,2020-03-04_18h18.39.705,SandwichStudy,3.2.4,MacIntel,60,"[""space""]",[0.7200000286102295],1,0,80,16,1,79,Chicken,American cheese,Lettuce,Tomatoes,Mayonnaise,,,,Cheddar cheese,Avocado,Onions,Tomatoes,Mayonnaise,,,,5,5,5,1000,0,1000,0,1,999,,,,,,,,,,,,,,,
,,,,,,,,,,,,,67216,2020-03-04_18h18.39.705,SandwichStudy,3.2.4,MacIntel,60,"[""space""]",[0.5509998798370361],1,0,80,16,1,79,Chicken,American cheese,Lettuce,Tomatoes,Mayonnaise,,,,Cheddar cheese,Avocado,Onions,Tomatoes,Mayonnaise,,,,5,5,5,1000,0,1000,0,1,999,,,,,,,,,,,,,,,
,,,,,,,,,,,,,67216,2020-03-04_18h18.39.705,SandwichStudy,3.2.4,MacIntel,60,"[""space""]",[0.026999950408935547],1,0,80,16,1,79,Chicken,American cheese,Lettuce,Tomatoes,Mayonnaise,,,,Cheddar cheese,Avocado,Onions,Tomatoes,Mayonnaise,,,,5,5,5,1000,0,1000,0,1,999,,,,,,,,,,,,,,,
,,,,,,,,,,,,,67216,2020-03-04_18h18.39.705,SandwichStudy,3.2.4,MacIntel,60,"[""space""]",[0.7860000133514404],1,0,80,16,1,79,Chicken,American cheese,Lettuce,Tomatoes,Mayonnaise,,,,Cheddar cheese,Avocado,Onions,Tomatoes,Mayonnaise,,,,5,5,5,1000,0,1000,0,1,999,,,,,,,,,,,,,,,
,,,,,,,,,,,,,67216,2020-03-04_18h18.39.705,SandwichStudy,3.2.4,MacIntel,60,"[""a""]",[1.694000005722046],1,0,80,16,1,79,Chicken,American cheese,Lettuce,Tomatoes,Mayonnaise,,,,Cheddar cheese,Avocado,Onions,Tomatoes,Mayonnaise,,,,5,5,5,1000,0,1000,0,1,999,,,,,,,,,,,,,,,
,,,,,,,,,,,,,67216,2020-03-04_18h18.39.705,SandwichStudy,3.2.4,MacIntel,60,"[""a""]",[1.249000072479248],1,0,80,61,1,79,Pork,Cucumbers,Pickles,Jalapenos,Basil,Mayonnaise,,,Turkey,Cheddar cheese,Bacon,,,,,,6,6,3,1000,0,1000,0,1,999,,,,,,,,,,,,,,,
,,,,,,,,,,,,,67216,2020-03-04_18h18.39.705,SandwichStudy,3.2.4,MacIntel,60,"[""a""]",[0.21600008010864258],1,0,80,11,1,79,Pork,Ham,Swiss cheese,Pickles,Mustard,,,,Chicken,Bacon,Mustard,,,,,,5,5,3,1000,0,1000,0,1,999,,,,,,,,,,,,,,,
,,,,,,,,,,,,,67216,2020-03-04_18h18.39.705,SandwichStudy,3.2.4,MacIntel,60,"[""a""]",[0.059999942779541016],1,0,80,6,1,79,Chicken,Cheddar cheese,Lettuce,Garlic aioli,Swiss cheese,Tomatoes,,,Cheddar cheese,Provolone cheese,Swiss cheese,Mushrooms,Mayonnaise,Lettuce,Tomatoes,,7,6,7,1000,0,1000,0,1,999,,,,,,,,,,,,,,,
,,,,,,,,,,,,,67216,2020-03-04_18h18.39.705,SandwichStudy,3.2.4,MacIntel,60,"[""a""]",[2.059999942779541],1,0,80,8,1,79,Chicken,Ham,Swiss cheese,Mayonnaise,,,,,Pepperoni,Meatballs,Marinara sauce,Provolone cheese,Mushrooms,,,,5,4,5,1000,0,1000,0,1,999,,,,,,,,,,,,,,,
,,,,,,,,,,,,,67216,2020-03-04_18h18.39.705,SandwichStudy,3.2.4,MacIntel,60,"[""space""]",[0.8050000667572021],1,0,80,9,1,79,Bacon,Turkey,Pepper jack cheese,Mustard,,,,,Bacon,Spinach,Tomatoes,Avocado,Mayonnaise,,,,5,4,5,1000,0,1000,0,1,999,,,,,,,,,,,,,,,
,,,,,,,,,,,,,67216,2020-03-04_18h18.39.705,SandwichStudy,3.2.4,MacIntel,60,"[""space""]",[0.18899989128112793],1,0,80,9,1,79,Bacon,Turkey,Pepper jack cheese,Mustard,,,,,Bacon,Spinach,Tomatoes,Avocado,Mayonnaise,,,,5,4,5,1000,0,1000,0,1,999,,,,,,,,,,,,,,,
,,,,,,,,,,,,,67216,2020-03-04_18h18.39.705,SandwichStudy,3.2.4,MacIntel,60,"[""l""]",[0.9409999847412109],1,0,80,9,1,79,Bacon,Turkey,Pepper jack cheese,Mustard,,,,,Bacon,Spinach,Tomatoes,Avocado,Mayonnaise,,,,5,4,5,1000,0,1000,0,1,999,,,,,,,,,,,,,,,
,,,,,,,,,,,,,67216,2020-03-04_18h18.39.705,SandwichStudy,3.2.4,MacIntel,60,"[""l""]",[0.8080000877380371],1,0,80,50,1,79,Mozzarella cheese,Bell peppers,Pesto,Spinach,,,,,Chicken,Ham,Swiss cheese,Mayonnaise,,,,,4,4,4,1000,0,1000,0,1,999,,,,,,,,,,,,,,,
,,,,,,,,,,,,,67216,2020-03-04_18h18.39.705,SandwichStudy,3.2.4,MacIntel,60,"[""space""]",[0.5130000114440918],1,0,80,72,1,79,Chicken,Mozzarella cheese,Tomatoes,Onions,Basil,Mayonnaise,,,Chicken,American cheese,Coleslaw,Tomatoes,Pickles,Mayonnaise,,,6,6,6,1000,0,1000,0,1,999,,,,,,,,,,,,,,,
,,,,,,,,,,,,,67216,2020-03-04_18h18.39.705,SandwichStudy,3.2.4,MacIntel,60,"[""space""]",[1.2599999904632568],1,0,80,72,1,79,Chicken,Mozzarella cheese,Tomatoes,Onions,Basil,Mayonnaise,,,Chicken,American cheese,Coleslaw,Tomatoes,Pickles,Mayonnaise,,,6,6,6,1000,0,1000,0,1,999,,,,,,,,,,,,,,,
,,,,,,,,,,,,,67216,2020-03-04_18h18.39.705,SandwichStudy,3.2.4,MacIntel,60,"[""l""]",[0.4179999828338623],1,0,80,72,1,79,Chicken,Mozzarella cheese,Tomatoes,Onions,Basil,Mayonnaise,,,Chicken,American cheese,Coleslaw,Tomatoes,Pickles,Mayonnaise,,,6,6,6,1000,0,1000,0,1,999,,,,,,,,,,,,,,,
,,,,,,,,,,,,,67216,2020-03-04_18h18.39.705,SandwichStudy,3.2.4,MacIntel,60,"[""l""]",[0.4200000762939453],1,0,80,68,1,79,Tomatoes,Mozzarella cheese,Spinach,Pesto,,,,,Steak,Bacon,American cheese,Tomatoes,Onions,Pickles,,,6,4,6,1000,0,1000,0,1,999,,,,,,,,,,,,,,,
,,,,,,,,,,,,,67216,2020-03-04_18h18.39.705,SandwichStudy,3.2.4,MacIntel,60,"[""space""]",[1.0299999713897705],1,0,80,67,1,79,Avocado,Onions,Cucumbers,,,,,,Meatballs,Provolone cheese,Marinara sauce,Parmesan cheese,,,,,4,3,4,1000,0,1000,0,1,999,,,,,,,,,,,,,,,
,,,,,,,,,,,,,67216,2020-03-04_18h18.39.705,SandwichStudy,3.2.4,MacIntel,60,"[""space""]",[0.1419999599456787],1,0,80,67,1,79,Avocado,Onions,Cucumbers,,,,,,Meatballs,Provolone cheese,Marinara sauce,Parmesan cheese,,,,,4,3,4,1000,0,1000,0,1,999,,,,,,,,,,,,,,,
,,,,,,,,,,,,,67216,2020-03-04_18h18.39.705,SandwichStudy,3.2.4,MacIntel,60,"[""l""]",[0.5519998073577881],1,0,80,67,1,79,Avocado,Onions,Cucumbers,,,,,,Meatballs,Provolone cheese,Marinara sauce,Parmesan cheese,,,,,4,3,4,1000,0,1000,0,1,999,,,,,,,,,,,,,,,
,,,,,,,,,,,,,67216,2020-03-04_18h18.39.705,SandwichStudy,3.2.4,MacIntel,60,"[""space""]",[0.568000078201294],1,0,80,33,1,79,Bacon,Ham,Turkey,Mayonnaise,Mustard,Cheddar cheese,Tomatoes,Spinach,Turkey,Avocado,Bacon,Garlic aioli,Tomatoes,Spinach,Onions,,8,8,7,1000,0,1000,0,1,999,,,,,,,,,,,,,,,
,,,,,,,,,,,,,67216,2020-03-04_18h18.39.705,SandwichStudy,3.2.4,MacIntel,60,"[""space""]",[0.4419999122619629],1,0,80,33,1,79,Bacon,Ham,Turkey,Mayonnaise,Mustard,Cheddar cheese,Tomatoes,Spinach,Turkey,Avocado,Bacon,Garlic aioli,Tomatoes,Spinach,Onions,,8,8,7,1000,0,1000,0,1,999,,,,,,,,,,,,,,,
,,,,,,,,,,,,,67216,2020-03-04_18h18.39.705,SandwichStudy,3.2.4,MacIntel,60,"[""a""]",[0.375],1,0,80,33,1,79,Bacon,Ham,Turkey,Mayonnaise,Mustard,Cheddar cheese,Tomatoes,Spinach,Turkey,Avocado,Bacon,Garlic aioli,Tomatoes,Spinach,Onions,,8,8,7,1000,0,1000,0,1,999,,,,,,,,,,,,,,,
,,,,,,,,,,,,,67216,2020-03-04_18h18.39.705,SandwichStudy,3.2.4,MacIntel,60,"[""space""]",[0.13299989700317383],1,0,80,71,1,79,Bacon,Ham,Turkey,Mayonnaise,Mustard,Cheddar cheese,Tomatoes,Spinach,Bacon,Lettuce,Tomatoes,Garlic aioli,Avocado,,,,8,8,5,1000,0,1000,0,1,999,,,,,,,,,,,,,,,
,,,,,,,,,,,,,67216,2020-03-04_18h18.39.705,SandwichStudy,3.2.4,MacIntel,60,"[""space""]",[0.4269998073577881],1,0,80,71,1,79,Bacon,Ham,Turkey,Mayonnaise,Mustard,Cheddar cheese,Tomatoes,Spinach,Bacon,Lettuce,Tomatoes,Garlic aioli,Avocado,,,,8,8,5,1000,0,1000,0,1,999,,,,,,,,,,,,,,,
,,,,,,,,,,,,,67216,2020-03-04_18h18.39.705,SandwichStudy,3.2.4,MacIntel,60,"[""l""]",[0.03399991989135742],1,0,80,71,1,79,Bacon,Ham,Turkey,Mayonnaise,Mustard,Cheddar cheese,Tomatoes,Spinach,Bacon,Lettuce,Tomatoes,Garlic aioli,Avocado,,,,8,8,5,1000,0,1000,0,1,999,,,,,,,,,,,,,,,
,,,,,,,,,,,,,67216,2020-03-04_18h18.39.705,SandwichStudy,3.2.4,MacIntel,60,"[""space""]",[2.131999969482422],1,0,80,29,1,79,Turkey,Garlic aioli,Bacon,Spinach,,,,,Chicken,Mayonnaise,Cheddar cheese,,,,,,4,4,3,1000,0,1000,0,1,999,,,,,,,,,,,,,,,
,,,,,,,,,,,,,67216,2020-03-04_18h18.39.705,SandwichStudy,3.2.4,MacIntel,60,"[""space""]",[7.302000045776367],1,0,80,29,1,79,Turkey,Garlic aioli,Bacon,Spinach,,,,,Chicken,Mayonnaise,Cheddar cheese,,,,,,4,4,3,1000,0,1000,0,1,999,,,,,,,,,,,,,,,
,,,,,,,,,,,,,67216,2020-03-04_18h18.39.705,SandwichStudy,3.2.4,MacIntel,60,"[""l""]",[0.5519998073577881],1,0,80,29,1,79,Turkey,Garlic aioli,Bacon,Spinach,,,,,Chicken,Mayonnaise,Cheddar cheese,,,,,,4,4,3,1000,0,1000,0,1,999,,,,,,,,,,,,,,,
,,,,,,,,,,,,,67216,2020-03-04_18h18.39.705,SandwichStudy,3.2.4,MacIntel,60,"[""space""]",[0.5520000457763672],1,0,80,75,1,79,Ham,Swiss cheese,Mustard,,,,,,Ham,Swiss cheese,Mayonnaise,Mustard,Tomatoes,,,,5,3,5,1000,0,1000,0,1,999,,,,,,,,,,,,,,,
,,,,,,,,,,,,,67216,2020-03-04_18h18.39.705,SandwichStudy,3.2.4,MacIntel,60,"[""space""]",[0.5080001354217529],1,0,80,75,1,79,Ham,Swiss cheese,Mustard,,,,,,Ham,Swiss cheese,Mayonnaise,Mustard,Tomatoes,,,,5,3,5,1000,0,1000,0,1,999,,,,,,,,,,,,,,,
,,,,,,,,,,,,,67216,2020-03-04_18h18.39.705,SandwichStudy,3.2.4,MacIntel,60,"[""space""]",[0.5910000801086426],1,0,80,75,1,79,Ham,Swiss cheese,Mustard,,,,,,Ham,Swiss cheese,Mayonnaise,Mustard,Tomatoes,,,,5,3,5,1000,0,1000,0,1,999,,,,,,,,,,,,,,,
,,,,,,,,,,,,,67216,2020-03-04_18h18.39.705,SandwichStudy,3.2.4,MacIntel,60,"[""space""]",[1.0220000743865967],1,0,80,75,1,79,Ham,Swiss cheese,Mustard,,,,,,Ham,Swiss cheese,Mayonnaise,Mustard,Tomatoes,,,,5,3,5,1000,0,1000,0,1,999,,,,,,,,,,,,,,,
,,,,,,,,,,,,,67216,2020-03-04_18h18.39.705,SandwichStudy,3.2.4,MacIntel,60,"[""l""]",[2.123999834060669],1,0,80,75,1,79,Ham,Swiss cheese,Mustard,,,,,,Ham,Swiss cheese,Mayonnaise,Mustard,Tomatoes,,,,5,3,5,1000,0,1000,0,1,999,,,,,,,,,,,,,,,
,,,,,,,,,,,,,67216,2020-03-04_18h18.39.705,SandwichStudy,3.2.4,MacIntel,60,"[""a""]",[0.5699999332427979],1,0,80,65,1,79,Chicken,Pepper jack cheese,Ranch dressing,,,,,,Salami,Provolone cheese,Lettuce,Tomatoes,Mayonnaise,Mustard,,,6,3,6,1000,0,1000,0,1,999,,,,,,,,,,,,,,,
,,,,,,,,,,,,,67216,2020-03-04_18h18.39.705,SandwichStudy,3.2.4,MacIntel,60,"[""l""]",[0.6960000991821289],1,0,80,32,1,79,Turkey,Ham,Bacon,Provolone cheese,Lettuce,Tomatoes,Ranch dressing,,Chicken,Cheddar cheese,Bacon,Avocado,Ranch dressing,,,,7,7,5,1000,0,1000,0,1,999,,,,,,,,,,,,,,,
,,,,,,,,,,,,,67216,2020-03-04_18h18.39.705,SandwichStudy,3.2.4,MacIntel,60,"[""space""]",[0.09400010108947754],1,0,80,70,1,79,Pastrami,Swiss cheese,Coleslaw,,,,,,Chicken,Cheddar cheese,Bacon,Avocado,Ranch dressing,,,,5,3,5,1000,0,1000,0,1,999,,,,,,,,,,,,,,,
,,,,,,,,,,,,,67216,2020-03-04_18h18.39.705,SandwichStudy,3.2.4,MacIntel,60,"[""space""]",[0.26999998092651367],1,0,80,70,1,79,Pastrami,Swiss cheese,Coleslaw,,,,,,Chicken,Cheddar cheese,Bacon,Avocado,Ranch dressing,,,,5,3,5,1000,0,1000,0,1,999,,,,,,,,,,,,,,,
,,,,,,,,,,,,,67216,2020-03-04_18h18.39.705,SandwichStudy,3.2.4,MacIntel,60,"[""space""]",[0.5209999084472656],1,0,80,70,1,79,Pastrami,Swiss cheese,Coleslaw,,,,,,Chicken,Cheddar cheese,Bacon,Avocado,Ranch dressing,,,,5,3,5,1000,0,1000,0,1,999,,,,,,,,,,,,,,,
,,,,,,,,,,,,,67216,2020-03-04_18h18.39.705,SandwichStudy,3.2.4,MacIntel,60,"[""a""]",[0.687999963760376],1,0,80,70,1,79,Pastrami,Swiss cheese,Coleslaw,,,,,,Chicken,Cheddar cheese,Bacon,Avocado,Ranch dressing,,,,5,3,5,1000,0,1000,0,1,999,,,,,,,,,,,,,,,
,,,,,,,,,,,,,67216,2020-03-04_18h18.39.705,SandwichStudy,3.2.4,MacIntel,60,"[""space""]",[0.019999980926513672],1,0,80,46,1,79,Turkey,Ham,Bacon,Swiss cheese,Lettuce,Tomatoes,Onions,,Chicken,Pickles,Basil,Tomatoes,Cucumbers,,,,7,7,5,1000,0,1000,0,1,999,,,,,,,,,,,,,,,
,,,,,,,,,,,,,67216,2020-03-04_18h18.39.705,SandwichStudy,3.2.4,MacIntel,60,"[""l""]",[0.0010001659393310547],1,0,80,46,1,79,Turkey,Ham,Bacon,Swiss cheese,Lettuce,Tomatoes,Onions,,Chicken,Pickles,Basil,Tomatoes,Cucumbers,,,,7,7,5,1000,0,1000,0,1,999,,,,,,,,,,,,,,,
,,,,,,,,,,,,,67216,2020-03-04_18h18.39.705,SandwichStudy,3.2.4,MacIntel,60,"[""a""]",[0.3839998245239258],1,0,80,5,1,79,Chicken,Cheddar cheese,Mayonnaise,,,,,,Turkey,Provolone cheese,Pesto,Bell peppers,,,,,4,3,4,1000,0,1000,0,1,999,,,,,,,,,,,,,,,
,,,,,,,,,,,,,67216,2020-03-04_18h18.39.705,SandwichStudy,3.2.4,MacIntel,60,"[""a""]",[0.7349998950958252],1,0,80,24,1,79,Steak,Onions,Bell peppers,Provolone cheese,,,,,Tuna,Lettuce,Tomatoes,Mayonnaise,,,,,4,4,4,1000,0,1000,0,1,999,,,,,,,,,,,,,,,
,,,,,,,,,,,,,67216,2020-03-04_18h18.39.705,SandwichStudy,3.2.4,MacIntel,60,"[""space""]",[0.15199995040893555],1,0,80,49,1,79,Spinach,Tomatoes,Cucumbers,Onions,Bell peppers,Avocado,Mayonnaise,,Turkey,Provolone cheese,Spinach,Garlic aioli,,,,,7,7,4,1000,0,1000,0,1,999,,,,,,,,,,,,,,,
,,,,,,,,,,,,,67216,2020-03-04_18h18.39.705,SandwichStudy,3.2.4,MacIntel,60,"[""l""]",[1.4260001182556152],1,0,80,49,1,79,Spinach,Tomatoes,Cucumbers,Onions,Bell peppers,Avocado,Mayonnaise,,Turkey,Provolone cheese,Spinach,Garlic aioli,,,,,7,7,4,1000,0,1000,0,1,999,,,,,,,,,,,,,,,
,,,,,,,,,,,,,67216,2020-03-04_18h18.39.705,SandwichStudy,3.2.4,MacIntel,60,"[""l""]",[0.9750001430511475],1,0,80,79,1,79,Salami,Roast beef,Turkey,Ham,Swiss cheese,Lettuce,Tomatoes,Mayonnaise,Turkey,Cheddar cheese,Mayonnaise,,,,,,8,8,3,1000,0,1000,0,1,999,,,,,,,,,,,,,,,
,,,,,,,,,,,,,67216,2020-03-04_18h18.39.705,SandwichStudy,3.2.4,MacIntel,60,"[""l""]",[0.21700000762939453],1,0,80,10,1,79,Turkey,Cheddar cheese,Coleslaw,Spinach,Mustard,,,,Salami,Provolone cheese,Lettuce,Tomatoes,Mayonnaise,Mustard,,,6,5,6,1000,0,1000,0,1,999,,,,,,,,,,,,,,,
,,,,,,,,,,,,,67216,2020-03-04_18h18.39.705,SandwichStudy,3.2.4,MacIntel,60,"[""l""]",[0.09099984169006348],1,0,80,18,1,79,Turkey,Bacon,Pepper jack cheese,Avocado,Ranch dressing,Spinach,Tomatoes,,Chicken,Bacon,Cheddar cheese,Swiss cheese,Spinach,Tomatoes,Mayonnaise,Mustard,8,7,8,1000,0,1000,0,1,999,,,,,,,,,,,,,,,
,,,,,,,,,,,,,67216,2020-03-04_18h18.39.705,SandwichStudy,3.2.4,MacIntel,60,"[""l""]",[0.002000093460083008],1,0,80,78,1,79,Chicken,American cheese,Lettuce,Tomatoes,Mayonnaise,,,,Pastrami,Cheddar cheese,Mustard,Pickles,,,,,5,5,4,1000,0,1000,0,1,999,,,,,,,,,,,,,,,
,,,,,,,,,,,,,67216,2020-03-04_18h18.39.705,SandwichStudy,3.2.4,MacIntel,60,"[""a""]",[0.9190001487731934],1,0,80,59,1,79,Chicken,Ham,Cheddar cheese,Mayonnaise,,,,,Turkey,Garlic aioli,Bacon,Spinach,,,,,4,4,4,1000,0,1000,0,1,999,,,,,,,,,,,,,,,
,,,,,,,,,,,,,67216,2020-03-04_18h18.39.705,SandwichStudy,3.2.4,MacIntel,60,"[""l""]",[0.937999963760376],1,0,80,63,1,79,Onions,Bell peppers,Mushrooms,Jalapenos,American cheese,Steak,,,Turkey,Ham,Roast beef,Provolone cheese,Spinach,Tomatoes,Mayonnaise,Mustard,8,6,8,1000,0,1000,0,1,999,,,,,,,,,,,,,,,
,,,,,,,,,,,,,67216,2020-03-04_18h18.39.705,SandwichStudy,3.2.4,MacIntel,60,"[""l""]",[0.8059999942779541],1,0,80,47,1,79,Chicken,Cheddar cheese,Mayonnaise,,,,,,Turkey,Cheddar cheese,Coleslaw,Spinach,Mustard,,,,5,3,5,1000,0,1000,0,1,999,,,,,,,,,,,,,,,
,,,,,,,,,,,,,67216,2020-03-04_18h18.39.705,SandwichStudy,3.2.4,MacIntel,60,"[""space""]",[0.377000093460083],1,0,80,56,1,79,Turkey,Salami,Cheddar cheese,Mayonnaise,,,,,Turkey,Bacon,Avocado,Provolone cheese,Lettuce,Tomatoes,Onions,Ranch dressing,8,4,8,1000,0,1000,0,1,999,,,,,,,,,,,,,,,
,,,,,,,,,,,,,67216,2020-03-04_18h18.39.705,SandwichStudy,3.2.4,MacIntel,60,"[""space""]",[0.38499999046325684],1,0,80,56,1,79,Turkey,Salami,Cheddar cheese,Mayonnaise,,,,,Turkey,Bacon,Avocado,Provolone cheese,Lettuce,Tomatoes,Onions,Ranch dressing,8,4,8,1000,0,1000,0,1,999,,,,,,,,,,,,,,,
,,,,,,,,,,,,,67216,2020-03-04_18h18.39.705,SandwichStudy,3.2.4,MacIntel,60,"[""space""]",[0.36700010299682617],1,0,80,56,1,79,Turkey,Salami,Cheddar cheese,Mayonnaise,,,,,Turkey,Bacon,Avocado,Provolone cheese,Lettuce,Tomatoes,Onions,Ranch dressing,8,4,8,1000,0,1000,0,1,999,,,,,,,,,,,,,,,
,,,,,,,,,,,,,67216,2020-03-04_18h18.39.705,SandwichStudy,3.2.4,MacIntel,60,"[""a""]",[0.7799999713897705],1,0,80,56,1,79,Turkey,Salami,Cheddar cheese,Mayonnaise,,,,,Turkey,Bacon,Avocado,Provolone cheese,Lettuce,Tomatoes,Onions,Ranch dressing,8,4,8,1000,0,1000,0,1,999,,,,,,,,,,,,,,,
,,,,,,,,,,,,,67216,2020-03-04_18h18.39.705,SandwichStudy,3.2.4,MacIntel,60,"[""space""]",[0.05000019073486328],1,0,80,19,1,79,Bacon,Ham,Turkey,Mayonnaise,Cheddar cheese,Tomatoes,Spinach,Swiss cheese,Turkey,Salami,Cheddar cheese,Mayonnaise,,,,,8,8,4,1000,0,1000,0,1,999,,,,,,,,,,,,,,,
,,,,,,,,,,,,,67216,2020-03-04_18h18.39.705,SandwichStudy,3.2.4,MacIntel,60,"[""space""]",[0.22600007057189941],1,0,80,19,1,79,Bacon,Ham,Turkey,Mayonnaise,Cheddar cheese,Tomatoes,Spinach,Swiss cheese,Turkey,Salami,Cheddar cheese,Mayonnaise,,,,,8,8,4,1000,0,1000,0,1,999,,,,,,,,,,,,,,,
,,,,,,,,,,,,,67216,2020-03-04_18h18.39.705,SandwichStudy,3.2.4,MacIntel,60,"[""space""]",[0.19000005722045898],1,0,80,19,1,79,Bacon,Ham,Turkey,Mayonnaise,Cheddar cheese,Tomatoes,Spinach,Swiss cheese,Turkey,Salami,Cheddar cheese,Mayonnaise,,,,,8,8,4,1000,0,1000,0,1,999,,,,,,,,,,,,,,,
,,,,,,,,,,,,,67216,2020-03-04_18h18.39.705,SandwichStudy,3.2.4,MacIntel,60,"[""space""]",[0.375],1,0,80,19,1,79,Bacon,Ham,Turkey,Mayonnaise,Cheddar cheese,Tomatoes,Spinach,Swiss cheese,Turkey,Salami,Cheddar cheese,Mayonnaise,,,,,8,8,4,1000,0,1000,0,1,999,,,,,,,,,,,,,,,
,,,,,,,,,,,,,67216,2020-03-04_18h18.39.705,SandwichStudy,3.2.4,MacIntel,60,"[""l""]",[0.0710000991821289],1,0,80,19,1,79,Bacon,Ham,Turkey,Mayonnaise,Cheddar cheese,Tomatoes,Spinach,Swiss cheese,Turkey,Salami,Cheddar cheese,Mayonnaise,,,,,8,8,4,1000,0,1000,0,1,999,,,,,,,,,,,,,,,
,,,,,,,,,,,,,67216,2020-03-04_18h18.39.705,SandwichStudy,3.2.4,MacIntel,60,"[""l""]",[0.7389998435974121],1,0,80,42,1,79,Chicken,Bacon,Feta cheese,Bell peppers,Basil,Garlic aioli,,,Turkey,Ham,Cheddar cheese,Mayonnaise,,,,,6,6,4,1000,0,1000,0,1,999,,,,,,,,,,,,,,,
,,,,,,,,,,,,,67216,2020-03-04_18h18.39.705,SandwichStudy,3.2.4,MacIntel,60,"[""space""]",[0.0840001106262207],1,0,80,58,1,79,Chicken,Mayonnaise,Cheddar cheese,,,,,,Steak,Onions,Bell peppers,Provolone cheese,,,,,4,3,4,1000,0,1000,0,1,999,,,,,,,,,,,,,,,
,,,,,,,,,,,,,67216,2020-03-04_18h18.39.705,SandwichStudy,3.2.4,MacIntel,60,"[""space""]",[0.6759998798370361],1,0,80,58,1,79,Chicken,Mayonnaise,Cheddar cheese,,,,,,Steak,Onions,Bell peppers,Provolone cheese,,,,,4,3,4,1000,0,1000,0,1,999,,,,,,,,,,,,,,,
,,,,,,,,,,,,,67216,2020-03-04_18h18.39.705,SandwichStudy,3.2.4,MacIntel,60,"[""a""]",[0.7960000038146973],1,0,80,58,1,79,Chicken,Mayonnaise,Cheddar cheese,,,,,,Steak,Onions,Bell peppers,Provolone cheese,,,,,4,3,4,1000,0,1000,0,1,999,,,,,,,,,,,,,,,
,,,,,,,,,,,,,67216,2020-03-04_18h18.39.705,SandwichStudy,3.2.4,MacIntel,60,"[""l""]",[12.194999933242798],1,0,80,13,1,79,Chicken,Garlic aioli,Pickles,Cucumbers,Jalapenos,Basil,,,Roast beef,Bacon,Turkey,Mayonnaise,,,,,6,6,4,1000,0,1000,0,1,999,,,,,,,,,,,,,,,
,,,,,,,,,,,,,67216,2020-03-04_18h18.39.705,SandwichStudy,3.2.4,MacIntel,60,"[""a""]",[0.8310000896453857],1,0,80,20,1,79,Pastrami,Swiss cheese,Coleslaw,,,,,,Chicken,Bacon,Feta cheese,Bell peppers,Basil,Garlic aioli,,,6,3,6,1000,0,1000,0,1,999,,,,,,,,,,,,,,,
,,,,,,,,,,,,,67216,2020-03-04_18h18.39.705,SandwichStudy,3.2.4,MacIntel,60,"[""l""]",[1.2630000114440918],1,0,80,22,1,79,Bacon,Lettuce,Tomatoes,Garlic aioli,Avocado,,,,Ham,Swiss cheese,Spinach,Mustard,,,,,5,5,4,1000,0,1000,0,1,999,,,,,,,,,,,,,,,
,,,,,,,,,,,,,67216,2020-03-04_18h18.39.705,SandwichStudy,3.2.4,MacIntel,60,"[""l""]",[0.7660000324249268],1,0,80,54,1,79,Chicken,Bell peppers,Bacon,Provolone cheese,Ranch dressing,Lettuce,Tomatoes,,Turkey,Bacon,Pepper jack cheese,Avocado,Ranch dressing,Spinach,Tomatoes,,7,7,7,1000,0,1000,0,1,999,,,,,,,,,,,,,,,
,,,,,,,,,,,,,67216,2020-03-04_18h18.39.705,SandwichStudy,3.2.4,MacIntel,60,"[""a""]",[0.40199995040893555],1,0,80,36,1,79,Chicken,Bell peppers,Bacon,Provolone cheese,Ranch dressing,Lettuce,Tomatoes,,Pastrami,Cheddar cheese,Mustard,Pickles,,,,,7,7,4,1000,0,1000,0,1,999,,,,,,,,,,,,,,,
,,,,,,,,,,,,,67216,2020-03-04_18h18.39.705,SandwichStudy,3.2.4,MacIntel,60,"[""space""]",[0.26999998092651367],1,0,80,39,1,79,Chicken,Provolone cheese,Pesto,,,,,,Turkey,Bacon,Jalapenos,Lettuce,Avocado,Garlic aioli,Tomatoes,,7,3,7,1000,0,1000,0,1,999,,,,,,,,,,,,,,,
,,,,,,,,,,,,,67216,2020-03-04_18h18.39.705,SandwichStudy,3.2.4,MacIntel,60,"[""a""]",[0.9519999027252197],1,0,80,39,1,79,Chicken,Provolone cheese,Pesto,,,,,,Turkey,Bacon,Jalapenos,Lettuce,Avocado,Garlic aioli,Tomatoes,,7,3,7,1000,0,1000,0,1,999,,,,,,,,,,,,,,,
,,,,,,,,,,,,,67216,2020-03-04_18h18.39.705,SandwichStudy,3.2.4,MacIntel,60,"[""l""]",[0.3380000591278076],1,0,80,17,1,79,Salami,Roast beef,Turkey,Ham,Swiss cheese,Lettuce,Tomatoes,Mayonnaise,Chicken,Gouda cheese,Avocado,Basil,Bell peppers,Mayonnaise,,,8,8,6,1000,0,1000,0,1,999,,,,,,,,,,,,,,,
,,,,,,,,,,,,,67216,2020-03-04_18h18.39.705,SandwichStudy,3.2.4,MacIntel,60,"[""space""]",[0.3379998207092285],1,0,80,35,1,79,Bacon,Lettuce,Tomatoes,Ranch dressing,,,,,Turkey,Gouda cheese,Avocado,Garlic aioli,Jalapenos,Tomatoes,Lettuce,,7,4,7,1000,0,1000,0,1,999,,,,,,,,,,,,,,,
,,,,,,,,,,,,,67216,2020-03-04_18h18.39.705,SandwichStudy,3.2.4,MacIntel,60,"[""space""]",[4.80400013923645],1,0,80,35,1,79,Bacon,Lettuce,Tomatoes,Ranch dressing,,,,,Turkey,Gouda cheese,Avocado,Garlic aioli,Jalapenos,Tomatoes,Lettuce,,7,4,7,1000,0,1000,0,1,999,,,,,,,,,,,,,,,
,,,,,,,,,,,,,67216,2020-03-04_18h18.39.705,SandwichStudy,3.2.4,MacIntel,60,"[""a""]",[0.2569999694824219],1,0,80,35,1,79,Bacon,Lettuce,Tomatoes,Ranch dressing,,,,,Turkey,Gouda cheese,Avocado,Garlic aioli,Jalapenos,Tomatoes,Lettuce,,7,4,7,1000,0,1000,0,1,999,,,,,,,,,,,,,,,
,,,,,,,,,,,,,67216,2020-03-04_18h18.39.705,SandwichStudy,3.2.4,MacIntel,60,"[""space""]",[0.9040000438690186],1,0,80,31,1,79,Spinach,Tomatoes,Cucumbers,Onions,Bell peppers,Avocado,Mayonnaise,,Turkey,Ham,Bacon,Swiss cheese,Lettuce,Tomatoes,Onions,,7,7,7,1000,0,1000,0,1,999,,,,,,,,,,,,,,,
,,,,,,,,,,,,,67216,2020-03-04_18h18.39.705,SandwichStudy,3.2.4,MacIntel,60,"[""space""]",[0.5590000152587891],1,0,80,31,1,79,Spinach,Tomatoes,Cucumbers,Onions,Bell peppers,Avocado,Mayonnaise,,Turkey,Ham,Bacon,Swiss cheese,Lettuce,Tomatoes,Onions,,7,7,7,1000,0,1000,0,1,999,,,,,,,,,,,,,,,
,,,,,,,,,,,,,67216,2020-03-04_18h18.39.705,SandwichStudy,3.2.4,MacIntel,60,"[""l""]",[0.5469999313354492],1,0,80,31,1,79,Spinach,Tomatoes,Cucumbers,Onions,Bell peppers,Avocado,Mayonnaise,,Turkey,Ham,Bacon,Swiss cheese,Lettuce,Tomatoes,Onions,,7,7,7,1000,0,1000,0,1,999,,,,,,,,,,,,,,,
,,,,,,,,,,,,,67216,2020-03-04_18h18.39.705,SandwichStudy,3.2.4,MacIntel,60,"[""a""]",[0.24000000953674316],1,0,80,3,1,79,Chicken,American cheese,Coleslaw,Tomatoes,Pickles,Mayonnaise,,,Swiss cheese,Provolone cheese,Bell peppers,Tomatoes,Onions,,,,6,6,5,1000,0,1000,0,1,999,,,,,,,,,,,,,,,
,,,,,,,,,,,,,67216,2020-03-04_18h18.39.705,SandwichStudy,3.2.4,MacIntel,60,"[""space""]",[0.25799989700317383],1,0,80,0,1,79,Onions,Bell peppers,Mushrooms,Jalapenos,American cheese,Steak,,,Bacon,Provolone cheese,Mushrooms,Parmesan cheese,,,,,6,6,4,1000,0,1000,0,1,999,,,,,,,,,,,,,,,
,,,,,,,,,,,,,67216,2020-03-04_18h18.39.705,SandwichStudy,3.2.4,MacIntel,60,"[""l""]",[0.5280001163482666],1,0,80,0,1,79,Onions,Bell peppers,Mushrooms,Jalapenos,American cheese,Steak,,,Bacon,Provolone cheese,Mushrooms,Parmesan cheese,,,,,6,6,4,1000,0,1000,0,1,999,,,,,,,,,,,,,,,
,,,,,,,,,,,,,67216,2020-03-04_18h18.39.705,SandwichStudy,3.2.4,MacIntel,60,"[""space""]",[0.5380001068115234],1,0,80,48,1,79,Chicken,Provolone cheese,Pesto,,,,,,Ham,Lettuce,Tomatoes,Mayonnaise,Mustard,,,,5,3,5,1000,0,1000,0,1,999,,,,,,,,,,,,,,,
,,,,,,,,,,,,,67216,2020-03-04_18h18.39.705,SandwichStudy,3.2.4,MacIntel,60,"[""l""]",[0.628000020980835],1,0,80,48,1,79,Chicken,Provolone cheese,Pesto,,,,,,Ham,Lettuce,Tomatoes,Mayonnaise,Mustard,,,,5,3,5,1000,0,1000,0,1,999,,,,,,,,,,,,,,,
,,,,,,,,,,,,,67216,2020-03-04_18h18.39.705,SandwichStudy,3.2.4,MacIntel,60,"[""space""]",[0.16000008583068848],1,0,80,43,1,79,Meatballs,Provolone cheese,Onions,Marinara sauce,,,,,Chicken,Mozzarella cheese,Tomatoes,Pesto,Spinach,,,,5,4,5,1000,0,1000,0,1,999,,,,,,,,,,,,,,,
,,,,,,,,,,,,,67216,2020-03-04_18h18.39.705,SandwichStudy,3.2.4,MacIntel,60,"[""space""]",[0.37399983406066895],1,0,80,43,1,79,Meatballs,Provolone cheese,Onions,Marinara sauce,,,,,Chicken,Mozzarella cheese,Tomatoes,Pesto,Spinach,,,,5,4,5,1000,0,1000,0,1,999,,,,,,,,,,,,,,,
,,,,,,,,,,,,,67216,2020-03-04_18h18.39.705,SandwichStudy,3.2.4,MacIntel,60,"[""a""]",[0.3249998092651367],1,0,80,43,1,79,Meatballs,Provolone cheese,Onions,Marinara sauce,,,,,Chicken,Mozzarella cheese,Tomatoes,Pesto,Spinach,,,,5,4,5,1000,0,1000,0,1,999,,,,,,,,,,,,,,,
,,,,,,,,,,,,,67216,2020-03-04_18h18.39.705,SandwichStudy,3.2.4,MacIntel,60,"[""l""]",[0.16000008583068848],1,0,80,60,1,79,Chicken,Swiss cheese,Lettuce,Tomatoes,Onions,,,,Chicken,Cheddar cheese,Lettuce,Garlic aioli,Swiss cheese,Tomatoes,,,6,5,6,1000,0,1000,0,1,999,,,,,,,,,,,,,,,
,,,,,,,,,,,,,67216,2020-03-04_18h18.39.705,SandwichStudy,3.2.4,MacIntel,60,"[""space""]",[0.41900014877319336],1,0,80,41,1,79,Bacon,Provolone cheese,Mushrooms,Parmesan cheese,,,,,Turkey,Bacon,Jalapenos,Lettuce,Avocado,Garlic aioli,Tomatoes,,7,4,7,1000,0,1000,0,1,999,,,,,,,,,,,,,,,
,,,,,,,,,,,,,67216,2020-03-04_18h18.39.705,SandwichStudy,3.2.4,MacIntel,60,"[""space""]",[1.9029998779296875],1,0,80,41,1,79,Bacon,Provolone cheese,Mushrooms,Parmesan cheese,,,,,Turkey,Bacon,Jalapenos,Lettuce,Avocado,Garlic aioli,Tomatoes,,7,4,7,1000,0,1000,0,1,999,,,,,,,,,,,,,,,
,,,,,,,,,,,,,67216,2020-03-04_18h18.39.705,SandwichStudy,3.2.4,MacIntel,60,"[""a""]",[0.8059999942779541],1,0,80,41,1,79,Bacon,Provolone cheese,Mushrooms,Parmesan cheese,,,,,Turkey,Bacon,Jalapenos,Lettuce,Avocado,Garlic aioli,Tomatoes,,7,4,7,1000,0,1000,0,1,999,,,,,,,,,,,,,,,
,,,,,,,,,,,,,67216,2020-03-04_18h18.39.705,SandwichStudy,3.2.4,MacIntel,60,"[""space""]",[0.11100006103515625],1,0,80,62,1,79,Cheddar cheese,Provolone cheese,Swiss cheese,Mushrooms,Mayonnaise,Lettuce,Tomatoes,,Bacon,Turkey,Pepper jack cheese,Mustard,,,,,7,7,4,1000,0,1000,0,1,999,,,,,,,,,,,,,,,
,,,,,,,,,,,,,67216,2020-03-04_18h18.39.705,SandwichStudy,3.2.4,MacIntel,60,"[""space""]",[0.4720001220703125],1,0,80,62,1,79,Cheddar cheese,Provolone cheese,Swiss cheese,Mushrooms,Mayonnaise,Lettuce,Tomatoes,,Bacon,Turkey,Pepper jack cheese,Mustard,,,,,7,7,4,1000,0,1000,0,1,999,,,,,,,,,,,,,,,
,,,,,,,,,,,,,67216,2020-03-04_18h18.39.705,SandwichStudy,3.2.4,MacIntel,60,"[""l""]",[0.18700003623962402],1,0,80,62,1,79,Cheddar cheese,Provolone cheese,Swiss cheese,Mushrooms,Mayonnaise,Lettuce,Tomatoes,,Bacon,Turkey,Pepper jack cheese,Mustard,,,,,7,7,4,1000,0,1000,0,1,999,,,,,,,,,,,,,,,
,,,,,,,,,,,,,67216,2020-03-04_18h18.39.705,SandwichStudy,3.2.4,MacIntel,60,"[""space""]",[0.0839998722076416],1,0,80,74,1,79,Mushrooms,Swiss cheese,Provolone cheese,Cheddar cheese,Lettuce,Tomatoes,,,Roast beef,Pastrami,Swiss cheese,Mustard,,,,,6,6,4,1000,0,1000,0,1,999,,,,,,,,,,,,,,,
,,,,,,,,,,,,,67216,2020-03-04_18h18.39.705,SandwichStudy,3.2.4,MacIntel,60,"[""space""]",[0.125],1,0,80,74,1,79,Mushrooms,Swiss cheese,Provolone cheese,Cheddar cheese,Lettuce,Tomatoes,,,Roast beef,Pastrami,Swiss cheese,Mustard,,,,,6,6,4,1000,0,1000,0,1,999,,,,,,,,,,,,,,,
,,,,,,,,,,,,,67216,2020-03-04_18h18.39.705,SandwichStudy,3.2.4,MacIntel,60,"[""a""]",[0.3210000991821289],1,0,80,74,1,79,Mushrooms,Swiss cheese,Provolone cheese,Cheddar cheese,Lettuce,Tomatoes,,,Roast beef,Pastrami,Swiss cheese,Mustard,,,,,6,6,4,1000,0,1000,0,1,999,,,,,,,,,,,,,,,
,,,,,,,,,,,,,67216,2020-03-04_18h18.39.705,SandwichStudy,3.2.4,MacIntel,60,"[""a""]",[0.5710000991821289],1,0,80,28,1,79,Chicken,Mozzarella cheese,Tomatoes,Pesto,Spinach,,,,Roast beef,Turkey,Pastrami,Mayonnaise,Provolone cheese,,,,5,5,5,1000,0,1000,0,1,999,,,,,,,,,,,,,,,
,,,,,,,,,,,,,67216,2020-03-04_18h18.39.705,SandwichStudy,3.2.4,MacIntel,60,"[""space""]",[0.02499985694885254],1,0,80,52,1,79,Cheddar cheese,Avocado,Onions,Tomatoes,Mayonnaise,,,,Bacon,Ham,Turkey,Mayonnaise,Cheddar cheese,Tomatoes,Spinach,Swiss cheese,8,5,8,1000,0,1000,0,1,999,,,,,,,,,,,,,,,
,,,,,,,,,,,,,67216,2020-03-04_18h18.39.705,SandwichStudy,3.2.4,MacIntel,60,"[""space""]",[0.3769998550415039],1,0,80,52,1,79,Cheddar cheese,Avocado,Onions,Tomatoes,Mayonnaise,,,,Bacon,Ham,Turkey,Mayonnaise,Cheddar cheese,Tomatoes,Spinach,Swiss cheese,8,5,8,1000,0,1000,0,1,999,,,,,,,,,,,,,,,
,,,,,,,,,,,,,67216,2020-03-04_18h18.39.705,SandwichStudy,3.2.4,MacIntel,60,"[""a""]",[0.28799986839294434],1,0,80,52,1,79,Cheddar cheese,Avocado,Onions,Tomatoes,Mayonnaise,,,,Bacon,Ham,Turkey,Mayonnaise,Cheddar cheese,Tomatoes,Spinach,Swiss cheese,8,5,8,1000,0,1000,0,1,999,,,,,,,,,,,,,,,
,,,,,,,,,,,,,67216,2020-03-04_18h18.39.705,SandwichStudy,3.2.4,MacIntel,60,"[""l""]",[11.479000091552734],1,0,80,73,1,79,Turkey,Avocado,Bacon,Garlic aioli,Tomatoes,Spinach,Onions,,Tuna,Lettuce,Tomatoes,Mayonnaise,,,,,7,7,4,1000,0,1000,0,1,999,,,,,,,,,,,,,,,
,,,,,,,,,,,,,67216,2020-03-04_18h18.39.705,SandwichStudy,3.2.4,MacIntel,60,"[""a""]",[12.28600001335144],1,0,80,4,1,79,Provolone cheese,Swiss cheese,Cheddar cheese,Parmesan cheese,Tomatoes,,,,Chicken,Lettuce,Tomatoes,Mayonnaise,,,,,5,5,4,1000,0,1000,0,1,999,,,,,,,,,,,,,,,
,,,,,,,,,,,,,67216,2020-03-04_18h18.39.705,SandwichStudy,3.2.4,MacIntel,60,"[""l""]",[8.325999975204468],1,0,80,44,1,79,Chicken,Gouda cheese,Avocado,Basil,Bell peppers,Mayonnaise,,,Turkey,Gouda cheese,Avocado,Garlic aioli,Jalapenos,Tomatoes,Lettuce,,7,6,7,1000,0,1000,0,1,999,,,,,,,,,,,,,,,
,,,,,,,,,,,,,67216,2020-03-04_18h18.39.705,SandwichStudy,3.2.4,MacIntel,60,"[""l""]",[0.7249999046325684],1,0,80,14,1,79,Steak,Bacon,American cheese,Tomatoes,Onions,Pickles,,,Bell peppers,Provolone cheese,Cucumbers,Spinach,Tomatoes,Onions,Hummus,,7,6,7,1000,0,1000,0,1,999,,,,,,,,,,,,,,,
,,,,,,,,,,,,,67216,2020-03-04_18h18.39.705,SandwichStudy,3.2.4,MacIntel,60,"[""space""]",[0.5],1,0,80,66,1,79,Bacon,Spinach,Tomatoes,Avocado,Mayonnaise,,,,Provolone cheese,Swiss cheese,Cheddar cheese,Parmesan cheese,Tomatoes,,,,5,5,5,1000,0,1000,0,1,999,,,,,,,,,,,,,,,
,,,,,,,,,,,,,67216,2020-03-04_18h18.39.705,SandwichStudy,3.2.4,MacIntel,60,"[""space""]",[0.3689999580383301],1,0,80,66,1,79,Bacon,Spinach,Tomatoes,Avocado,Mayonnaise,,,,Provolone cheese,Swiss cheese,Cheddar cheese,Parmesan cheese,Tomatoes,,,,5,5,5,1000,0,1000,0,1,999,,,,,,,,,,,,,,,
,,,,,,,,,,,,,67216,2020-03-04_18h18.39.705,SandwichStudy,3.2.4,MacIntel,60,"[""a""]",[0.4049999713897705],1,0,80,66,1,79,Bacon,Spinach,Tomatoes,Avocado,Mayonnaise,,,,Provolone cheese,Swiss cheese,Cheddar cheese,Parmesan cheese,Tomatoes,,,,5,5,5,1000,0,1000,0,1,999,,,,,,,,,,,,,,,
,,,,,,,,,,,,,67216,2020-03-04_18h18.39.705,SandwichStudy,3.2.4,MacIntel,60,"[""space""]",[0.5529999732971191],1,0,80,15,1,79,Pork,Cucumbers,Pickles,Jalapenos,Basil,Mayonnaise,,,Roast beef,Pastrami,Swiss cheese,Mustard,,,,,6,6,4,1000,0,1000,0,1,999,,,,,,,,,,,,,,,
,,,,,,,,,,,,,67216,2020-03-04_18h18.39.705,SandwichStudy,3.2.4,MacIntel,60,"[""l""]",[1.8379998207092285],1,0,80,15,1,79,Pork,Cucumbers,Pickles,Jalapenos,Basil,Mayonnaise,,,Roast beef,Pastrami,Swiss cheese,Mustard,,,,,6,6,4,1000,0,1000,0,1,999,,,,,,,,,,,,,,,
,,,,,,,,,,,,,67216,2020-03-04_18h18.39.705,SandwichStudy,3.2.4,MacIntel,60,"[""space""]",[0.31599998474121094],1,0,80,51,1,79,Turkey,Provolone cheese,Pesto,Bell peppers,,,,,Swiss cheese,Provolone cheese,Bell peppers,Tomatoes,Onions,,,,5,4,5,1000,0,1000,0,1,999,,,,,,,,,,,,,,,
,,,,,,,,,,,,,67216,2020-03-04_18h18.39.705,SandwichStudy,3.2.4,MacIntel,60,"[""space""]",[0.2200000286102295],1,0,80,51,1,79,Turkey,Provolone cheese,Pesto,Bell peppers,,,,,Swiss cheese,Provolone cheese,Bell peppers,Tomatoes,Onions,,,,5,4,5,1000,0,1000,0,1,999,,,,,,,,,,,,,,,
,,,,,,,,,,,,,67216,2020-03-04_18h18.39.705,SandwichStudy,3.2.4,MacIntel,60,"[""l""]",[0.3020000457763672],1,0,80,51,1,79,Turkey,Provolone cheese,Pesto,Bell peppers,,,,,Swiss cheese,Provolone cheese,Bell peppers,Tomatoes,Onions,,,,5,4,5,1000,0,1000,0,1,999,,,,,,,,,,,,,,,
,,,,,,,,,,,,,67216,2020-03-04_18h18.39.705,SandwichStudy,3.2.4,MacIntel,60,"[""space""]",[0.21799993515014648],1,0,80,76,1,79,Bacon,Lettuce,Tomatoes,Ranch dressing,,,,,Chicken,Bacon,Mustard,,,,,,4,4,3,1000,0,1000,0,1,999,,,,,,,,,,,,,,,
,,,,,,,,,,,,,67216,2020-03-04_18h18.39.705,SandwichStudy,3.2.4,MacIntel,60,"[""space""]",[0.39100003242492676],1,0,80,76,1,79,Bacon,Lettuce,Tomatoes,Ranch dressing,,,,,Chicken,Bacon,Mustard,,,,,,4,4,3,1000,0,1000,0,1,999,,,,,,,,,,,,,,,
,,,,,,,,,,,,,67216,2020-03-04_18h18.39.705,SandwichStudy,3.2.4,MacIntel,60,"[""a""]",[0.24000000953674316],1,0,80,76,1,79,Bacon,Lettuce,Tomatoes,Ranch dressing,,,,,Chicken,Bacon,Mustard,,,,,,4,4,3,1000,0,1000,0,1,999,,,,,,,,,,,,,,,
,,,,,,,,,,,,,67216,2020-03-04_18h18.39.705,SandwichStudy,3.2.4,MacIntel,60,"[""space""]",[9.003999948501587],1,0,80,37,1,79,Turkey,Ham,Cheddar cheese,Mayonnaise,,,,,Chicken,Ham,Swiss cheese,Mayonnaise,Mustard,,,,5,4,5,1000,0,1000,0,1,999,,,,,,,,,,,,,,,
,,,,,,,,,,,,,67216,2020-03-04_18h18.39.705,SandwichStudy,3.2.4,MacIntel,60,"[""a""]",[0.6470000743865967],1,0,80,37,1,79,Turkey,Ham,Cheddar cheese,Mayonnaise,,,,,Chicken,Ham,Swiss cheese,Mayonnaise,Mustard,,,,5,4,5,1000,0,1000,0,1,999,,,,,,,,,,,,,,,
,,,,,,,,,,,,,67216,2020-03-04_18h18.39.705,SandwichStudy,3.2.4,MacIntel,60,"[""space""]",[3.2720000743865967],1,0,80,77,1,79,Chicken,Lettuce,Tomatoes,Mayonnaise,,,,,Pepperoni,Meatballs,Marinara sauce,Provolone cheese,Mushrooms,,,,5,4,5,1000,0,1000,0,1,999,,,,,,,,,,,,,,,
,,,,,,,,,,,,,67216,2020-03-04_18h18.39.705,SandwichStudy,3.2.4,MacIntel,60,"[""space""]",[0.41300010681152344],1,0,80,77,1,79,Chicken,Lettuce,Tomatoes,Mayonnaise,,,,,Pepperoni,Meatballs,Marinara sauce,Provolone cheese,Mushrooms,,,,5,4,5,1000,0,1000,0,1,999,,,,,,,,,,,,,,,
,,,,,,,,,,,,,67216,2020-03-04_18h18.39.705,SandwichStudy,3.2.4,MacIntel,60,"[""l""]",[0.6159999370574951],1,0,80,77,1,79,Chicken,Lettuce,Tomatoes,Mayonnaise,,,,,Pepperoni,Meatballs,Marinara sauce,Provolone cheese,Mushrooms,,,,5,4,5,1000,0,1000,0,1,999,,,,,,,,,,,,,,,
,,,,,,,,,,,,,67216,2020-03-04_18h18.39.705,SandwichStudy,3.2.4,MacIntel,60,,,,,,,,,,,,,,,,,,,,,,,,,,,,,,,,,,space,11.02999997,,,space,3.420000076,1,0,10,7,1,9,Lettuce,,
,,,,,,,,,,,,,67216,2020-03-04_18h18.39.705,SandwichStudy,3.2.4,MacIntel,60,,,,,,,,,,,,,,,,,,,,,,,,,,,,,,,,,,,,,,space,11.36500001,1,0,10,3,1,9,Bacon,,
,,,,,,,,,,,,,67216,2020-03-04_18h18.39.705,SandwichStudy,3.2.4,MacIntel,60,,,,,,,,,,,,,,,,,,,,,,,,,,,,,,,,,,,,,,space,2.615999937,1,0,10,5,1,9,Cheddar cheese,,
,,,,,,,,,,,,,67216,2020-03-04_18h18.39.705,SandwichStudy,3.2.4,MacIntel,60,,,,,,,,,,,,,,,,,,,,,,,,,,,,,,,,,,,,3,4.219000101,space,6.598999977,1,0,10,8,1,9,Provolone cheese,,
,,,,,,,,,,,,,67216,2020-03-04_18h18.39.705,SandwichStudy,3.2.4,MacIntel,60,,,,,,,,,,,,,,,,,,,,,,,,,,,,,,,,,,,,,,space,1.911000013,1,0,10,1,1,9,Mayonnaise,,
,,,,,,,,,,,,,67216,2020-03-04_18h18.39.705,SandwichStudy,3.2.4,MacIntel,60,,,,,,,,,,,,,,,,,,,,,,,,,,,,,,,,,,,,5,3.213999987,space,4.048000097,1,0,10,2,1,9,Turkey,,
,,,,,,,,,,,,,67216,2020-03-04_18h18.39.705,SandwichStudy,3.2.4,MacIntel,60,,,,,,,,,,,,,,,,,,,,,,,,,,,,,,,,,,,,6,3.441999912,space,3.817000151,1,0,10,4,1,9,Chicken,,
,,,,,,,,,,,,,67216,2020-03-04_18h18.39.705,SandwichStudy,3.2.4,MacIntel,60,,,,,,,,,,,,,,,,,,,,,,,,,,,,,,,,,,,,3,2.172999859,space,2.489000082,1,0,10,9,1,9,Spinach,,
,,,,,,,,,,,,,67216,2020-03-04_18h18.39.705,SandwichStudy,3.2.4,MacIntel,60,,,,,,,,,,,,,,,,,,,,,,,,,,,,,,,,,,,,6,2.351999998,space,2.480000019,1,0,10,0,1,9,Tomatoes,,
,,,,,,,,,,,,,67216,2020-03-04_18h18.39.705,SandwichStudy,3.2.4,MacIntel,60,,,,,,,,,,,,,,,,,,,,,,,,,,,,,,,,,,,,,,space,2.467000008,1,0,10,6,1,9,Swiss cheese,,
,,,,,,,,,,,,,67216,2020-03-04_18h18.39.705,SandwichStudy,3.2.4,MacIntel,60,,,,,,,,,,,,,,,,,,,,,,,,,,,,,,,,,,,,,,,,,,,,,,,return,10.29899979
