sequence,key_resp_4.keys,key_resp_4.rt,VegResp.keys,VegResp.rt,ConfirmResp.keys,ConfirmResp.rt,VegQuestionLoop.thisRepN,VegQuestionLoop.thisTrialN,VegQuestionLoop.thisN,VegQuestionLoop.thisIndex,VegQuestionLoop.ran,VegQuestionLoop.order,participant,date,expName,psychopyVersion,OS,frameRate,Decision.keys,Decision.rt,trials.thisRepN,trials.thisTrialN,trials.thisN,trials.thisIndex,trials.ran,trials.order,s11,s12,s13,s14,s15,s16,s17,s18,s21,s22,s23,s24,s25,s26,s27,s28,IngsInRow,IngIn1,IngIn2,Iter.thisRepN,Iter.thisTrialN,Iter.thisN,Iter.thisIndex,Iter.ran,Iter.order,key_resp_2.keys,key_resp_2.rt,slider.response,slider.rt,key_resp_3.keys,key_resp_3.rt,RatingLoop.thisRepN,RatingLoop.thisTrialN,RatingLoop.thisN,RatingLoop.thisIndex,RatingLoop.ran,RatingLoop.order,ingredientforslider,key_resp.keys,key_resp.rt
"[0,1,0,1,0,0,0,1,1,1,0,1,0,0,0,0,0,0,0,1,1,1,0,1,1,0,1,0,0,1,0,0,1,1,0,1,1,1,1,1,0,1,1,1,0,1,1,0,1,1,0,1,1,0,0,0,0,1,1,0,0,1,0,0,1,1,1,0,1,0,0,1,1,1,1,0,0,1,1,1]",space,5.664999723,n,8.897999763,p,7.144999743,100,0,100,0,1,99,67993,2020-02-26_20h19.33.455,SandwichStudy,3.2.4,MacIntel,60,,,,,,,,,,,,,,,,,,,,,,,,,,,,,,,,,,,,,,,,,,,,,,,,
,,,,,,,,,,,,,67993,2020-02-26_20h19.33.455,SandwichStudy,3.2.4,MacIntel,60,"[""l""]",[10.903000116348267],1,0,80,70,1,79,Pastrami,Swiss cheese,Coleslaw,,,,,,Chicken,Cheddar cheese,Bacon,Avocado,Ranch dressing,,,,5,3,5,1000,0,1000,0,1,999,,,,,,,,,,,,,,,
,,,,,,,,,,,,,67993,2020-02-26_20h19.33.455,SandwichStudy,3.2.4,MacIntel,60,"[""a""]",[4.63700008392334],1,0,80,14,1,79,Steak,Bacon,American cheese,Tomatoes,Onions,Pickles,,,Bell peppers,Provolone cheese,Cucumbers,Spinach,Tomatoes,Onions,Hummus,,7,6,7,1000,0,1000,0,1,999,,,,,,,,,,,,,,,
,,,,,,,,,,,,,67993,2020-02-26_20h19.33.455,SandwichStudy,3.2.4,MacIntel,60,"[""l""]",[0.5419998168945312],1,0,80,25,1,79,Meatballs,Provolone cheese,Onions,Marinara sauce,,,,,Chicken,Pepper jack cheese,Ranch dressing,,,,,,4,4,3,1000,0,1000,0,1,999,,,,,,,,,,,,,,,
,,,,,,,,,,,,,67993,2020-02-26_20h19.33.455,SandwichStudy,3.2.4,MacIntel,60,"[""space""]",[5.753999948501587],1,0,80,78,1,79,Chicken,American cheese,Lettuce,Tomatoes,Mayonnaise,,,,Pastrami,Cheddar cheese,Mustard,Pickles,,,,,5,5,4,1000,0,1000,0,1,999,,,,,,,,,,,,,,,
,,,,,,,,,,,,,67993,2020-02-26_20h19.33.455,SandwichStudy,3.2.4,MacIntel,60,"[""space""]",[6.1559998989105225],1,0,80,78,1,79,Chicken,American cheese,Lettuce,Tomatoes,Mayonnaise,,,,Pastrami,Cheddar cheese,Mustard,Pickles,,,,,5,5,4,1000,0,1000,0,1,999,,,,,,,,,,,,,,,
,,,,,,,,,,,,,67993,2020-02-26_20h19.33.455,SandwichStudy,3.2.4,MacIntel,60,"[""space""]",[0.05799984931945801],1,0,80,78,1,79,Chicken,American cheese,Lettuce,Tomatoes,Mayonnaise,,,,Pastrami,Cheddar cheese,Mustard,Pickles,,,,,5,5,4,1000,0,1000,0,1,999,,,,,,,,,,,,,,,
,,,,,,,,,,,,,67993,2020-02-26_20h19.33.455,SandwichStudy,3.2.4,MacIntel,60,"[""space""]",[1.0120000839233398],1,0,80,78,1,79,Chicken,American cheese,Lettuce,Tomatoes,Mayonnaise,,,,Pastrami,Cheddar cheese,Mustard,Pickles,,,,,5,5,4,1000,0,1000,0,1,999,,,,,,,,,,,,,,,
,,,,,,,,,,,,,67993,2020-02-26_20h19.33.455,SandwichStudy,3.2.4,MacIntel,60,"[""l""]",[1.4549999237060547],1,0,80,78,1,79,Chicken,American cheese,Lettuce,Tomatoes,Mayonnaise,,,,Pastrami,Cheddar cheese,Mustard,Pickles,,,,,5,5,4,1000,0,1000,0,1,999,,,,,,,,,,,,,,,
,,,,,,,,,,,,,67993,2020-02-26_20h19.33.455,SandwichStudy,3.2.4,MacIntel,60,"[""a""]",[2.935999870300293],1,0,80,53,1,79,Turkey,Avocado,Mayonnaise,,,,,,Ham,Pork,Swiss cheese,Mustard,Pickles,,,,5,3,5,1000,0,1000,0,1,999,,,,,,,,,,,,,,,
,,,,,,,,,,,,,67993,2020-02-26_20h19.33.455,SandwichStudy,3.2.4,MacIntel,60,"[""a""]",[0.5230000019073486],1,0,80,1,1,79,Tomatoes,Mozzarella cheese,Spinach,Pesto,,,,,Ham,Swiss cheese,Mustard,,,,,,4,4,3,1000,0,1000,0,1,999,,,,,,,,,,,,,,,
,,,,,,,,,,,,,67993,2020-02-26_20h19.33.455,SandwichStudy,3.2.4,MacIntel,60,"[""space""]",[1.1459999084472656],1,0,80,15,1,79,Pork,Cucumbers,Pickles,Jalapenos,Basil,Mayonnaise,,,Roast beef,Pastrami,Swiss cheese,Mustard,,,,,6,6,4,1000,0,1000,0,1,999,,,,,,,,,,,,,,,
,,,,,,,,,,,,,67993,2020-02-26_20h19.33.455,SandwichStudy,3.2.4,MacIntel,60,"[""l""]",[1.1399998664855957],1,0,80,15,1,79,Pork,Cucumbers,Pickles,Jalapenos,Basil,Mayonnaise,,,Roast beef,Pastrami,Swiss cheese,Mustard,,,,,6,6,4,1000,0,1000,0,1,999,,,,,,,,,,,,,,,
,,,,,,,,,,,,,67993,2020-02-26_20h19.33.455,SandwichStudy,3.2.4,MacIntel,60,"[""a""]",[4.703999996185303],1,0,80,51,1,79,Turkey,Provolone cheese,Pesto,Bell peppers,,,,,Swiss cheese,Provolone cheese,Bell peppers,Tomatoes,Onions,,,,5,4,5,1000,0,1000,0,1,999,,,,,,,,,,,,,,,
,,,,,,,,,,,,,67993,2020-02-26_20h19.33.455,SandwichStudy,3.2.4,MacIntel,60,"[""a""]",[0.5039999485015869],1,0,80,16,1,79,Chicken,American cheese,Lettuce,Tomatoes,Mayonnaise,,,,Cheddar cheese,Avocado,Onions,Tomatoes,Mayonnaise,,,,5,5,5,1000,0,1000,0,1,999,,,,,,,,,,,,,,,
,,,,,,,,,,,,,67993,2020-02-26_20h19.33.455,SandwichStudy,3.2.4,MacIntel,60,"[""a""]",[0.7730000019073486],1,0,80,19,1,79,Bacon,Ham,Turkey,Mayonnaise,Cheddar cheese,Tomatoes,Spinach,Swiss cheese,Turkey,Salami,Cheddar cheese,Mayonnaise,,,,,8,8,4,1000,0,1000,0,1,999,,,,,,,,,,,,,,,
,,,,,,,,,,,,,67993,2020-02-26_20h19.33.455,SandwichStudy,3.2.4,MacIntel,60,"[""a""]",[0.7869999408721924],1,0,80,65,1,79,Chicken,Pepper jack cheese,Ranch dressing,,,,,,Salami,Provolone cheese,Lettuce,Tomatoes,Mayonnaise,Mustard,,,6,3,6,1000,0,1000,0,1,999,,,,,,,,,,,,,,,
,,,,,,,,,,,,,67993,2020-02-26_20h19.33.455,SandwichStudy,3.2.4,MacIntel,60,"[""space""]",[1.2699999809265137],1,0,80,26,1,79,Turkey,Avocado,Mayonnaise,,,,,,Chicken,Mozzarella cheese,Tomatoes,Onions,Basil,Mayonnaise,,,6,3,6,1000,0,1000,0,1,999,,,,,,,,,,,,,,,
,,,,,,,,,,,,,67993,2020-02-26_20h19.33.455,SandwichStudy,3.2.4,MacIntel,60,"[""space""]",[0.810999870300293],1,0,80,26,1,79,Turkey,Avocado,Mayonnaise,,,,,,Chicken,Mozzarella cheese,Tomatoes,Onions,Basil,Mayonnaise,,,6,3,6,1000,0,1000,0,1,999,,,,,,,,,,,,,,,
,,,,,,,,,,,,,67993,2020-02-26_20h19.33.455,SandwichStudy,3.2.4,MacIntel,60,"[""l""]",[0.3039999008178711],1,0,80,26,1,79,Turkey,Avocado,Mayonnaise,,,,,,Chicken,Mozzarella cheese,Tomatoes,Onions,Basil,Mayonnaise,,,6,3,6,1000,0,1000,0,1,999,,,,,,,,,,,,,,,
,,,,,,,,,,,,,67993,2020-02-26_20h19.33.455,SandwichStudy,3.2.4,MacIntel,60,"[""a""]",[0.6889998912811279],1,0,80,62,1,79,Cheddar cheese,Provolone cheese,Swiss cheese,Mushrooms,Mayonnaise,Lettuce,Tomatoes,,Bacon,Turkey,Pepper jack cheese,Mustard,,,,,7,7,4,1000,0,1000,0,1,999,,,,,,,,,,,,,,,
,,,,,,,,,,,,,67993,2020-02-26_20h19.33.455,SandwichStudy,3.2.4,MacIntel,60,"[""l""]",[0.2609999179840088],1,0,80,20,1,79,Pastrami,Swiss cheese,Coleslaw,,,,,,Chicken,Bacon,Feta cheese,Bell peppers,Basil,Garlic aioli,,,6,3,6,1000,0,1000,0,1,999,,,,,,,,,,,,,,,
,,,,,,,,,,,,,67993,2020-02-26_20h19.33.455,SandwichStudy,3.2.4,MacIntel,60,"[""space""]",[0.503000020980835],1,0,80,60,1,79,Chicken,Swiss cheese,Lettuce,Tomatoes,Onions,,,,Chicken,Cheddar cheese,Lettuce,Garlic aioli,Swiss cheese,Tomatoes,,,6,5,6,1000,0,1000,0,1,999,,,,,,,,,,,,,,,
,,,,,,,,,,,,,67993,2020-02-26_20h19.33.455,SandwichStudy,3.2.4,MacIntel,60,"[""l""]",[0.934999942779541],1,0,80,60,1,79,Chicken,Swiss cheese,Lettuce,Tomatoes,Onions,,,,Chicken,Cheddar cheese,Lettuce,Garlic aioli,Swiss cheese,Tomatoes,,,6,5,6,1000,0,1000,0,1,999,,,,,,,,,,,,,,,
,,,,,,,,,,,,,67993,2020-02-26_20h19.33.455,SandwichStudy,3.2.4,MacIntel,60,"[""space""]",[0.16100001335144043],1,0,80,17,1,79,Salami,Roast beef,Turkey,Ham,Swiss cheese,Lettuce,Tomatoes,Mayonnaise,Chicken,Gouda cheese,Avocado,Basil,Bell peppers,Mayonnaise,,,8,8,6,1000,0,1000,0,1,999,,,,,,,,,,,,,,,
,,,,,,,,,,,,,67993,2020-02-26_20h19.33.455,SandwichStudy,3.2.4,MacIntel,60,"[""l""]",[2.385999917984009],1,0,80,17,1,79,Salami,Roast beef,Turkey,Ham,Swiss cheese,Lettuce,Tomatoes,Mayonnaise,Chicken,Gouda cheese,Avocado,Basil,Bell peppers,Mayonnaise,,,8,8,6,1000,0,1000,0,1,999,,,,,,,,,,,,,,,
,,,,,,,,,,,,,67993,2020-02-26_20h19.33.455,SandwichStudy,3.2.4,MacIntel,60,"[""a""]",[1.0719997882843018],1,0,80,49,1,79,Spinach,Tomatoes,Cucumbers,Onions,Bell peppers,Avocado,Mayonnaise,,Turkey,Provolone cheese,Spinach,Garlic aioli,,,,,7,7,4,1000,0,1000,0,1,999,,,,,,,,,,,,,,,
,,,,,,,,,,,,,67993,2020-02-26_20h19.33.455,SandwichStudy,3.2.4,MacIntel,60,"[""a""]",[0.6710000038146973],1,0,80,74,1,79,Mushrooms,Swiss cheese,Provolone cheese,Cheddar cheese,Lettuce,Tomatoes,,,Roast beef,Pastrami,Swiss cheese,Mustard,,,,,6,6,4,1000,0,1000,0,1,999,,,,,,,,,,,,,,,
,,,,,,,,,,,,,67993,2020-02-26_20h19.33.455,SandwichStudy,3.2.4,MacIntel,60,"[""space""]",[0.620999813079834],1,0,80,18,1,79,Turkey,Bacon,Pepper jack cheese,Avocado,Ranch dressing,Spinach,Tomatoes,,Chicken,Bacon,Cheddar cheese,Swiss cheese,Spinach,Tomatoes,Mayonnaise,Mustard,8,7,8,1000,0,1000,0,1,999,,,,,,,,,,,,,,,
,,,,,,,,,,,,,67993,2020-02-26_20h19.33.455,SandwichStudy,3.2.4,MacIntel,60,"[""space""]",[0.8529999256134033],1,0,80,18,1,79,Turkey,Bacon,Pepper jack cheese,Avocado,Ranch dressing,Spinach,Tomatoes,,Chicken,Bacon,Cheddar cheese,Swiss cheese,Spinach,Tomatoes,Mayonnaise,Mustard,8,7,8,1000,0,1000,0,1,999,,,,,,,,,,,,,,,
,,,,,,,,,,,,,67993,2020-02-26_20h19.33.455,SandwichStudy,3.2.4,MacIntel,60,"[""l""]",[2.688999891281128],1,0,80,18,1,79,Turkey,Bacon,Pepper jack cheese,Avocado,Ranch dressing,Spinach,Tomatoes,,Chicken,Bacon,Cheddar cheese,Swiss cheese,Spinach,Tomatoes,Mayonnaise,Mustard,8,7,8,1000,0,1000,0,1,999,,,,,,,,,,,,,,,
,,,,,,,,,,,,,67993,2020-02-26_20h19.33.455,SandwichStudy,3.2.4,MacIntel,60,"[""a""]",[0.5529999732971191],1,0,80,76,1,79,Bacon,Lettuce,Tomatoes,Ranch dressing,,,,,Chicken,Bacon,Mustard,,,,,,4,4,3,1000,0,1000,0,1,999,,,,,,,,,,,,,,,
,,,,,,,,,,,,,67993,2020-02-26_20h19.33.455,SandwichStudy,3.2.4,MacIntel,60,"[""a""]",[0.3259999752044678],1,0,80,61,1,79,Pork,Cucumbers,Pickles,Jalapenos,Basil,Mayonnaise,,,Turkey,Cheddar cheese,Bacon,,,,,,6,6,3,1000,0,1000,0,1,999,,,,,,,,,,,,,,,
,,,,,,,,,,,,,67993,2020-02-26_20h19.33.455,SandwichStudy,3.2.4,MacIntel,60,"[""l""]",[0.40199971199035645],1,0,80,12,1,79,Turkey,Cheddar cheese,Mayonnaise,,,,,,Ham,Pork,Swiss cheese,Mustard,Pickles,,,,5,3,5,1000,0,1000,0,1,999,,,,,,,,,,,,,,,
,,,,,,,,,,,,,67993,2020-02-26_20h19.33.455,SandwichStudy,3.2.4,MacIntel,60,"[""space""]",[0.684999942779541],1,0,80,44,1,79,Chicken,Gouda cheese,Avocado,Basil,Bell peppers,Mayonnaise,,,Turkey,Gouda cheese,Avocado,Garlic aioli,Jalapenos,Tomatoes,Lettuce,,7,6,7,1000,0,1000,0,1,999,,,,,,,,,,,,,,,
,,,,,,,,,,,,,67993,2020-02-26_20h19.33.455,SandwichStudy,3.2.4,MacIntel,60,"[""space""]",[0.7769997119903564],1,0,80,44,1,79,Chicken,Gouda cheese,Avocado,Basil,Bell peppers,Mayonnaise,,,Turkey,Gouda cheese,Avocado,Garlic aioli,Jalapenos,Tomatoes,Lettuce,,7,6,7,1000,0,1000,0,1,999,,,,,,,,,,,,,,,
,,,,,,,,,,,,,67993,2020-02-26_20h19.33.455,SandwichStudy,3.2.4,MacIntel,60,"[""a""]",[1.503000020980835],1,0,80,44,1,79,Chicken,Gouda cheese,Avocado,Basil,Bell peppers,Mayonnaise,,,Turkey,Gouda cheese,Avocado,Garlic aioli,Jalapenos,Tomatoes,Lettuce,,7,6,7,1000,0,1000,0,1,999,,,,,,,,,,,,,,,
,,,,,,,,,,,,,67993,2020-02-26_20h19.33.455,SandwichStudy,3.2.4,MacIntel,60,"[""l""]",[4.811999797821045],1,0,80,67,1,79,Avocado,Onions,Cucumbers,,,,,,Meatballs,Provolone cheese,Marinara sauce,Parmesan cheese,,,,,4,3,4,1000,0,1000,0,1,999,,,,,,,,,,,,,,,
,,,,,,,,,,,,,67993,2020-02-26_20h19.33.455,SandwichStudy,3.2.4,MacIntel,60,"[""l""]",[0.6689999103546143],1,0,80,57,1,79,Avocado,Spinach,Tomatoes,Swiss cheese,,,,,Chicken,Ham,Swiss cheese,Mayonnaise,Mustard,,,,5,4,5,1000,0,1000,0,1,999,,,,,,,,,,,,,,,
,,,,,,,,,,,,,67993,2020-02-26_20h19.33.455,SandwichStudy,3.2.4,MacIntel,60,"[""l""]",[0.5369999408721924],1,0,80,43,1,79,Meatballs,Provolone cheese,Onions,Marinara sauce,,,,,Chicken,Mozzarella cheese,Tomatoes,Pesto,Spinach,,,,5,4,5,1000,0,1000,0,1,999,,,,,,,,,,,,,,,
,,,,,,,,,,,,,67993,2020-02-26_20h19.33.455,SandwichStudy,3.2.4,MacIntel,60,"[""l""]",[1.187999963760376],1,0,80,77,1,79,Chicken,Lettuce,Tomatoes,Mayonnaise,,,,,Pepperoni,Meatballs,Marinara sauce,Provolone cheese,Mushrooms,,,,5,4,5,1000,0,1000,0,1,999,,,,,,,,,,,,,,,
,,,,,,,,,,,,,67993,2020-02-26_20h19.33.455,SandwichStudy,3.2.4,MacIntel,60,"[""a""]",[0.13699984550476074],1,0,80,3,1,79,Chicken,American cheese,Coleslaw,Tomatoes,Pickles,Mayonnaise,,,Swiss cheese,Provolone cheese,Bell peppers,Tomatoes,Onions,,,,6,6,5,1000,0,1000,0,1,999,,,,,,,,,,,,,,,
,,,,,,,,,,,,,67993,2020-02-26_20h19.33.455,SandwichStudy,3.2.4,MacIntel,60,"[""l""]",[0.7569999694824219],1,0,80,38,1,79,Steak,Turkey,Ham,Cheddar cheese,Olives,Lettuce,Tomatoes,Onions,Chicken,Swiss cheese,Lettuce,Tomatoes,Onions,,,,8,8,5,1000,0,1000,0,1,999,,,,,,,,,,,,,,,
,,,,,,,,,,,,,67993,2020-02-26_20h19.33.455,SandwichStudy,3.2.4,MacIntel,60,"[""l""]",[0.05200004577636719],1,0,80,28,1,79,Chicken,Mozzarella cheese,Tomatoes,Pesto,Spinach,,,,Roast beef,Turkey,Pastrami,Mayonnaise,Provolone cheese,,,,5,5,5,1000,0,1000,0,1,999,,,,,,,,,,,,,,,
,,,,,,,,,,,,,67993,2020-02-26_20h19.33.455,SandwichStudy,3.2.4,MacIntel,60,"[""a""]",[0.08699989318847656],1,0,80,10,1,79,Turkey,Cheddar cheese,Coleslaw,Spinach,Mustard,,,,Salami,Provolone cheese,Lettuce,Tomatoes,Mayonnaise,Mustard,,,6,5,6,1000,0,1000,0,1,999,,,,,,,,,,,,,,,
,,,,,,,,,,,,,67993,2020-02-26_20h19.33.455,SandwichStudy,3.2.4,MacIntel,60,"[""space""]",[0.41100001335144043],1,0,80,56,1,79,Turkey,Salami,Cheddar cheese,Mayonnaise,,,,,Turkey,Bacon,Avocado,Provolone cheese,Lettuce,Tomatoes,Onions,Ranch dressing,8,4,8,1000,0,1000,0,1,999,,,,,,,,,,,,,,,
,,,,,,,,,,,,,67993,2020-02-26_20h19.33.455,SandwichStudy,3.2.4,MacIntel,60,"[""space""]",[0.7190001010894775],1,0,80,56,1,79,Turkey,Salami,Cheddar cheese,Mayonnaise,,,,,Turkey,Bacon,Avocado,Provolone cheese,Lettuce,Tomatoes,Onions,Ranch dressing,8,4,8,1000,0,1000,0,1,999,,,,,,,,,,,,,,,
,,,,,,,,,,,,,67993,2020-02-26_20h19.33.455,SandwichStudy,3.2.4,MacIntel,60,"[""a""]",[1.0099997520446777],1,0,80,56,1,79,Turkey,Salami,Cheddar cheese,Mayonnaise,,,,,Turkey,Bacon,Avocado,Provolone cheese,Lettuce,Tomatoes,Onions,Ranch dressing,8,4,8,1000,0,1000,0,1,999,,,,,,,,,,,,,,,
,,,,,,,,,,,,,67993,2020-02-26_20h19.33.455,SandwichStudy,3.2.4,MacIntel,60,"[""space""]",[0.7590000629425049],1,0,80,2,1,79,Turkey,Provolone cheese,Spinach,Garlic aioli,,,,,Chicken,Pickles,Basil,Tomatoes,Cucumbers,,,,5,4,5,1000,0,1000,0,1,999,,,,,,,,,,,,,,,
,,,,,,,,,,,,,67993,2020-02-26_20h19.33.455,SandwichStudy,3.2.4,MacIntel,60,"[""a""]",[0.7849998474121094],1,0,80,2,1,79,Turkey,Provolone cheese,Spinach,Garlic aioli,,,,,Chicken,Pickles,Basil,Tomatoes,Cucumbers,,,,5,4,5,1000,0,1000,0,1,999,,,,,,,,,,,,,,,
,,,,,,,,,,,,,67993,2020-02-26_20h19.33.455,SandwichStudy,3.2.4,MacIntel,60,"[""a""]",[0.3190000057220459],1,0,80,66,1,79,Bacon,Spinach,Tomatoes,Avocado,Mayonnaise,,,,Provolone cheese,Swiss cheese,Cheddar cheese,Parmesan cheese,Tomatoes,,,,5,5,5,1000,0,1000,0,1,999,,,,,,,,,,,,,,,
,,,,,,,,,,,,,67993,2020-02-26_20h19.33.455,SandwichStudy,3.2.4,MacIntel,60,"[""a""]",[0.08699989318847656],1,0,80,45,1,79,Bell peppers,Provolone cheese,Cucumbers,Spinach,Tomatoes,Onions,Hummus,,Roast beef,Bacon,Turkey,Mayonnaise,,,,,7,7,4,1000,0,1000,0,1,999,,,,,,,,,,,,,,,
,,,,,,,,,,,,,67993,2020-02-26_20h19.33.455,SandwichStudy,3.2.4,MacIntel,60,"[""space""]",[0.07800006866455078],1,0,80,9,1,79,Bacon,Turkey,Pepper jack cheese,Mustard,,,,,Bacon,Spinach,Tomatoes,Avocado,Mayonnaise,,,,5,4,5,1000,0,1000,0,1,999,,,,,,,,,,,,,,,
,,,,,,,,,,,,,67993,2020-02-26_20h19.33.455,SandwichStudy,3.2.4,MacIntel,60,"[""a""]",[0.2869999408721924],1,0,80,9,1,79,Bacon,Turkey,Pepper jack cheese,Mustard,,,,,Bacon,Spinach,Tomatoes,Avocado,Mayonnaise,,,,5,4,5,1000,0,1000,0,1,999,,,,,,,,,,,,,,,
,,,,,,,,,,,,,67993,2020-02-26_20h19.33.455,SandwichStudy,3.2.4,MacIntel,60,"[""l""]",[1.3849997520446777],1,0,80,50,1,79,Mozzarella cheese,Bell peppers,Pesto,Spinach,,,,,Chicken,Ham,Swiss cheese,Mayonnaise,,,,,4,4,4,1000,0,1000,0,1,999,,,,,,,,,,,,,,,
,,,,,,,,,,,,,67993,2020-02-26_20h19.33.455,SandwichStudy,3.2.4,MacIntel,60,"[""a""]",[0.15199995040893555],1,0,80,11,1,79,Pork,Ham,Swiss cheese,Pickles,Mustard,,,,Chicken,Bacon,Mustard,,,,,,5,5,3,1000,0,1000,0,1,999,,,,,,,,,,,,,,,
,,,,,,,,,,,,,67993,2020-02-26_20h19.33.455,SandwichStudy,3.2.4,MacIntel,60,"[""a""]",[0.6279997825622559],1,0,80,27,1,79,Mushrooms,Swiss cheese,Provolone cheese,Cheddar cheese,Lettuce,Tomatoes,,,Avocado,Spinach,Tomatoes,Swiss cheese,,,,,6,6,4,1000,0,1000,0,1,999,,,,,,,,,,,,,,,
,,,,,,,,,,,,,67993,2020-02-26_20h19.33.455,SandwichStudy,3.2.4,MacIntel,60,"[""l""]",[0.008999824523925781],1,0,80,58,1,79,Chicken,Mayonnaise,Cheddar cheese,,,,,,Steak,Onions,Bell peppers,Provolone cheese,,,,,4,3,4,1000,0,1000,0,1,999,,,,,,,,,,,,,,,
,,,,,,,,,,,,,67993,2020-02-26_20h19.33.455,SandwichStudy,3.2.4,MacIntel,60,"[""a""]",[2.0379998683929443],1,0,80,21,1,79,Chicken,Ham,Cheddar cheese,Mayonnaise,,,,,Turkey,Bacon,Avocado,Provolone cheese,Lettuce,Tomatoes,Onions,Ranch dressing,8,4,8,1000,0,1000,0,1,999,,,,,,,,,,,,,,,
,,,,,,,,,,,,,67993,2020-02-26_20h19.33.455,SandwichStudy,3.2.4,MacIntel,60,"[""l""]",[0.6019997596740723],1,0,80,64,1,79,Tuna,Basil,Cheddar cheese,Garlic aioli,Pickles,Onions,Tomatoes,Spinach,Turkey,Ham,Bacon,Provolone cheese,Lettuce,Tomatoes,Ranch dressing,,8,8,7,1000,0,1000,0,1,999,,,,,,,,,,,,,,,
,,,,,,,,,,,,,67993,2020-02-26_20h19.33.455,SandwichStudy,3.2.4,MacIntel,60,"[""space""]",[0.41899991035461426],1,0,80,71,1,79,Bacon,Ham,Turkey,Mayonnaise,Mustard,Cheddar cheese,Tomatoes,Spinach,Bacon,Lettuce,Tomatoes,Garlic aioli,Avocado,,,,8,8,5,1000,0,1000,0,1,999,,,,,,,,,,,,,,,
,,,,,,,,,,,,,67993,2020-02-26_20h19.33.455,SandwichStudy,3.2.4,MacIntel,60,"[""a""]",[0.2069997787475586],1,0,80,71,1,79,Bacon,Ham,Turkey,Mayonnaise,Mustard,Cheddar cheese,Tomatoes,Spinach,Bacon,Lettuce,Tomatoes,Garlic aioli,Avocado,,,,8,8,5,1000,0,1000,0,1,999,,,,,,,,,,,,,,,
,,,,,,,,,,,,,67993,2020-02-26_20h19.33.455,SandwichStudy,3.2.4,MacIntel,60,"[""l""]",[0.30299973487854004],1,0,80,52,1,79,Cheddar cheese,Avocado,Onions,Tomatoes,Mayonnaise,,,,Bacon,Ham,Turkey,Mayonnaise,Cheddar cheese,Tomatoes,Spinach,Swiss cheese,8,5,8,1000,0,1000,0,1,999,,,,,,,,,,,,,,,
,,,,,,,,,,,,,67993,2020-02-26_20h19.33.455,SandwichStudy,3.2.4,MacIntel,60,"[""l""]",[0.17499995231628418],1,0,80,24,1,79,Steak,Onions,Bell peppers,Provolone cheese,,,,,Tuna,Lettuce,Tomatoes,Mayonnaise,,,,,4,4,4,1000,0,1000,0,1,999,,,,,,,,,,,,,,,
,,,,,,,,,,,,,67993,2020-02-26_20h19.33.455,SandwichStudy,3.2.4,MacIntel,60,"[""space""]",[0.37800002098083496],1,0,80,75,1,79,Ham,Swiss cheese,Mustard,,,,,,Ham,Swiss cheese,Mayonnaise,Mustard,Tomatoes,,,,5,3,5,1000,0,1000,0,1,999,,,,,,,,,,,,,,,
,,,,,,,,,,,,,67993,2020-02-26_20h19.33.455,SandwichStudy,3.2.4,MacIntel,60,"[""space""]",[0.10399985313415527],1,0,80,75,1,79,Ham,Swiss cheese,Mustard,,,,,,Ham,Swiss cheese,Mayonnaise,Mustard,Tomatoes,,,,5,3,5,1000,0,1000,0,1,999,,,,,,,,,,,,,,,
,,,,,,,,,,,,,67993,2020-02-26_20h19.33.455,SandwichStudy,3.2.4,MacIntel,60,"[""l""]",[0.6029999256134033],1,0,80,75,1,79,Ham,Swiss cheese,Mustard,,,,,,Ham,Swiss cheese,Mayonnaise,Mustard,Tomatoes,,,,5,3,5,1000,0,1000,0,1,999,,,,,,,,,,,,,,,
,,,,,,,,,,,,,67993,2020-02-26_20h19.33.455,SandwichStudy,3.2.4,MacIntel,60,"[""l""]",[0.25099992752075195],1,0,80,5,1,79,Chicken,Cheddar cheese,Mayonnaise,,,,,,Turkey,Provolone cheese,Pesto,Bell peppers,,,,,4,3,4,1000,0,1000,0,1,999,,,,,,,,,,,,,,,
,,,,,,,,,,,,,67993,2020-02-26_20h19.33.455,SandwichStudy,3.2.4,MacIntel,60,"[""a""]",[0.17300009727478027],1,0,80,7,1,79,Mozzarella cheese,Bell peppers,Pesto,Spinach,,,,,Ham,Lettuce,Tomatoes,Mayonnaise,Mustard,,,,5,4,5,1000,0,1000,0,1,999,,,,,,,,,,,,,,,
,,,,,,,,,,,,,67993,2020-02-26_20h19.33.455,SandwichStudy,3.2.4,MacIntel,60,"[""a""]",[0.26799988746643066],1,0,80,79,1,79,Salami,Roast beef,Turkey,Ham,Swiss cheese,Lettuce,Tomatoes,Mayonnaise,Turkey,Cheddar cheese,Mayonnaise,,,,,,8,8,3,1000,0,1000,0,1,999,,,,,,,,,,,,,,,
,,,,,,,,,,,,,67993,2020-02-26_20h19.33.455,SandwichStudy,3.2.4,MacIntel,60,"[""l""]",[0.15700006484985352],1,0,80,31,1,79,Spinach,Tomatoes,Cucumbers,Onions,Bell peppers,Avocado,Mayonnaise,,Turkey,Ham,Bacon,Swiss cheese,Lettuce,Tomatoes,Onions,,7,7,7,1000,0,1000,0,1,999,,,,,,,,,,,,,,,
,,,,,,,,,,,,,67993,2020-02-26_20h19.33.455,SandwichStudy,3.2.4,MacIntel,60,"[""a""]",[3.05299973487854],1,0,80,54,1,79,Chicken,Bell peppers,Bacon,Provolone cheese,Ranch dressing,Lettuce,Tomatoes,,Turkey,Bacon,Pepper jack cheese,Avocado,Ranch dressing,Spinach,Tomatoes,,7,7,7,1000,0,1000,0,1,999,,,,,,,,,,,,,,,
,,,,,,,,,,,,,67993,2020-02-26_20h19.33.455,SandwichStudy,3.2.4,MacIntel,60,"[""space""]",[0.4700000286102295],1,0,80,22,1,79,Bacon,Lettuce,Tomatoes,Garlic aioli,Avocado,,,,Ham,Swiss cheese,Spinach,Mustard,,,,,5,5,4,1000,0,1000,0,1,999,,,,,,,,,,,,,,,
,,,,,,,,,,,,,67993,2020-02-26_20h19.33.455,SandwichStudy,3.2.4,MacIntel,60,"[""l""]",[0.23600006103515625],1,0,80,22,1,79,Bacon,Lettuce,Tomatoes,Garlic aioli,Avocado,,,,Ham,Swiss cheese,Spinach,Mustard,,,,,5,5,4,1000,0,1000,0,1,999,,,,,,,,,,,,,,,
,,,,,,,,,,,,,67993,2020-02-26_20h19.33.455,SandwichStudy,3.2.4,MacIntel,60,"[""l""]",[0.6189999580383301],1,0,80,30,1,79,Turkey,Ham,Roast beef,Provolone cheese,Spinach,Tomatoes,Mayonnaise,Mustard,Ham,Swiss cheese,Mayonnaise,Mustard,Tomatoes,,,,8,8,5,1000,0,1000,0,1,999,,,,,,,,,,,,,,,
,,,,,,,,,,,,,67993,2020-02-26_20h19.33.455,SandwichStudy,3.2.4,MacIntel,60,"[""l""]",[0.037999868392944336],1,0,80,29,1,79,Turkey,Garlic aioli,Bacon,Spinach,,,,,Chicken,Mayonnaise,Cheddar cheese,,,,,,4,4,3,1000,0,1000,0,1,999,,,,,,,,,,,,,,,
,,,,,,,,,,,,,67993,2020-02-26_20h19.33.455,SandwichStudy,3.2.4,MacIntel,60,"[""a""]",[1.619999885559082],1,0,80,0,1,79,Onions,Bell peppers,Mushrooms,Jalapenos,American cheese,Steak,,,Bacon,Provolone cheese,Mushrooms,Parmesan cheese,,,,,6,6,4,1000,0,1000,0,1,999,,,,,,,,,,,,,,,
,,,,,,,,,,,,,67993,2020-02-26_20h19.33.455,SandwichStudy,3.2.4,MacIntel,60,"[""a""]",[0.1679999828338623],1,0,80,13,1,79,Chicken,Garlic aioli,Pickles,Cucumbers,Jalapenos,Basil,,,Roast beef,Bacon,Turkey,Mayonnaise,,,,,6,6,4,1000,0,1000,0,1,999,,,,,,,,,,,,,,,
,,,,,,,,,,,,,67993,2020-02-26_20h19.33.455,SandwichStudy,3.2.4,MacIntel,60,"[""space""]",[0.3059999942779541],1,0,80,47,1,79,Chicken,Cheddar cheese,Mayonnaise,,,,,,Turkey,Cheddar cheese,Coleslaw,Spinach,Mustard,,,,5,3,5,1000,0,1000,0,1,999,,,,,,,,,,,,,,,
,,,,,,,,,,,,,67993,2020-02-26_20h19.33.455,SandwichStudy,3.2.4,MacIntel,60,"[""space""]",[0.03699994087219238],1,0,80,47,1,79,Chicken,Cheddar cheese,Mayonnaise,,,,,,Turkey,Cheddar cheese,Coleslaw,Spinach,Mustard,,,,5,3,5,1000,0,1000,0,1,999,,,,,,,,,,,,,,,
,,,,,,,,,,,,,67993,2020-02-26_20h19.33.455,SandwichStudy,3.2.4,MacIntel,60,"[""l""]",[1.3880000114440918],1,0,80,47,1,79,Chicken,Cheddar cheese,Mayonnaise,,,,,,Turkey,Cheddar cheese,Coleslaw,Spinach,Mustard,,,,5,3,5,1000,0,1000,0,1,999,,,,,,,,,,,,,,,
,,,,,,,,,,,,,67993,2020-02-26_20h19.33.455,SandwichStudy,3.2.4,MacIntel,60,"[""a""]",[1.1010000705718994],1,0,80,6,1,79,Chicken,Cheddar cheese,Lettuce,Garlic aioli,Swiss cheese,Tomatoes,,,Cheddar cheese,Provolone cheese,Swiss cheese,Mushrooms,Mayonnaise,Lettuce,Tomatoes,,7,6,7,1000,0,1000,0,1,999,,,,,,,,,,,,,,,
,,,,,,,,,,,,,67993,2020-02-26_20h19.33.455,SandwichStudy,3.2.4,MacIntel,60,"[""l""]",[0.10299992561340332],1,0,80,36,1,79,Chicken,Bell peppers,Bacon,Provolone cheese,Ranch dressing,Lettuce,Tomatoes,,Pastrami,Cheddar cheese,Mustard,Pickles,,,,,7,7,4,1000,0,1000,0,1,999,,,,,,,,,,,,,,,
,,,,,,,,,,,,,67993,2020-02-26_20h19.33.455,SandwichStudy,3.2.4,MacIntel,60,"[""a""]",[0.25299978256225586],1,0,80,63,1,79,Onions,Bell peppers,Mushrooms,Jalapenos,American cheese,Steak,,,Turkey,Ham,Roast beef,Provolone cheese,Spinach,Tomatoes,Mayonnaise,Mustard,8,6,8,1000,0,1000,0,1,999,,,,,,,,,,,,,,,
,,,,,,,,,,,,,67993,2020-02-26_20h19.33.455,SandwichStudy,3.2.4,MacIntel,60,"[""l""]",[3.07099986076355],1,0,80,37,1,79,Turkey,Ham,Cheddar cheese,Mayonnaise,,,,,Chicken,Ham,Swiss cheese,Mayonnaise,Mustard,,,,5,4,5,1000,0,1000,0,1,999,,,,,,,,,,,,,,,
,,,,,,,,,,,,,67993,2020-02-26_20h19.33.455,SandwichStudy,3.2.4,MacIntel,60,"[""a""]",[0.05200004577636719],1,0,80,41,1,79,Bacon,Provolone cheese,Mushrooms,Parmesan cheese,,,,,Turkey,Bacon,Jalapenos,Lettuce,Avocado,Garlic aioli,Tomatoes,,7,4,7,1000,0,1000,0,1,999,,,,,,,,,,,,,,,
,,,,,,,,,,,,,67993,2020-02-26_20h19.33.455,SandwichStudy,3.2.4,MacIntel,60,"[""l""]",[0.08899998664855957],1,0,80,23,1,79,Meatballs,Provolone cheese,Marinara sauce,Parmesan cheese,,,,,Turkey,Cheddar cheese,Bacon,,,,,,4,4,3,1000,0,1000,0,1,999,,,,,,,,,,,,,,,
,,,,,,,,,,,,,67993,2020-02-26_20h19.33.455,SandwichStudy,3.2.4,MacIntel,60,"[""a""]",[2.9709999561309814],1,0,80,55,1,79,Roast beef,Turkey,Pastrami,Mayonnaise,Provolone cheese,,,,Ham,Swiss cheese,Spinach,Mustard,,,,,5,5,4,1000,0,1000,0,1,999,,,,,,,,,,,,,,,
,,,,,,,,,,,,,67993,2020-02-26_20h19.33.455,SandwichStudy,3.2.4,MacIntel,60,"[""l""]",[0.7239999771118164],1,0,80,8,1,79,Chicken,Ham,Swiss cheese,Mayonnaise,,,,,Pepperoni,Meatballs,Marinara sauce,Provolone cheese,Mushrooms,,,,5,4,5,1000,0,1000,0,1,999,,,,,,,,,,,,,,,
,,,,,,,,,,,,,67993,2020-02-26_20h19.33.455,SandwichStudy,3.2.4,MacIntel,60,"[""a""]",[0.4049999713897705],1,0,80,32,1,79,Turkey,Ham,Bacon,Provolone cheese,Lettuce,Tomatoes,Ranch dressing,,Chicken,Cheddar cheese,Bacon,Avocado,Ranch dressing,,,,7,7,5,1000,0,1000,0,1,999,,,,,,,,,,,,,,,
,,,,,,,,,,,,,67993,2020-02-26_20h19.33.455,SandwichStudy,3.2.4,MacIntel,60,"[""l""]",[0.16099977493286133],1,0,80,4,1,79,Provolone cheese,Swiss cheese,Cheddar cheese,Parmesan cheese,Tomatoes,,,,Chicken,Lettuce,Tomatoes,Mayonnaise,,,,,5,5,4,1000,0,1000,0,1,999,,,,,,,,,,,,,,,
,,,,,,,,,,,,,67993,2020-02-26_20h19.33.455,SandwichStudy,3.2.4,MacIntel,60,"[""space""]",[1.124000072479248],1,0,80,69,1,79,Chicken,Garlic aioli,Pickles,Cucumbers,Jalapenos,Basil,,,Chicken,Bacon,Cheddar cheese,Swiss cheese,Spinach,Tomatoes,Mayonnaise,Mustard,8,6,8,1000,0,1000,0,1,999,,,,,,,,,,,,,,,
,,,,,,,,,,,,,67993,2020-02-26_20h19.33.455,SandwichStudy,3.2.4,MacIntel,60,"[""a""]",[0.4419999122619629],1,0,80,69,1,79,Chicken,Garlic aioli,Pickles,Cucumbers,Jalapenos,Basil,,,Chicken,Bacon,Cheddar cheese,Swiss cheese,Spinach,Tomatoes,Mayonnaise,Mustard,8,6,8,1000,0,1000,0,1,999,,,,,,,,,,,,,,,
,,,,,,,,,,,,,67993,2020-02-26_20h19.33.455,SandwichStudy,3.2.4,MacIntel,60,"[""a""]",[0.47099995613098145],1,0,80,46,1,79,Turkey,Ham,Bacon,Swiss cheese,Lettuce,Tomatoes,Onions,,Chicken,Pickles,Basil,Tomatoes,Cucumbers,,,,7,7,5,1000,0,1000,0,1,999,,,,,,,,,,,,,,,
,,,,,,,,,,,,,67993,2020-02-26_20h19.33.455,SandwichStudy,3.2.4,MacIntel,60,"[""l""]",[0.11899995803833008],1,0,80,33,1,79,Bacon,Ham,Turkey,Mayonnaise,Mustard,Cheddar cheese,Tomatoes,Spinach,Turkey,Avocado,Bacon,Garlic aioli,Tomatoes,Spinach,Onions,,8,8,7,1000,0,1000,0,1,999,,,,,,,,,,,,,,,
,,,,,,,,,,,,,67993,2020-02-26_20h19.33.455,SandwichStudy,3.2.4,MacIntel,60,"[""space""]",[1.7099997997283936],1,0,80,72,1,79,Chicken,Mozzarella cheese,Tomatoes,Onions,Basil,Mayonnaise,,,Chicken,American cheese,Coleslaw,Tomatoes,Pickles,Mayonnaise,,,6,6,6,1000,0,1000,0,1,999,,,,,,,,,,,,,,,
,,,,,,,,,,,,,67993,2020-02-26_20h19.33.455,SandwichStudy,3.2.4,MacIntel,60,"[""l""]",[0.31099987030029297],1,0,80,72,1,79,Chicken,Mozzarella cheese,Tomatoes,Onions,Basil,Mayonnaise,,,Chicken,American cheese,Coleslaw,Tomatoes,Pickles,Mayonnaise,,,6,6,6,1000,0,1000,0,1,999,,,,,,,,,,,,,,,
,,,,,,,,,,,,,67993,2020-02-26_20h19.33.455,SandwichStudy,3.2.4,MacIntel,60,"[""l""]",[3.8499999046325684],1,0,80,42,1,79,Chicken,Bacon,Feta cheese,Bell peppers,Basil,Garlic aioli,,,Turkey,Ham,Cheddar cheese,Mayonnaise,,,,,6,6,4,1000,0,1000,0,1,999,,,,,,,,,,,,,,,
,,,,,,,,,,,,,67993,2020-02-26_20h19.33.455,SandwichStudy,3.2.4,MacIntel,60,"[""l""]",[1.069000005722046],1,0,80,39,1,79,Chicken,Provolone cheese,Pesto,,,,,,Turkey,Bacon,Jalapenos,Lettuce,Avocado,Garlic aioli,Tomatoes,,7,3,7,1000,0,1000,0,1,999,,,,,,,,,,,,,,,
,,,,,,,,,,,,,67993,2020-02-26_20h19.33.455,SandwichStudy,3.2.4,MacIntel,60,"[""l""]",[0.5099999904632568],1,0,80,59,1,79,Chicken,Ham,Cheddar cheese,Mayonnaise,,,,,Turkey,Garlic aioli,Bacon,Spinach,,,,,4,4,4,1000,0,1000,0,1,999,,,,,,,,,,,,,,,
,,,,,,,,,,,,,67993,2020-02-26_20h19.33.455,SandwichStudy,3.2.4,MacIntel,60,"[""l""]",[0.20300006866455078],1,0,80,34,1,79,Avocado,Onions,Cucumbers,,,,,,Tuna,Basil,Cheddar cheese,Garlic aioli,Pickles,Onions,Tomatoes,Spinach,8,3,8,1000,0,1000,0,1,999,,,,,,,,,,,,,,,
,,,,,,,,,,,,,67993,2020-02-26_20h19.33.455,SandwichStudy,3.2.4,MacIntel,60,"[""a""]",[0.2220001220703125],1,0,80,48,1,79,Chicken,Provolone cheese,Pesto,,,,,,Ham,Lettuce,Tomatoes,Mayonnaise,Mustard,,,,5,3,5,1000,0,1000,0,1,999,,,,,,,,,,,,,,,
,,,,,,,,,,,,,67993,2020-02-26_20h19.33.455,SandwichStudy,3.2.4,MacIntel,60,"[""l""]",[0.019999980926513672],1,0,80,35,1,79,Bacon,Lettuce,Tomatoes,Ranch dressing,,,,,Turkey,Gouda cheese,Avocado,Garlic aioli,Jalapenos,Tomatoes,Lettuce,,7,4,7,1000,0,1000,0,1,999,,,,,,,,,,,,,,,
,,,,,,,,,,,,,67993,2020-02-26_20h19.33.455,SandwichStudy,3.2.4,MacIntel,60,"[""a""]",[0.6389999389648438],1,0,80,40,1,79,Pork,Ham,Swiss cheese,Pickles,Mustard,,,,Steak,Turkey,Ham,Cheddar cheese,Olives,Lettuce,Tomatoes,Onions,8,5,8,1000,0,1000,0,1,999,,,,,,,,,,,,,,,
,,,,,,,,,,,,,67993,2020-02-26_20h19.33.455,SandwichStudy,3.2.4,MacIntel,60,"[""a""]",[0.3859999179840088],1,0,80,73,1,79,Turkey,Avocado,Bacon,Garlic aioli,Tomatoes,Spinach,Onions,,Tuna,Lettuce,Tomatoes,Mayonnaise,,,,,7,7,4,1000,0,1000,0,1,999,,,,,,,,,,,,,,,
,,,,,,,,,,,,,67993,2020-02-26_20h19.33.455,SandwichStudy,3.2.4,MacIntel,60,"[""l""]",[0.6549999713897705],1,0,80,68,1,79,Tomatoes,Mozzarella cheese,Spinach,Pesto,,,,,Steak,Bacon,American cheese,Tomatoes,Onions,Pickles,,,6,4,6,1000,0,1000,0,1,999,,,,,,,,,,,,,,,
,,,,,,,,,,,,,67993,2020-02-26_20h19.33.455,SandwichStudy,3.2.4,MacIntel,60,,,,,,,,,,,,,,,,,,,,,,,,,,,,,,,,,,space,10.2559998,7,8.23300004,space,12.19099998,1,0,10,9,1,9,Spinach,,
,,,,,,,,,,,,,67993,2020-02-26_20h19.33.455,SandwichStudy,3.2.4,MacIntel,60,,,,,,,,,,,,,,,,,,,,,,,,,,,,,,,,,,,,3,4.921000004,space,6.073999882,1,0,10,6,1,9,Swiss cheese,,
,,,,,,,,,,,,,67993,2020-02-26_20h19.33.455,SandwichStudy,3.2.4,MacIntel,60,,,,,,,,,,,,,,,,,,,,,,,,,,,,,,,,,,,,4,2.588999987,space,3.95299983,1,0,10,8,1,9,Provolone cheese,,
,,,,,,,,,,,,,67993,2020-02-26_20h19.33.455,SandwichStudy,3.2.4,MacIntel,60,,,,,,,,,,,,,,,,,,,,,,,,,,,,,,,,,,,,7,4.172999859,space,4.711999893,1,0,10,0,1,9,Tomatoes,,
,,,,,,,,,,,,,67993,2020-02-26_20h19.33.455,SandwichStudy,3.2.4,MacIntel,60,,,,,,,,,,,,,,,,,,,,,,,,,,,,,,,,,,,,3,3.976999998,space,5.645999908,1,0,10,4,1,9,Chicken,,
,,,,,,,,,,,,,67993,2020-02-26_20h19.33.455,SandwichStudy,3.2.4,MacIntel,60,,,,,,,,,,,,,,,,,,,,,,,,,,,,,,,,,,,,2,2.573999882,space,5.4599998,1,0,10,2,1,9,Turkey,,
,,,,,,,,,,,,,67993,2020-02-26_20h19.33.455,SandwichStudy,3.2.4,MacIntel,60,,,,,,,,,,,,,,,,,,,,,,,,,,,,,,,,,,,,2,1.496000051,space,1.915999889,1,0,10,1,1,9,Mayonnaise,,
,,,,,,,,,,,,,67993,2020-02-26_20h19.33.455,SandwichStudy,3.2.4,MacIntel,60,,,,,,,,,,,,,,,,,,,,,,,,,,,,,,,,,,,,4,3.037999868,space,3.328999996,1,0,10,5,1,9,Cheddar cheese,,
,,,,,,,,,,,,,67993,2020-02-26_20h19.33.455,SandwichStudy,3.2.4,MacIntel,60,,,,,,,,,,,,,,,,,,,,,,,,,,,,,,,,,,,,6,2.707000017,space,3.012000084,1,0,10,7,1,9,Lettuce,,
,,,,,,,,,,,,,67993,2020-02-26_20h19.33.455,SandwichStudy,3.2.4,MacIntel,60,,,,,,,,,,,,,,,,,,,,,,,,,,,,,,,,,,,,1,1.67200017,space,2.044999838,1,0,10,3,1,9,Bacon,,
,,,,,,,,,,,,,67993,2020-02-26_20h19.33.455,SandwichStudy,3.2.4,MacIntel,60,,,,,,,,,,,,,,,,,,,,,,,,,,,,,,,,,,,,,,,,,,,,,,,return,10.43700004
