sequence,key_resp_4.keys,key_resp_4.rt,VegResp.keys,VegResp.rt,ConfirmResp.keys,ConfirmResp.rt,VegQuestionLoop.thisRepN,VegQuestionLoop.thisTrialN,VegQuestionLoop.thisN,VegQuestionLoop.thisIndex,VegQuestionLoop.ran,VegQuestionLoop.order,participant,date,expName,psychopyVersion,OS,frameRate,Decision.keys,Decision.rt,trials.thisRepN,trials.thisTrialN,trials.thisN,trials.thisIndex,trials.ran,trials.order,s11,s12,s13,s14,s15,s16,s17,s18,s21,s22,s23,s24,s25,s26,s27,s28,IngsInRow,IngIn1,IngIn2,Iter.thisRepN,Iter.thisTrialN,Iter.thisN,Iter.thisIndex,Iter.ran,Iter.order,key_resp_2.keys,key_resp_2.rt,slider.response,slider.rt,key_resp_3.keys,key_resp_3.rt,RatingLoop.thisRepN,RatingLoop.thisTrialN,RatingLoop.thisN,RatingLoop.thisIndex,RatingLoop.ran,RatingLoop.order,ingredientforslider,key_resp.keys,key_resp.rt
"[1,0,0,1,1,1,1,1,0,0,0,1,0,0,0,0,0,0,1,1,1,0,1,1,0,0,0,0,0,1,1,1,1,1,1,0,0,0,0,1,0,1,1,1,1,1,1,1,1,0,0,1,0,0,1,1,1,1,1,0,1,1,1,0,1,1,1,1,1,1,1,0,1,1,1,0,1,0,1,0]",space,3.755999804,n,5.401000023,p,3.403999805,100,0,100,0,1,99,68206,2020-02-27_16h04.59.205,SandwichStudy,3.2.4,MacIntel,60,,,,,,,,,,,,,,,,,,,,,,,,,,,,,,,,,,,,,,,,,,,,,,,,
,,,,,,,,,,,,,68206,2020-02-27_16h04.59.205,SandwichStudy,3.2.4,MacIntel,60,"[""a""]",[5.436000108718872],1,0,80,16,1,79,Chicken,American cheese,Lettuce,Tomatoes,Mayonnaise,,,,Cheddar cheese,Avocado,Onions,Tomatoes,Mayonnaise,,,,5,5,5,1000,0,1000,0,1,999,,,,,,,,,,,,,,,
,,,,,,,,,,,,,68206,2020-02-27_16h04.59.205,SandwichStudy,3.2.4,MacIntel,60,"[""a""]",[5.426999807357788],1,0,80,50,1,79,Mozzarella cheese,Bell peppers,Pesto,Spinach,,,,,Chicken,Ham,Swiss cheese,Mayonnaise,,,,,4,4,4,1000,0,1000,0,1,999,,,,,,,,,,,,,,,
,,,,,,,,,,,,,68206,2020-02-27_16h04.59.205,SandwichStudy,3.2.4,MacIntel,60,"[""l""]",[1.5229997634887695],1,0,80,78,1,79,Chicken,American cheese,Lettuce,Tomatoes,Mayonnaise,,,,Pastrami,Cheddar cheese,Mustard,Pickles,,,,,5,5,4,1000,0,1000,0,1,999,,,,,,,,,,,,,,,
,,,,,,,,,,,,,68206,2020-02-27_16h04.59.205,SandwichStudy,3.2.4,MacIntel,60,"[""l""]",[0.35699987411499023],1,0,80,41,1,79,Bacon,Provolone cheese,Mushrooms,Parmesan cheese,,,,,Turkey,Bacon,Jalapenos,Lettuce,Avocado,Garlic aioli,Tomatoes,,7,4,7,1000,0,1000,0,1,999,,,,,,,,,,,,,,,
,,,,,,,,,,,,,68206,2020-02-27_16h04.59.205,SandwichStudy,3.2.4,MacIntel,60,"[""a""]",[0.1679999828338623],1,0,80,0,1,79,Onions,Bell peppers,Mushrooms,Jalapenos,American cheese,Steak,,,Bacon,Provolone cheese,Mushrooms,Parmesan cheese,,,,,6,6,4,1000,0,1000,0,1,999,,,,,,,,,,,,,,,
,,,,,,,,,,,,,68206,2020-02-27_16h04.59.205,SandwichStudy,3.2.4,MacIntel,60,"[""l""]",[1.0160000324249268],1,0,80,57,1,79,Avocado,Spinach,Tomatoes,Swiss cheese,,,,,Chicken,Ham,Swiss cheese,Mayonnaise,Mustard,,,,5,4,5,1000,0,1000,0,1,999,,,,,,,,,,,,,,,
,,,,,,,,,,,,,68206,2020-02-27_16h04.59.205,SandwichStudy,3.2.4,MacIntel,60,"[""l""]",[0.7890000343322754],1,0,80,5,1,79,Chicken,Cheddar cheese,Mayonnaise,,,,,,Turkey,Provolone cheese,Pesto,Bell peppers,,,,,4,3,4,1000,0,1000,0,1,999,,,,,,,,,,,,,,,
,,,,,,,,,,,,,68206,2020-02-27_16h04.59.205,SandwichStudy,3.2.4,MacIntel,60,"[""a""]",[0.8559999465942383],1,0,80,65,1,79,Chicken,Pepper jack cheese,Ranch dressing,,,,,,Salami,Provolone cheese,Lettuce,Tomatoes,Mayonnaise,Mustard,,,6,3,6,1000,0,1000,0,1,999,,,,,,,,,,,,,,,
,,,,,,,,,,,,,68206,2020-02-27_16h04.59.205,SandwichStudy,3.2.4,MacIntel,60,"[""a""]",[0.9689998626708984],1,0,80,21,1,79,Chicken,Ham,Cheddar cheese,Mayonnaise,,,,,Turkey,Bacon,Avocado,Provolone cheese,Lettuce,Tomatoes,Onions,Ranch dressing,8,4,8,1000,0,1000,0,1,999,,,,,,,,,,,,,,,
,,,,,,,,,,,,,68206,2020-02-27_16h04.59.205,SandwichStudy,3.2.4,MacIntel,60,"[""a""]",[0.20399999618530273],1,0,80,79,1,79,Salami,Roast beef,Turkey,Ham,Swiss cheese,Lettuce,Tomatoes,Mayonnaise,Turkey,Cheddar cheese,Mayonnaise,,,,,,8,8,3,1000,0,1000,0,1,999,,,,,,,,,,,,,,,
,,,,,,,,,,,,,68206,2020-02-27_16h04.59.205,SandwichStudy,3.2.4,MacIntel,60,"[""space""]",[3.753999948501587],1,0,80,9,1,79,Bacon,Turkey,Pepper jack cheese,Mustard,,,,,Bacon,Spinach,Tomatoes,Avocado,Mayonnaise,,,,5,4,5,1000,0,1000,0,1,999,,,,,,,,,,,,,,,
,,,,,,,,,,,,,68206,2020-02-27_16h04.59.205,SandwichStudy,3.2.4,MacIntel,60,"[""a""]",[2.009000062942505],1,0,80,9,1,79,Bacon,Turkey,Pepper jack cheese,Mustard,,,,,Bacon,Spinach,Tomatoes,Avocado,Mayonnaise,,,,5,4,5,1000,0,1000,0,1,999,,,,,,,,,,,,,,,
,,,,,,,,,,,,,68206,2020-02-27_16h04.59.205,SandwichStudy,3.2.4,MacIntel,60,"[""a""]",[0.935999870300293],1,0,80,45,1,79,Bell peppers,Provolone cheese,Cucumbers,Spinach,Tomatoes,Onions,Hummus,,Roast beef,Bacon,Turkey,Mayonnaise,,,,,7,7,4,1000,0,1000,0,1,999,,,,,,,,,,,,,,,
,,,,,,,,,,,,,68206,2020-02-27_16h04.59.205,SandwichStudy,3.2.4,MacIntel,60,"[""a""]",[1.3580000400543213],1,0,80,40,1,79,Pork,Ham,Swiss cheese,Pickles,Mustard,,,,Steak,Turkey,Ham,Cheddar cheese,Olives,Lettuce,Tomatoes,Onions,8,5,8,1000,0,1000,0,1,999,,,,,,,,,,,,,,,
,,,,,,,,,,,,,68206,2020-02-27_16h04.59.205,SandwichStudy,3.2.4,MacIntel,60,"[""space""]",[1.5729999542236328],1,0,80,68,1,79,Tomatoes,Mozzarella cheese,Spinach,Pesto,,,,,Steak,Bacon,American cheese,Tomatoes,Onions,Pickles,,,6,4,6,1000,0,1000,0,1,999,,,,,,,,,,,,,,,
,,,,,,,,,,,,,68206,2020-02-27_16h04.59.205,SandwichStudy,3.2.4,MacIntel,60,"[""l""]",[0.5749998092651367],1,0,80,68,1,79,Tomatoes,Mozzarella cheese,Spinach,Pesto,,,,,Steak,Bacon,American cheese,Tomatoes,Onions,Pickles,,,6,4,6,1000,0,1000,0,1,999,,,,,,,,,,,,,,,
,,,,,,,,,,,,,68206,2020-02-27_16h04.59.205,SandwichStudy,3.2.4,MacIntel,60,"[""space""]",[0.4219999313354492],1,0,80,29,1,79,Turkey,Garlic aioli,Bacon,Spinach,,,,,Chicken,Mayonnaise,Cheddar cheese,,,,,,4,4,3,1000,0,1000,0,1,999,,,,,,,,,,,,,,,
,,,,,,,,,,,,,68206,2020-02-27_16h04.59.205,SandwichStudy,3.2.4,MacIntel,60,"[""l""]",[0.11999988555908203],1,0,80,29,1,79,Turkey,Garlic aioli,Bacon,Spinach,,,,,Chicken,Mayonnaise,Cheddar cheese,,,,,,4,4,3,1000,0,1000,0,1,999,,,,,,,,,,,,,,,
,,,,,,,,,,,,,68206,2020-02-27_16h04.59.205,SandwichStudy,3.2.4,MacIntel,60,"[""space""]",[0.5920000076293945],1,0,80,48,1,79,Chicken,Provolone cheese,Pesto,,,,,,Ham,Lettuce,Tomatoes,Mayonnaise,Mustard,,,,5,3,5,1000,0,1000,0,1,999,,,,,,,,,,,,,,,
,,,,,,,,,,,,,68206,2020-02-27_16h04.59.205,SandwichStudy,3.2.4,MacIntel,60,"[""a""]",[0.3689999580383301],1,0,80,48,1,79,Chicken,Provolone cheese,Pesto,,,,,,Ham,Lettuce,Tomatoes,Mayonnaise,Mustard,,,,5,3,5,1000,0,1000,0,1,999,,,,,,,,,,,,,,,
,,,,,,,,,,,,,68206,2020-02-27_16h04.59.205,SandwichStudy,3.2.4,MacIntel,60,"[""space""]",[0.4569997787475586],1,0,80,6,1,79,Chicken,Cheddar cheese,Lettuce,Garlic aioli,Swiss cheese,Tomatoes,,,Cheddar cheese,Provolone cheese,Swiss cheese,Mushrooms,Mayonnaise,Lettuce,Tomatoes,,7,6,7,1000,0,1000,0,1,999,,,,,,,,,,,,,,,
,,,,,,,,,,,,,68206,2020-02-27_16h04.59.205,SandwichStudy,3.2.4,MacIntel,60,"[""a""]",[0.7100000381469727],1,0,80,6,1,79,Chicken,Cheddar cheese,Lettuce,Garlic aioli,Swiss cheese,Tomatoes,,,Cheddar cheese,Provolone cheese,Swiss cheese,Mushrooms,Mayonnaise,Lettuce,Tomatoes,,7,6,7,1000,0,1000,0,1,999,,,,,,,,,,,,,,,
,,,,,,,,,,,,,68206,2020-02-27_16h04.59.205,SandwichStudy,3.2.4,MacIntel,60,"[""l""]",[0.5239999294281006],1,0,80,24,1,79,Steak,Onions,Bell peppers,Provolone cheese,,,,,Tuna,Lettuce,Tomatoes,Mayonnaise,,,,,4,4,4,1000,0,1000,0,1,999,,,,,,,,,,,,,,,
,,,,,,,,,,,,,68206,2020-02-27_16h04.59.205,SandwichStudy,3.2.4,MacIntel,60,"[""a""]",[0.4049999713897705],1,0,80,27,1,79,Mushrooms,Swiss cheese,Provolone cheese,Cheddar cheese,Lettuce,Tomatoes,,,Avocado,Spinach,Tomatoes,Swiss cheese,,,,,6,6,4,1000,0,1000,0,1,999,,,,,,,,,,,,,,,
,,,,,,,,,,,,,68206,2020-02-27_16h04.59.205,SandwichStudy,3.2.4,MacIntel,60,"[""space""]",[0.5119998455047607],1,0,80,69,1,79,Chicken,Garlic aioli,Pickles,Cucumbers,Jalapenos,Basil,,,Chicken,Bacon,Cheddar cheese,Swiss cheese,Spinach,Tomatoes,Mayonnaise,Mustard,8,6,8,1000,0,1000,0,1,999,,,,,,,,,,,,,,,
,,,,,,,,,,,,,68206,2020-02-27_16h04.59.205,SandwichStudy,3.2.4,MacIntel,60,"[""a""]",[0.19299983978271484],1,0,80,69,1,79,Chicken,Garlic aioli,Pickles,Cucumbers,Jalapenos,Basil,,,Chicken,Bacon,Cheddar cheese,Swiss cheese,Spinach,Tomatoes,Mayonnaise,Mustard,8,6,8,1000,0,1000,0,1,999,,,,,,,,,,,,,,,
,,,,,,,,,,,,,68206,2020-02-27_16h04.59.205,SandwichStudy,3.2.4,MacIntel,60,"[""space""]",[0.5350000858306885],1,0,80,58,1,79,Chicken,Mayonnaise,Cheddar cheese,,,,,,Steak,Onions,Bell peppers,Provolone cheese,,,,,4,3,4,1000,0,1000,0,1,999,,,,,,,,,,,,,,,
,,,,,,,,,,,,,68206,2020-02-27_16h04.59.205,SandwichStudy,3.2.4,MacIntel,60,"[""a""]",[0.7699999809265137],1,0,80,58,1,79,Chicken,Mayonnaise,Cheddar cheese,,,,,,Steak,Onions,Bell peppers,Provolone cheese,,,,,4,3,4,1000,0,1000,0,1,999,,,,,,,,,,,,,,,
,,,,,,,,,,,,,68206,2020-02-27_16h04.59.205,SandwichStudy,3.2.4,MacIntel,60,"[""space""]",[0.8350000381469727],1,0,80,31,1,79,Spinach,Tomatoes,Cucumbers,Onions,Bell peppers,Avocado,Mayonnaise,,Turkey,Ham,Bacon,Swiss cheese,Lettuce,Tomatoes,Onions,,7,7,7,1000,0,1000,0,1,999,,,,,,,,,,,,,,,
,,,,,,,,,,,,,68206,2020-02-27_16h04.59.205,SandwichStudy,3.2.4,MacIntel,60,"[""l""]",[0.9259998798370361],1,0,80,31,1,79,Spinach,Tomatoes,Cucumbers,Onions,Bell peppers,Avocado,Mayonnaise,,Turkey,Ham,Bacon,Swiss cheese,Lettuce,Tomatoes,Onions,,7,7,7,1000,0,1000,0,1,999,,,,,,,,,,,,,,,
,,,,,,,,,,,,,68206,2020-02-27_16h04.59.205,SandwichStudy,3.2.4,MacIntel,60,"[""space""]",[0.12000012397766113],1,0,80,35,1,79,Bacon,Lettuce,Tomatoes,Ranch dressing,,,,,Turkey,Gouda cheese,Avocado,Garlic aioli,Jalapenos,Tomatoes,Lettuce,,7,4,7,1000,0,1000,0,1,999,,,,,,,,,,,,,,,
,,,,,,,,,,,,,68206,2020-02-27_16h04.59.205,SandwichStudy,3.2.4,MacIntel,60,"[""l""]",[0.021999835968017578],1,0,80,35,1,79,Bacon,Lettuce,Tomatoes,Ranch dressing,,,,,Turkey,Gouda cheese,Avocado,Garlic aioli,Jalapenos,Tomatoes,Lettuce,,7,4,7,1000,0,1000,0,1,999,,,,,,,,,,,,,,,
,,,,,,,,,,,,,68206,2020-02-27_16h04.59.205,SandwichStudy,3.2.4,MacIntel,60,"[""space""]",[0.17299985885620117],1,0,80,74,1,79,Mushrooms,Swiss cheese,Provolone cheese,Cheddar cheese,Lettuce,Tomatoes,,,Roast beef,Pastrami,Swiss cheese,Mustard,,,,,6,6,4,1000,0,1000,0,1,999,,,,,,,,,,,,,,,
,,,,,,,,,,,,,68206,2020-02-27_16h04.59.205,SandwichStudy,3.2.4,MacIntel,60,"[""a""]",[0.25499987602233887],1,0,80,74,1,79,Mushrooms,Swiss cheese,Provolone cheese,Cheddar cheese,Lettuce,Tomatoes,,,Roast beef,Pastrami,Swiss cheese,Mustard,,,,,6,6,4,1000,0,1000,0,1,999,,,,,,,,,,,,,,,
,,,,,,,,,,,,,68206,2020-02-27_16h04.59.205,SandwichStudy,3.2.4,MacIntel,60,"[""space""]",[1.0219998359680176],1,0,80,4,1,79,Provolone cheese,Swiss cheese,Cheddar cheese,Parmesan cheese,Tomatoes,,,,Chicken,Lettuce,Tomatoes,Mayonnaise,,,,,5,5,4,1000,0,1000,0,1,999,,,,,,,,,,,,,,,
,,,,,,,,,,,,,68206,2020-02-27_16h04.59.205,SandwichStudy,3.2.4,MacIntel,60,"[""l""]",[0.375],1,0,80,4,1,79,Provolone cheese,Swiss cheese,Cheddar cheese,Parmesan cheese,Tomatoes,,,,Chicken,Lettuce,Tomatoes,Mayonnaise,,,,,5,5,4,1000,0,1000,0,1,999,,,,,,,,,,,,,,,
,,,,,,,,,,,,,68206,2020-02-27_16h04.59.205,SandwichStudy,3.2.4,MacIntel,60,"[""space""]",[0.8559999465942383],1,0,80,1,1,79,Tomatoes,Mozzarella cheese,Spinach,Pesto,,,,,Ham,Swiss cheese,Mustard,,,,,,4,4,3,1000,0,1000,0,1,999,,,,,,,,,,,,,,,
,,,,,,,,,,,,,68206,2020-02-27_16h04.59.205,SandwichStudy,3.2.4,MacIntel,60,"[""l""]",[0.003000020980834961],1,0,80,1,1,79,Tomatoes,Mozzarella cheese,Spinach,Pesto,,,,,Ham,Swiss cheese,Mustard,,,,,,4,4,3,1000,0,1000,0,1,999,,,,,,,,,,,,,,,
,,,,,,,,,,,,,68206,2020-02-27_16h04.59.205,SandwichStudy,3.2.4,MacIntel,60,"[""space""]",[0.05799984931945801],1,0,80,39,1,79,Chicken,Provolone cheese,Pesto,,,,,,Turkey,Bacon,Jalapenos,Lettuce,Avocado,Garlic aioli,Tomatoes,,7,3,7,1000,0,1000,0,1,999,,,,,,,,,,,,,,,
,,,,,,,,,,,,,68206,2020-02-27_16h04.59.205,SandwichStudy,3.2.4,MacIntel,60,"[""a""]",[1.310999870300293],1,0,80,39,1,79,Chicken,Provolone cheese,Pesto,,,,,,Turkey,Bacon,Jalapenos,Lettuce,Avocado,Garlic aioli,Tomatoes,,7,3,7,1000,0,1000,0,1,999,,,,,,,,,,,,,,,
,,,,,,,,,,,,,68206,2020-02-27_16h04.59.205,SandwichStudy,3.2.4,MacIntel,60,"[""space""]",[0.4549999237060547],1,0,80,25,1,79,Meatballs,Provolone cheese,Onions,Marinara sauce,,,,,Chicken,Pepper jack cheese,Ranch dressing,,,,,,4,4,3,1000,0,1000,0,1,999,,,,,,,,,,,,,,,
,,,,,,,,,,,,,68206,2020-02-27_16h04.59.205,SandwichStudy,3.2.4,MacIntel,60,"[""l""]",[0.5709998607635498],1,0,80,25,1,79,Meatballs,Provolone cheese,Onions,Marinara sauce,,,,,Chicken,Pepper jack cheese,Ranch dressing,,,,,,4,4,3,1000,0,1000,0,1,999,,,,,,,,,,,,,,,
,,,,,,,,,,,,,68206,2020-02-27_16h04.59.205,SandwichStudy,3.2.4,MacIntel,60,"[""space""]",[0.14400005340576172],1,0,80,34,1,79,Avocado,Onions,Cucumbers,,,,,,Tuna,Basil,Cheddar cheese,Garlic aioli,Pickles,Onions,Tomatoes,Spinach,8,3,8,1000,0,1000,0,1,999,,,,,,,,,,,,,,,
,,,,,,,,,,,,,68206,2020-02-27_16h04.59.205,SandwichStudy,3.2.4,MacIntel,60,"[""space""]",[1.0729999542236328],1,0,80,34,1,79,Avocado,Onions,Cucumbers,,,,,,Tuna,Basil,Cheddar cheese,Garlic aioli,Pickles,Onions,Tomatoes,Spinach,8,3,8,1000,0,1000,0,1,999,,,,,,,,,,,,,,,
,,,,,,,,,,,,,68206,2020-02-27_16h04.59.205,SandwichStudy,3.2.4,MacIntel,60,"[""l""]",[1.2919998168945312],1,0,80,34,1,79,Avocado,Onions,Cucumbers,,,,,,Tuna,Basil,Cheddar cheese,Garlic aioli,Pickles,Onions,Tomatoes,Spinach,8,3,8,1000,0,1000,0,1,999,,,,,,,,,,,,,,,
,,,,,,,,,,,,,68206,2020-02-27_16h04.59.205,SandwichStudy,3.2.4,MacIntel,60,"[""space""]",[0.6689999103546143],1,0,80,36,1,79,Chicken,Bell peppers,Bacon,Provolone cheese,Ranch dressing,Lettuce,Tomatoes,,Pastrami,Cheddar cheese,Mustard,Pickles,,,,,7,7,4,1000,0,1000,0,1,999,,,,,,,,,,,,,,,
,,,,,,,,,,,,,68206,2020-02-27_16h04.59.205,SandwichStudy,3.2.4,MacIntel,60,"[""a""]",[0.10699987411499023],1,0,80,36,1,79,Chicken,Bell peppers,Bacon,Provolone cheese,Ranch dressing,Lettuce,Tomatoes,,Pastrami,Cheddar cheese,Mustard,Pickles,,,,,7,7,4,1000,0,1000,0,1,999,,,,,,,,,,,,,,,
,,,,,,,,,,,,,68206,2020-02-27_16h04.59.205,SandwichStudy,3.2.4,MacIntel,60,"[""space""]",[0.06699991226196289],1,0,80,19,1,79,Bacon,Ham,Turkey,Mayonnaise,Cheddar cheese,Tomatoes,Spinach,Swiss cheese,Turkey,Salami,Cheddar cheese,Mayonnaise,,,,,8,8,4,1000,0,1000,0,1,999,,,,,,,,,,,,,,,
,,,,,,,,,,,,,68206,2020-02-27_16h04.59.205,SandwichStudy,3.2.4,MacIntel,60,"[""l""]",[1.4769999980926514],1,0,80,19,1,79,Bacon,Ham,Turkey,Mayonnaise,Cheddar cheese,Tomatoes,Spinach,Swiss cheese,Turkey,Salami,Cheddar cheese,Mayonnaise,,,,,8,8,4,1000,0,1000,0,1,999,,,,,,,,,,,,,,,
,,,,,,,,,,,,,68206,2020-02-27_16h04.59.205,SandwichStudy,3.2.4,MacIntel,60,"[""space""]",[0.9389998912811279],1,0,80,26,1,79,Turkey,Avocado,Mayonnaise,,,,,,Chicken,Mozzarella cheese,Tomatoes,Onions,Basil,Mayonnaise,,,6,3,6,1000,0,1000,0,1,999,,,,,,,,,,,,,,,
,,,,,,,,,,,,,68206,2020-02-27_16h04.59.205,SandwichStudy,3.2.4,MacIntel,60,"[""a""]",[1.2139999866485596],1,0,80,26,1,79,Turkey,Avocado,Mayonnaise,,,,,,Chicken,Mozzarella cheese,Tomatoes,Onions,Basil,Mayonnaise,,,6,3,6,1000,0,1000,0,1,999,,,,,,,,,,,,,,,
,,,,,,,,,,,,,68206,2020-02-27_16h04.59.205,SandwichStudy,3.2.4,MacIntel,60,"[""space""]",[0.023000001907348633],1,0,80,54,1,79,Chicken,Bell peppers,Bacon,Provolone cheese,Ranch dressing,Lettuce,Tomatoes,,Turkey,Bacon,Pepper jack cheese,Avocado,Ranch dressing,Spinach,Tomatoes,,7,7,7,1000,0,1000,0,1,999,,,,,,,,,,,,,,,
,,,,,,,,,,,,,68206,2020-02-27_16h04.59.205,SandwichStudy,3.2.4,MacIntel,60,"[""a""]",[1.1019999980926514],1,0,80,54,1,79,Chicken,Bell peppers,Bacon,Provolone cheese,Ranch dressing,Lettuce,Tomatoes,,Turkey,Bacon,Pepper jack cheese,Avocado,Ranch dressing,Spinach,Tomatoes,,7,7,7,1000,0,1000,0,1,999,,,,,,,,,,,,,,,
,,,,,,,,,,,,,68206,2020-02-27_16h04.59.205,SandwichStudy,3.2.4,MacIntel,60,"[""space""]",[0.6359999179840088],1,0,80,52,1,79,Cheddar cheese,Avocado,Onions,Tomatoes,Mayonnaise,,,,Bacon,Ham,Turkey,Mayonnaise,Cheddar cheese,Tomatoes,Spinach,Swiss cheese,8,5,8,1000,0,1000,0,1,999,,,,,,,,,,,,,,,
,,,,,,,,,,,,,68206,2020-02-27_16h04.59.205,SandwichStudy,3.2.4,MacIntel,60,"[""l""]",[1.7049999237060547],1,0,80,52,1,79,Cheddar cheese,Avocado,Onions,Tomatoes,Mayonnaise,,,,Bacon,Ham,Turkey,Mayonnaise,Cheddar cheese,Tomatoes,Spinach,Swiss cheese,8,5,8,1000,0,1000,0,1,999,,,,,,,,,,,,,,,
,,,,,,,,,,,,,68206,2020-02-27_16h04.59.205,SandwichStudy,3.2.4,MacIntel,60,"[""a""]",[0.3529999256134033],1,0,80,73,1,79,Turkey,Avocado,Bacon,Garlic aioli,Tomatoes,Spinach,Onions,,Tuna,Lettuce,Tomatoes,Mayonnaise,,,,,7,7,4,1000,0,1000,0,1,999,,,,,,,,,,,,,,,
,,,,,,,,,,,,,68206,2020-02-27_16h04.59.205,SandwichStudy,3.2.4,MacIntel,60,"[""a""]",[0.3510000705718994],1,0,80,42,1,79,Chicken,Bacon,Feta cheese,Bell peppers,Basil,Garlic aioli,,,Turkey,Ham,Cheddar cheese,Mayonnaise,,,,,6,6,4,1000,0,1000,0,1,999,,,,,,,,,,,,,,,
,,,,,,,,,,,,,68206,2020-02-27_16h04.59.205,SandwichStudy,3.2.4,MacIntel,60,"[""space""]",[0.6759998798370361],1,0,80,75,1,79,Ham,Swiss cheese,Mustard,,,,,,Ham,Swiss cheese,Mayonnaise,Mustard,Tomatoes,,,,5,3,5,1000,0,1000,0,1,999,,,,,,,,,,,,,,,
,,,,,,,,,,,,,68206,2020-02-27_16h04.59.205,SandwichStudy,3.2.4,MacIntel,60,"[""space""]",[0.45599985122680664],1,0,80,75,1,79,Ham,Swiss cheese,Mustard,,,,,,Ham,Swiss cheese,Mayonnaise,Mustard,Tomatoes,,,,5,3,5,1000,0,1000,0,1,999,,,,,,,,,,,,,,,
,,,,,,,,,,,,,68206,2020-02-27_16h04.59.205,SandwichStudy,3.2.4,MacIntel,60,"[""l""]",[0.21199989318847656],1,0,80,75,1,79,Ham,Swiss cheese,Mustard,,,,,,Ham,Swiss cheese,Mayonnaise,Mustard,Tomatoes,,,,5,3,5,1000,0,1000,0,1,999,,,,,,,,,,,,,,,
,,,,,,,,,,,,,68206,2020-02-27_16h04.59.205,SandwichStudy,3.2.4,MacIntel,60,"[""l""]",[1.00600004196167],1,0,80,46,1,79,Turkey,Ham,Bacon,Swiss cheese,Lettuce,Tomatoes,Onions,,Chicken,Pickles,Basil,Tomatoes,Cucumbers,,,,7,7,5,1000,0,1000,0,1,999,,,,,,,,,,,,,,,
,,,,,,,,,,,,,68206,2020-02-27_16h04.59.205,SandwichStudy,3.2.4,MacIntel,60,"[""a""]",[0.08899998664855957],1,0,80,47,1,79,Chicken,Cheddar cheese,Mayonnaise,,,,,,Turkey,Cheddar cheese,Coleslaw,Spinach,Mustard,,,,5,3,5,1000,0,1000,0,1,999,,,,,,,,,,,,,,,
,,,,,,,,,,,,,68206,2020-02-27_16h04.59.205,SandwichStudy,3.2.4,MacIntel,60,"[""a""]",[0.25999975204467773],1,0,80,28,1,79,Chicken,Mozzarella cheese,Tomatoes,Pesto,Spinach,,,,Roast beef,Turkey,Pastrami,Mayonnaise,Provolone cheese,,,,5,5,5,1000,0,1000,0,1,999,,,,,,,,,,,,,,,
,,,,,,,,,,,,,68206,2020-02-27_16h04.59.205,SandwichStudy,3.2.4,MacIntel,60,"[""space""]",[1.753999948501587],1,0,80,71,1,79,Bacon,Ham,Turkey,Mayonnaise,Mustard,Cheddar cheese,Tomatoes,Spinach,Bacon,Lettuce,Tomatoes,Garlic aioli,Avocado,,,,8,8,5,1000,0,1000,0,1,999,,,,,,,,,,,,,,,
,,,,,,,,,,,,,68206,2020-02-27_16h04.59.205,SandwichStudy,3.2.4,MacIntel,60,"[""l""]",[1.0959999561309814],1,0,80,71,1,79,Bacon,Ham,Turkey,Mayonnaise,Mustard,Cheddar cheese,Tomatoes,Spinach,Bacon,Lettuce,Tomatoes,Garlic aioli,Avocado,,,,8,8,5,1000,0,1000,0,1,999,,,,,,,,,,,,,,,
,,,,,,,,,,,,,68206,2020-02-27_16h04.59.205,SandwichStudy,3.2.4,MacIntel,60,"[""space""]",[0.3529999256134033],1,0,80,76,1,79,Bacon,Lettuce,Tomatoes,Ranch dressing,,,,,Chicken,Bacon,Mustard,,,,,,4,4,3,1000,0,1000,0,1,999,,,,,,,,,,,,,,,
,,,,,,,,,,,,,68206,2020-02-27_16h04.59.205,SandwichStudy,3.2.4,MacIntel,60,"[""l""]",[0.46900010108947754],1,0,80,76,1,79,Bacon,Lettuce,Tomatoes,Ranch dressing,,,,,Chicken,Bacon,Mustard,,,,,,4,4,3,1000,0,1000,0,1,999,,,,,,,,,,,,,,,
,,,,,,,,,,,,,68206,2020-02-27_16h04.59.205,SandwichStudy,3.2.4,MacIntel,60,"[""l""]",[0.869999885559082],1,0,80,15,1,79,Pork,Cucumbers,Pickles,Jalapenos,Basil,Mayonnaise,,,Roast beef,Pastrami,Swiss cheese,Mustard,,,,,6,6,4,1000,0,1000,0,1,999,,,,,,,,,,,,,,,
,,,,,,,,,,,,,68206,2020-02-27_16h04.59.205,SandwichStudy,3.2.4,MacIntel,60,"[""space""]",[0.2089998722076416],1,0,80,72,1,79,Chicken,Mozzarella cheese,Tomatoes,Onions,Basil,Mayonnaise,,,Chicken,American cheese,Coleslaw,Tomatoes,Pickles,Mayonnaise,,,6,6,6,1000,0,1000,0,1,999,,,,,,,,,,,,,,,
,,,,,,,,,,,,,68206,2020-02-27_16h04.59.205,SandwichStudy,3.2.4,MacIntel,60,"[""l""]",[1.5389997959136963],1,0,80,72,1,79,Chicken,Mozzarella cheese,Tomatoes,Onions,Basil,Mayonnaise,,,Chicken,American cheese,Coleslaw,Tomatoes,Pickles,Mayonnaise,,,6,6,6,1000,0,1000,0,1,999,,,,,,,,,,,,,,,
,,,,,,,,,,,,,68206,2020-02-27_16h04.59.205,SandwichStudy,3.2.4,MacIntel,60,"[""space""]",[0.07200002670288086],1,0,80,53,1,79,Turkey,Avocado,Mayonnaise,,,,,,Ham,Pork,Swiss cheese,Mustard,Pickles,,,,5,3,5,1000,0,1000,0,1,999,,,,,,,,,,,,,,,
,,,,,,,,,,,,,68206,2020-02-27_16h04.59.205,SandwichStudy,3.2.4,MacIntel,60,"[""l""]",[0.5559999942779541],1,0,80,53,1,79,Turkey,Avocado,Mayonnaise,,,,,,Ham,Pork,Swiss cheese,Mustard,Pickles,,,,5,3,5,1000,0,1000,0,1,999,,,,,,,,,,,,,,,
,,,,,,,,,,,,,68206,2020-02-27_16h04.59.205,SandwichStudy,3.2.4,MacIntel,60,"[""a""]",[0.7219998836517334],1,0,80,37,1,79,Turkey,Ham,Cheddar cheese,Mayonnaise,,,,,Chicken,Ham,Swiss cheese,Mayonnaise,Mustard,,,,5,4,5,1000,0,1000,0,1,999,,,,,,,,,,,,,,,
,,,,,,,,,,,,,68206,2020-02-27_16h04.59.205,SandwichStudy,3.2.4,MacIntel,60,"[""space""]",[0.6529998779296875],1,0,80,77,1,79,Chicken,Lettuce,Tomatoes,Mayonnaise,,,,,Pepperoni,Meatballs,Marinara sauce,Provolone cheese,Mushrooms,,,,5,4,5,1000,0,1000,0,1,999,,,,,,,,,,,,,,,
,,,,,,,,,,,,,68206,2020-02-27_16h04.59.205,SandwichStudy,3.2.4,MacIntel,60,"[""l""]",[0.2609999179840088],1,0,80,77,1,79,Chicken,Lettuce,Tomatoes,Mayonnaise,,,,,Pepperoni,Meatballs,Marinara sauce,Provolone cheese,Mushrooms,,,,5,4,5,1000,0,1000,0,1,999,,,,,,,,,,,,,,,
,,,,,,,,,,,,,68206,2020-02-27_16h04.59.205,SandwichStudy,3.2.4,MacIntel,60,"[""space""]",[0.693000078201294],1,0,80,33,1,79,Bacon,Ham,Turkey,Mayonnaise,Mustard,Cheddar cheese,Tomatoes,Spinach,Turkey,Avocado,Bacon,Garlic aioli,Tomatoes,Spinach,Onions,,8,8,7,1000,0,1000,0,1,999,,,,,,,,,,,,,,,
,,,,,,,,,,,,,68206,2020-02-27_16h04.59.205,SandwichStudy,3.2.4,MacIntel,60,"[""a""]",[0.6869997978210449],1,0,80,33,1,79,Bacon,Ham,Turkey,Mayonnaise,Mustard,Cheddar cheese,Tomatoes,Spinach,Turkey,Avocado,Bacon,Garlic aioli,Tomatoes,Spinach,Onions,,8,8,7,1000,0,1000,0,1,999,,,,,,,,,,,,,,,
,,,,,,,,,,,,,68206,2020-02-27_16h04.59.205,SandwichStudy,3.2.4,MacIntel,60,"[""space""]",[0.17799997329711914],1,0,80,44,1,79,Chicken,Gouda cheese,Avocado,Basil,Bell peppers,Mayonnaise,,,Turkey,Gouda cheese,Avocado,Garlic aioli,Jalapenos,Tomatoes,Lettuce,,7,6,7,1000,0,1000,0,1,999,,,,,,,,,,,,,,,
,,,,,,,,,,,,,68206,2020-02-27_16h04.59.205,SandwichStudy,3.2.4,MacIntel,60,"[""a""]",[1.1009998321533203],1,0,80,44,1,79,Chicken,Gouda cheese,Avocado,Basil,Bell peppers,Mayonnaise,,,Turkey,Gouda cheese,Avocado,Garlic aioli,Jalapenos,Tomatoes,Lettuce,,7,6,7,1000,0,1000,0,1,999,,,,,,,,,,,,,,,
,,,,,,,,,,,,,68206,2020-02-27_16h04.59.205,SandwichStudy,3.2.4,MacIntel,60,"[""space""]",[0.04400014877319336],1,0,80,8,1,79,Chicken,Ham,Swiss cheese,Mayonnaise,,,,,Pepperoni,Meatballs,Marinara sauce,Provolone cheese,Mushrooms,,,,5,4,5,1000,0,1000,0,1,999,,,,,,,,,,,,,,,
,,,,,,,,,,,,,68206,2020-02-27_16h04.59.205,SandwichStudy,3.2.4,MacIntel,60,"[""space""]",[1.3940000534057617],1,0,80,8,1,79,Chicken,Ham,Swiss cheese,Mayonnaise,,,,,Pepperoni,Meatballs,Marinara sauce,Provolone cheese,Mushrooms,,,,5,4,5,1000,0,1000,0,1,999,,,,,,,,,,,,,,,
,,,,,,,,,,,,,68206,2020-02-27_16h04.59.205,SandwichStudy,3.2.4,MacIntel,60,"[""l""]",[2.5199999809265137],1,0,80,8,1,79,Chicken,Ham,Swiss cheese,Mayonnaise,,,,,Pepperoni,Meatballs,Marinara sauce,Provolone cheese,Mushrooms,,,,5,4,5,1000,0,1000,0,1,999,,,,,,,,,,,,,,,
,,,,,,,,,,,,,68206,2020-02-27_16h04.59.205,SandwichStudy,3.2.4,MacIntel,60,"[""space""]",[0.5219998359680176],1,0,80,43,1,79,Meatballs,Provolone cheese,Onions,Marinara sauce,,,,,Chicken,Mozzarella cheese,Tomatoes,Pesto,Spinach,,,,5,4,5,1000,0,1000,0,1,999,,,,,,,,,,,,,,,
,,,,,,,,,,,,,68206,2020-02-27_16h04.59.205,SandwichStudy,3.2.4,MacIntel,60,"[""a""]",[1.0940001010894775],1,0,80,43,1,79,Meatballs,Provolone cheese,Onions,Marinara sauce,,,,,Chicken,Mozzarella cheese,Tomatoes,Pesto,Spinach,,,,5,4,5,1000,0,1000,0,1,999,,,,,,,,,,,,,,,
,,,,,,,,,,,,,68206,2020-02-27_16h04.59.205,SandwichStudy,3.2.4,MacIntel,60,"[""space""]",[0.5859997272491455],1,0,80,61,1,79,Pork,Cucumbers,Pickles,Jalapenos,Basil,Mayonnaise,,,Turkey,Cheddar cheese,Bacon,,,,,,6,6,3,1000,0,1000,0,1,999,,,,,,,,,,,,,,,
,,,,,,,,,,,,,68206,2020-02-27_16h04.59.205,SandwichStudy,3.2.4,MacIntel,60,"[""a""]",[0.2089998722076416],1,0,80,61,1,79,Pork,Cucumbers,Pickles,Jalapenos,Basil,Mayonnaise,,,Turkey,Cheddar cheese,Bacon,,,,,,6,6,3,1000,0,1000,0,1,999,,,,,,,,,,,,,,,
,,,,,,,,,,,,,68206,2020-02-27_16h04.59.205,SandwichStudy,3.2.4,MacIntel,60,"[""space""]",[0.051999807357788086],1,0,80,38,1,79,Steak,Turkey,Ham,Cheddar cheese,Olives,Lettuce,Tomatoes,Onions,Chicken,Swiss cheese,Lettuce,Tomatoes,Onions,,,,8,8,5,1000,0,1000,0,1,999,,,,,,,,,,,,,,,
,,,,,,,,,,,,,68206,2020-02-27_16h04.59.205,SandwichStudy,3.2.4,MacIntel,60,"[""l""]",[0.5179998874664307],1,0,80,38,1,79,Steak,Turkey,Ham,Cheddar cheese,Olives,Lettuce,Tomatoes,Onions,Chicken,Swiss cheese,Lettuce,Tomatoes,Onions,,,,8,8,5,1000,0,1000,0,1,999,,,,,,,,,,,,,,,
,,,,,,,,,,,,,68206,2020-02-27_16h04.59.205,SandwichStudy,3.2.4,MacIntel,60,"[""l""]",[0.6019999980926514],1,0,80,62,1,79,Cheddar cheese,Provolone cheese,Swiss cheese,Mushrooms,Mayonnaise,Lettuce,Tomatoes,,Bacon,Turkey,Pepper jack cheese,Mustard,,,,,7,7,4,1000,0,1000,0,1,999,,,,,,,,,,,,,,,
,,,,,,,,,,,,,68206,2020-02-27_16h04.59.205,SandwichStudy,3.2.4,MacIntel,60,"[""space""]",[0.9690001010894775],1,0,80,67,1,79,Avocado,Onions,Cucumbers,,,,,,Meatballs,Provolone cheese,Marinara sauce,Parmesan cheese,,,,,4,3,4,1000,0,1000,0,1,999,,,,,,,,,,,,,,,
,,,,,,,,,,,,,68206,2020-02-27_16h04.59.205,SandwichStudy,3.2.4,MacIntel,60,"[""a""]",[0.4720001220703125],1,0,80,67,1,79,Avocado,Onions,Cucumbers,,,,,,Meatballs,Provolone cheese,Marinara sauce,Parmesan cheese,,,,,4,3,4,1000,0,1000,0,1,999,,,,,,,,,,,,,,,
,,,,,,,,,,,,,68206,2020-02-27_16h04.59.205,SandwichStudy,3.2.4,MacIntel,60,"[""a""]",[0.9399998188018799],1,0,80,3,1,79,Chicken,American cheese,Coleslaw,Tomatoes,Pickles,Mayonnaise,,,Swiss cheese,Provolone cheese,Bell peppers,Tomatoes,Onions,,,,6,6,5,1000,0,1000,0,1,999,,,,,,,,,,,,,,,
,,,,,,,,,,,,,68206,2020-02-27_16h04.59.205,SandwichStudy,3.2.4,MacIntel,60,"[""l""]",[0.18699979782104492],1,0,80,64,1,79,Tuna,Basil,Cheddar cheese,Garlic aioli,Pickles,Onions,Tomatoes,Spinach,Turkey,Ham,Bacon,Provolone cheese,Lettuce,Tomatoes,Ranch dressing,,8,8,7,1000,0,1000,0,1,999,,,,,,,,,,,,,,,
,,,,,,,,,,,,,68206,2020-02-27_16h04.59.205,SandwichStudy,3.2.4,MacIntel,60,"[""space""]",[0.3409998416900635],1,0,80,60,1,79,Chicken,Swiss cheese,Lettuce,Tomatoes,Onions,,,,Chicken,Cheddar cheese,Lettuce,Garlic aioli,Swiss cheese,Tomatoes,,,6,5,6,1000,0,1000,0,1,999,,,,,,,,,,,,,,,
,,,,,,,,,,,,,68206,2020-02-27_16h04.59.205,SandwichStudy,3.2.4,MacIntel,60,"[""a""]",[0.8389997482299805],1,0,80,60,1,79,Chicken,Swiss cheese,Lettuce,Tomatoes,Onions,,,,Chicken,Cheddar cheese,Lettuce,Garlic aioli,Swiss cheese,Tomatoes,,,6,5,6,1000,0,1000,0,1,999,,,,,,,,,,,,,,,
,,,,,,,,,,,,,68206,2020-02-27_16h04.59.205,SandwichStudy,3.2.4,MacIntel,60,"[""space""]",[0.10399985313415527],1,0,80,13,1,79,Chicken,Garlic aioli,Pickles,Cucumbers,Jalapenos,Basil,,,Roast beef,Bacon,Turkey,Mayonnaise,,,,,6,6,4,1000,0,1000,0,1,999,,,,,,,,,,,,,,,
,,,,,,,,,,,,,68206,2020-02-27_16h04.59.205,SandwichStudy,3.2.4,MacIntel,60,"[""a""]",[0.07200002670288086],1,0,80,13,1,79,Chicken,Garlic aioli,Pickles,Cucumbers,Jalapenos,Basil,,,Roast beef,Bacon,Turkey,Mayonnaise,,,,,6,6,4,1000,0,1000,0,1,999,,,,,,,,,,,,,,,
,,,,,,,,,,,,,68206,2020-02-27_16h04.59.205,SandwichStudy,3.2.4,MacIntel,60,"[""l""]",[0.2799999713897705],1,0,80,63,1,79,Onions,Bell peppers,Mushrooms,Jalapenos,American cheese,Steak,,,Turkey,Ham,Roast beef,Provolone cheese,Spinach,Tomatoes,Mayonnaise,Mustard,8,6,8,1000,0,1000,0,1,999,,,,,,,,,,,,,,,
,,,,,,,,,,,,,68206,2020-02-27_16h04.59.205,SandwichStudy,3.2.4,MacIntel,60,"[""l""]",[0.7539999485015869],1,0,80,20,1,79,Pastrami,Swiss cheese,Coleslaw,,,,,,Chicken,Bacon,Feta cheese,Bell peppers,Basil,Garlic aioli,,,6,3,6,1000,0,1000,0,1,999,,,,,,,,,,,,,,,
,,,,,,,,,,,,,68206,2020-02-27_16h04.59.205,SandwichStudy,3.2.4,MacIntel,60,"[""l""]",[0.1809999942779541],1,0,80,55,1,79,Roast beef,Turkey,Pastrami,Mayonnaise,Provolone cheese,,,,Ham,Swiss cheese,Spinach,Mustard,,,,,5,5,4,1000,0,1000,0,1,999,,,,,,,,,,,,,,,
,,,,,,,,,,,,,68206,2020-02-27_16h04.59.205,SandwichStudy,3.2.4,MacIntel,60,"[""a""]",[0.16099977493286133],1,0,80,49,1,79,Spinach,Tomatoes,Cucumbers,Onions,Bell peppers,Avocado,Mayonnaise,,Turkey,Provolone cheese,Spinach,Garlic aioli,,,,,7,7,4,1000,0,1000,0,1,999,,,,,,,,,,,,,,,
,,,,,,,,,,,,,68206,2020-02-27_16h04.59.205,SandwichStudy,3.2.4,MacIntel,60,"[""space""]",[0.5969998836517334],1,0,80,12,1,79,Turkey,Cheddar cheese,Mayonnaise,,,,,,Ham,Pork,Swiss cheese,Mustard,Pickles,,,,5,3,5,1000,0,1000,0,1,999,,,,,,,,,,,,,,,
,,,,,,,,,,,,,68206,2020-02-27_16h04.59.205,SandwichStudy,3.2.4,MacIntel,60,"[""a""]",[0.3380000591278076],1,0,80,12,1,79,Turkey,Cheddar cheese,Mayonnaise,,,,,,Ham,Pork,Swiss cheese,Mustard,Pickles,,,,5,3,5,1000,0,1000,0,1,999,,,,,,,,,,,,,,,
,,,,,,,,,,,,,68206,2020-02-27_16h04.59.205,SandwichStudy,3.2.4,MacIntel,60,"[""space""]",[0.3409998416900635],1,0,80,56,1,79,Turkey,Salami,Cheddar cheese,Mayonnaise,,,,,Turkey,Bacon,Avocado,Provolone cheese,Lettuce,Tomatoes,Onions,Ranch dressing,8,4,8,1000,0,1000,0,1,999,,,,,,,,,,,,,,,
,,,,,,,,,,,,,68206,2020-02-27_16h04.59.205,SandwichStudy,3.2.4,MacIntel,60,"[""space""]",[0.5049998760223389],1,0,80,56,1,79,Turkey,Salami,Cheddar cheese,Mayonnaise,,,,,Turkey,Bacon,Avocado,Provolone cheese,Lettuce,Tomatoes,Onions,Ranch dressing,8,4,8,1000,0,1000,0,1,999,,,,,,,,,,,,,,,
,,,,,,,,,,,,,68206,2020-02-27_16h04.59.205,SandwichStudy,3.2.4,MacIntel,60,"[""a""]",[0.14899992942810059],1,0,80,56,1,79,Turkey,Salami,Cheddar cheese,Mayonnaise,,,,,Turkey,Bacon,Avocado,Provolone cheese,Lettuce,Tomatoes,Onions,Ranch dressing,8,4,8,1000,0,1000,0,1,999,,,,,,,,,,,,,,,
,,,,,,,,,,,,,68206,2020-02-27_16h04.59.205,SandwichStudy,3.2.4,MacIntel,60,"[""space""]",[0.5909998416900635],1,0,80,70,1,79,Pastrami,Swiss cheese,Coleslaw,,,,,,Chicken,Cheddar cheese,Bacon,Avocado,Ranch dressing,,,,5,3,5,1000,0,1000,0,1,999,,,,,,,,,,,,,,,
,,,,,,,,,,,,,68206,2020-02-27_16h04.59.205,SandwichStudy,3.2.4,MacIntel,60,"[""l""]",[3.1369998455047607],1,0,80,70,1,79,Pastrami,Swiss cheese,Coleslaw,,,,,,Chicken,Cheddar cheese,Bacon,Avocado,Ranch dressing,,,,5,3,5,1000,0,1000,0,1,999,,,,,,,,,,,,,,,
,,,,,,,,,,,,,68206,2020-02-27_16h04.59.205,SandwichStudy,3.2.4,MacIntel,60,"[""space""]",[0.4759998321533203],1,0,80,51,1,79,Turkey,Provolone cheese,Pesto,Bell peppers,,,,,Swiss cheese,Provolone cheese,Bell peppers,Tomatoes,Onions,,,,5,4,5,1000,0,1000,0,1,999,,,,,,,,,,,,,,,
,,,,,,,,,,,,,68206,2020-02-27_16h04.59.205,SandwichStudy,3.2.4,MacIntel,60,"[""l""]",[1.7699999809265137],1,0,80,51,1,79,Turkey,Provolone cheese,Pesto,Bell peppers,,,,,Swiss cheese,Provolone cheese,Bell peppers,Tomatoes,Onions,,,,5,4,5,1000,0,1000,0,1,999,,,,,,,,,,,,,,,
,,,,,,,,,,,,,68206,2020-02-27_16h04.59.205,SandwichStudy,3.2.4,MacIntel,60,"[""space""]",[0.05299997329711914],1,0,80,2,1,79,Turkey,Provolone cheese,Spinach,Garlic aioli,,,,,Chicken,Pickles,Basil,Tomatoes,Cucumbers,,,,5,4,5,1000,0,1000,0,1,999,,,,,,,,,,,,,,,
,,,,,,,,,,,,,68206,2020-02-27_16h04.59.205,SandwichStudy,3.2.4,MacIntel,60,"[""l""]",[0.6939997673034668],1,0,80,2,1,79,Turkey,Provolone cheese,Spinach,Garlic aioli,,,,,Chicken,Pickles,Basil,Tomatoes,Cucumbers,,,,5,4,5,1000,0,1000,0,1,999,,,,,,,,,,,,,,,
,,,,,,,,,,,,,68206,2020-02-27_16h04.59.205,SandwichStudy,3.2.4,MacIntel,60,"[""space""]",[0.19499993324279785],1,0,80,14,1,79,Steak,Bacon,American cheese,Tomatoes,Onions,Pickles,,,Bell peppers,Provolone cheese,Cucumbers,Spinach,Tomatoes,Onions,Hummus,,7,6,7,1000,0,1000,0,1,999,,,,,,,,,,,,,,,
,,,,,,,,,,,,,68206,2020-02-27_16h04.59.205,SandwichStudy,3.2.4,MacIntel,60,"[""l""]",[0.43899989128112793],1,0,80,14,1,79,Steak,Bacon,American cheese,Tomatoes,Onions,Pickles,,,Bell peppers,Provolone cheese,Cucumbers,Spinach,Tomatoes,Onions,Hummus,,7,6,7,1000,0,1000,0,1,999,,,,,,,,,,,,,,,
,,,,,,,,,,,,,68206,2020-02-27_16h04.59.205,SandwichStudy,3.2.4,MacIntel,60,"[""space""]",[0.11899995803833008],1,0,80,11,1,79,Pork,Ham,Swiss cheese,Pickles,Mustard,,,,Chicken,Bacon,Mustard,,,,,,5,5,3,1000,0,1000,0,1,999,,,,,,,,,,,,,,,
,,,,,,,,,,,,,68206,2020-02-27_16h04.59.205,SandwichStudy,3.2.4,MacIntel,60,"[""a""]",[0.7519998550415039],1,0,80,11,1,79,Pork,Ham,Swiss cheese,Pickles,Mustard,,,,Chicken,Bacon,Mustard,,,,,,5,5,3,1000,0,1000,0,1,999,,,,,,,,,,,,,,,
,,,,,,,,,,,,,68206,2020-02-27_16h04.59.205,SandwichStudy,3.2.4,MacIntel,60,"[""a""]",[0.5460000038146973],1,0,80,17,1,79,Salami,Roast beef,Turkey,Ham,Swiss cheese,Lettuce,Tomatoes,Mayonnaise,Chicken,Gouda cheese,Avocado,Basil,Bell peppers,Mayonnaise,,,8,8,6,1000,0,1000,0,1,999,,,,,,,,,,,,,,,
,,,,,,,,,,,,,68206,2020-02-27_16h04.59.205,SandwichStudy,3.2.4,MacIntel,60,"[""a""]",[0.252000093460083],1,0,80,66,1,79,Bacon,Spinach,Tomatoes,Avocado,Mayonnaise,,,,Provolone cheese,Swiss cheese,Cheddar cheese,Parmesan cheese,Tomatoes,,,,5,5,5,1000,0,1000,0,1,999,,,,,,,,,,,,,,,
,,,,,,,,,,,,,68206,2020-02-27_16h04.59.205,SandwichStudy,3.2.4,MacIntel,60,"[""l""]",[1.5090000629425049],1,0,80,22,1,79,Bacon,Lettuce,Tomatoes,Garlic aioli,Avocado,,,,Ham,Swiss cheese,Spinach,Mustard,,,,,5,5,4,1000,0,1000,0,1,999,,,,,,,,,,,,,,,
,,,,,,,,,,,,,68206,2020-02-27_16h04.59.205,SandwichStudy,3.2.4,MacIntel,60,"[""a""]",[0.25],1,0,80,10,1,79,Turkey,Cheddar cheese,Coleslaw,Spinach,Mustard,,,,Salami,Provolone cheese,Lettuce,Tomatoes,Mayonnaise,Mustard,,,6,5,6,1000,0,1000,0,1,999,,,,,,,,,,,,,,,
,,,,,,,,,,,,,68206,2020-02-27_16h04.59.205,SandwichStudy,3.2.4,MacIntel,60,"[""space""]",[0.2239999771118164],1,0,80,18,1,79,Turkey,Bacon,Pepper jack cheese,Avocado,Ranch dressing,Spinach,Tomatoes,,Chicken,Bacon,Cheddar cheese,Swiss cheese,Spinach,Tomatoes,Mayonnaise,Mustard,8,7,8,1000,0,1000,0,1,999,,,,,,,,,,,,,,,
,,,,,,,,,,,,,68206,2020-02-27_16h04.59.205,SandwichStudy,3.2.4,MacIntel,60,"[""a""]",[0.7039999961853027],1,0,80,18,1,79,Turkey,Bacon,Pepper jack cheese,Avocado,Ranch dressing,Spinach,Tomatoes,,Chicken,Bacon,Cheddar cheese,Swiss cheese,Spinach,Tomatoes,Mayonnaise,Mustard,8,7,8,1000,0,1000,0,1,999,,,,,,,,,,,,,,,
,,,,,,,,,,,,,68206,2020-02-27_16h04.59.205,SandwichStudy,3.2.4,MacIntel,60,"[""space""]",[0.6869997978210449],1,0,80,59,1,79,Chicken,Ham,Cheddar cheese,Mayonnaise,,,,,Turkey,Garlic aioli,Bacon,Spinach,,,,,4,4,4,1000,0,1000,0,1,999,,,,,,,,,,,,,,,
,,,,,,,,,,,,,68206,2020-02-27_16h04.59.205,SandwichStudy,3.2.4,MacIntel,60,"[""a""]",[0.1119999885559082],1,0,80,59,1,79,Chicken,Ham,Cheddar cheese,Mayonnaise,,,,,Turkey,Garlic aioli,Bacon,Spinach,,,,,4,4,4,1000,0,1000,0,1,999,,,,,,,,,,,,,,,
,,,,,,,,,,,,,68206,2020-02-27_16h04.59.205,SandwichStudy,3.2.4,MacIntel,60,"[""a""]",[0.3429999351501465],1,0,80,32,1,79,Turkey,Ham,Bacon,Provolone cheese,Lettuce,Tomatoes,Ranch dressing,,Chicken,Cheddar cheese,Bacon,Avocado,Ranch dressing,,,,7,7,5,1000,0,1000,0,1,999,,,,,,,,,,,,,,,
,,,,,,,,,,,,,68206,2020-02-27_16h04.59.205,SandwichStudy,3.2.4,MacIntel,60,"[""space""]",[0.10500001907348633],1,0,80,23,1,79,Meatballs,Provolone cheese,Marinara sauce,Parmesan cheese,,,,,Turkey,Cheddar cheese,Bacon,,,,,,4,4,3,1000,0,1000,0,1,999,,,,,,,,,,,,,,,
,,,,,,,,,,,,,68206,2020-02-27_16h04.59.205,SandwichStudy,3.2.4,MacIntel,60,"[""a""]",[0.26799988746643066],1,0,80,23,1,79,Meatballs,Provolone cheese,Marinara sauce,Parmesan cheese,,,,,Turkey,Cheddar cheese,Bacon,,,,,,4,4,3,1000,0,1000,0,1,999,,,,,,,,,,,,,,,
,,,,,,,,,,,,,68206,2020-02-27_16h04.59.205,SandwichStudy,3.2.4,MacIntel,60,"[""space""]",[0.7109999656677246],1,0,80,30,1,79,Turkey,Ham,Roast beef,Provolone cheese,Spinach,Tomatoes,Mayonnaise,Mustard,Ham,Swiss cheese,Mayonnaise,Mustard,Tomatoes,,,,8,8,5,1000,0,1000,0,1,999,,,,,,,,,,,,,,,
,,,,,,,,,,,,,68206,2020-02-27_16h04.59.205,SandwichStudy,3.2.4,MacIntel,60,"[""a""]",[0.35199999809265137],1,0,80,30,1,79,Turkey,Ham,Roast beef,Provolone cheese,Spinach,Tomatoes,Mayonnaise,Mustard,Ham,Swiss cheese,Mayonnaise,Mustard,Tomatoes,,,,8,8,5,1000,0,1000,0,1,999,,,,,,,,,,,,,,,
,,,,,,,,,,,,,68206,2020-02-27_16h04.59.205,SandwichStudy,3.2.4,MacIntel,60,"[""space""]",[0.6359999179840088],1,0,80,7,1,79,Mozzarella cheese,Bell peppers,Pesto,Spinach,,,,,Ham,Lettuce,Tomatoes,Mayonnaise,Mustard,,,,5,4,5,1000,0,1000,0,1,999,,,,,,,,,,,,,,,
,,,,,,,,,,,,,68206,2020-02-27_16h04.59.205,SandwichStudy,3.2.4,MacIntel,60,"[""l""]",[0.5949997901916504],1,0,80,7,1,79,Mozzarella cheese,Bell peppers,Pesto,Spinach,,,,,Ham,Lettuce,Tomatoes,Mayonnaise,Mustard,,,,5,4,5,1000,0,1000,0,1,999,,,,,,,,,,,,,,,
,,,,,,,,,,,,,68206,2020-02-27_16h04.59.205,SandwichStudy,3.2.4,MacIntel,60,,,,,,,,,,,,,,,,,,,,,,,,,,,,,,,,,,space,9.064999819,,,space,5.375999928,1,0,10,1,1,9,Mayonnaise,,
,,,,,,,,,,,,,68206,2020-02-27_16h04.59.205,SandwichStudy,3.2.4,MacIntel,60,,,,,,,,,,,,,,,,,,,,,,,,,,,,,,,,,,,,,,space,4.397000074,1,0,10,3,1,9,Bacon,,
,,,,,,,,,,,,,68206,2020-02-27_16h04.59.205,SandwichStudy,3.2.4,MacIntel,60,,,,,,,,,,,,,,,,,,,,,,,,,,,,,,,,,,,,,,space,2.280999899,1,0,10,7,1,9,Lettuce,,
,,,,,,,,,,,,,68206,2020-02-27_16h04.59.205,SandwichStudy,3.2.4,MacIntel,60,,,,,,,,,,,,,,,,,,,,,,,,,,,,,,,,,,,,,,space,2.384000063,1,0,10,2,1,9,Turkey,,
,,,,,,,,,,,,,68206,2020-02-27_16h04.59.205,SandwichStudy,3.2.4,MacIntel,60,,,,,,,,,,,,,,,,,,,,,,,,,,,,,,,,,,,,,,space,1.850999832,1,0,10,0,1,9,Tomatoes,,
,,,,,,,,,,,,,68206,2020-02-27_16h04.59.205,SandwichStudy,3.2.4,MacIntel,60,,,,,,,,,,,,,,,,,,,,,,,,,,,,,,,,,,,,,,space,2.414000034,1,0,10,6,1,9,Swiss cheese,,
,,,,,,,,,,,,,68206,2020-02-27_16h04.59.205,SandwichStudy,3.2.4,MacIntel,60,,,,,,,,,,,,,,,,,,,,,,,,,,,,,,,,,,,,,,space,1.648999929,1,0,10,8,1,9,Provolone cheese,,
,,,,,,,,,,,,,68206,2020-02-27_16h04.59.205,SandwichStudy,3.2.4,MacIntel,60,,,,,,,,,,,,,,,,,,,,,,,,,,,,,,,,,,,,,,space,1.662999868,1,0,10,4,1,9,Chicken,,
,,,,,,,,,,,,,68206,2020-02-27_16h04.59.205,SandwichStudy,3.2.4,MacIntel,60,,,,,,,,,,,,,,,,,,,,,,,,,,,,,,,,,,,,,,space,1.587999821,1,0,10,9,1,9,Spinach,,
,,,,,,,,,,,,,68206,2020-02-27_16h04.59.205,SandwichStudy,3.2.4,MacIntel,60,,,,,,,,,,,,,,,,,,,,,,,,,,,,,,,,,,,,,,space,3.167000055,1,0,10,5,1,9,Cheddar cheese,,
,,,,,,,,,,,,,68206,2020-02-27_16h04.59.205,SandwichStudy,3.2.4,MacIntel,60,,,,,,,,,,,,,,,,,,,,,,,,,,,,,,,,,,,,,,,,,,,,,,,return,7.585999727
