sequence,key_resp_4.keys,key_resp_4.rt,VegResp.keys,VegResp.rt,ConfirmResp.keys,ConfirmResp.rt,VegQuestionLoop.thisRepN,VegQuestionLoop.thisTrialN,VegQuestionLoop.thisN,VegQuestionLoop.thisIndex,VegQuestionLoop.ran,VegQuestionLoop.order,participant,date,expName,psychopyVersion,OS,frameRate,Decision.keys,Decision.rt,trials.thisRepN,trials.thisTrialN,trials.thisN,trials.thisIndex,trials.ran,trials.order,s11,s12,s13,s14,s15,s16,s17,s18,s21,s22,s23,s24,s25,s26,s27,s28,IngsInRow,IngIn1,IngIn2,Iter.thisRepN,Iter.thisTrialN,Iter.thisN,Iter.thisIndex,Iter.ran,Iter.order,key_resp_2.keys,key_resp_2.rt,slider.response,slider.rt,key_resp_3.keys,key_resp_3.rt,RatingLoop.thisRepN,RatingLoop.thisTrialN,RatingLoop.thisN,RatingLoop.thisIndex,RatingLoop.ran,RatingLoop.order,ingredientforslider,key_resp.keys,key_resp.rt
"[0,0,1,0,1,0,0,1,1,0,1,0,0,1,0,0,0,0,1,0,0,0,0,1,1,1,0,1,1,0,0,0,1,1,0,0,1,1,1,1,1,0,1,1,1,1,0,1,1,1,1,0,0,1,0,1,0,0,0,1,0,0,0,1,1,0,0,0,1,0,0,1,1,0,0,1,1,0,0,0]",space,2.255999804,n,8.407999992,p,3.68599987,100,0,100,0,1,99,68662,2020-02-26_15h28.07.588,SandwichStudy,3.2.4,MacIntel,60,,,,,,,,,,,,,,,,,,,,,,,,,,,,,,,,,,,,,,,,,,,,,,,,
,,,,,,,,,,,,,68662,2020-02-26_15h28.07.588,SandwichStudy,3.2.4,MacIntel,60,"[""a""]",[11.717999935150146],1,0,80,36,1,79,Chicken,Bell peppers,Bacon,Provolone cheese,Ranch dressing,Lettuce,Tomatoes,,Pastrami,Cheddar cheese,Mustard,Pickles,,,,,7,7,4,1000,0,1000,0,1,999,,,,,,,,,,,,,,,
,,,,,,,,,,,,,68662,2020-02-26_15h28.07.588,SandwichStudy,3.2.4,MacIntel,60,"[""l""]",[2.7850000858306885],1,0,80,41,1,79,Bacon,Provolone cheese,Mushrooms,Parmesan cheese,,,,,Turkey,Bacon,Jalapenos,Lettuce,Avocado,Garlic aioli,Tomatoes,,7,4,7,1000,0,1000,0,1,999,,,,,,,,,,,,,,,
,,,,,,,,,,,,,68662,2020-02-26_15h28.07.588,SandwichStudy,3.2.4,MacIntel,60,"[""l""]",[4.971999883651733],1,0,80,30,1,79,Turkey,Ham,Roast beef,Provolone cheese,Spinach,Tomatoes,Mayonnaise,Mustard,Ham,Swiss cheese,Mayonnaise,Mustard,Tomatoes,,,,8,8,5,1000,0,1000,0,1,999,,,,,,,,,,,,,,,
,,,,,,,,,,,,,68662,2020-02-26_15h28.07.588,SandwichStudy,3.2.4,MacIntel,60,"[""l""]",[3.049999952316284],1,0,80,54,1,79,Chicken,Bell peppers,Bacon,Provolone cheese,Ranch dressing,Lettuce,Tomatoes,,Turkey,Bacon,Pepper jack cheese,Avocado,Ranch dressing,Spinach,Tomatoes,,7,7,7,1000,0,1000,0,1,999,,,,,,,,,,,,,,,
,,,,,,,,,,,,,68662,2020-02-26_15h28.07.588,SandwichStudy,3.2.4,MacIntel,60,"[""space""]",[3.884000062942505],1,0,80,71,1,79,Bacon,Ham,Turkey,Mayonnaise,Mustard,Cheddar cheese,Tomatoes,Spinach,Bacon,Lettuce,Tomatoes,Garlic aioli,Avocado,,,,8,8,5,1000,0,1000,0,1,999,,,,,,,,,,,,,,,
,,,,,,,,,,,,,68662,2020-02-26_15h28.07.588,SandwichStudy,3.2.4,MacIntel,60,"[""space""]",[9.269000053405762],1,0,80,71,1,79,Bacon,Ham,Turkey,Mayonnaise,Mustard,Cheddar cheese,Tomatoes,Spinach,Bacon,Lettuce,Tomatoes,Garlic aioli,Avocado,,,,8,8,5,1000,0,1000,0,1,999,,,,,,,,,,,,,,,
,,,,,,,,,,,,,68662,2020-02-26_15h28.07.588,SandwichStudy,3.2.4,MacIntel,60,"[""space""]",[3.6679999828338623],1,0,80,71,1,79,Bacon,Ham,Turkey,Mayonnaise,Mustard,Cheddar cheese,Tomatoes,Spinach,Bacon,Lettuce,Tomatoes,Garlic aioli,Avocado,,,,8,8,5,1000,0,1000,0,1,999,,,,,,,,,,,,,,,
,,,,,,,,,,,,,68662,2020-02-26_15h28.07.588,SandwichStudy,3.2.4,MacIntel,60,"[""space""]",[1.6749999523162842],1,0,80,71,1,79,Bacon,Ham,Turkey,Mayonnaise,Mustard,Cheddar cheese,Tomatoes,Spinach,Bacon,Lettuce,Tomatoes,Garlic aioli,Avocado,,,,8,8,5,1000,0,1000,0,1,999,,,,,,,,,,,,,,,
,,,,,,,,,,,,,68662,2020-02-26_15h28.07.588,SandwichStudy,3.2.4,MacIntel,60,"[""space""]",[4.503999948501587],1,0,80,71,1,79,Bacon,Ham,Turkey,Mayonnaise,Mustard,Cheddar cheese,Tomatoes,Spinach,Bacon,Lettuce,Tomatoes,Garlic aioli,Avocado,,,,8,8,5,1000,0,1000,0,1,999,,,,,,,,,,,,,,,
,,,,,,,,,,,,,68662,2020-02-26_15h28.07.588,SandwichStudy,3.2.4,MacIntel,60,"[""l""]",[1.9049999713897705],1,0,80,71,1,79,Bacon,Ham,Turkey,Mayonnaise,Mustard,Cheddar cheese,Tomatoes,Spinach,Bacon,Lettuce,Tomatoes,Garlic aioli,Avocado,,,,8,8,5,1000,0,1000,0,1,999,,,,,,,,,,,,,,,
,,,,,,,,,,,,,68662,2020-02-26_15h28.07.588,SandwichStudy,3.2.4,MacIntel,60,"[""space""]",[1.750999927520752],1,0,80,24,1,79,Steak,Onions,Bell peppers,Provolone cheese,,,,,Tuna,Lettuce,Tomatoes,Mayonnaise,,,,,4,4,4,1000,0,1000,0,1,999,,,,,,,,,,,,,,,
,,,,,,,,,,,,,68662,2020-02-26_15h28.07.588,SandwichStudy,3.2.4,MacIntel,60,"[""space""]",[1.9769997596740723],1,0,80,24,1,79,Steak,Onions,Bell peppers,Provolone cheese,,,,,Tuna,Lettuce,Tomatoes,Mayonnaise,,,,,4,4,4,1000,0,1000,0,1,999,,,,,,,,,,,,,,,
,,,,,,,,,,,,,68662,2020-02-26_15h28.07.588,SandwichStudy,3.2.4,MacIntel,60,"[""l""]",[1.1409997940063477],1,0,80,24,1,79,Steak,Onions,Bell peppers,Provolone cheese,,,,,Tuna,Lettuce,Tomatoes,Mayonnaise,,,,,4,4,4,1000,0,1000,0,1,999,,,,,,,,,,,,,,,
,,,,,,,,,,,,,68662,2020-02-26_15h28.07.588,SandwichStudy,3.2.4,MacIntel,60,"[""space""]",[1.55299973487854],1,0,80,5,1,79,Chicken,Cheddar cheese,Mayonnaise,,,,,,Turkey,Provolone cheese,Pesto,Bell peppers,,,,,4,3,4,1000,0,1000,0,1,999,,,,,,,,,,,,,,,
,,,,,,,,,,,,,68662,2020-02-26_15h28.07.588,SandwichStudy,3.2.4,MacIntel,60,"[""l""]",[2.9079999923706055],1,0,80,5,1,79,Chicken,Cheddar cheese,Mayonnaise,,,,,,Turkey,Provolone cheese,Pesto,Bell peppers,,,,,4,3,4,1000,0,1000,0,1,999,,,,,,,,,,,,,,,
,,,,,,,,,,,,,68662,2020-02-26_15h28.07.588,SandwichStudy,3.2.4,MacIntel,60,"[""space""]",[0.0029997825622558594],1,0,80,47,1,79,Chicken,Cheddar cheese,Mayonnaise,,,,,,Turkey,Cheddar cheese,Coleslaw,Spinach,Mustard,,,,5,3,5,1000,0,1000,0,1,999,,,,,,,,,,,,,,,
,,,,,,,,,,,,,68662,2020-02-26_15h28.07.588,SandwichStudy,3.2.4,MacIntel,60,"[""space""]",[0.6970000267028809],1,0,80,47,1,79,Chicken,Cheddar cheese,Mayonnaise,,,,,,Turkey,Cheddar cheese,Coleslaw,Spinach,Mustard,,,,5,3,5,1000,0,1000,0,1,999,,,,,,,,,,,,,,,
,,,,,,,,,,,,,68662,2020-02-26_15h28.07.588,SandwichStudy,3.2.4,MacIntel,60,"[""space""]",[1.6589999198913574],1,0,80,47,1,79,Chicken,Cheddar cheese,Mayonnaise,,,,,,Turkey,Cheddar cheese,Coleslaw,Spinach,Mustard,,,,5,3,5,1000,0,1000,0,1,999,,,,,,,,,,,,,,,
,,,,,,,,,,,,,68662,2020-02-26_15h28.07.588,SandwichStudy,3.2.4,MacIntel,60,"[""l""]",[1.1370000839233398],1,0,80,47,1,79,Chicken,Cheddar cheese,Mayonnaise,,,,,,Turkey,Cheddar cheese,Coleslaw,Spinach,Mustard,,,,5,3,5,1000,0,1000,0,1,999,,,,,,,,,,,,,,,
,,,,,,,,,,,,,68662,2020-02-26_15h28.07.588,SandwichStudy,3.2.4,MacIntel,60,"[""space""]",[2.3519999980926514],1,0,80,0,1,79,Onions,Bell peppers,Mushrooms,Jalapenos,American cheese,Steak,,,Bacon,Provolone cheese,Mushrooms,Parmesan cheese,,,,,6,6,4,1000,0,1000,0,1,999,,,,,,,,,,,,,,,
,,,,,,,,,,,,,68662,2020-02-26_15h28.07.588,SandwichStudy,3.2.4,MacIntel,60,"[""a""]",[2.5869998931884766],1,0,80,0,1,79,Onions,Bell peppers,Mushrooms,Jalapenos,American cheese,Steak,,,Bacon,Provolone cheese,Mushrooms,Parmesan cheese,,,,,6,6,4,1000,0,1000,0,1,999,,,,,,,,,,,,,,,
,,,,,,,,,,,,,68662,2020-02-26_15h28.07.588,SandwichStudy,3.2.4,MacIntel,60,"[""space""]",[1.0839998722076416],1,0,80,34,1,79,Avocado,Onions,Cucumbers,,,,,,Tuna,Basil,Cheddar cheese,Garlic aioli,Pickles,Onions,Tomatoes,Spinach,8,3,8,1000,0,1000,0,1,999,,,,,,,,,,,,,,,
,,,,,,,,,,,,,68662,2020-02-26_15h28.07.588,SandwichStudy,3.2.4,MacIntel,60,"[""l""]",[6.384999990463257],1,0,80,34,1,79,Avocado,Onions,Cucumbers,,,,,,Tuna,Basil,Cheddar cheese,Garlic aioli,Pickles,Onions,Tomatoes,Spinach,8,3,8,1000,0,1000,0,1,999,,,,,,,,,,,,,,,
,,,,,,,,,,,,,68662,2020-02-26_15h28.07.588,SandwichStudy,3.2.4,MacIntel,60,"[""space""]",[0.5390000343322754],1,0,80,62,1,79,Cheddar cheese,Provolone cheese,Swiss cheese,Mushrooms,Mayonnaise,Lettuce,Tomatoes,,Bacon,Turkey,Pepper jack cheese,Mustard,,,,,7,7,4,1000,0,1000,0,1,999,,,,,,,,,,,,,,,
,,,,,,,,,,,,,68662,2020-02-26_15h28.07.588,SandwichStudy,3.2.4,MacIntel,60,"[""space""]",[0.3900001049041748],1,0,80,62,1,79,Cheddar cheese,Provolone cheese,Swiss cheese,Mushrooms,Mayonnaise,Lettuce,Tomatoes,,Bacon,Turkey,Pepper jack cheese,Mustard,,,,,7,7,4,1000,0,1000,0,1,999,,,,,,,,,,,,,,,
,,,,,,,,,,,,,68662,2020-02-26_15h28.07.588,SandwichStudy,3.2.4,MacIntel,60,"[""space""]",[1.5380001068115234],1,0,80,62,1,79,Cheddar cheese,Provolone cheese,Swiss cheese,Mushrooms,Mayonnaise,Lettuce,Tomatoes,,Bacon,Turkey,Pepper jack cheese,Mustard,,,,,7,7,4,1000,0,1000,0,1,999,,,,,,,,,,,,,,,
,,,,,,,,,,,,,68662,2020-02-26_15h28.07.588,SandwichStudy,3.2.4,MacIntel,60,"[""a""]",[0.6409997940063477],1,0,80,62,1,79,Cheddar cheese,Provolone cheese,Swiss cheese,Mushrooms,Mayonnaise,Lettuce,Tomatoes,,Bacon,Turkey,Pepper jack cheese,Mustard,,,,,7,7,4,1000,0,1000,0,1,999,,,,,,,,,,,,,,,
,,,,,,,,,,,,,68662,2020-02-26_15h28.07.588,SandwichStudy,3.2.4,MacIntel,60,"[""space""]",[4.062999725341797],1,0,80,50,1,79,Mozzarella cheese,Bell peppers,Pesto,Spinach,,,,,Chicken,Ham,Swiss cheese,Mayonnaise,,,,,4,4,4,1000,0,1000,0,1,999,,,,,,,,,,,,,,,
,,,,,,,,,,,,,68662,2020-02-26_15h28.07.588,SandwichStudy,3.2.4,MacIntel,60,"[""space""]",[1.7829999923706055],1,0,80,50,1,79,Mozzarella cheese,Bell peppers,Pesto,Spinach,,,,,Chicken,Ham,Swiss cheese,Mayonnaise,,,,,4,4,4,1000,0,1000,0,1,999,,,,,,,,,,,,,,,
,,,,,,,,,,,,,68662,2020-02-26_15h28.07.588,SandwichStudy,3.2.4,MacIntel,60,"[""a""]",[1.7019999027252197],1,0,80,50,1,79,Mozzarella cheese,Bell peppers,Pesto,Spinach,,,,,Chicken,Ham,Swiss cheese,Mayonnaise,,,,,4,4,4,1000,0,1000,0,1,999,,,,,,,,,,,,,,,
,,,,,,,,,,,,,68662,2020-02-26_15h28.07.588,SandwichStudy,3.2.4,MacIntel,60,"[""space""]",[0.6860001087188721],1,0,80,20,1,79,Pastrami,Swiss cheese,Coleslaw,,,,,,Chicken,Bacon,Feta cheese,Bell peppers,Basil,Garlic aioli,,,6,3,6,1000,0,1000,0,1,999,,,,,,,,,,,,,,,
,,,,,,,,,,,,,68662,2020-02-26_15h28.07.588,SandwichStudy,3.2.4,MacIntel,60,"[""space""]",[1.7029998302459717],1,0,80,20,1,79,Pastrami,Swiss cheese,Coleslaw,,,,,,Chicken,Bacon,Feta cheese,Bell peppers,Basil,Garlic aioli,,,6,3,6,1000,0,1000,0,1,999,,,,,,,,,,,,,,,
,,,,,,,,,,,,,68662,2020-02-26_15h28.07.588,SandwichStudy,3.2.4,MacIntel,60,"[""space""]",[1.7969999313354492],1,0,80,20,1,79,Pastrami,Swiss cheese,Coleslaw,,,,,,Chicken,Bacon,Feta cheese,Bell peppers,Basil,Garlic aioli,,,6,3,6,1000,0,1000,0,1,999,,,,,,,,,,,,,,,
,,,,,,,,,,,,,68662,2020-02-26_15h28.07.588,SandwichStudy,3.2.4,MacIntel,60,"[""l""]",[3.506999969482422],1,0,80,20,1,79,Pastrami,Swiss cheese,Coleslaw,,,,,,Chicken,Bacon,Feta cheese,Bell peppers,Basil,Garlic aioli,,,6,3,6,1000,0,1000,0,1,999,,,,,,,,,,,,,,,
,,,,,,,,,,,,,68662,2020-02-26_15h28.07.588,SandwichStudy,3.2.4,MacIntel,60,"[""space""]",[0.06800007820129395],1,0,80,70,1,79,Pastrami,Swiss cheese,Coleslaw,,,,,,Chicken,Cheddar cheese,Bacon,Avocado,Ranch dressing,,,,5,3,5,1000,0,1000,0,1,999,,,,,,,,,,,,,,,
,,,,,,,,,,,,,68662,2020-02-26_15h28.07.588,SandwichStudy,3.2.4,MacIntel,60,"[""space""]",[1.0179998874664307],1,0,80,70,1,79,Pastrami,Swiss cheese,Coleslaw,,,,,,Chicken,Cheddar cheese,Bacon,Avocado,Ranch dressing,,,,5,3,5,1000,0,1000,0,1,999,,,,,,,,,,,,,,,
,,,,,,,,,,,,,68662,2020-02-26_15h28.07.588,SandwichStudy,3.2.4,MacIntel,60,"[""a""]",[1.3519999980926514],1,0,80,70,1,79,Pastrami,Swiss cheese,Coleslaw,,,,,,Chicken,Cheddar cheese,Bacon,Avocado,Ranch dressing,,,,5,3,5,1000,0,1000,0,1,999,,,,,,,,,,,,,,,
,,,,,,,,,,,,,68662,2020-02-26_15h28.07.588,SandwichStudy,3.2.4,MacIntel,60,"[""space""]",[1.0679998397827148],1,0,80,39,1,79,Chicken,Provolone cheese,Pesto,,,,,,Turkey,Bacon,Jalapenos,Lettuce,Avocado,Garlic aioli,Tomatoes,,7,3,7,1000,0,1000,0,1,999,,,,,,,,,,,,,,,
,,,,,,,,,,,,,68662,2020-02-26_15h28.07.588,SandwichStudy,3.2.4,MacIntel,60,"[""space""]",[0.25299978256225586],1,0,80,39,1,79,Chicken,Provolone cheese,Pesto,,,,,,Turkey,Bacon,Jalapenos,Lettuce,Avocado,Garlic aioli,Tomatoes,,7,3,7,1000,0,1000,0,1,999,,,,,,,,,,,,,,,
,,,,,,,,,,,,,68662,2020-02-26_15h28.07.588,SandwichStudy,3.2.4,MacIntel,60,"[""space""]",[0.23399996757507324],1,0,80,39,1,79,Chicken,Provolone cheese,Pesto,,,,,,Turkey,Bacon,Jalapenos,Lettuce,Avocado,Garlic aioli,Tomatoes,,7,3,7,1000,0,1000,0,1,999,,,,,,,,,,,,,,,
,,,,,,,,,,,,,68662,2020-02-26_15h28.07.588,SandwichStudy,3.2.4,MacIntel,60,"[""space""]",[0.6679999828338623],1,0,80,39,1,79,Chicken,Provolone cheese,Pesto,,,,,,Turkey,Bacon,Jalapenos,Lettuce,Avocado,Garlic aioli,Tomatoes,,7,3,7,1000,0,1000,0,1,999,,,,,,,,,,,,,,,
,,,,,,,,,,,,,68662,2020-02-26_15h28.07.588,SandwichStudy,3.2.4,MacIntel,60,"[""l""]",[0.35199999809265137],1,0,80,39,1,79,Chicken,Provolone cheese,Pesto,,,,,,Turkey,Bacon,Jalapenos,Lettuce,Avocado,Garlic aioli,Tomatoes,,7,3,7,1000,0,1000,0,1,999,,,,,,,,,,,,,,,
,,,,,,,,,,,,,68662,2020-02-26_15h28.07.588,SandwichStudy,3.2.4,MacIntel,60,"[""a""]",[3.884000062942505],1,0,80,43,1,79,Meatballs,Provolone cheese,Onions,Marinara sauce,,,,,Chicken,Mozzarella cheese,Tomatoes,Pesto,Spinach,,,,5,4,5,1000,0,1000,0,1,999,,,,,,,,,,,,,,,
,,,,,,,,,,,,,68662,2020-02-26_15h28.07.588,SandwichStudy,3.2.4,MacIntel,60,"[""space""]",[0.2539999485015869],1,0,80,64,1,79,Tuna,Basil,Cheddar cheese,Garlic aioli,Pickles,Onions,Tomatoes,Spinach,Turkey,Ham,Bacon,Provolone cheese,Lettuce,Tomatoes,Ranch dressing,,8,8,7,1000,0,1000,0,1,999,,,,,,,,,,,,,,,
,,,,,,,,,,,,,68662,2020-02-26_15h28.07.588,SandwichStudy,3.2.4,MacIntel,60,"[""space""]",[0.21399998664855957],1,0,80,64,1,79,Tuna,Basil,Cheddar cheese,Garlic aioli,Pickles,Onions,Tomatoes,Spinach,Turkey,Ham,Bacon,Provolone cheese,Lettuce,Tomatoes,Ranch dressing,,8,8,7,1000,0,1000,0,1,999,,,,,,,,,,,,,,,
,,,,,,,,,,,,,68662,2020-02-26_15h28.07.588,SandwichStudy,3.2.4,MacIntel,60,"[""l""]",[0.38499999046325684],1,0,80,64,1,79,Tuna,Basil,Cheddar cheese,Garlic aioli,Pickles,Onions,Tomatoes,Spinach,Turkey,Ham,Bacon,Provolone cheese,Lettuce,Tomatoes,Ranch dressing,,8,8,7,1000,0,1000,0,1,999,,,,,,,,,,,,,,,
,,,,,,,,,,,,,68662,2020-02-26_15h28.07.588,SandwichStudy,3.2.4,MacIntel,60,"[""space""]",[0.23799991607666016],1,0,80,10,1,79,Turkey,Cheddar cheese,Coleslaw,Spinach,Mustard,,,,Salami,Provolone cheese,Lettuce,Tomatoes,Mayonnaise,Mustard,,,6,5,6,1000,0,1000,0,1,999,,,,,,,,,,,,,,,
,,,,,,,,,,,,,68662,2020-02-26_15h28.07.588,SandwichStudy,3.2.4,MacIntel,60,"[""space""]",[0.6909999847412109],1,0,80,10,1,79,Turkey,Cheddar cheese,Coleslaw,Spinach,Mustard,,,,Salami,Provolone cheese,Lettuce,Tomatoes,Mayonnaise,Mustard,,,6,5,6,1000,0,1000,0,1,999,,,,,,,,,,,,,,,
,,,,,,,,,,,,,68662,2020-02-26_15h28.07.588,SandwichStudy,3.2.4,MacIntel,60,"[""space""]",[0.33500003814697266],1,0,80,10,1,79,Turkey,Cheddar cheese,Coleslaw,Spinach,Mustard,,,,Salami,Provolone cheese,Lettuce,Tomatoes,Mayonnaise,Mustard,,,6,5,6,1000,0,1000,0,1,999,,,,,,,,,,,,,,,
,,,,,,,,,,,,,68662,2020-02-26_15h28.07.588,SandwichStudy,3.2.4,MacIntel,60,"[""l""]",[0.8849999904632568],1,0,80,10,1,79,Turkey,Cheddar cheese,Coleslaw,Spinach,Mustard,,,,Salami,Provolone cheese,Lettuce,Tomatoes,Mayonnaise,Mustard,,,6,5,6,1000,0,1000,0,1,999,,,,,,,,,,,,,,,
,,,,,,,,,,,,,68662,2020-02-26_15h28.07.588,SandwichStudy,3.2.4,MacIntel,60,"[""space""]",[0.5349998474121094],1,0,80,14,1,79,Steak,Bacon,American cheese,Tomatoes,Onions,Pickles,,,Bell peppers,Provolone cheese,Cucumbers,Spinach,Tomatoes,Onions,Hummus,,7,6,7,1000,0,1000,0,1,999,,,,,,,,,,,,,,,
,,,,,,,,,,,,,68662,2020-02-26_15h28.07.588,SandwichStudy,3.2.4,MacIntel,60,"[""space""]",[0.019999980926513672],1,0,80,14,1,79,Steak,Bacon,American cheese,Tomatoes,Onions,Pickles,,,Bell peppers,Provolone cheese,Cucumbers,Spinach,Tomatoes,Onions,Hummus,,7,6,7,1000,0,1000,0,1,999,,,,,,,,,,,,,,,
,,,,,,,,,,,,,68662,2020-02-26_15h28.07.588,SandwichStudy,3.2.4,MacIntel,60,"[""l""]",[0.19699978828430176],1,0,80,14,1,79,Steak,Bacon,American cheese,Tomatoes,Onions,Pickles,,,Bell peppers,Provolone cheese,Cucumbers,Spinach,Tomatoes,Onions,Hummus,,7,6,7,1000,0,1000,0,1,999,,,,,,,,,,,,,,,
,,,,,,,,,,,,,68662,2020-02-26_15h28.07.588,SandwichStudy,3.2.4,MacIntel,60,"[""space""]",[0.4239997863769531],1,0,80,48,1,79,Chicken,Provolone cheese,Pesto,,,,,,Ham,Lettuce,Tomatoes,Mayonnaise,Mustard,,,,5,3,5,1000,0,1000,0,1,999,,,,,,,,,,,,,,,
,,,,,,,,,,,,,68662,2020-02-26_15h28.07.588,SandwichStudy,3.2.4,MacIntel,60,"[""space""]",[1.2749998569488525],1,0,80,48,1,79,Chicken,Provolone cheese,Pesto,,,,,,Ham,Lettuce,Tomatoes,Mayonnaise,Mustard,,,,5,3,5,1000,0,1000,0,1,999,,,,,,,,,,,,,,,
,,,,,,,,,,,,,68662,2020-02-26_15h28.07.588,SandwichStudy,3.2.4,MacIntel,60,"[""space""]",[1.001999855041504],1,0,80,48,1,79,Chicken,Provolone cheese,Pesto,,,,,,Ham,Lettuce,Tomatoes,Mayonnaise,Mustard,,,,5,3,5,1000,0,1000,0,1,999,,,,,,,,,,,,,,,
,,,,,,,,,,,,,68662,2020-02-26_15h28.07.588,SandwichStudy,3.2.4,MacIntel,60,"[""a""]",[0.555999755859375],1,0,80,48,1,79,Chicken,Provolone cheese,Pesto,,,,,,Ham,Lettuce,Tomatoes,Mayonnaise,Mustard,,,,5,3,5,1000,0,1000,0,1,999,,,,,,,,,,,,,,,
,,,,,,,,,,,,,68662,2020-02-26_15h28.07.588,SandwichStudy,3.2.4,MacIntel,60,"[""space""]",[0.5509998798370361],1,0,80,44,1,79,Chicken,Gouda cheese,Avocado,Basil,Bell peppers,Mayonnaise,,,Turkey,Gouda cheese,Avocado,Garlic aioli,Jalapenos,Tomatoes,Lettuce,,7,6,7,1000,0,1000,0,1,999,,,,,,,,,,,,,,,
,,,,,,,,,,,,,68662,2020-02-26_15h28.07.588,SandwichStudy,3.2.4,MacIntel,60,"[""space""]",[0.4869997501373291],1,0,80,44,1,79,Chicken,Gouda cheese,Avocado,Basil,Bell peppers,Mayonnaise,,,Turkey,Gouda cheese,Avocado,Garlic aioli,Jalapenos,Tomatoes,Lettuce,,7,6,7,1000,0,1000,0,1,999,,,,,,,,,,,,,,,
,,,,,,,,,,,,,68662,2020-02-26_15h28.07.588,SandwichStudy,3.2.4,MacIntel,60,"[""space""]",[0.33299994468688965],1,0,80,44,1,79,Chicken,Gouda cheese,Avocado,Basil,Bell peppers,Mayonnaise,,,Turkey,Gouda cheese,Avocado,Garlic aioli,Jalapenos,Tomatoes,Lettuce,,7,6,7,1000,0,1000,0,1,999,,,,,,,,,,,,,,,
,,,,,,,,,,,,,68662,2020-02-26_15h28.07.588,SandwichStudy,3.2.4,MacIntel,60,"[""space""]",[2.818000078201294],1,0,80,44,1,79,Chicken,Gouda cheese,Avocado,Basil,Bell peppers,Mayonnaise,,,Turkey,Gouda cheese,Avocado,Garlic aioli,Jalapenos,Tomatoes,Lettuce,,7,6,7,1000,0,1000,0,1,999,,,,,,,,,,,,,,,
,,,,,,,,,,,,,68662,2020-02-26_15h28.07.588,SandwichStudy,3.2.4,MacIntel,60,"[""l""]",[3.559999942779541],1,0,80,44,1,79,Chicken,Gouda cheese,Avocado,Basil,Bell peppers,Mayonnaise,,,Turkey,Gouda cheese,Avocado,Garlic aioli,Jalapenos,Tomatoes,Lettuce,,7,6,7,1000,0,1000,0,1,999,,,,,,,,,,,,,,,
,,,,,,,,,,,,,68662,2020-02-26_15h28.07.588,SandwichStudy,3.2.4,MacIntel,60,"[""space""]",[0.5420000553131104],1,0,80,45,1,79,Bell peppers,Provolone cheese,Cucumbers,Spinach,Tomatoes,Onions,Hummus,,Roast beef,Bacon,Turkey,Mayonnaise,,,,,7,7,4,1000,0,1000,0,1,999,,,,,,,,,,,,,,,
,,,,,,,,,,,,,68662,2020-02-26_15h28.07.588,SandwichStudy,3.2.4,MacIntel,60,"[""space""]",[1.5839998722076416],1,0,80,45,1,79,Bell peppers,Provolone cheese,Cucumbers,Spinach,Tomatoes,Onions,Hummus,,Roast beef,Bacon,Turkey,Mayonnaise,,,,,7,7,4,1000,0,1000,0,1,999,,,,,,,,,,,,,,,
,,,,,,,,,,,,,68662,2020-02-26_15h28.07.588,SandwichStudy,3.2.4,MacIntel,60,"[""space""]",[0.9069998264312744],1,0,80,45,1,79,Bell peppers,Provolone cheese,Cucumbers,Spinach,Tomatoes,Onions,Hummus,,Roast beef,Bacon,Turkey,Mayonnaise,,,,,7,7,4,1000,0,1000,0,1,999,,,,,,,,,,,,,,,
,,,,,,,,,,,,,68662,2020-02-26_15h28.07.588,SandwichStudy,3.2.4,MacIntel,60,"[""l""]",[2.675999879837036],1,0,80,45,1,79,Bell peppers,Provolone cheese,Cucumbers,Spinach,Tomatoes,Onions,Hummus,,Roast beef,Bacon,Turkey,Mayonnaise,,,,,7,7,4,1000,0,1000,0,1,999,,,,,,,,,,,,,,,
,,,,,,,,,,,,,68662,2020-02-26_15h28.07.588,SandwichStudy,3.2.4,MacIntel,60,"[""space""]",[0.10199999809265137],1,0,80,77,1,79,Chicken,Lettuce,Tomatoes,Mayonnaise,,,,,Pepperoni,Meatballs,Marinara sauce,Provolone cheese,Mushrooms,,,,5,4,5,1000,0,1000,0,1,999,,,,,,,,,,,,,,,
,,,,,,,,,,,,,68662,2020-02-26_15h28.07.588,SandwichStudy,3.2.4,MacIntel,60,"[""a""]",[1.818000078201294],1,0,80,77,1,79,Chicken,Lettuce,Tomatoes,Mayonnaise,,,,,Pepperoni,Meatballs,Marinara sauce,Provolone cheese,Mushrooms,,,,5,4,5,1000,0,1000,0,1,999,,,,,,,,,,,,,,,
,,,,,,,,,,,,,68662,2020-02-26_15h28.07.588,SandwichStudy,3.2.4,MacIntel,60,"[""space""]",[2.509999990463257],1,0,80,51,1,79,Turkey,Provolone cheese,Pesto,Bell peppers,,,,,Swiss cheese,Provolone cheese,Bell peppers,Tomatoes,Onions,,,,5,4,5,1000,0,1000,0,1,999,,,,,,,,,,,,,,,
,,,,,,,,,,,,,68662,2020-02-26_15h28.07.588,SandwichStudy,3.2.4,MacIntel,60,"[""space""]",[0.6709997653961182],1,0,80,51,1,79,Turkey,Provolone cheese,Pesto,Bell peppers,,,,,Swiss cheese,Provolone cheese,Bell peppers,Tomatoes,Onions,,,,5,4,5,1000,0,1000,0,1,999,,,,,,,,,,,,,,,
,,,,,,,,,,,,,68662,2020-02-26_15h28.07.588,SandwichStudy,3.2.4,MacIntel,60,"[""space""]",[0.8459997177124023],1,0,80,51,1,79,Turkey,Provolone cheese,Pesto,Bell peppers,,,,,Swiss cheese,Provolone cheese,Bell peppers,Tomatoes,Onions,,,,5,4,5,1000,0,1000,0,1,999,,,,,,,,,,,,,,,
,,,,,,,,,,,,,68662,2020-02-26_15h28.07.588,SandwichStudy,3.2.4,MacIntel,60,"[""l""]",[2.2019999027252197],1,0,80,51,1,79,Turkey,Provolone cheese,Pesto,Bell peppers,,,,,Swiss cheese,Provolone cheese,Bell peppers,Tomatoes,Onions,,,,5,4,5,1000,0,1000,0,1,999,,,,,,,,,,,,,,,
,,,,,,,,,,,,,68662,2020-02-26_15h28.07.588,SandwichStudy,3.2.4,MacIntel,60,"[""space""]",[0.0009999275207519531],1,0,80,18,1,79,Turkey,Bacon,Pepper jack cheese,Avocado,Ranch dressing,Spinach,Tomatoes,,Chicken,Bacon,Cheddar cheese,Swiss cheese,Spinach,Tomatoes,Mayonnaise,Mustard,8,7,8,1000,0,1000,0,1,999,,,,,,,,,,,,,,,
,,,,,,,,,,,,,68662,2020-02-26_15h28.07.588,SandwichStudy,3.2.4,MacIntel,60,"[""space""]",[0.0019998550415039062],1,0,80,18,1,79,Turkey,Bacon,Pepper jack cheese,Avocado,Ranch dressing,Spinach,Tomatoes,,Chicken,Bacon,Cheddar cheese,Swiss cheese,Spinach,Tomatoes,Mayonnaise,Mustard,8,7,8,1000,0,1000,0,1,999,,,,,,,,,,,,,,,
,,,,,,,,,,,,,68662,2020-02-26_15h28.07.588,SandwichStudy,3.2.4,MacIntel,60,"[""space""]",[1.4030001163482666],1,0,80,18,1,79,Turkey,Bacon,Pepper jack cheese,Avocado,Ranch dressing,Spinach,Tomatoes,,Chicken,Bacon,Cheddar cheese,Swiss cheese,Spinach,Tomatoes,Mayonnaise,Mustard,8,7,8,1000,0,1000,0,1,999,,,,,,,,,,,,,,,
,,,,,,,,,,,,,68662,2020-02-26_15h28.07.588,SandwichStudy,3.2.4,MacIntel,60,"[""l""]",[1.6519999504089355],1,0,80,18,1,79,Turkey,Bacon,Pepper jack cheese,Avocado,Ranch dressing,Spinach,Tomatoes,,Chicken,Bacon,Cheddar cheese,Swiss cheese,Spinach,Tomatoes,Mayonnaise,Mustard,8,7,8,1000,0,1000,0,1,999,,,,,,,,,,,,,,,
,,,,,,,,,,,,,68662,2020-02-26_15h28.07.588,SandwichStudy,3.2.4,MacIntel,60,"[""a""]",[3.822999954223633],1,0,80,25,1,79,Meatballs,Provolone cheese,Onions,Marinara sauce,,,,,Chicken,Pepper jack cheese,Ranch dressing,,,,,,4,4,3,1000,0,1000,0,1,999,,,,,,,,,,,,,,,
,,,,,,,,,,,,,68662,2020-02-26_15h28.07.588,SandwichStudy,3.2.4,MacIntel,60,"[""space""]",[0.6129999160766602],1,0,80,7,1,79,Mozzarella cheese,Bell peppers,Pesto,Spinach,,,,,Ham,Lettuce,Tomatoes,Mayonnaise,Mustard,,,,5,4,5,1000,0,1000,0,1,999,,,,,,,,,,,,,,,
,,,,,,,,,,,,,68662,2020-02-26_15h28.07.588,SandwichStudy,3.2.4,MacIntel,60,"[""space""]",[0.0409998893737793],1,0,80,7,1,79,Mozzarella cheese,Bell peppers,Pesto,Spinach,,,,,Ham,Lettuce,Tomatoes,Mayonnaise,Mustard,,,,5,4,5,1000,0,1000,0,1,999,,,,,,,,,,,,,,,
,,,,,,,,,,,,,68662,2020-02-26_15h28.07.588,SandwichStudy,3.2.4,MacIntel,60,"[""space""]",[1.8009998798370361],1,0,80,7,1,79,Mozzarella cheese,Bell peppers,Pesto,Spinach,,,,,Ham,Lettuce,Tomatoes,Mayonnaise,Mustard,,,,5,4,5,1000,0,1000,0,1,999,,,,,,,,,,,,,,,
,,,,,,,,,,,,,68662,2020-02-26_15h28.07.588,SandwichStudy,3.2.4,MacIntel,60,"[""l""]",[0.08500003814697266],1,0,80,7,1,79,Mozzarella cheese,Bell peppers,Pesto,Spinach,,,,,Ham,Lettuce,Tomatoes,Mayonnaise,Mustard,,,,5,4,5,1000,0,1000,0,1,999,,,,,,,,,,,,,,,
,,,,,,,,,,,,,68662,2020-02-26_15h28.07.588,SandwichStudy,3.2.4,MacIntel,60,"[""space""]",[0.4549999237060547],1,0,80,23,1,79,Meatballs,Provolone cheese,Marinara sauce,Parmesan cheese,,,,,Turkey,Cheddar cheese,Bacon,,,,,,4,4,3,1000,0,1000,0,1,999,,,,,,,,,,,,,,,
,,,,,,,,,,,,,68662,2020-02-26_15h28.07.588,SandwichStudy,3.2.4,MacIntel,60,"[""space""]",[0.3229999542236328],1,0,80,23,1,79,Meatballs,Provolone cheese,Marinara sauce,Parmesan cheese,,,,,Turkey,Cheddar cheese,Bacon,,,,,,4,4,3,1000,0,1000,0,1,999,,,,,,,,,,,,,,,
,,,,,,,,,,,,,68662,2020-02-26_15h28.07.588,SandwichStudy,3.2.4,MacIntel,60,"[""l""]",[1.3199999332427979],1,0,80,23,1,79,Meatballs,Provolone cheese,Marinara sauce,Parmesan cheese,,,,,Turkey,Cheddar cheese,Bacon,,,,,,4,4,3,1000,0,1000,0,1,999,,,,,,,,,,,,,,,
,,,,,,,,,,,,,68662,2020-02-26_15h28.07.588,SandwichStudy,3.2.4,MacIntel,60,"[""space""]",[0.08500003814697266],1,0,80,29,1,79,Turkey,Garlic aioli,Bacon,Spinach,,,,,Chicken,Mayonnaise,Cheddar cheese,,,,,,4,4,3,1000,0,1000,0,1,999,,,,,,,,,,,,,,,
,,,,,,,,,,,,,68662,2020-02-26_15h28.07.588,SandwichStudy,3.2.4,MacIntel,60,"[""space""]",[0.20799994468688965],1,0,80,29,1,79,Turkey,Garlic aioli,Bacon,Spinach,,,,,Chicken,Mayonnaise,Cheddar cheese,,,,,,4,4,3,1000,0,1000,0,1,999,,,,,,,,,,,,,,,
,,,,,,,,,,,,,68662,2020-02-26_15h28.07.588,SandwichStudy,3.2.4,MacIntel,60,"[""space""]",[0.25099992752075195],1,0,80,29,1,79,Turkey,Garlic aioli,Bacon,Spinach,,,,,Chicken,Mayonnaise,Cheddar cheese,,,,,,4,4,3,1000,0,1000,0,1,999,,,,,,,,,,,,,,,
,,,,,,,,,,,,,68662,2020-02-26_15h28.07.588,SandwichStudy,3.2.4,MacIntel,60,"[""l""]",[5.730999946594238],1,0,80,29,1,79,Turkey,Garlic aioli,Bacon,Spinach,,,,,Chicken,Mayonnaise,Cheddar cheese,,,,,,4,4,3,1000,0,1000,0,1,999,,,,,,,,,,,,,,,
,,,,,,,,,,,,,68662,2020-02-26_15h28.07.588,SandwichStudy,3.2.4,MacIntel,60,"[""space""]",[0.1919999122619629],1,0,80,72,1,79,Chicken,Mozzarella cheese,Tomatoes,Onions,Basil,Mayonnaise,,,Chicken,American cheese,Coleslaw,Tomatoes,Pickles,Mayonnaise,,,6,6,6,1000,0,1000,0,1,999,,,,,,,,,,,,,,,
,,,,,,,,,,,,,68662,2020-02-26_15h28.07.588,SandwichStudy,3.2.4,MacIntel,60,"[""space""]",[0.877000093460083],1,0,80,72,1,79,Chicken,Mozzarella cheese,Tomatoes,Onions,Basil,Mayonnaise,,,Chicken,American cheese,Coleslaw,Tomatoes,Pickles,Mayonnaise,,,6,6,6,1000,0,1000,0,1,999,,,,,,,,,,,,,,,
,,,,,,,,,,,,,68662,2020-02-26_15h28.07.588,SandwichStudy,3.2.4,MacIntel,60,"[""space""]",[0.6510000228881836],1,0,80,72,1,79,Chicken,Mozzarella cheese,Tomatoes,Onions,Basil,Mayonnaise,,,Chicken,American cheese,Coleslaw,Tomatoes,Pickles,Mayonnaise,,,6,6,6,1000,0,1000,0,1,999,,,,,,,,,,,,,,,
,,,,,,,,,,,,,68662,2020-02-26_15h28.07.588,SandwichStudy,3.2.4,MacIntel,60,"[""space""]",[0.006999969482421875],1,0,80,72,1,79,Chicken,Mozzarella cheese,Tomatoes,Onions,Basil,Mayonnaise,,,Chicken,American cheese,Coleslaw,Tomatoes,Pickles,Mayonnaise,,,6,6,6,1000,0,1000,0,1,999,,,,,,,,,,,,,,,
,,,,,,,,,,,,,68662,2020-02-26_15h28.07.588,SandwichStudy,3.2.4,MacIntel,60,"[""l""]",[0.32899999618530273],1,0,80,72,1,79,Chicken,Mozzarella cheese,Tomatoes,Onions,Basil,Mayonnaise,,,Chicken,American cheese,Coleslaw,Tomatoes,Pickles,Mayonnaise,,,6,6,6,1000,0,1000,0,1,999,,,,,,,,,,,,,,,
,,,,,,,,,,,,,68662,2020-02-26_15h28.07.588,SandwichStudy,3.2.4,MacIntel,60,"[""space""]",[0.6349999904632568],1,0,80,16,1,79,Chicken,American cheese,Lettuce,Tomatoes,Mayonnaise,,,,Cheddar cheese,Avocado,Onions,Tomatoes,Mayonnaise,,,,5,5,5,1000,0,1000,0,1,999,,,,,,,,,,,,,,,
,,,,,,,,,,,,,68662,2020-02-26_15h28.07.588,SandwichStudy,3.2.4,MacIntel,60,"[""space""]",[1.2559998035430908],1,0,80,16,1,79,Chicken,American cheese,Lettuce,Tomatoes,Mayonnaise,,,,Cheddar cheese,Avocado,Onions,Tomatoes,Mayonnaise,,,,5,5,5,1000,0,1000,0,1,999,,,,,,,,,,,,,,,
,,,,,,,,,,,,,68662,2020-02-26_15h28.07.588,SandwichStudy,3.2.4,MacIntel,60,"[""space""]",[0.41899991035461426],1,0,80,16,1,79,Chicken,American cheese,Lettuce,Tomatoes,Mayonnaise,,,,Cheddar cheese,Avocado,Onions,Tomatoes,Mayonnaise,,,,5,5,5,1000,0,1000,0,1,999,,,,,,,,,,,,,,,
,,,,,,,,,,,,,68662,2020-02-26_15h28.07.588,SandwichStudy,3.2.4,MacIntel,60,"[""a""]",[0.8710000514984131],1,0,80,16,1,79,Chicken,American cheese,Lettuce,Tomatoes,Mayonnaise,,,,Cheddar cheese,Avocado,Onions,Tomatoes,Mayonnaise,,,,5,5,5,1000,0,1000,0,1,999,,,,,,,,,,,,,,,
,,,,,,,,,,,,,68662,2020-02-26_15h28.07.588,SandwichStudy,3.2.4,MacIntel,60,"[""space""]",[0.4179999828338623],1,0,80,8,1,79,Chicken,Ham,Swiss cheese,Mayonnaise,,,,,Pepperoni,Meatballs,Marinara sauce,Provolone cheese,Mushrooms,,,,5,4,5,1000,0,1000,0,1,999,,,,,,,,,,,,,,,
,,,,,,,,,,,,,68662,2020-02-26_15h28.07.588,SandwichStudy,3.2.4,MacIntel,60,"[""space""]",[0.7619998455047607],1,0,80,8,1,79,Chicken,Ham,Swiss cheese,Mayonnaise,,,,,Pepperoni,Meatballs,Marinara sauce,Provolone cheese,Mushrooms,,,,5,4,5,1000,0,1000,0,1,999,,,,,,,,,,,,,,,
,,,,,,,,,,,,,68662,2020-02-26_15h28.07.588,SandwichStudy,3.2.4,MacIntel,60,"[""a""]",[0.7850000858306885],1,0,80,8,1,79,Chicken,Ham,Swiss cheese,Mayonnaise,,,,,Pepperoni,Meatballs,Marinara sauce,Provolone cheese,Mushrooms,,,,5,4,5,1000,0,1000,0,1,999,,,,,,,,,,,,,,,
,,,,,,,,,,,,,68662,2020-02-26_15h28.07.588,SandwichStudy,3.2.4,MacIntel,60,"[""l""]",[2.0739998817443848],1,0,80,58,1,79,Chicken,Mayonnaise,Cheddar cheese,,,,,,Steak,Onions,Bell peppers,Provolone cheese,,,,,4,3,4,1000,0,1000,0,1,999,,,,,,,,,,,,,,,
,,,,,,,,,,,,,68662,2020-02-26_15h28.07.588,SandwichStudy,3.2.4,MacIntel,60,"[""space""]",[0.4070000648498535],1,0,80,65,1,79,Chicken,Pepper jack cheese,Ranch dressing,,,,,,Salami,Provolone cheese,Lettuce,Tomatoes,Mayonnaise,Mustard,,,6,3,6,1000,0,1000,0,1,999,,,,,,,,,,,,,,,
,,,,,,,,,,,,,68662,2020-02-26_15h28.07.588,SandwichStudy,3.2.4,MacIntel,60,"[""space""]",[0.2760000228881836],1,0,80,65,1,79,Chicken,Pepper jack cheese,Ranch dressing,,,,,,Salami,Provolone cheese,Lettuce,Tomatoes,Mayonnaise,Mustard,,,6,3,6,1000,0,1000,0,1,999,,,,,,,,,,,,,,,
,,,,,,,,,,,,,68662,2020-02-26_15h28.07.588,SandwichStudy,3.2.4,MacIntel,60,"[""a""]",[0.2869999408721924],1,0,80,65,1,79,Chicken,Pepper jack cheese,Ranch dressing,,,,,,Salami,Provolone cheese,Lettuce,Tomatoes,Mayonnaise,Mustard,,,6,3,6,1000,0,1000,0,1,999,,,,,,,,,,,,,,,
,,,,,,,,,,,,,68662,2020-02-26_15h28.07.588,SandwichStudy,3.2.4,MacIntel,60,"[""a""]",[2.1679999828338623],1,0,80,13,1,79,Chicken,Garlic aioli,Pickles,Cucumbers,Jalapenos,Basil,,,Roast beef,Bacon,Turkey,Mayonnaise,,,,,6,6,4,1000,0,1000,0,1,999,,,,,,,,,,,,,,,
,,,,,,,,,,,,,68662,2020-02-26_15h28.07.588,SandwichStudy,3.2.4,MacIntel,60,"[""space""]",[0.7719998359680176],1,0,80,11,1,79,Pork,Ham,Swiss cheese,Pickles,Mustard,,,,Chicken,Bacon,Mustard,,,,,,5,5,3,1000,0,1000,0,1,999,,,,,,,,,,,,,,,
,,,,,,,,,,,,,68662,2020-02-26_15h28.07.588,SandwichStudy,3.2.4,MacIntel,60,"[""space""]",[0.8190000057220459],1,0,80,11,1,79,Pork,Ham,Swiss cheese,Pickles,Mustard,,,,Chicken,Bacon,Mustard,,,,,,5,5,3,1000,0,1000,0,1,999,,,,,,,,,,,,,,,
,,,,,,,,,,,,,68662,2020-02-26_15h28.07.588,SandwichStudy,3.2.4,MacIntel,60,"[""space""]",[2.2200000286102295],1,0,80,11,1,79,Pork,Ham,Swiss cheese,Pickles,Mustard,,,,Chicken,Bacon,Mustard,,,,,,5,5,3,1000,0,1000,0,1,999,,,,,,,,,,,,,,,
,,,,,,,,,,,,,68662,2020-02-26_15h28.07.588,SandwichStudy,3.2.4,MacIntel,60,"[""a""]",[0.8169999122619629],1,0,80,11,1,79,Pork,Ham,Swiss cheese,Pickles,Mustard,,,,Chicken,Bacon,Mustard,,,,,,5,5,3,1000,0,1000,0,1,999,,,,,,,,,,,,,,,
,,,,,,,,,,,,,68662,2020-02-26_15h28.07.588,SandwichStudy,3.2.4,MacIntel,60,"[""space""]",[0.28599977493286133],1,0,80,31,1,79,Spinach,Tomatoes,Cucumbers,Onions,Bell peppers,Avocado,Mayonnaise,,Turkey,Ham,Bacon,Swiss cheese,Lettuce,Tomatoes,Onions,,7,7,7,1000,0,1000,0,1,999,,,,,,,,,,,,,,,
,,,,,,,,,,,,,68662,2020-02-26_15h28.07.588,SandwichStudy,3.2.4,MacIntel,60,"[""space""]",[0.2569999694824219],1,0,80,31,1,79,Spinach,Tomatoes,Cucumbers,Onions,Bell peppers,Avocado,Mayonnaise,,Turkey,Ham,Bacon,Swiss cheese,Lettuce,Tomatoes,Onions,,7,7,7,1000,0,1000,0,1,999,,,,,,,,,,,,,,,
,,,,,,,,,,,,,68662,2020-02-26_15h28.07.588,SandwichStudy,3.2.4,MacIntel,60,"[""a""]",[1.0850000381469727],1,0,80,31,1,79,Spinach,Tomatoes,Cucumbers,Onions,Bell peppers,Avocado,Mayonnaise,,Turkey,Ham,Bacon,Swiss cheese,Lettuce,Tomatoes,Onions,,7,7,7,1000,0,1000,0,1,999,,,,,,,,,,,,,,,
,,,,,,,,,,,,,68662,2020-02-26_15h28.07.588,SandwichStudy,3.2.4,MacIntel,60,"[""space""]",[0.05500006675720215],1,0,80,61,1,79,Pork,Cucumbers,Pickles,Jalapenos,Basil,Mayonnaise,,,Turkey,Cheddar cheese,Bacon,,,,,,6,6,3,1000,0,1000,0,1,999,,,,,,,,,,,,,,,
,,,,,,,,,,,,,68662,2020-02-26_15h28.07.588,SandwichStudy,3.2.4,MacIntel,60,"[""space""]",[1.4529998302459717],1,0,80,61,1,79,Pork,Cucumbers,Pickles,Jalapenos,Basil,Mayonnaise,,,Turkey,Cheddar cheese,Bacon,,,,,,6,6,3,1000,0,1000,0,1,999,,,,,,,,,,,,,,,
,,,,,,,,,,,,,68662,2020-02-26_15h28.07.588,SandwichStudy,3.2.4,MacIntel,60,"[""space""]",[0.28599977493286133],1,0,80,61,1,79,Pork,Cucumbers,Pickles,Jalapenos,Basil,Mayonnaise,,,Turkey,Cheddar cheese,Bacon,,,,,,6,6,3,1000,0,1000,0,1,999,,,,,,,,,,,,,,,
,,,,,,,,,,,,,68662,2020-02-26_15h28.07.588,SandwichStudy,3.2.4,MacIntel,60,"[""a""]",[2.875],1,0,80,61,1,79,Pork,Cucumbers,Pickles,Jalapenos,Basil,Mayonnaise,,,Turkey,Cheddar cheese,Bacon,,,,,,6,6,3,1000,0,1000,0,1,999,,,,,,,,,,,,,,,
,,,,,,,,,,,,,68662,2020-02-26_15h28.07.588,SandwichStudy,3.2.4,MacIntel,60,"[""space""]",[0.5889997482299805],1,0,80,57,1,79,Avocado,Spinach,Tomatoes,Swiss cheese,,,,,Chicken,Ham,Swiss cheese,Mayonnaise,Mustard,,,,5,4,5,1000,0,1000,0,1,999,,,,,,,,,,,,,,,
,,,,,,,,,,,,,68662,2020-02-26_15h28.07.588,SandwichStudy,3.2.4,MacIntel,60,"[""space""]",[0.15400004386901855],1,0,80,57,1,79,Avocado,Spinach,Tomatoes,Swiss cheese,,,,,Chicken,Ham,Swiss cheese,Mayonnaise,Mustard,,,,5,4,5,1000,0,1000,0,1,999,,,,,,,,,,,,,,,
,,,,,,,,,,,,,68662,2020-02-26_15h28.07.588,SandwichStudy,3.2.4,MacIntel,60,"[""space""]",[0.15199995040893555],1,0,80,57,1,79,Avocado,Spinach,Tomatoes,Swiss cheese,,,,,Chicken,Ham,Swiss cheese,Mayonnaise,Mustard,,,,5,4,5,1000,0,1000,0,1,999,,,,,,,,,,,,,,,
,,,,,,,,,,,,,68662,2020-02-26_15h28.07.588,SandwichStudy,3.2.4,MacIntel,60,"[""space""]",[1.3559999465942383],1,0,80,57,1,79,Avocado,Spinach,Tomatoes,Swiss cheese,,,,,Chicken,Ham,Swiss cheese,Mayonnaise,Mustard,,,,5,4,5,1000,0,1000,0,1,999,,,,,,,,,,,,,,,
,,,,,,,,,,,,,68662,2020-02-26_15h28.07.588,SandwichStudy,3.2.4,MacIntel,60,"[""a""]",[1.375],1,0,80,57,1,79,Avocado,Spinach,Tomatoes,Swiss cheese,,,,,Chicken,Ham,Swiss cheese,Mayonnaise,Mustard,,,,5,4,5,1000,0,1000,0,1,999,,,,,,,,,,,,,,,
,,,,,,,,,,,,,68662,2020-02-26_15h28.07.588,SandwichStudy,3.2.4,MacIntel,60,"[""space""]",[0.025999784469604492],1,0,80,32,1,79,Turkey,Ham,Bacon,Provolone cheese,Lettuce,Tomatoes,Ranch dressing,,Chicken,Cheddar cheese,Bacon,Avocado,Ranch dressing,,,,7,7,5,1000,0,1000,0,1,999,,,,,,,,,,,,,,,
,,,,,,,,,,,,,68662,2020-02-26_15h28.07.588,SandwichStudy,3.2.4,MacIntel,60,"[""space""]",[0.625999927520752],1,0,80,32,1,79,Turkey,Ham,Bacon,Provolone cheese,Lettuce,Tomatoes,Ranch dressing,,Chicken,Cheddar cheese,Bacon,Avocado,Ranch dressing,,,,7,7,5,1000,0,1000,0,1,999,,,,,,,,,,,,,,,
,,,,,,,,,,,,,68662,2020-02-26_15h28.07.588,SandwichStudy,3.2.4,MacIntel,60,"[""space""]",[0.08499979972839355],1,0,80,32,1,79,Turkey,Ham,Bacon,Provolone cheese,Lettuce,Tomatoes,Ranch dressing,,Chicken,Cheddar cheese,Bacon,Avocado,Ranch dressing,,,,7,7,5,1000,0,1000,0,1,999,,,,,,,,,,,,,,,
,,,,,,,,,,,,,68662,2020-02-26_15h28.07.588,SandwichStudy,3.2.4,MacIntel,60,"[""space""]",[0.13099980354309082],1,0,80,32,1,79,Turkey,Ham,Bacon,Provolone cheese,Lettuce,Tomatoes,Ranch dressing,,Chicken,Cheddar cheese,Bacon,Avocado,Ranch dressing,,,,7,7,5,1000,0,1000,0,1,999,,,,,,,,,,,,,,,
,,,,,,,,,,,,,68662,2020-02-26_15h28.07.588,SandwichStudy,3.2.4,MacIntel,60,"[""space""]",[2.388000011444092],1,0,80,32,1,79,Turkey,Ham,Bacon,Provolone cheese,Lettuce,Tomatoes,Ranch dressing,,Chicken,Cheddar cheese,Bacon,Avocado,Ranch dressing,,,,7,7,5,1000,0,1000,0,1,999,,,,,,,,,,,,,,,
,,,,,,,,,,,,,68662,2020-02-26_15h28.07.588,SandwichStudy,3.2.4,MacIntel,60,"[""l""]",[0.0690000057220459],1,0,80,32,1,79,Turkey,Ham,Bacon,Provolone cheese,Lettuce,Tomatoes,Ranch dressing,,Chicken,Cheddar cheese,Bacon,Avocado,Ranch dressing,,,,7,7,5,1000,0,1000,0,1,999,,,,,,,,,,,,,,,
,,,,,,,,,,,,,68662,2020-02-26_15h28.07.588,SandwichStudy,3.2.4,MacIntel,60,"[""space""]",[1.0699999332427979],1,0,80,27,1,79,Mushrooms,Swiss cheese,Provolone cheese,Cheddar cheese,Lettuce,Tomatoes,,,Avocado,Spinach,Tomatoes,Swiss cheese,,,,,6,6,4,1000,0,1000,0,1,999,,,,,,,,,,,,,,,
,,,,,,,,,,,,,68662,2020-02-26_15h28.07.588,SandwichStudy,3.2.4,MacIntel,60,"[""space""]",[0.2559998035430908],1,0,80,27,1,79,Mushrooms,Swiss cheese,Provolone cheese,Cheddar cheese,Lettuce,Tomatoes,,,Avocado,Spinach,Tomatoes,Swiss cheese,,,,,6,6,4,1000,0,1000,0,1,999,,,,,,,,,,,,,,,
,,,,,,,,,,,,,68662,2020-02-26_15h28.07.588,SandwichStudy,3.2.4,MacIntel,60,"[""space""]",[0.003000020980834961],1,0,80,27,1,79,Mushrooms,Swiss cheese,Provolone cheese,Cheddar cheese,Lettuce,Tomatoes,,,Avocado,Spinach,Tomatoes,Swiss cheese,,,,,6,6,4,1000,0,1000,0,1,999,,,,,,,,,,,,,,,
,,,,,,,,,,,,,68662,2020-02-26_15h28.07.588,SandwichStudy,3.2.4,MacIntel,60,"[""space""]",[0.1679999828338623],1,0,80,27,1,79,Mushrooms,Swiss cheese,Provolone cheese,Cheddar cheese,Lettuce,Tomatoes,,,Avocado,Spinach,Tomatoes,Swiss cheese,,,,,6,6,4,1000,0,1000,0,1,999,,,,,,,,,,,,,,,
,,,,,,,,,,,,,68662,2020-02-26_15h28.07.588,SandwichStudy,3.2.4,MacIntel,60,"[""a""]",[4.2179999351501465],1,0,80,27,1,79,Mushrooms,Swiss cheese,Provolone cheese,Cheddar cheese,Lettuce,Tomatoes,,,Avocado,Spinach,Tomatoes,Swiss cheese,,,,,6,6,4,1000,0,1000,0,1,999,,,,,,,,,,,,,,,
,,,,,,,,,,,,,68662,2020-02-26_15h28.07.588,SandwichStudy,3.2.4,MacIntel,60,"[""space""]",[0.11800003051757812],1,0,80,4,1,79,Provolone cheese,Swiss cheese,Cheddar cheese,Parmesan cheese,Tomatoes,,,,Chicken,Lettuce,Tomatoes,Mayonnaise,,,,,5,5,4,1000,0,1000,0,1,999,,,,,,,,,,,,,,,
,,,,,,,,,,,,,68662,2020-02-26_15h28.07.588,SandwichStudy,3.2.4,MacIntel,60,"[""space""]",[0.3340001106262207],1,0,80,4,1,79,Provolone cheese,Swiss cheese,Cheddar cheese,Parmesan cheese,Tomatoes,,,,Chicken,Lettuce,Tomatoes,Mayonnaise,,,,,5,5,4,1000,0,1000,0,1,999,,,,,,,,,,,,,,,
,,,,,,,,,,,,,68662,2020-02-26_15h28.07.588,SandwichStudy,3.2.4,MacIntel,60,"[""space""]",[0.09099984169006348],1,0,80,4,1,79,Provolone cheese,Swiss cheese,Cheddar cheese,Parmesan cheese,Tomatoes,,,,Chicken,Lettuce,Tomatoes,Mayonnaise,,,,,5,5,4,1000,0,1000,0,1,999,,,,,,,,,,,,,,,
,,,,,,,,,,,,,68662,2020-02-26_15h28.07.588,SandwichStudy,3.2.4,MacIntel,60,"[""space""]",[0.7849998474121094],1,0,80,4,1,79,Provolone cheese,Swiss cheese,Cheddar cheese,Parmesan cheese,Tomatoes,,,,Chicken,Lettuce,Tomatoes,Mayonnaise,,,,,5,5,4,1000,0,1000,0,1,999,,,,,,,,,,,,,,,
,,,,,,,,,,,,,68662,2020-02-26_15h28.07.588,SandwichStudy,3.2.4,MacIntel,60,"[""l""]",[0.9849998950958252],1,0,80,4,1,79,Provolone cheese,Swiss cheese,Cheddar cheese,Parmesan cheese,Tomatoes,,,,Chicken,Lettuce,Tomatoes,Mayonnaise,,,,,5,5,4,1000,0,1000,0,1,999,,,,,,,,,,,,,,,
,,,,,,,,,,,,,68662,2020-02-26_15h28.07.588,SandwichStudy,3.2.4,MacIntel,60,"[""space""]",[0.27300000190734863],1,0,80,6,1,79,Chicken,Cheddar cheese,Lettuce,Garlic aioli,Swiss cheese,Tomatoes,,,Cheddar cheese,Provolone cheese,Swiss cheese,Mushrooms,Mayonnaise,Lettuce,Tomatoes,,7,6,7,1000,0,1000,0,1,999,,,,,,,,,,,,,,,
,,,,,,,,,,,,,68662,2020-02-26_15h28.07.588,SandwichStudy,3.2.4,MacIntel,60,"[""space""]",[0.07399988174438477],1,0,80,6,1,79,Chicken,Cheddar cheese,Lettuce,Garlic aioli,Swiss cheese,Tomatoes,,,Cheddar cheese,Provolone cheese,Swiss cheese,Mushrooms,Mayonnaise,Lettuce,Tomatoes,,7,6,7,1000,0,1000,0,1,999,,,,,,,,,,,,,,,
,,,,,,,,,,,,,68662,2020-02-26_15h28.07.588,SandwichStudy,3.2.4,MacIntel,60,"[""space""]",[0.38499999046325684],1,0,80,6,1,79,Chicken,Cheddar cheese,Lettuce,Garlic aioli,Swiss cheese,Tomatoes,,,Cheddar cheese,Provolone cheese,Swiss cheese,Mushrooms,Mayonnaise,Lettuce,Tomatoes,,7,6,7,1000,0,1000,0,1,999,,,,,,,,,,,,,,,
,,,,,,,,,,,,,68662,2020-02-26_15h28.07.588,SandwichStudy,3.2.4,MacIntel,60,"[""l""]",[1.184000015258789],1,0,80,6,1,79,Chicken,Cheddar cheese,Lettuce,Garlic aioli,Swiss cheese,Tomatoes,,,Cheddar cheese,Provolone cheese,Swiss cheese,Mushrooms,Mayonnaise,Lettuce,Tomatoes,,7,6,7,1000,0,1000,0,1,999,,,,,,,,,,,,,,,
,,,,,,,,,,,,,68662,2020-02-26_15h28.07.588,SandwichStudy,3.2.4,MacIntel,60,"[""space""]",[0.20599985122680664],1,0,80,53,1,79,Turkey,Avocado,Mayonnaise,,,,,,Ham,Pork,Swiss cheese,Mustard,Pickles,,,,5,3,5,1000,0,1000,0,1,999,,,,,,,,,,,,,,,
,,,,,,,,,,,,,68662,2020-02-26_15h28.07.588,SandwichStudy,3.2.4,MacIntel,60,"[""space""]",[2.7939999103546143],1,0,80,53,1,79,Turkey,Avocado,Mayonnaise,,,,,,Ham,Pork,Swiss cheese,Mustard,Pickles,,,,5,3,5,1000,0,1000,0,1,999,,,,,,,,,,,,,,,
,,,,,,,,,,,,,68662,2020-02-26_15h28.07.588,SandwichStudy,3.2.4,MacIntel,60,"[""space""]",[1.1349997520446777],1,0,80,53,1,79,Turkey,Avocado,Mayonnaise,,,,,,Ham,Pork,Swiss cheese,Mustard,Pickles,,,,5,3,5,1000,0,1000,0,1,999,,,,,,,,,,,,,,,
,,,,,,,,,,,,,68662,2020-02-26_15h28.07.588,SandwichStudy,3.2.4,MacIntel,60,"[""l""]",[0.38499975204467773],1,0,80,53,1,79,Turkey,Avocado,Mayonnaise,,,,,,Ham,Pork,Swiss cheese,Mustard,Pickles,,,,5,3,5,1000,0,1000,0,1,999,,,,,,,,,,,,,,,
,,,,,,,,,,,,,68662,2020-02-26_15h28.07.588,SandwichStudy,3.2.4,MacIntel,60,"[""space""]",[0.20099973678588867],1,0,80,35,1,79,Bacon,Lettuce,Tomatoes,Ranch dressing,,,,,Turkey,Gouda cheese,Avocado,Garlic aioli,Jalapenos,Tomatoes,Lettuce,,7,4,7,1000,0,1000,0,1,999,,,,,,,,,,,,,,,
,,,,,,,,,,,,,68662,2020-02-26_15h28.07.588,SandwichStudy,3.2.4,MacIntel,60,"[""space""]",[0.1699998378753662],1,0,80,35,1,79,Bacon,Lettuce,Tomatoes,Ranch dressing,,,,,Turkey,Gouda cheese,Avocado,Garlic aioli,Jalapenos,Tomatoes,Lettuce,,7,4,7,1000,0,1000,0,1,999,,,,,,,,,,,,,,,
,,,,,,,,,,,,,68662,2020-02-26_15h28.07.588,SandwichStudy,3.2.4,MacIntel,60,"[""space""]",[0.309999942779541],1,0,80,35,1,79,Bacon,Lettuce,Tomatoes,Ranch dressing,,,,,Turkey,Gouda cheese,Avocado,Garlic aioli,Jalapenos,Tomatoes,Lettuce,,7,4,7,1000,0,1000,0,1,999,,,,,,,,,,,,,,,
,,,,,,,,,,,,,68662,2020-02-26_15h28.07.588,SandwichStudy,3.2.4,MacIntel,60,"[""a""]",[3.673999786376953],1,0,80,35,1,79,Bacon,Lettuce,Tomatoes,Ranch dressing,,,,,Turkey,Gouda cheese,Avocado,Garlic aioli,Jalapenos,Tomatoes,Lettuce,,7,4,7,1000,0,1000,0,1,999,,,,,,,,,,,,,,,
,,,,,,,,,,,,,68662,2020-02-26_15h28.07.588,SandwichStudy,3.2.4,MacIntel,60,"[""space""]",[0.034999847412109375],1,0,80,2,1,79,Turkey,Provolone cheese,Spinach,Garlic aioli,,,,,Chicken,Pickles,Basil,Tomatoes,Cucumbers,,,,5,4,5,1000,0,1000,0,1,999,,,,,,,,,,,,,,,
,,,,,,,,,,,,,68662,2020-02-26_15h28.07.588,SandwichStudy,3.2.4,MacIntel,60,"[""space""]",[0.3540000915527344],1,0,80,2,1,79,Turkey,Provolone cheese,Spinach,Garlic aioli,,,,,Chicken,Pickles,Basil,Tomatoes,Cucumbers,,,,5,4,5,1000,0,1000,0,1,999,,,,,,,,,,,,,,,
,,,,,,,,,,,,,68662,2020-02-26_15h28.07.588,SandwichStudy,3.2.4,MacIntel,60,"[""space""]",[0.10299992561340332],1,0,80,2,1,79,Turkey,Provolone cheese,Spinach,Garlic aioli,,,,,Chicken,Pickles,Basil,Tomatoes,Cucumbers,,,,5,4,5,1000,0,1000,0,1,999,,,,,,,,,,,,,,,
,,,,,,,,,,,,,68662,2020-02-26_15h28.07.588,SandwichStudy,3.2.4,MacIntel,60,"[""space""]",[0.2869999408721924],1,0,80,2,1,79,Turkey,Provolone cheese,Spinach,Garlic aioli,,,,,Chicken,Pickles,Basil,Tomatoes,Cucumbers,,,,5,4,5,1000,0,1000,0,1,999,,,,,,,,,,,,,,,
,,,,,,,,,,,,,68662,2020-02-26_15h28.07.588,SandwichStudy,3.2.4,MacIntel,60,"[""l""]",[2.552000045776367],1,0,80,2,1,79,Turkey,Provolone cheese,Spinach,Garlic aioli,,,,,Chicken,Pickles,Basil,Tomatoes,Cucumbers,,,,5,4,5,1000,0,1000,0,1,999,,,,,,,,,,,,,,,
,,,,,,,,,,,,,68662,2020-02-26_15h28.07.588,SandwichStudy,3.2.4,MacIntel,60,"[""space""]",[0.18499994277954102],1,0,80,78,1,79,Chicken,American cheese,Lettuce,Tomatoes,Mayonnaise,,,,Pastrami,Cheddar cheese,Mustard,Pickles,,,,,5,5,4,1000,0,1000,0,1,999,,,,,,,,,,,,,,,
,,,,,,,,,,,,,68662,2020-02-26_15h28.07.588,SandwichStudy,3.2.4,MacIntel,60,"[""space""]",[0.2889997959136963],1,0,80,78,1,79,Chicken,American cheese,Lettuce,Tomatoes,Mayonnaise,,,,Pastrami,Cheddar cheese,Mustard,Pickles,,,,,5,5,4,1000,0,1000,0,1,999,,,,,,,,,,,,,,,
,,,,,,,,,,,,,68662,2020-02-26_15h28.07.588,SandwichStudy,3.2.4,MacIntel,60,"[""space""]",[0.434999942779541],1,0,80,78,1,79,Chicken,American cheese,Lettuce,Tomatoes,Mayonnaise,,,,Pastrami,Cheddar cheese,Mustard,Pickles,,,,,5,5,4,1000,0,1000,0,1,999,,,,,,,,,,,,,,,
,,,,,,,,,,,,,68662,2020-02-26_15h28.07.588,SandwichStudy,3.2.4,MacIntel,60,"[""space""]",[1.9099998474121094],1,0,80,78,1,79,Chicken,American cheese,Lettuce,Tomatoes,Mayonnaise,,,,Pastrami,Cheddar cheese,Mustard,Pickles,,,,,5,5,4,1000,0,1000,0,1,999,,,,,,,,,,,,,,,
,,,,,,,,,,,,,68662,2020-02-26_15h28.07.588,SandwichStudy,3.2.4,MacIntel,60,"[""a""]",[2.055999994277954],1,0,80,78,1,79,Chicken,American cheese,Lettuce,Tomatoes,Mayonnaise,,,,Pastrami,Cheddar cheese,Mustard,Pickles,,,,,5,5,4,1000,0,1000,0,1,999,,,,,,,,,,,,,,,
,,,,,,,,,,,,,68662,2020-02-26_15h28.07.588,SandwichStudy,3.2.4,MacIntel,60,"[""space""]",[0.24199986457824707],1,0,80,1,1,79,Tomatoes,Mozzarella cheese,Spinach,Pesto,,,,,Ham,Swiss cheese,Mustard,,,,,,4,4,3,1000,0,1000,0,1,999,,,,,,,,,,,,,,,
,,,,,,,,,,,,,68662,2020-02-26_15h28.07.588,SandwichStudy,3.2.4,MacIntel,60,"[""space""]",[0.8389999866485596],1,0,80,1,1,79,Tomatoes,Mozzarella cheese,Spinach,Pesto,,,,,Ham,Swiss cheese,Mustard,,,,,,4,4,3,1000,0,1000,0,1,999,,,,,,,,,,,,,,,
,,,,,,,,,,,,,68662,2020-02-26_15h28.07.588,SandwichStudy,3.2.4,MacIntel,60,"[""a""]",[1.4679999351501465],1,0,80,1,1,79,Tomatoes,Mozzarella cheese,Spinach,Pesto,,,,,Ham,Swiss cheese,Mustard,,,,,,4,4,3,1000,0,1000,0,1,999,,,,,,,,,,,,,,,
,,,,,,,,,,,,,68662,2020-02-26_15h28.07.588,SandwichStudy,3.2.4,MacIntel,60,"[""space""]",[0.42599987983703613],1,0,80,75,1,79,Ham,Swiss cheese,Mustard,,,,,,Ham,Swiss cheese,Mayonnaise,Mustard,Tomatoes,,,,5,3,5,1000,0,1000,0,1,999,,,,,,,,,,,,,,,
,,,,,,,,,,,,,68662,2020-02-26_15h28.07.588,SandwichStudy,3.2.4,MacIntel,60,"[""space""]",[0.7399997711181641],1,0,80,75,1,79,Ham,Swiss cheese,Mustard,,,,,,Ham,Swiss cheese,Mayonnaise,Mustard,Tomatoes,,,,5,3,5,1000,0,1000,0,1,999,,,,,,,,,,,,,,,
,,,,,,,,,,,,,68662,2020-02-26_15h28.07.588,SandwichStudy,3.2.4,MacIntel,60,"[""space""]",[1.3499999046325684],1,0,80,75,1,79,Ham,Swiss cheese,Mustard,,,,,,Ham,Swiss cheese,Mayonnaise,Mustard,Tomatoes,,,,5,3,5,1000,0,1000,0,1,999,,,,,,,,,,,,,,,
,,,,,,,,,,,,,68662,2020-02-26_15h28.07.588,SandwichStudy,3.2.4,MacIntel,60,"[""a""]",[2.5269999504089355],1,0,80,75,1,79,Ham,Swiss cheese,Mustard,,,,,,Ham,Swiss cheese,Mayonnaise,Mustard,Tomatoes,,,,5,3,5,1000,0,1000,0,1,999,,,,,,,,,,,,,,,
,,,,,,,,,,,,,68662,2020-02-26_15h28.07.588,SandwichStudy,3.2.4,MacIntel,60,"[""space""]",[0.4219999313354492],1,0,80,3,1,79,Chicken,American cheese,Coleslaw,Tomatoes,Pickles,Mayonnaise,,,Swiss cheese,Provolone cheese,Bell peppers,Tomatoes,Onions,,,,6,6,5,1000,0,1000,0,1,999,,,,,,,,,,,,,,,
,,,,,,,,,,,,,68662,2020-02-26_15h28.07.588,SandwichStudy,3.2.4,MacIntel,60,"[""space""]",[0.8009998798370361],1,0,80,3,1,79,Chicken,American cheese,Coleslaw,Tomatoes,Pickles,Mayonnaise,,,Swiss cheese,Provolone cheese,Bell peppers,Tomatoes,Onions,,,,6,6,5,1000,0,1000,0,1,999,,,,,,,,,,,,,,,
,,,,,,,,,,,,,68662,2020-02-26_15h28.07.588,SandwichStudy,3.2.4,MacIntel,60,"[""space""]",[0.5249998569488525],1,0,80,3,1,79,Chicken,American cheese,Coleslaw,Tomatoes,Pickles,Mayonnaise,,,Swiss cheese,Provolone cheese,Bell peppers,Tomatoes,Onions,,,,6,6,5,1000,0,1000,0,1,999,,,,,,,,,,,,,,,
,,,,,,,,,,,,,68662,2020-02-26_15h28.07.588,SandwichStudy,3.2.4,MacIntel,60,"[""space""]",[0.12199974060058594],1,0,80,3,1,79,Chicken,American cheese,Coleslaw,Tomatoes,Pickles,Mayonnaise,,,Swiss cheese,Provolone cheese,Bell peppers,Tomatoes,Onions,,,,6,6,5,1000,0,1000,0,1,999,,,,,,,,,,,,,,,
,,,,,,,,,,,,,68662,2020-02-26_15h28.07.588,SandwichStudy,3.2.4,MacIntel,60,"[""l""]",[0.367999792098999],1,0,80,3,1,79,Chicken,American cheese,Coleslaw,Tomatoes,Pickles,Mayonnaise,,,Swiss cheese,Provolone cheese,Bell peppers,Tomatoes,Onions,,,,6,6,5,1000,0,1000,0,1,999,,,,,,,,,,,,,,,
,,,,,,,,,,,,,68662,2020-02-26_15h28.07.588,SandwichStudy,3.2.4,MacIntel,60,"[""space""]",[0.12100005149841309],1,0,80,19,1,79,Bacon,Ham,Turkey,Mayonnaise,Cheddar cheese,Tomatoes,Spinach,Swiss cheese,Turkey,Salami,Cheddar cheese,Mayonnaise,,,,,8,8,4,1000,0,1000,0,1,999,,,,,,,,,,,,,,,
,,,,,,,,,,,,,68662,2020-02-26_15h28.07.588,SandwichStudy,3.2.4,MacIntel,60,"[""space""]",[2.1529998779296875],1,0,80,19,1,79,Bacon,Ham,Turkey,Mayonnaise,Cheddar cheese,Tomatoes,Spinach,Swiss cheese,Turkey,Salami,Cheddar cheese,Mayonnaise,,,,,8,8,4,1000,0,1000,0,1,999,,,,,,,,,,,,,,,
,,,,,,,,,,,,,68662,2020-02-26_15h28.07.588,SandwichStudy,3.2.4,MacIntel,60,"[""space""]",[0.4789998531341553],1,0,80,19,1,79,Bacon,Ham,Turkey,Mayonnaise,Cheddar cheese,Tomatoes,Spinach,Swiss cheese,Turkey,Salami,Cheddar cheese,Mayonnaise,,,,,8,8,4,1000,0,1000,0,1,999,,,,,,,,,,,,,,,
,,,,,,,,,,,,,68662,2020-02-26_15h28.07.588,SandwichStudy,3.2.4,MacIntel,60,"[""a""]",[0.3859999179840088],1,0,80,19,1,79,Bacon,Ham,Turkey,Mayonnaise,Cheddar cheese,Tomatoes,Spinach,Swiss cheese,Turkey,Salami,Cheddar cheese,Mayonnaise,,,,,8,8,4,1000,0,1000,0,1,999,,,,,,,,,,,,,,,
,,,,,,,,,,,,,68662,2020-02-26_15h28.07.588,SandwichStudy,3.2.4,MacIntel,60,"[""space""]",[0.4849998950958252],1,0,80,49,1,79,Spinach,Tomatoes,Cucumbers,Onions,Bell peppers,Avocado,Mayonnaise,,Turkey,Provolone cheese,Spinach,Garlic aioli,,,,,7,7,4,1000,0,1000,0,1,999,,,,,,,,,,,,,,,
,,,,,,,,,,,,,68662,2020-02-26_15h28.07.588,SandwichStudy,3.2.4,MacIntel,60,"[""space""]",[0.24099993705749512],1,0,80,49,1,79,Spinach,Tomatoes,Cucumbers,Onions,Bell peppers,Avocado,Mayonnaise,,Turkey,Provolone cheese,Spinach,Garlic aioli,,,,,7,7,4,1000,0,1000,0,1,999,,,,,,,,,,,,,,,
,,,,,,,,,,,,,68662,2020-02-26_15h28.07.588,SandwichStudy,3.2.4,MacIntel,60,"[""l""]",[0.8559999465942383],1,0,80,49,1,79,Spinach,Tomatoes,Cucumbers,Onions,Bell peppers,Avocado,Mayonnaise,,Turkey,Provolone cheese,Spinach,Garlic aioli,,,,,7,7,4,1000,0,1000,0,1,999,,,,,,,,,,,,,,,
,,,,,,,,,,,,,68662,2020-02-26_15h28.07.588,SandwichStudy,3.2.4,MacIntel,60,"[""space""]",[0.12000012397766113],1,0,80,67,1,79,Avocado,Onions,Cucumbers,,,,,,Meatballs,Provolone cheese,Marinara sauce,Parmesan cheese,,,,,4,3,4,1000,0,1000,0,1,999,,,,,,,,,,,,,,,
,,,,,,,,,,,,,68662,2020-02-26_15h28.07.588,SandwichStudy,3.2.4,MacIntel,60,"[""l""]",[1.751999855041504],1,0,80,67,1,79,Avocado,Onions,Cucumbers,,,,,,Meatballs,Provolone cheese,Marinara sauce,Parmesan cheese,,,,,4,3,4,1000,0,1000,0,1,999,,,,,,,,,,,,,,,
,,,,,,,,,,,,,68662,2020-02-26_15h28.07.588,SandwichStudy,3.2.4,MacIntel,60,"[""space""]",[0.21399998664855957],1,0,80,76,1,79,Bacon,Lettuce,Tomatoes,Ranch dressing,,,,,Chicken,Bacon,Mustard,,,,,,4,4,3,1000,0,1000,0,1,999,,,,,,,,,,,,,,,
,,,,,,,,,,,,,68662,2020-02-26_15h28.07.588,SandwichStudy,3.2.4,MacIntel,60,"[""space""]",[0.12400007247924805],1,0,80,76,1,79,Bacon,Lettuce,Tomatoes,Ranch dressing,,,,,Chicken,Bacon,Mustard,,,,,,4,4,3,1000,0,1000,0,1,999,,,,,,,,,,,,,,,
,,,,,,,,,,,,,68662,2020-02-26_15h28.07.588,SandwichStudy,3.2.4,MacIntel,60,"[""space""]",[0.18700003623962402],1,0,80,76,1,79,Bacon,Lettuce,Tomatoes,Ranch dressing,,,,,Chicken,Bacon,Mustard,,,,,,4,4,3,1000,0,1000,0,1,999,,,,,,,,,,,,,,,
,,,,,,,,,,,,,68662,2020-02-26_15h28.07.588,SandwichStudy,3.2.4,MacIntel,60,"[""l""]",[2.252000093460083],1,0,80,76,1,79,Bacon,Lettuce,Tomatoes,Ranch dressing,,,,,Chicken,Bacon,Mustard,,,,,,4,4,3,1000,0,1000,0,1,999,,,,,,,,,,,,,,,
,,,,,,,,,,,,,68662,2020-02-26_15h28.07.588,SandwichStudy,3.2.4,MacIntel,60,"[""space""]",[0.4070000648498535],1,0,80,63,1,79,Onions,Bell peppers,Mushrooms,Jalapenos,American cheese,Steak,,,Turkey,Ham,Roast beef,Provolone cheese,Spinach,Tomatoes,Mayonnaise,Mustard,8,6,8,1000,0,1000,0,1,999,,,,,,,,,,,,,,,
,,,,,,,,,,,,,68662,2020-02-26_15h28.07.588,SandwichStudy,3.2.4,MacIntel,60,"[""l""]",[1.1140000820159912],1,0,80,63,1,79,Onions,Bell peppers,Mushrooms,Jalapenos,American cheese,Steak,,,Turkey,Ham,Roast beef,Provolone cheese,Spinach,Tomatoes,Mayonnaise,Mustard,8,6,8,1000,0,1000,0,1,999,,,,,,,,,,,,,,,
,,,,,,,,,,,,,68662,2020-02-26_15h28.07.588,SandwichStudy,3.2.4,MacIntel,60,"[""space""]",[0.5130000114440918],1,0,80,12,1,79,Turkey,Cheddar cheese,Mayonnaise,,,,,,Ham,Pork,Swiss cheese,Mustard,Pickles,,,,5,3,5,1000,0,1000,0,1,999,,,,,,,,,,,,,,,
,,,,,,,,,,,,,68662,2020-02-26_15h28.07.588,SandwichStudy,3.2.4,MacIntel,60,"[""space""]",[0.8350000381469727],1,0,80,12,1,79,Turkey,Cheddar cheese,Mayonnaise,,,,,,Ham,Pork,Swiss cheese,Mustard,Pickles,,,,5,3,5,1000,0,1000,0,1,999,,,,,,,,,,,,,,,
,,,,,,,,,,,,,68662,2020-02-26_15h28.07.588,SandwichStudy,3.2.4,MacIntel,60,"[""space""]",[1.7130000591278076],1,0,80,12,1,79,Turkey,Cheddar cheese,Mayonnaise,,,,,,Ham,Pork,Swiss cheese,Mustard,Pickles,,,,5,3,5,1000,0,1000,0,1,999,,,,,,,,,,,,,,,
,,,,,,,,,,,,,68662,2020-02-26_15h28.07.588,SandwichStudy,3.2.4,MacIntel,60,"[""l""]",[7.11899995803833],1,0,80,12,1,79,Turkey,Cheddar cheese,Mayonnaise,,,,,,Ham,Pork,Swiss cheese,Mustard,Pickles,,,,5,3,5,1000,0,1000,0,1,999,,,,,,,,,,,,,,,
,,,,,,,,,,,,,68662,2020-02-26_15h28.07.588,SandwichStudy,3.2.4,MacIntel,60,"[""space""]",[0.3019998073577881],1,0,80,28,1,79,Chicken,Mozzarella cheese,Tomatoes,Pesto,Spinach,,,,Roast beef,Turkey,Pastrami,Mayonnaise,Provolone cheese,,,,5,5,5,1000,0,1000,0,1,999,,,,,,,,,,,,,,,
,,,,,,,,,,,,,68662,2020-02-26_15h28.07.588,SandwichStudy,3.2.4,MacIntel,60,"[""space""]",[0.19299983978271484],1,0,80,28,1,79,Chicken,Mozzarella cheese,Tomatoes,Pesto,Spinach,,,,Roast beef,Turkey,Pastrami,Mayonnaise,Provolone cheese,,,,5,5,5,1000,0,1000,0,1,999,,,,,,,,,,,,,,,
,,,,,,,,,,,,,68662,2020-02-26_15h28.07.588,SandwichStudy,3.2.4,MacIntel,60,"[""space""]",[0.6959998607635498],1,0,80,28,1,79,Chicken,Mozzarella cheese,Tomatoes,Pesto,Spinach,,,,Roast beef,Turkey,Pastrami,Mayonnaise,Provolone cheese,,,,5,5,5,1000,0,1000,0,1,999,,,,,,,,,,,,,,,
,,,,,,,,,,,,,68662,2020-02-26_15h28.07.588,SandwichStudy,3.2.4,MacIntel,60,"[""space""]",[1.0349998474121094],1,0,80,28,1,79,Chicken,Mozzarella cheese,Tomatoes,Pesto,Spinach,,,,Roast beef,Turkey,Pastrami,Mayonnaise,Provolone cheese,,,,5,5,5,1000,0,1000,0,1,999,,,,,,,,,,,,,,,
,,,,,,,,,,,,,68662,2020-02-26_15h28.07.588,SandwichStudy,3.2.4,MacIntel,60,"[""a""]",[0.31799983978271484],1,0,80,28,1,79,Chicken,Mozzarella cheese,Tomatoes,Pesto,Spinach,,,,Roast beef,Turkey,Pastrami,Mayonnaise,Provolone cheese,,,,5,5,5,1000,0,1000,0,1,999,,,,,,,,,,,,,,,
,,,,,,,,,,,,,68662,2020-02-26_15h28.07.588,SandwichStudy,3.2.4,MacIntel,60,"[""space""]",[0.12199974060058594],1,0,80,66,1,79,Bacon,Spinach,Tomatoes,Avocado,Mayonnaise,,,,Provolone cheese,Swiss cheese,Cheddar cheese,Parmesan cheese,Tomatoes,,,,5,5,5,1000,0,1000,0,1,999,,,,,,,,,,,,,,,
,,,,,,,,,,,,,68662,2020-02-26_15h28.07.588,SandwichStudy,3.2.4,MacIntel,60,"[""space""]",[0.1419997215270996],1,0,80,66,1,79,Bacon,Spinach,Tomatoes,Avocado,Mayonnaise,,,,Provolone cheese,Swiss cheese,Cheddar cheese,Parmesan cheese,Tomatoes,,,,5,5,5,1000,0,1000,0,1,999,,,,,,,,,,,,,,,
,,,,,,,,,,,,,68662,2020-02-26_15h28.07.588,SandwichStudy,3.2.4,MacIntel,60,"[""space""]",[0.45799994468688965],1,0,80,66,1,79,Bacon,Spinach,Tomatoes,Avocado,Mayonnaise,,,,Provolone cheese,Swiss cheese,Cheddar cheese,Parmesan cheese,Tomatoes,,,,5,5,5,1000,0,1000,0,1,999,,,,,,,,,,,,,,,
,,,,,,,,,,,,,68662,2020-02-26_15h28.07.588,SandwichStudy,3.2.4,MacIntel,60,"[""space""]",[0.252000093460083],1,0,80,66,1,79,Bacon,Spinach,Tomatoes,Avocado,Mayonnaise,,,,Provolone cheese,Swiss cheese,Cheddar cheese,Parmesan cheese,Tomatoes,,,,5,5,5,1000,0,1000,0,1,999,,,,,,,,,,,,,,,
,,,,,,,,,,,,,68662,2020-02-26_15h28.07.588,SandwichStudy,3.2.4,MacIntel,60,"[""a""]",[0.7559998035430908],1,0,80,66,1,79,Bacon,Spinach,Tomatoes,Avocado,Mayonnaise,,,,Provolone cheese,Swiss cheese,Cheddar cheese,Parmesan cheese,Tomatoes,,,,5,5,5,1000,0,1000,0,1,999,,,,,,,,,,,,,,,
,,,,,,,,,,,,,68662,2020-02-26_15h28.07.588,SandwichStudy,3.2.4,MacIntel,60,"[""l""]",[0.8420000076293945],1,0,80,74,1,79,Mushrooms,Swiss cheese,Provolone cheese,Cheddar cheese,Lettuce,Tomatoes,,,Roast beef,Pastrami,Swiss cheese,Mustard,,,,,6,6,4,1000,0,1000,0,1,999,,,,,,,,,,,,,,,
,,,,,,,,,,,,,68662,2020-02-26_15h28.07.588,SandwichStudy,3.2.4,MacIntel,60,"[""space""]",[0.3509998321533203],1,0,80,69,1,79,Chicken,Garlic aioli,Pickles,Cucumbers,Jalapenos,Basil,,,Chicken,Bacon,Cheddar cheese,Swiss cheese,Spinach,Tomatoes,Mayonnaise,Mustard,8,6,8,1000,0,1000,0,1,999,,,,,,,,,,,,,,,
,,,,,,,,,,,,,68662,2020-02-26_15h28.07.588,SandwichStudy,3.2.4,MacIntel,60,"[""space""]",[0.7070000171661377],1,0,80,69,1,79,Chicken,Garlic aioli,Pickles,Cucumbers,Jalapenos,Basil,,,Chicken,Bacon,Cheddar cheese,Swiss cheese,Spinach,Tomatoes,Mayonnaise,Mustard,8,6,8,1000,0,1000,0,1,999,,,,,,,,,,,,,,,
,,,,,,,,,,,,,68662,2020-02-26_15h28.07.588,SandwichStudy,3.2.4,MacIntel,60,"[""space""]",[0.1400001049041748],1,0,80,69,1,79,Chicken,Garlic aioli,Pickles,Cucumbers,Jalapenos,Basil,,,Chicken,Bacon,Cheddar cheese,Swiss cheese,Spinach,Tomatoes,Mayonnaise,Mustard,8,6,8,1000,0,1000,0,1,999,,,,,,,,,,,,,,,
,,,,,,,,,,,,,68662,2020-02-26_15h28.07.588,SandwichStudy,3.2.4,MacIntel,60,"[""space""]",[0.15599989891052246],1,0,80,69,1,79,Chicken,Garlic aioli,Pickles,Cucumbers,Jalapenos,Basil,,,Chicken,Bacon,Cheddar cheese,Swiss cheese,Spinach,Tomatoes,Mayonnaise,Mustard,8,6,8,1000,0,1000,0,1,999,,,,,,,,,,,,,,,
,,,,,,,,,,,,,68662,2020-02-26_15h28.07.588,SandwichStudy,3.2.4,MacIntel,60,"[""space""]",[0.042999982833862305],1,0,80,69,1,79,Chicken,Garlic aioli,Pickles,Cucumbers,Jalapenos,Basil,,,Chicken,Bacon,Cheddar cheese,Swiss cheese,Spinach,Tomatoes,Mayonnaise,Mustard,8,6,8,1000,0,1000,0,1,999,,,,,,,,,,,,,,,
,,,,,,,,,,,,,68662,2020-02-26_15h28.07.588,SandwichStudy,3.2.4,MacIntel,60,"[""a""]",[0.35199975967407227],1,0,80,69,1,79,Chicken,Garlic aioli,Pickles,Cucumbers,Jalapenos,Basil,,,Chicken,Bacon,Cheddar cheese,Swiss cheese,Spinach,Tomatoes,Mayonnaise,Mustard,8,6,8,1000,0,1000,0,1,999,,,,,,,,,,,,,,,
,,,,,,,,,,,,,68662,2020-02-26_15h28.07.588,SandwichStudy,3.2.4,MacIntel,60,"[""space""]",[0.0710000991821289],1,0,80,68,1,79,Tomatoes,Mozzarella cheese,Spinach,Pesto,,,,,Steak,Bacon,American cheese,Tomatoes,Onions,Pickles,,,6,4,6,1000,0,1000,0,1,999,,,,,,,,,,,,,,,
,,,,,,,,,,,,,68662,2020-02-26_15h28.07.588,SandwichStudy,3.2.4,MacIntel,60,"[""space""]",[1.500999927520752],1,0,80,68,1,79,Tomatoes,Mozzarella cheese,Spinach,Pesto,,,,,Steak,Bacon,American cheese,Tomatoes,Onions,Pickles,,,6,4,6,1000,0,1000,0,1,999,,,,,,,,,,,,,,,
,,,,,,,,,,,,,68662,2020-02-26_15h28.07.588,SandwichStudy,3.2.4,MacIntel,60,"[""space""]",[0.8480000495910645],1,0,80,68,1,79,Tomatoes,Mozzarella cheese,Spinach,Pesto,,,,,Steak,Bacon,American cheese,Tomatoes,Onions,Pickles,,,6,4,6,1000,0,1000,0,1,999,,,,,,,,,,,,,,,
,,,,,,,,,,,,,68662,2020-02-26_15h28.07.588,SandwichStudy,3.2.4,MacIntel,60,"[""space""]",[0.3680000305175781],1,0,80,68,1,79,Tomatoes,Mozzarella cheese,Spinach,Pesto,,,,,Steak,Bacon,American cheese,Tomatoes,Onions,Pickles,,,6,4,6,1000,0,1000,0,1,999,,,,,,,,,,,,,,,
,,,,,,,,,,,,,68662,2020-02-26_15h28.07.588,SandwichStudy,3.2.4,MacIntel,60,"[""a""]",[0.9009997844696045],1,0,80,68,1,79,Tomatoes,Mozzarella cheese,Spinach,Pesto,,,,,Steak,Bacon,American cheese,Tomatoes,Onions,Pickles,,,6,4,6,1000,0,1000,0,1,999,,,,,,,,,,,,,,,
,,,,,,,,,,,,,68662,2020-02-26_15h28.07.588,SandwichStudy,3.2.4,MacIntel,60,"[""space""]",[0.017999887466430664],1,0,80,15,1,79,Pork,Cucumbers,Pickles,Jalapenos,Basil,Mayonnaise,,,Roast beef,Pastrami,Swiss cheese,Mustard,,,,,6,6,4,1000,0,1000,0,1,999,,,,,,,,,,,,,,,
,,,,,,,,,,,,,68662,2020-02-26_15h28.07.588,SandwichStudy,3.2.4,MacIntel,60,"[""l""]",[2.434999942779541],1,0,80,15,1,79,Pork,Cucumbers,Pickles,Jalapenos,Basil,Mayonnaise,,,Roast beef,Pastrami,Swiss cheese,Mustard,,,,,6,6,4,1000,0,1000,0,1,999,,,,,,,,,,,,,,,
,,,,,,,,,,,,,68662,2020-02-26_15h28.07.588,SandwichStudy,3.2.4,MacIntel,60,"[""space""]",[0.27899980545043945],1,0,80,22,1,79,Bacon,Lettuce,Tomatoes,Garlic aioli,Avocado,,,,Ham,Swiss cheese,Spinach,Mustard,,,,,5,5,4,1000,0,1000,0,1,999,,,,,,,,,,,,,,,
,,,,,,,,,,,,,68662,2020-02-26_15h28.07.588,SandwichStudy,3.2.4,MacIntel,60,"[""space""]",[0.031000137329101562],1,0,80,22,1,79,Bacon,Lettuce,Tomatoes,Garlic aioli,Avocado,,,,Ham,Swiss cheese,Spinach,Mustard,,,,,5,5,4,1000,0,1000,0,1,999,,,,,,,,,,,,,,,
,,,,,,,,,,,,,68662,2020-02-26_15h28.07.588,SandwichStudy,3.2.4,MacIntel,60,"[""space""]",[1.1029999256134033],1,0,80,22,1,79,Bacon,Lettuce,Tomatoes,Garlic aioli,Avocado,,,,Ham,Swiss cheese,Spinach,Mustard,,,,,5,5,4,1000,0,1000,0,1,999,,,,,,,,,,,,,,,
,,,,,,,,,,,,,68662,2020-02-26_15h28.07.588,SandwichStudy,3.2.4,MacIntel,60,"[""space""]",[0.18399977684020996],1,0,80,22,1,79,Bacon,Lettuce,Tomatoes,Garlic aioli,Avocado,,,,Ham,Swiss cheese,Spinach,Mustard,,,,,5,5,4,1000,0,1000,0,1,999,,,,,,,,,,,,,,,
,,,,,,,,,,,,,68662,2020-02-26_15h28.07.588,SandwichStudy,3.2.4,MacIntel,60,"[""a""]",[0.25099992752075195],1,0,80,22,1,79,Bacon,Lettuce,Tomatoes,Garlic aioli,Avocado,,,,Ham,Swiss cheese,Spinach,Mustard,,,,,5,5,4,1000,0,1000,0,1,999,,,,,,,,,,,,,,,
,,,,,,,,,,,,,68662,2020-02-26_15h28.07.588,SandwichStudy,3.2.4,MacIntel,60,"[""space""]",[0.2069997787475586],1,0,80,79,1,79,Salami,Roast beef,Turkey,Ham,Swiss cheese,Lettuce,Tomatoes,Mayonnaise,Turkey,Cheddar cheese,Mayonnaise,,,,,,8,8,3,1000,0,1000,0,1,999,,,,,,,,,,,,,,,
,,,,,,,,,,,,,68662,2020-02-26_15h28.07.588,SandwichStudy,3.2.4,MacIntel,60,"[""space""]",[0.4309999942779541],1,0,80,79,1,79,Salami,Roast beef,Turkey,Ham,Swiss cheese,Lettuce,Tomatoes,Mayonnaise,Turkey,Cheddar cheese,Mayonnaise,,,,,,8,8,3,1000,0,1000,0,1,999,,,,,,,,,,,,,,,
,,,,,,,,,,,,,68662,2020-02-26_15h28.07.588,SandwichStudy,3.2.4,MacIntel,60,"[""space""]",[0.35699987411499023],1,0,80,79,1,79,Salami,Roast beef,Turkey,Ham,Swiss cheese,Lettuce,Tomatoes,Mayonnaise,Turkey,Cheddar cheese,Mayonnaise,,,,,,8,8,3,1000,0,1000,0,1,999,,,,,,,,,,,,,,,
,,,,,,,,,,,,,68662,2020-02-26_15h28.07.588,SandwichStudy,3.2.4,MacIntel,60,"[""a""]",[0.40199995040893555],1,0,80,79,1,79,Salami,Roast beef,Turkey,Ham,Swiss cheese,Lettuce,Tomatoes,Mayonnaise,Turkey,Cheddar cheese,Mayonnaise,,,,,,8,8,3,1000,0,1000,0,1,999,,,,,,,,,,,,,,,
,,,,,,,,,,,,,68662,2020-02-26_15h28.07.588,SandwichStudy,3.2.4,MacIntel,60,"[""space""]",[0.15399980545043945],1,0,80,26,1,79,Turkey,Avocado,Mayonnaise,,,,,,Chicken,Mozzarella cheese,Tomatoes,Onions,Basil,Mayonnaise,,,6,3,6,1000,0,1000,0,1,999,,,,,,,,,,,,,,,
,,,,,,,,,,,,,68662,2020-02-26_15h28.07.588,SandwichStudy,3.2.4,MacIntel,60,"[""space""]",[0.43399977684020996],1,0,80,26,1,79,Turkey,Avocado,Mayonnaise,,,,,,Chicken,Mozzarella cheese,Tomatoes,Onions,Basil,Mayonnaise,,,6,3,6,1000,0,1000,0,1,999,,,,,,,,,,,,,,,
,,,,,,,,,,,,,68662,2020-02-26_15h28.07.588,SandwichStudy,3.2.4,MacIntel,60,"[""space""]",[1.3969998359680176],1,0,80,26,1,79,Turkey,Avocado,Mayonnaise,,,,,,Chicken,Mozzarella cheese,Tomatoes,Onions,Basil,Mayonnaise,,,6,3,6,1000,0,1000,0,1,999,,,,,,,,,,,,,,,
,,,,,,,,,,,,,68662,2020-02-26_15h28.07.588,SandwichStudy,3.2.4,MacIntel,60,"[""l""]",[0.5839998722076416],1,0,80,26,1,79,Turkey,Avocado,Mayonnaise,,,,,,Chicken,Mozzarella cheese,Tomatoes,Onions,Basil,Mayonnaise,,,6,3,6,1000,0,1000,0,1,999,,,,,,,,,,,,,,,
,,,,,,,,,,,,,68662,2020-02-26_15h28.07.588,SandwichStudy,3.2.4,MacIntel,60,"[""space""]",[0.12399983406066895],1,0,80,21,1,79,Chicken,Ham,Cheddar cheese,Mayonnaise,,,,,Turkey,Bacon,Avocado,Provolone cheese,Lettuce,Tomatoes,Onions,Ranch dressing,8,4,8,1000,0,1000,0,1,999,,,,,,,,,,,,,,,
,,,,,,,,,,,,,68662,2020-02-26_15h28.07.588,SandwichStudy,3.2.4,MacIntel,60,"[""space""]",[0.3689999580383301],1,0,80,21,1,79,Chicken,Ham,Cheddar cheese,Mayonnaise,,,,,Turkey,Bacon,Avocado,Provolone cheese,Lettuce,Tomatoes,Onions,Ranch dressing,8,4,8,1000,0,1000,0,1,999,,,,,,,,,,,,,,,
,,,,,,,,,,,,,68662,2020-02-26_15h28.07.588,SandwichStudy,3.2.4,MacIntel,60,"[""space""]",[1.503000020980835],1,0,80,21,1,79,Chicken,Ham,Cheddar cheese,Mayonnaise,,,,,Turkey,Bacon,Avocado,Provolone cheese,Lettuce,Tomatoes,Onions,Ranch dressing,8,4,8,1000,0,1000,0,1,999,,,,,,,,,,,,,,,
,,,,,,,,,,,,,68662,2020-02-26_15h28.07.588,SandwichStudy,3.2.4,MacIntel,60,"[""space""]",[0.4219999313354492],1,0,80,21,1,79,Chicken,Ham,Cheddar cheese,Mayonnaise,,,,,Turkey,Bacon,Avocado,Provolone cheese,Lettuce,Tomatoes,Onions,Ranch dressing,8,4,8,1000,0,1000,0,1,999,,,,,,,,,,,,,,,
,,,,,,,,,,,,,68662,2020-02-26_15h28.07.588,SandwichStudy,3.2.4,MacIntel,60,"[""space""]",[0.2709999084472656],1,0,80,21,1,79,Chicken,Ham,Cheddar cheese,Mayonnaise,,,,,Turkey,Bacon,Avocado,Provolone cheese,Lettuce,Tomatoes,Onions,Ranch dressing,8,4,8,1000,0,1000,0,1,999,,,,,,,,,,,,,,,
,,,,,,,,,,,,,68662,2020-02-26_15h28.07.588,SandwichStudy,3.2.4,MacIntel,60,"[""l""]",[0.4679999351501465],1,0,80,21,1,79,Chicken,Ham,Cheddar cheese,Mayonnaise,,,,,Turkey,Bacon,Avocado,Provolone cheese,Lettuce,Tomatoes,Onions,Ranch dressing,8,4,8,1000,0,1000,0,1,999,,,,,,,,,,,,,,,
,,,,,,,,,,,,,68662,2020-02-26_15h28.07.588,SandwichStudy,3.2.4,MacIntel,60,"[""space""]",[0.07299995422363281],1,0,80,52,1,79,Cheddar cheese,Avocado,Onions,Tomatoes,Mayonnaise,,,,Bacon,Ham,Turkey,Mayonnaise,Cheddar cheese,Tomatoes,Spinach,Swiss cheese,8,5,8,1000,0,1000,0,1,999,,,,,,,,,,,,,,,
,,,,,,,,,,,,,68662,2020-02-26_15h28.07.588,SandwichStudy,3.2.4,MacIntel,60,"[""space""]",[1.3010001182556152],1,0,80,52,1,79,Cheddar cheese,Avocado,Onions,Tomatoes,Mayonnaise,,,,Bacon,Ham,Turkey,Mayonnaise,Cheddar cheese,Tomatoes,Spinach,Swiss cheese,8,5,8,1000,0,1000,0,1,999,,,,,,,,,,,,,,,
,,,,,,,,,,,,,68662,2020-02-26_15h28.07.588,SandwichStudy,3.2.4,MacIntel,60,"[""l""]",[0.20199990272521973],1,0,80,52,1,79,Cheddar cheese,Avocado,Onions,Tomatoes,Mayonnaise,,,,Bacon,Ham,Turkey,Mayonnaise,Cheddar cheese,Tomatoes,Spinach,Swiss cheese,8,5,8,1000,0,1000,0,1,999,,,,,,,,,,,,,,,
,,,,,,,,,,,,,68662,2020-02-26_15h28.07.588,SandwichStudy,3.2.4,MacIntel,60,"[""space""]",[0.39499998092651367],1,0,80,38,1,79,Steak,Turkey,Ham,Cheddar cheese,Olives,Lettuce,Tomatoes,Onions,Chicken,Swiss cheese,Lettuce,Tomatoes,Onions,,,,8,8,5,1000,0,1000,0,1,999,,,,,,,,,,,,,,,
,,,,,,,,,,,,,68662,2020-02-26_15h28.07.588,SandwichStudy,3.2.4,MacIntel,60,"[""space""]",[0.2689998149871826],1,0,80,38,1,79,Steak,Turkey,Ham,Cheddar cheese,Olives,Lettuce,Tomatoes,Onions,Chicken,Swiss cheese,Lettuce,Tomatoes,Onions,,,,8,8,5,1000,0,1000,0,1,999,,,,,,,,,,,,,,,
,,,,,,,,,,,,,68662,2020-02-26_15h28.07.588,SandwichStudy,3.2.4,MacIntel,60,"[""space""]",[0.3580000400543213],1,0,80,38,1,79,Steak,Turkey,Ham,Cheddar cheese,Olives,Lettuce,Tomatoes,Onions,Chicken,Swiss cheese,Lettuce,Tomatoes,Onions,,,,8,8,5,1000,0,1000,0,1,999,,,,,,,,,,,,,,,
,,,,,,,,,,,,,68662,2020-02-26_15h28.07.588,SandwichStudy,3.2.4,MacIntel,60,"[""space""]",[0.6169998645782471],1,0,80,38,1,79,Steak,Turkey,Ham,Cheddar cheese,Olives,Lettuce,Tomatoes,Onions,Chicken,Swiss cheese,Lettuce,Tomatoes,Onions,,,,8,8,5,1000,0,1000,0,1,999,,,,,,,,,,,,,,,
,,,,,,,,,,,,,68662,2020-02-26_15h28.07.588,SandwichStudy,3.2.4,MacIntel,60,"[""space""]",[0.7849998474121094],1,0,80,38,1,79,Steak,Turkey,Ham,Cheddar cheese,Olives,Lettuce,Tomatoes,Onions,Chicken,Swiss cheese,Lettuce,Tomatoes,Onions,,,,8,8,5,1000,0,1000,0,1,999,,,,,,,,,,,,,,,
,,,,,,,,,,,,,68662,2020-02-26_15h28.07.588,SandwichStudy,3.2.4,MacIntel,60,"[""a""]",[1.056999921798706],1,0,80,38,1,79,Steak,Turkey,Ham,Cheddar cheese,Olives,Lettuce,Tomatoes,Onions,Chicken,Swiss cheese,Lettuce,Tomatoes,Onions,,,,8,8,5,1000,0,1000,0,1,999,,,,,,,,,,,,,,,
,,,,,,,,,,,,,68662,2020-02-26_15h28.07.588,SandwichStudy,3.2.4,MacIntel,60,"[""space""]",[0.1770000457763672],1,0,80,55,1,79,Roast beef,Turkey,Pastrami,Mayonnaise,Provolone cheese,,,,Ham,Swiss cheese,Spinach,Mustard,,,,,5,5,4,1000,0,1000,0,1,999,,,,,,,,,,,,,,,
,,,,,,,,,,,,,68662,2020-02-26_15h28.07.588,SandwichStudy,3.2.4,MacIntel,60,"[""space""]",[0.08799982070922852],1,0,80,55,1,79,Roast beef,Turkey,Pastrami,Mayonnaise,Provolone cheese,,,,Ham,Swiss cheese,Spinach,Mustard,,,,,5,5,4,1000,0,1000,0,1,999,,,,,,,,,,,,,,,
,,,,,,,,,,,,,68662,2020-02-26_15h28.07.588,SandwichStudy,3.2.4,MacIntel,60,"[""space""]",[0.5720000267028809],1,0,80,55,1,79,Roast beef,Turkey,Pastrami,Mayonnaise,Provolone cheese,,,,Ham,Swiss cheese,Spinach,Mustard,,,,,5,5,4,1000,0,1000,0,1,999,,,,,,,,,,,,,,,
,,,,,,,,,,,,,68662,2020-02-26_15h28.07.588,SandwichStudy,3.2.4,MacIntel,60,"[""space""]",[1.0269999504089355],1,0,80,55,1,79,Roast beef,Turkey,Pastrami,Mayonnaise,Provolone cheese,,,,Ham,Swiss cheese,Spinach,Mustard,,,,,5,5,4,1000,0,1000,0,1,999,,,,,,,,,,,,,,,
,,,,,,,,,,,,,68662,2020-02-26_15h28.07.588,SandwichStudy,3.2.4,MacIntel,60,"[""l""]",[0.6510000228881836],1,0,80,55,1,79,Roast beef,Turkey,Pastrami,Mayonnaise,Provolone cheese,,,,Ham,Swiss cheese,Spinach,Mustard,,,,,5,5,4,1000,0,1000,0,1,999,,,,,,,,,,,,,,,
,,,,,,,,,,,,,68662,2020-02-26_15h28.07.588,SandwichStudy,3.2.4,MacIntel,60,"[""space""]",[0.18499994277954102],1,0,80,73,1,79,Turkey,Avocado,Bacon,Garlic aioli,Tomatoes,Spinach,Onions,,Tuna,Lettuce,Tomatoes,Mayonnaise,,,,,7,7,4,1000,0,1000,0,1,999,,,,,,,,,,,,,,,
,,,,,,,,,,,,,68662,2020-02-26_15h28.07.588,SandwichStudy,3.2.4,MacIntel,60,"[""space""]",[0.434999942779541],1,0,80,73,1,79,Turkey,Avocado,Bacon,Garlic aioli,Tomatoes,Spinach,Onions,,Tuna,Lettuce,Tomatoes,Mayonnaise,,,,,7,7,4,1000,0,1000,0,1,999,,,,,,,,,,,,,,,
,,,,,,,,,,,,,68662,2020-02-26_15h28.07.588,SandwichStudy,3.2.4,MacIntel,60,"[""space""]",[0.7769999504089355],1,0,80,73,1,79,Turkey,Avocado,Bacon,Garlic aioli,Tomatoes,Spinach,Onions,,Tuna,Lettuce,Tomatoes,Mayonnaise,,,,,7,7,4,1000,0,1000,0,1,999,,,,,,,,,,,,,,,
,,,,,,,,,,,,,68662,2020-02-26_15h28.07.588,SandwichStudy,3.2.4,MacIntel,60,"[""a""]",[1.7200000286102295],1,0,80,73,1,79,Turkey,Avocado,Bacon,Garlic aioli,Tomatoes,Spinach,Onions,,Tuna,Lettuce,Tomatoes,Mayonnaise,,,,,7,7,4,1000,0,1000,0,1,999,,,,,,,,,,,,,,,
,,,,,,,,,,,,,68662,2020-02-26_15h28.07.588,SandwichStudy,3.2.4,MacIntel,60,"[""space""]",[0.11999988555908203],1,0,80,56,1,79,Turkey,Salami,Cheddar cheese,Mayonnaise,,,,,Turkey,Bacon,Avocado,Provolone cheese,Lettuce,Tomatoes,Onions,Ranch dressing,8,4,8,1000,0,1000,0,1,999,,,,,,,,,,,,,,,
,,,,,,,,,,,,,68662,2020-02-26_15h28.07.588,SandwichStudy,3.2.4,MacIntel,60,"[""space""]",[0.1249997615814209],1,0,80,56,1,79,Turkey,Salami,Cheddar cheese,Mayonnaise,,,,,Turkey,Bacon,Avocado,Provolone cheese,Lettuce,Tomatoes,Onions,Ranch dressing,8,4,8,1000,0,1000,0,1,999,,,,,,,,,,,,,,,
,,,,,,,,,,,,,68662,2020-02-26_15h28.07.588,SandwichStudy,3.2.4,MacIntel,60,"[""space""]",[0.32399988174438477],1,0,80,56,1,79,Turkey,Salami,Cheddar cheese,Mayonnaise,,,,,Turkey,Bacon,Avocado,Provolone cheese,Lettuce,Tomatoes,Onions,Ranch dressing,8,4,8,1000,0,1000,0,1,999,,,,,,,,,,,,,,,
,,,,,,,,,,,,,68662,2020-02-26_15h28.07.588,SandwichStudy,3.2.4,MacIntel,60,"[""a""]",[0.1380000114440918],1,0,80,56,1,79,Turkey,Salami,Cheddar cheese,Mayonnaise,,,,,Turkey,Bacon,Avocado,Provolone cheese,Lettuce,Tomatoes,Onions,Ranch dressing,8,4,8,1000,0,1000,0,1,999,,,,,,,,,,,,,,,
,,,,,,,,,,,,,68662,2020-02-26_15h28.07.588,SandwichStudy,3.2.4,MacIntel,60,"[""space""]",[0.1509997844696045],1,0,80,60,1,79,Chicken,Swiss cheese,Lettuce,Tomatoes,Onions,,,,Chicken,Cheddar cheese,Lettuce,Garlic aioli,Swiss cheese,Tomatoes,,,6,5,6,1000,0,1000,0,1,999,,,,,,,,,,,,,,,
,,,,,,,,,,,,,68662,2020-02-26_15h28.07.588,SandwichStudy,3.2.4,MacIntel,60,"[""space""]",[0.3039999008178711],1,0,80,60,1,79,Chicken,Swiss cheese,Lettuce,Tomatoes,Onions,,,,Chicken,Cheddar cheese,Lettuce,Garlic aioli,Swiss cheese,Tomatoes,,,6,5,6,1000,0,1000,0,1,999,,,,,,,,,,,,,,,
,,,,,,,,,,,,,68662,2020-02-26_15h28.07.588,SandwichStudy,3.2.4,MacIntel,60,"[""space""]",[0.5510001182556152],1,0,80,60,1,79,Chicken,Swiss cheese,Lettuce,Tomatoes,Onions,,,,Chicken,Cheddar cheese,Lettuce,Garlic aioli,Swiss cheese,Tomatoes,,,6,5,6,1000,0,1000,0,1,999,,,,,,,,,,,,,,,
,,,,,,,,,,,,,68662,2020-02-26_15h28.07.588,SandwichStudy,3.2.4,MacIntel,60,"[""space""]",[0.625999927520752],1,0,80,60,1,79,Chicken,Swiss cheese,Lettuce,Tomatoes,Onions,,,,Chicken,Cheddar cheese,Lettuce,Garlic aioli,Swiss cheese,Tomatoes,,,6,5,6,1000,0,1000,0,1,999,,,,,,,,,,,,,,,
,,,,,,,,,,,,,68662,2020-02-26_15h28.07.588,SandwichStudy,3.2.4,MacIntel,60,"[""space""]",[0.06799983978271484],1,0,80,60,1,79,Chicken,Swiss cheese,Lettuce,Tomatoes,Onions,,,,Chicken,Cheddar cheese,Lettuce,Garlic aioli,Swiss cheese,Tomatoes,,,6,5,6,1000,0,1000,0,1,999,,,,,,,,,,,,,,,
,,,,,,,,,,,,,68662,2020-02-26_15h28.07.588,SandwichStudy,3.2.4,MacIntel,60,"[""a""]",[0.002000093460083008],1,0,80,60,1,79,Chicken,Swiss cheese,Lettuce,Tomatoes,Onions,,,,Chicken,Cheddar cheese,Lettuce,Garlic aioli,Swiss cheese,Tomatoes,,,6,5,6,1000,0,1000,0,1,999,,,,,,,,,,,,,,,
,,,,,,,,,,,,,68662,2020-02-26_15h28.07.588,SandwichStudy,3.2.4,MacIntel,60,"[""space""]",[0.26800012588500977],1,0,80,33,1,79,Bacon,Ham,Turkey,Mayonnaise,Mustard,Cheddar cheese,Tomatoes,Spinach,Turkey,Avocado,Bacon,Garlic aioli,Tomatoes,Spinach,Onions,,8,8,7,1000,0,1000,0,1,999,,,,,,,,,,,,,,,
,,,,,,,,,,,,,68662,2020-02-26_15h28.07.588,SandwichStudy,3.2.4,MacIntel,60,"[""space""]",[0.1099998950958252],1,0,80,33,1,79,Bacon,Ham,Turkey,Mayonnaise,Mustard,Cheddar cheese,Tomatoes,Spinach,Turkey,Avocado,Bacon,Garlic aioli,Tomatoes,Spinach,Onions,,8,8,7,1000,0,1000,0,1,999,,,,,,,,,,,,,,,
,,,,,,,,,,,,,68662,2020-02-26_15h28.07.588,SandwichStudy,3.2.4,MacIntel,60,"[""space""]",[1.5899999141693115],1,0,80,33,1,79,Bacon,Ham,Turkey,Mayonnaise,Mustard,Cheddar cheese,Tomatoes,Spinach,Turkey,Avocado,Bacon,Garlic aioli,Tomatoes,Spinach,Onions,,8,8,7,1000,0,1000,0,1,999,,,,,,,,,,,,,,,
,,,,,,,,,,,,,68662,2020-02-26_15h28.07.588,SandwichStudy,3.2.4,MacIntel,60,"[""space""]",[0.15700006484985352],1,0,80,33,1,79,Bacon,Ham,Turkey,Mayonnaise,Mustard,Cheddar cheese,Tomatoes,Spinach,Turkey,Avocado,Bacon,Garlic aioli,Tomatoes,Spinach,Onions,,8,8,7,1000,0,1000,0,1,999,,,,,,,,,,,,,,,
,,,,,,,,,,,,,68662,2020-02-26_15h28.07.588,SandwichStudy,3.2.4,MacIntel,60,"[""space""]",[0.10299992561340332],1,0,80,33,1,79,Bacon,Ham,Turkey,Mayonnaise,Mustard,Cheddar cheese,Tomatoes,Spinach,Turkey,Avocado,Bacon,Garlic aioli,Tomatoes,Spinach,Onions,,8,8,7,1000,0,1000,0,1,999,,,,,,,,,,,,,,,
,,,,,,,,,,,,,68662,2020-02-26_15h28.07.588,SandwichStudy,3.2.4,MacIntel,60,"[""space""]",[0.056999921798706055],1,0,80,33,1,79,Bacon,Ham,Turkey,Mayonnaise,Mustard,Cheddar cheese,Tomatoes,Spinach,Turkey,Avocado,Bacon,Garlic aioli,Tomatoes,Spinach,Onions,,8,8,7,1000,0,1000,0,1,999,,,,,,,,,,,,,,,
,,,,,,,,,,,,,68662,2020-02-26_15h28.07.588,SandwichStudy,3.2.4,MacIntel,60,"[""space""]",[1.1359999179840088],1,0,80,33,1,79,Bacon,Ham,Turkey,Mayonnaise,Mustard,Cheddar cheese,Tomatoes,Spinach,Turkey,Avocado,Bacon,Garlic aioli,Tomatoes,Spinach,Onions,,8,8,7,1000,0,1000,0,1,999,,,,,,,,,,,,,,,
,,,,,,,,,,,,,68662,2020-02-26_15h28.07.588,SandwichStudy,3.2.4,MacIntel,60,"[""l""]",[0.31800007820129395],1,0,80,33,1,79,Bacon,Ham,Turkey,Mayonnaise,Mustard,Cheddar cheese,Tomatoes,Spinach,Turkey,Avocado,Bacon,Garlic aioli,Tomatoes,Spinach,Onions,,8,8,7,1000,0,1000,0,1,999,,,,,,,,,,,,,,,
,,,,,,,,,,,,,68662,2020-02-26_15h28.07.588,SandwichStudy,3.2.4,MacIntel,60,"[""space""]",[0.14399981498718262],1,0,80,9,1,79,Bacon,Turkey,Pepper jack cheese,Mustard,,,,,Bacon,Spinach,Tomatoes,Avocado,Mayonnaise,,,,5,4,5,1000,0,1000,0,1,999,,,,,,,,,,,,,,,
,,,,,,,,,,,,,68662,2020-02-26_15h28.07.588,SandwichStudy,3.2.4,MacIntel,60,"[""space""]",[0.2689998149871826],1,0,80,9,1,79,Bacon,Turkey,Pepper jack cheese,Mustard,,,,,Bacon,Spinach,Tomatoes,Avocado,Mayonnaise,,,,5,4,5,1000,0,1000,0,1,999,,,,,,,,,,,,,,,
,,,,,,,,,,,,,68662,2020-02-26_15h28.07.588,SandwichStudy,3.2.4,MacIntel,60,"[""space""]",[0.4029998779296875],1,0,80,9,1,79,Bacon,Turkey,Pepper jack cheese,Mustard,,,,,Bacon,Spinach,Tomatoes,Avocado,Mayonnaise,,,,5,4,5,1000,0,1000,0,1,999,,,,,,,,,,,,,,,
,,,,,,,,,,,,,68662,2020-02-26_15h28.07.588,SandwichStudy,3.2.4,MacIntel,60,"[""space""]",[0.15799975395202637],1,0,80,9,1,79,Bacon,Turkey,Pepper jack cheese,Mustard,,,,,Bacon,Spinach,Tomatoes,Avocado,Mayonnaise,,,,5,4,5,1000,0,1000,0,1,999,,,,,,,,,,,,,,,
,,,,,,,,,,,,,68662,2020-02-26_15h28.07.588,SandwichStudy,3.2.4,MacIntel,60,"[""l""]",[2.9079997539520264],1,0,80,9,1,79,Bacon,Turkey,Pepper jack cheese,Mustard,,,,,Bacon,Spinach,Tomatoes,Avocado,Mayonnaise,,,,5,4,5,1000,0,1000,0,1,999,,,,,,,,,,,,,,,
,,,,,,,,,,,,,68662,2020-02-26_15h28.07.588,SandwichStudy,3.2.4,MacIntel,60,"[""space""]",[0.025999784469604492],1,0,80,40,1,79,Pork,Ham,Swiss cheese,Pickles,Mustard,,,,Steak,Turkey,Ham,Cheddar cheese,Olives,Lettuce,Tomatoes,Onions,8,5,8,1000,0,1000,0,1,999,,,,,,,,,,,,,,,
,,,,,,,,,,,,,68662,2020-02-26_15h28.07.588,SandwichStudy,3.2.4,MacIntel,60,"[""space""]",[0.35199999809265137],1,0,80,40,1,79,Pork,Ham,Swiss cheese,Pickles,Mustard,,,,Steak,Turkey,Ham,Cheddar cheese,Olives,Lettuce,Tomatoes,Onions,8,5,8,1000,0,1000,0,1,999,,,,,,,,,,,,,,,
,,,,,,,,,,,,,68662,2020-02-26_15h28.07.588,SandwichStudy,3.2.4,MacIntel,60,"[""space""]",[0.10099983215332031],1,0,80,40,1,79,Pork,Ham,Swiss cheese,Pickles,Mustard,,,,Steak,Turkey,Ham,Cheddar cheese,Olives,Lettuce,Tomatoes,Onions,8,5,8,1000,0,1000,0,1,999,,,,,,,,,,,,,,,
,,,,,,,,,,,,,68662,2020-02-26_15h28.07.588,SandwichStudy,3.2.4,MacIntel,60,"[""space""]",[0.034999847412109375],1,0,80,40,1,79,Pork,Ham,Swiss cheese,Pickles,Mustard,,,,Steak,Turkey,Ham,Cheddar cheese,Olives,Lettuce,Tomatoes,Onions,8,5,8,1000,0,1000,0,1,999,,,,,,,,,,,,,,,
,,,,,,,,,,,,,68662,2020-02-26_15h28.07.588,SandwichStudy,3.2.4,MacIntel,60,"[""space""]",[0.028999805450439453],1,0,80,40,1,79,Pork,Ham,Swiss cheese,Pickles,Mustard,,,,Steak,Turkey,Ham,Cheddar cheese,Olives,Lettuce,Tomatoes,Onions,8,5,8,1000,0,1000,0,1,999,,,,,,,,,,,,,,,
,,,,,,,,,,,,,68662,2020-02-26_15h28.07.588,SandwichStudy,3.2.4,MacIntel,60,"[""l""]",[3.119999885559082],1,0,80,40,1,79,Pork,Ham,Swiss cheese,Pickles,Mustard,,,,Steak,Turkey,Ham,Cheddar cheese,Olives,Lettuce,Tomatoes,Onions,8,5,8,1000,0,1000,0,1,999,,,,,,,,,,,,,,,
,,,,,,,,,,,,,68662,2020-02-26_15h28.07.588,SandwichStudy,3.2.4,MacIntel,60,"[""space""]",[0.43599987030029297],1,0,80,42,1,79,Chicken,Bacon,Feta cheese,Bell peppers,Basil,Garlic aioli,,,Turkey,Ham,Cheddar cheese,Mayonnaise,,,,,6,6,4,1000,0,1000,0,1,999,,,,,,,,,,,,,,,
,,,,,,,,,,,,,68662,2020-02-26_15h28.07.588,SandwichStudy,3.2.4,MacIntel,60,"[""space""]",[0.26799988746643066],1,0,80,42,1,79,Chicken,Bacon,Feta cheese,Bell peppers,Basil,Garlic aioli,,,Turkey,Ham,Cheddar cheese,Mayonnaise,,,,,6,6,4,1000,0,1000,0,1,999,,,,,,,,,,,,,,,
,,,,,,,,,,,,,68662,2020-02-26_15h28.07.588,SandwichStudy,3.2.4,MacIntel,60,"[""space""]",[0.4419999122619629],1,0,80,42,1,79,Chicken,Bacon,Feta cheese,Bell peppers,Basil,Garlic aioli,,,Turkey,Ham,Cheddar cheese,Mayonnaise,,,,,6,6,4,1000,0,1000,0,1,999,,,,,,,,,,,,,,,
,,,,,,,,,,,,,68662,2020-02-26_15h28.07.588,SandwichStudy,3.2.4,MacIntel,60,"[""space""]",[1.367999792098999],1,0,80,42,1,79,Chicken,Bacon,Feta cheese,Bell peppers,Basil,Garlic aioli,,,Turkey,Ham,Cheddar cheese,Mayonnaise,,,,,6,6,4,1000,0,1000,0,1,999,,,,,,,,,,,,,,,
,,,,,,,,,,,,,68662,2020-02-26_15h28.07.588,SandwichStudy,3.2.4,MacIntel,60,"[""a""]",[0.2259998321533203],1,0,80,42,1,79,Chicken,Bacon,Feta cheese,Bell peppers,Basil,Garlic aioli,,,Turkey,Ham,Cheddar cheese,Mayonnaise,,,,,6,6,4,1000,0,1000,0,1,999,,,,,,,,,,,,,,,
,,,,,,,,,,,,,68662,2020-02-26_15h28.07.588,SandwichStudy,3.2.4,MacIntel,60,"[""space""]",[0.03500008583068848],1,0,80,37,1,79,Turkey,Ham,Cheddar cheese,Mayonnaise,,,,,Chicken,Ham,Swiss cheese,Mayonnaise,Mustard,,,,5,4,5,1000,0,1000,0,1,999,,,,,,,,,,,,,,,
,,,,,,,,,,,,,68662,2020-02-26_15h28.07.588,SandwichStudy,3.2.4,MacIntel,60,"[""space""]",[0.4010000228881836],1,0,80,37,1,79,Turkey,Ham,Cheddar cheese,Mayonnaise,,,,,Chicken,Ham,Swiss cheese,Mayonnaise,Mustard,,,,5,4,5,1000,0,1000,0,1,999,,,,,,,,,,,,,,,
,,,,,,,,,,,,,68662,2020-02-26_15h28.07.588,SandwichStudy,3.2.4,MacIntel,60,"[""space""]",[0.8589999675750732],1,0,80,37,1,79,Turkey,Ham,Cheddar cheese,Mayonnaise,,,,,Chicken,Ham,Swiss cheese,Mayonnaise,Mustard,,,,5,4,5,1000,0,1000,0,1,999,,,,,,,,,,,,,,,
,,,,,,,,,,,,,68662,2020-02-26_15h28.07.588,SandwichStudy,3.2.4,MacIntel,60,"[""space""]",[0.3900001049041748],1,0,80,37,1,79,Turkey,Ham,Cheddar cheese,Mayonnaise,,,,,Chicken,Ham,Swiss cheese,Mayonnaise,Mustard,,,,5,4,5,1000,0,1000,0,1,999,,,,,,,,,,,,,,,
,,,,,,,,,,,,,68662,2020-02-26_15h28.07.588,SandwichStudy,3.2.4,MacIntel,60,"[""l""]",[0.502000093460083],1,0,80,37,1,79,Turkey,Ham,Cheddar cheese,Mayonnaise,,,,,Chicken,Ham,Swiss cheese,Mayonnaise,Mustard,,,,5,4,5,1000,0,1000,0,1,999,,,,,,,,,,,,,,,
,,,,,,,,,,,,,68662,2020-02-26_15h28.07.588,SandwichStudy,3.2.4,MacIntel,60,"[""space""]",[0.10099983215332031],1,0,80,17,1,79,Salami,Roast beef,Turkey,Ham,Swiss cheese,Lettuce,Tomatoes,Mayonnaise,Chicken,Gouda cheese,Avocado,Basil,Bell peppers,Mayonnaise,,,8,8,6,1000,0,1000,0,1,999,,,,,,,,,,,,,,,
,,,,,,,,,,,,,68662,2020-02-26_15h28.07.588,SandwichStudy,3.2.4,MacIntel,60,"[""space""]",[0.33499979972839355],1,0,80,17,1,79,Salami,Roast beef,Turkey,Ham,Swiss cheese,Lettuce,Tomatoes,Mayonnaise,Chicken,Gouda cheese,Avocado,Basil,Bell peppers,Mayonnaise,,,8,8,6,1000,0,1000,0,1,999,,,,,,,,,,,,,,,
,,,,,,,,,,,,,68662,2020-02-26_15h28.07.588,SandwichStudy,3.2.4,MacIntel,60,"[""space""]",[0.18599987030029297],1,0,80,17,1,79,Salami,Roast beef,Turkey,Ham,Swiss cheese,Lettuce,Tomatoes,Mayonnaise,Chicken,Gouda cheese,Avocado,Basil,Bell peppers,Mayonnaise,,,8,8,6,1000,0,1000,0,1,999,,,,,,,,,,,,,,,
,,,,,,,,,,,,,68662,2020-02-26_15h28.07.588,SandwichStudy,3.2.4,MacIntel,60,"[""space""]",[0.01399993896484375],1,0,80,17,1,79,Salami,Roast beef,Turkey,Ham,Swiss cheese,Lettuce,Tomatoes,Mayonnaise,Chicken,Gouda cheese,Avocado,Basil,Bell peppers,Mayonnaise,,,8,8,6,1000,0,1000,0,1,999,,,,,,,,,,,,,,,
,,,,,,,,,,,,,68662,2020-02-26_15h28.07.588,SandwichStudy,3.2.4,MacIntel,60,"[""space""]",[0.2980000972747803],1,0,80,17,1,79,Salami,Roast beef,Turkey,Ham,Swiss cheese,Lettuce,Tomatoes,Mayonnaise,Chicken,Gouda cheese,Avocado,Basil,Bell peppers,Mayonnaise,,,8,8,6,1000,0,1000,0,1,999,,,,,,,,,,,,,,,
,,,,,,,,,,,,,68662,2020-02-26_15h28.07.588,SandwichStudy,3.2.4,MacIntel,60,"[""space""]",[0.034999847412109375],1,0,80,17,1,79,Salami,Roast beef,Turkey,Ham,Swiss cheese,Lettuce,Tomatoes,Mayonnaise,Chicken,Gouda cheese,Avocado,Basil,Bell peppers,Mayonnaise,,,8,8,6,1000,0,1000,0,1,999,,,,,,,,,,,,,,,
,,,,,,,,,,,,,68662,2020-02-26_15h28.07.588,SandwichStudy,3.2.4,MacIntel,60,"[""l""]",[0.07400012016296387],1,0,80,17,1,79,Salami,Roast beef,Turkey,Ham,Swiss cheese,Lettuce,Tomatoes,Mayonnaise,Chicken,Gouda cheese,Avocado,Basil,Bell peppers,Mayonnaise,,,8,8,6,1000,0,1000,0,1,999,,,,,,,,,,,,,,,
,,,,,,,,,,,,,68662,2020-02-26_15h28.07.588,SandwichStudy,3.2.4,MacIntel,60,"[""space""]",[0.28999996185302734],1,0,80,59,1,79,Chicken,Ham,Cheddar cheese,Mayonnaise,,,,,Turkey,Garlic aioli,Bacon,Spinach,,,,,4,4,4,1000,0,1000,0,1,999,,,,,,,,,,,,,,,
,,,,,,,,,,,,,68662,2020-02-26_15h28.07.588,SandwichStudy,3.2.4,MacIntel,60,"[""space""]",[0.36299991607666016],1,0,80,59,1,79,Chicken,Ham,Cheddar cheese,Mayonnaise,,,,,Turkey,Garlic aioli,Bacon,Spinach,,,,,4,4,4,1000,0,1000,0,1,999,,,,,,,,,,,,,,,
,,,,,,,,,,,,,68662,2020-02-26_15h28.07.588,SandwichStudy,3.2.4,MacIntel,60,"[""space""]",[1.0360000133514404],1,0,80,59,1,79,Chicken,Ham,Cheddar cheese,Mayonnaise,,,,,Turkey,Garlic aioli,Bacon,Spinach,,,,,4,4,4,1000,0,1000,0,1,999,,,,,,,,,,,,,,,
,,,,,,,,,,,,,68662,2020-02-26_15h28.07.588,SandwichStudy,3.2.4,MacIntel,60,"[""a""]",[8.367999792098999],1,0,80,59,1,79,Chicken,Ham,Cheddar cheese,Mayonnaise,,,,,Turkey,Garlic aioli,Bacon,Spinach,,,,,4,4,4,1000,0,1000,0,1,999,,,,,,,,,,,,,,,
,,,,,,,,,,,,,68662,2020-02-26_15h28.07.588,SandwichStudy,3.2.4,MacIntel,60,"[""space""]",[0.617999792098999],1,0,80,46,1,79,Turkey,Ham,Bacon,Swiss cheese,Lettuce,Tomatoes,Onions,,Chicken,Pickles,Basil,Tomatoes,Cucumbers,,,,7,7,5,1000,0,1000,0,1,999,,,,,,,,,,,,,,,
,,,,,,,,,,,,,68662,2020-02-26_15h28.07.588,SandwichStudy,3.2.4,MacIntel,60,"[""space""]",[0.2349998950958252],1,0,80,46,1,79,Turkey,Ham,Bacon,Swiss cheese,Lettuce,Tomatoes,Onions,,Chicken,Pickles,Basil,Tomatoes,Cucumbers,,,,7,7,5,1000,0,1000,0,1,999,,,,,,,,,,,,,,,
,,,,,,,,,,,,,68662,2020-02-26_15h28.07.588,SandwichStudy,3.2.4,MacIntel,60,"[""space""]",[0.6169998645782471],1,0,80,46,1,79,Turkey,Ham,Bacon,Swiss cheese,Lettuce,Tomatoes,Onions,,Chicken,Pickles,Basil,Tomatoes,Cucumbers,,,,7,7,5,1000,0,1000,0,1,999,,,,,,,,,,,,,,,
,,,,,,,,,,,,,68662,2020-02-26_15h28.07.588,SandwichStudy,3.2.4,MacIntel,60,"[""space""]",[0.02499985694885254],1,0,80,46,1,79,Turkey,Ham,Bacon,Swiss cheese,Lettuce,Tomatoes,Onions,,Chicken,Pickles,Basil,Tomatoes,Cucumbers,,,,7,7,5,1000,0,1000,0,1,999,,,,,,,,,,,,,,,
,,,,,,,,,,,,,68662,2020-02-26_15h28.07.588,SandwichStudy,3.2.4,MacIntel,60,"[""space""]",[0.3339998722076416],1,0,80,46,1,79,Turkey,Ham,Bacon,Swiss cheese,Lettuce,Tomatoes,Onions,,Chicken,Pickles,Basil,Tomatoes,Cucumbers,,,,7,7,5,1000,0,1000,0,1,999,,,,,,,,,,,,,,,
,,,,,,,,,,,,,68662,2020-02-26_15h28.07.588,SandwichStudy,3.2.4,MacIntel,60,"[""l""]",[0.07200002670288086],1,0,80,46,1,79,Turkey,Ham,Bacon,Swiss cheese,Lettuce,Tomatoes,Onions,,Chicken,Pickles,Basil,Tomatoes,Cucumbers,,,,7,7,5,1000,0,1000,0,1,999,,,,,,,,,,,,,,,
,,,,,,,,,,,,,68662,2020-02-26_15h28.07.588,SandwichStudy,3.2.4,MacIntel,60,,,,,,,,,,,,,,,,,,,,,,,,,,,,,,,,,,space,4.349999905,6,19.93000007,space,21.04900002,1,0,10,7,1,9,Lettuce,,
,,,,,,,,,,,,,68662,2020-02-26_15h28.07.588,SandwichStudy,3.2.4,MacIntel,60,,,,,,,,,,,,,,,,,,,,,,,,,,,,,,,,,,,,5,5.069999933,space,5.816999912,1,0,10,0,1,9,Tomatoes,,
,,,,,,,,,,,,,68662,2020-02-26_15h28.07.588,SandwichStudy,3.2.4,MacIntel,60,,,,,,,,,,,,,,,,,,,,,,,,,,,,,,,,,,,,4,2.510999918,space,3.372999907,1,0,10,3,1,9,Bacon,,
,,,,,,,,,,,,,68662,2020-02-26_15h28.07.588,SandwichStudy,3.2.4,MacIntel,60,,,,,,,,,,,,,,,,,,,,,,,,,,,,,,,,,,,,6,2.894000053,space,3.824999809,1,0,10,8,1,9,Provolone cheese,,
,,,,,,,,,,,,,68662,2020-02-26_15h28.07.588,SandwichStudy,3.2.4,MacIntel,60,,,,,,,,,,,,,,,,,,,,,,,,,,,,,,,,,,,,6,3.475000143,space,3.750999928,1,0,10,6,1,9,Swiss cheese,,
,,,,,,,,,,,,,68662,2020-02-26_15h28.07.588,SandwichStudy,3.2.4,MacIntel,60,,,,,,,,,,,,,,,,,,,,,,,,,,,,,,,,,,,,3,3.805999994,space,4.234999895,1,0,10,5,1,9,Cheddar cheese,,
,,,,,,,,,,,,,68662,2020-02-26_15h28.07.588,SandwichStudy,3.2.4,MacIntel,60,,,,,,,,,,,,,,,,,,,,,,,,,,,,,,,,,,,,7,3.362999916,space,4.093999863,1,0,10,4,1,9,Chicken,,
,,,,,,,,,,,,,68662,2020-02-26_15h28.07.588,SandwichStudy,3.2.4,MacIntel,60,,,,,,,,,,,,,,,,,,,,,,,,,,,,,,,,,,,,5,2.687000036,space,3.234999895,1,0,10,1,1,9,Mayonnaise,,
,,,,,,,,,,,,,68662,2020-02-26_15h28.07.588,SandwichStudy,3.2.4,MacIntel,60,,,,,,,,,,,,,,,,,,,,,,,,,,,,,,,,,,,,4,1.855000019,space,2.617999792,1,0,10,9,1,9,Spinach,,
,,,,,,,,,,,,,68662,2020-02-26_15h28.07.588,SandwichStudy,3.2.4,MacIntel,60,,,,,,,,,,,,,,,,,,,,,,,,,,,,,,,,,,,,7,2.938000202,space,3.451999903,1,0,10,2,1,9,Turkey,,
,,,,,,,,,,,,,68662,2020-02-26_15h28.07.588,SandwichStudy,3.2.4,MacIntel,60,,,,,,,,,,,,,,,,,,,,,,,,,,,,,,,,,,,,,,,,,,,,,,,return,7.822000027
