sequence,key_resp_4.keys,key_resp_4.rt,VegResp.keys,VegResp.rt,ConfirmResp.keys,ConfirmResp.rt,VegQuestionLoop.thisRepN,VegQuestionLoop.thisTrialN,VegQuestionLoop.thisN,VegQuestionLoop.thisIndex,VegQuestionLoop.ran,VegQuestionLoop.order,participant,date,expName,psychopyVersion,OS,frameRate,Decision.keys,Decision.rt,trials.thisRepN,trials.thisTrialN,trials.thisN,trials.thisIndex,trials.ran,trials.order,s11,s12,s13,s14,s15,s16,s17,s18,s21,s22,s23,s24,s25,s26,s27,s28,IngsInRow,IngIn1,IngIn2,Iter.thisRepN,Iter.thisTrialN,Iter.thisN,Iter.thisIndex,Iter.ran,Iter.order,key_resp_2.keys,key_resp_2.rt,slider.response,slider.rt,key_resp_3.keys,key_resp_3.rt,RatingLoop.thisRepN,RatingLoop.thisTrialN,RatingLoop.thisN,RatingLoop.thisIndex,RatingLoop.ran,RatingLoop.order,ingredientforslider,key_resp.keys,key_resp.rt
"[0,0,0,1,0,1,1,1,0,1,0,0,1,0,1,1,0,0,0,0,1,1,1,1,0,1,1,1,0,0,0,1,1,0,1,1,0,1,1,1,1,0,1,0,1,1,1,0,0,1,0,0,0,0,0,0,1,1,1,0,0,0,1,0,0,1,0,1,1,1,0,1,0,1,1,0,0,1,1,0]",space,4.919000149,n,6.325000048,p,3.83100009,100,0,100,0,1,99,68794,2020-03-03_16h05.05.354,SandwichStudy,3.2.4,MacIntel,60,,,,,,,,,,,,,,,,,,,,,,,,,,,,,,,,,,,,,,,,,,,,,,,,
,,,,,,,,,,,,,68794,2020-03-03_16h05.05.354,SandwichStudy,3.2.4,MacIntel,60,"[""l""]",[7.135000228881836],1,0,80,54,1,79,Chicken,Bell peppers,Bacon,Provolone cheese,Ranch dressing,Lettuce,Tomatoes,,Turkey,Bacon,Pepper jack cheese,Avocado,Ranch dressing,Spinach,Tomatoes,,7,7,7,1000,0,1000,0,1,999,,,,,,,,,,,,,,,
,,,,,,,,,,,,,68794,2020-03-03_16h05.05.354,SandwichStudy,3.2.4,MacIntel,60,"[""l""]",[2.740000009536743],1,0,80,55,1,79,Roast beef,Turkey,Pastrami,Mayonnaise,Provolone cheese,,,,Ham,Swiss cheese,Spinach,Mustard,,,,,5,5,4,1000,0,1000,0,1,999,,,,,,,,,,,,,,,
,,,,,,,,,,,,,68794,2020-03-03_16h05.05.354,SandwichStudy,3.2.4,MacIntel,60,"[""l""]",[5.196000099182129],1,0,80,43,1,79,Meatballs,Provolone cheese,Onions,Marinara sauce,,,,,Chicken,Mozzarella cheese,Tomatoes,Pesto,Spinach,,,,5,4,5,1000,0,1000,0,1,999,,,,,,,,,,,,,,,
,,,,,,,,,,,,,68794,2020-03-03_16h05.05.354,SandwichStudy,3.2.4,MacIntel,60,"[""a""]",[1.944000244140625],1,0,80,17,1,79,Salami,Roast beef,Turkey,Ham,Swiss cheese,Lettuce,Tomatoes,Mayonnaise,Chicken,Gouda cheese,Avocado,Basil,Bell peppers,Mayonnaise,,,8,8,6,1000,0,1000,0,1,999,,,,,,,,,,,,,,,
,,,,,,,,,,,,,68794,2020-03-03_16h05.05.354,SandwichStudy,3.2.4,MacIntel,60,"[""a""]",[2.2690000534057617],1,0,80,44,1,79,Chicken,Gouda cheese,Avocado,Basil,Bell peppers,Mayonnaise,,,Turkey,Gouda cheese,Avocado,Garlic aioli,Jalapenos,Tomatoes,Lettuce,,7,6,7,1000,0,1000,0,1,999,,,,,,,,,,,,,,,
,,,,,,,,,,,,,68794,2020-03-03_16h05.05.354,SandwichStudy,3.2.4,MacIntel,60,"[""a""]",[1.059999942779541],1,0,80,69,1,79,Chicken,Garlic aioli,Pickles,Cucumbers,Jalapenos,Basil,,,Chicken,Bacon,Cheddar cheese,Swiss cheese,Spinach,Tomatoes,Mayonnaise,Mustard,8,6,8,1000,0,1000,0,1,999,,,,,,,,,,,,,,,
,,,,,,,,,,,,,68794,2020-03-03_16h05.05.354,SandwichStudy,3.2.4,MacIntel,60,"[""l""]",[1.434000015258789],1,0,80,30,1,79,Turkey,Ham,Roast beef,Provolone cheese,Spinach,Tomatoes,Mayonnaise,Mustard,Ham,Swiss cheese,Mayonnaise,Mustard,Tomatoes,,,,8,8,5,1000,0,1000,0,1,999,,,,,,,,,,,,,,,
,,,,,,,,,,,,,68794,2020-03-03_16h05.05.354,SandwichStudy,3.2.4,MacIntel,60,"[""a""]",[1.381000280380249],1,0,80,41,1,79,Bacon,Provolone cheese,Mushrooms,Parmesan cheese,,,,,Turkey,Bacon,Jalapenos,Lettuce,Avocado,Garlic aioli,Tomatoes,,7,4,7,1000,0,1000,0,1,999,,,,,,,,,,,,,,,
,,,,,,,,,,,,,68794,2020-03-03_16h05.05.354,SandwichStudy,3.2.4,MacIntel,60,"[""l""]",[0.3020000457763672],1,0,80,0,1,79,Onions,Bell peppers,Mushrooms,Jalapenos,American cheese,Steak,,,Bacon,Provolone cheese,Mushrooms,Parmesan cheese,,,,,6,6,4,1000,0,1000,0,1,999,,,,,,,,,,,,,,,
,,,,,,,,,,,,,68794,2020-03-03_16h05.05.354,SandwichStudy,3.2.4,MacIntel,60,"[""a""]",[0.30700016021728516],1,0,80,50,1,79,Mozzarella cheese,Bell peppers,Pesto,Spinach,,,,,Chicken,Ham,Swiss cheese,Mayonnaise,,,,,4,4,4,1000,0,1000,0,1,999,,,,,,,,,,,,,,,
,,,,,,,,,,,,,68794,2020-03-03_16h05.05.354,SandwichStudy,3.2.4,MacIntel,60,"[""a""]",[4.005000114440918],1,0,80,22,1,79,Bacon,Lettuce,Tomatoes,Garlic aioli,Avocado,,,,Ham,Swiss cheese,Spinach,Mustard,,,,,5,5,4,1000,0,1000,0,1,999,,,,,,,,,,,,,,,
,,,,,,,,,,,,,68794,2020-03-03_16h05.05.354,SandwichStudy,3.2.4,MacIntel,60,"[""l""]",[0.4380002021789551],1,0,80,19,1,79,Bacon,Ham,Turkey,Mayonnaise,Cheddar cheese,Tomatoes,Spinach,Swiss cheese,Turkey,Salami,Cheddar cheese,Mayonnaise,,,,,8,8,4,1000,0,1000,0,1,999,,,,,,,,,,,,,,,
,,,,,,,,,,,,,68794,2020-03-03_16h05.05.354,SandwichStudy,3.2.4,MacIntel,60,"[""l""]",[0.31600022315979004],1,0,80,3,1,79,Chicken,American cheese,Coleslaw,Tomatoes,Pickles,Mayonnaise,,,Swiss cheese,Provolone cheese,Bell peppers,Tomatoes,Onions,,,,6,6,5,1000,0,1000,0,1,999,,,,,,,,,,,,,,,
,,,,,,,,,,,,,68794,2020-03-03_16h05.05.354,SandwichStudy,3.2.4,MacIntel,60,"[""a""]",[1.3460001945495605],1,0,80,37,1,79,Turkey,Ham,Cheddar cheese,Mayonnaise,,,,,Chicken,Ham,Swiss cheese,Mayonnaise,Mustard,,,,5,4,5,1000,0,1000,0,1,999,,,,,,,,,,,,,,,
,,,,,,,,,,,,,68794,2020-03-03_16h05.05.354,SandwichStudy,3.2.4,MacIntel,60,"[""l""]",[0.07400035858154297],1,0,80,13,1,79,Chicken,Garlic aioli,Pickles,Cucumbers,Jalapenos,Basil,,,Roast beef,Bacon,Turkey,Mayonnaise,,,,,6,6,4,1000,0,1000,0,1,999,,,,,,,,,,,,,,,
,,,,,,,,,,,,,68794,2020-03-03_16h05.05.354,SandwichStudy,3.2.4,MacIntel,60,"[""a""]",[0.2890000343322754],1,0,80,64,1,79,Tuna,Basil,Cheddar cheese,Garlic aioli,Pickles,Onions,Tomatoes,Spinach,Turkey,Ham,Bacon,Provolone cheese,Lettuce,Tomatoes,Ranch dressing,,8,8,7,1000,0,1000,0,1,999,,,,,,,,,,,,,,,
,,,,,,,,,,,,,68794,2020-03-03_16h05.05.354,SandwichStudy,3.2.4,MacIntel,60,"[""a""]",[0.192000150680542],1,0,80,59,1,79,Chicken,Ham,Cheddar cheese,Mayonnaise,,,,,Turkey,Garlic aioli,Bacon,Spinach,,,,,4,4,4,1000,0,1000,0,1,999,,,,,,,,,,,,,,,
,,,,,,,,,,,,,68794,2020-03-03_16h05.05.354,SandwichStudy,3.2.4,MacIntel,60,"[""l""]",[7.447000026702881],1,0,80,15,1,79,Pork,Cucumbers,Pickles,Jalapenos,Basil,Mayonnaise,,,Roast beef,Pastrami,Swiss cheese,Mustard,,,,,6,6,4,1000,0,1000,0,1,999,,,,,,,,,,,,,,,
,,,,,,,,,,,,,68794,2020-03-03_16h05.05.354,SandwichStudy,3.2.4,MacIntel,60,"[""a""]",[0.0970001220703125],1,0,80,58,1,79,Chicken,Mayonnaise,Cheddar cheese,,,,,,Steak,Onions,Bell peppers,Provolone cheese,,,,,4,3,4,1000,0,1000,0,1,999,,,,,,,,,,,,,,,
,,,,,,,,,,,,,68794,2020-03-03_16h05.05.354,SandwichStudy,3.2.4,MacIntel,60,"[""a""]",[0.40600013732910156],1,0,80,65,1,79,Chicken,Pepper jack cheese,Ranch dressing,,,,,,Salami,Provolone cheese,Lettuce,Tomatoes,Mayonnaise,Mustard,,,6,3,6,1000,0,1000,0,1,999,,,,,,,,,,,,,,,
,,,,,,,,,,,,,68794,2020-03-03_16h05.05.354,SandwichStudy,3.2.4,MacIntel,60,"[""l""]",[0.35200023651123047],1,0,80,34,1,79,Avocado,Onions,Cucumbers,,,,,,Tuna,Basil,Cheddar cheese,Garlic aioli,Pickles,Onions,Tomatoes,Spinach,8,3,8,1000,0,1000,0,1,999,,,,,,,,,,,,,,,
,,,,,,,,,,,,,68794,2020-03-03_16h05.05.354,SandwichStudy,3.2.4,MacIntel,60,"[""a""]",[1.9030001163482666],1,0,80,27,1,79,Mushrooms,Swiss cheese,Provolone cheese,Cheddar cheese,Lettuce,Tomatoes,,,Avocado,Spinach,Tomatoes,Swiss cheese,,,,,6,6,4,1000,0,1000,0,1,999,,,,,,,,,,,,,,,
,,,,,,,,,,,,,68794,2020-03-03_16h05.05.354,SandwichStudy,3.2.4,MacIntel,60,"[""a""]",[0.692000150680542],1,0,80,1,1,79,Tomatoes,Mozzarella cheese,Spinach,Pesto,,,,,Ham,Swiss cheese,Mustard,,,,,,4,4,3,1000,0,1000,0,1,999,,,,,,,,,,,,,,,
,,,,,,,,,,,,,68794,2020-03-03_16h05.05.354,SandwichStudy,3.2.4,MacIntel,60,"[""a""]",[0.6530001163482666],1,0,80,47,1,79,Chicken,Cheddar cheese,Mayonnaise,,,,,,Turkey,Cheddar cheese,Coleslaw,Spinach,Mustard,,,,5,3,5,1000,0,1000,0,1,999,,,,,,,,,,,,,,,
,,,,,,,,,,,,,68794,2020-03-03_16h05.05.354,SandwichStudy,3.2.4,MacIntel,60,"[""l""]",[0.5340001583099365],1,0,80,29,1,79,Turkey,Garlic aioli,Bacon,Spinach,,,,,Chicken,Mayonnaise,Cheddar cheese,,,,,,4,4,3,1000,0,1000,0,1,999,,,,,,,,,,,,,,,
,,,,,,,,,,,,,68794,2020-03-03_16h05.05.354,SandwichStudy,3.2.4,MacIntel,60,"[""a""]",[0.30500030517578125],1,0,80,33,1,79,Bacon,Ham,Turkey,Mayonnaise,Mustard,Cheddar cheese,Tomatoes,Spinach,Turkey,Avocado,Bacon,Garlic aioli,Tomatoes,Spinach,Onions,,8,8,7,1000,0,1000,0,1,999,,,,,,,,,,,,,,,
,,,,,,,,,,,,,68794,2020-03-03_16h05.05.354,SandwichStudy,3.2.4,MacIntel,60,"[""l""]",[0.09600019454956055],1,0,80,31,1,79,Spinach,Tomatoes,Cucumbers,Onions,Bell peppers,Avocado,Mayonnaise,,Turkey,Ham,Bacon,Swiss cheese,Lettuce,Tomatoes,Onions,,7,7,7,1000,0,1000,0,1,999,,,,,,,,,,,,,,,
,,,,,,,,,,,,,68794,2020-03-03_16h05.05.354,SandwichStudy,3.2.4,MacIntel,60,"[""l""]",[0.4940001964569092],1,0,80,49,1,79,Spinach,Tomatoes,Cucumbers,Onions,Bell peppers,Avocado,Mayonnaise,,Turkey,Provolone cheese,Spinach,Garlic aioli,,,,,7,7,4,1000,0,1000,0,1,999,,,,,,,,,,,,,,,
,,,,,,,,,,,,,68794,2020-03-03_16h05.05.354,SandwichStudy,3.2.4,MacIntel,60,"[""l""]",[1.4200003147125244],1,0,80,40,1,79,Pork,Ham,Swiss cheese,Pickles,Mustard,,,,Steak,Turkey,Ham,Cheddar cheese,Olives,Lettuce,Tomatoes,Onions,8,5,8,1000,0,1000,0,1,999,,,,,,,,,,,,,,,
,,,,,,,,,,,,,68794,2020-03-03_16h05.05.354,SandwichStudy,3.2.4,MacIntel,60,"[""l""]",[0.07000017166137695],1,0,80,46,1,79,Turkey,Ham,Bacon,Swiss cheese,Lettuce,Tomatoes,Onions,,Chicken,Pickles,Basil,Tomatoes,Cucumbers,,,,7,7,5,1000,0,1000,0,1,999,,,,,,,,,,,,,,,
,,,,,,,,,,,,,68794,2020-03-03_16h05.05.354,SandwichStudy,3.2.4,MacIntel,60,"[""l""]",[0.23800015449523926],1,0,80,9,1,79,Bacon,Turkey,Pepper jack cheese,Mustard,,,,,Bacon,Spinach,Tomatoes,Avocado,Mayonnaise,,,,5,4,5,1000,0,1000,0,1,999,,,,,,,,,,,,,,,
,,,,,,,,,,,,,68794,2020-03-03_16h05.05.354,SandwichStudy,3.2.4,MacIntel,60,"[""l""]",[0.11300015449523926],1,0,80,73,1,79,Turkey,Avocado,Bacon,Garlic aioli,Tomatoes,Spinach,Onions,,Tuna,Lettuce,Tomatoes,Mayonnaise,,,,,7,7,4,1000,0,1000,0,1,999,,,,,,,,,,,,,,,
,,,,,,,,,,,,,68794,2020-03-03_16h05.05.354,SandwichStudy,3.2.4,MacIntel,60,"[""a""]",[0.43900012969970703],1,0,80,26,1,79,Turkey,Avocado,Mayonnaise,,,,,,Chicken,Mozzarella cheese,Tomatoes,Onions,Basil,Mayonnaise,,,6,3,6,1000,0,1000,0,1,999,,,,,,,,,,,,,,,
,,,,,,,,,,,,,68794,2020-03-03_16h05.05.354,SandwichStudy,3.2.4,MacIntel,60,"[""a""]",[0.14300036430358887],1,0,80,12,1,79,Turkey,Cheddar cheese,Mayonnaise,,,,,,Ham,Pork,Swiss cheese,Mustard,Pickles,,,,5,3,5,1000,0,1000,0,1,999,,,,,,,,,,,,,,,
,,,,,,,,,,,,,68794,2020-03-03_16h05.05.354,SandwichStudy,3.2.4,MacIntel,60,"[""a""]",[0.37200021743774414],1,0,80,52,1,79,Cheddar cheese,Avocado,Onions,Tomatoes,Mayonnaise,,,,Bacon,Ham,Turkey,Mayonnaise,Cheddar cheese,Tomatoes,Spinach,Swiss cheese,8,5,8,1000,0,1000,0,1,999,,,,,,,,,,,,,,,
,,,,,,,,,,,,,68794,2020-03-03_16h05.05.354,SandwichStudy,3.2.4,MacIntel,60,"[""l""]",[0.12600016593933105],1,0,80,53,1,79,Turkey,Avocado,Mayonnaise,,,,,,Ham,Pork,Swiss cheese,Mustard,Pickles,,,,5,3,5,1000,0,1000,0,1,999,,,,,,,,,,,,,,,
,,,,,,,,,,,,,68794,2020-03-03_16h05.05.354,SandwichStudy,3.2.4,MacIntel,60,"[""a""]",[0.18500018119812012],1,0,80,67,1,79,Avocado,Onions,Cucumbers,,,,,,Meatballs,Provolone cheese,Marinara sauce,Parmesan cheese,,,,,4,3,4,1000,0,1000,0,1,999,,,,,,,,,,,,,,,
,,,,,,,,,,,,,68794,2020-03-03_16h05.05.354,SandwichStudy,3.2.4,MacIntel,60,"[""a""]",[0.47500014305114746],1,0,80,38,1,79,Steak,Turkey,Ham,Cheddar cheese,Olives,Lettuce,Tomatoes,Onions,Chicken,Swiss cheese,Lettuce,Tomatoes,Onions,,,,8,8,5,1000,0,1000,0,1,999,,,,,,,,,,,,,,,
,,,,,,,,,,,,,68794,2020-03-03_16h05.05.354,SandwichStudy,3.2.4,MacIntel,60,"[""l""]",[0.003000020980834961],1,0,80,78,1,79,Chicken,American cheese,Lettuce,Tomatoes,Mayonnaise,,,,Pastrami,Cheddar cheese,Mustard,Pickles,,,,,5,5,4,1000,0,1000,0,1,999,,,,,,,,,,,,,,,
,,,,,,,,,,,,,68794,2020-03-03_16h05.05.354,SandwichStudy,3.2.4,MacIntel,60,"[""a""]",[0.1679999828338623],1,0,80,60,1,79,Chicken,Swiss cheese,Lettuce,Tomatoes,Onions,,,,Chicken,Cheddar cheese,Lettuce,Garlic aioli,Swiss cheese,Tomatoes,,,6,5,6,1000,0,1000,0,1,999,,,,,,,,,,,,,,,
,,,,,,,,,,,,,68794,2020-03-03_16h05.05.354,SandwichStudy,3.2.4,MacIntel,60,"[""l""]",[3.562000274658203],1,0,80,68,1,79,Tomatoes,Mozzarella cheese,Spinach,Pesto,,,,,Steak,Bacon,American cheese,Tomatoes,Onions,Pickles,,,6,4,6,1000,0,1000,0,1,999,,,,,,,,,,,,,,,
,,,,,,,,,,,,,68794,2020-03-03_16h05.05.354,SandwichStudy,3.2.4,MacIntel,60,"[""l""]",[0.48800015449523926],1,0,80,45,1,79,Bell peppers,Provolone cheese,Cucumbers,Spinach,Tomatoes,Onions,Hummus,,Roast beef,Bacon,Turkey,Mayonnaise,,,,,7,7,4,1000,0,1000,0,1,999,,,,,,,,,,,,,,,
,,,,,,,,,,,,,68794,2020-03-03_16h05.05.354,SandwichStudy,3.2.4,MacIntel,60,"[""a""]",[0.2220001220703125],1,0,80,42,1,79,Chicken,Bacon,Feta cheese,Bell peppers,Basil,Garlic aioli,,,Turkey,Ham,Cheddar cheese,Mayonnaise,,,,,6,6,4,1000,0,1000,0,1,999,,,,,,,,,,,,,,,
,,,,,,,,,,,,,68794,2020-03-03_16h05.05.354,SandwichStudy,3.2.4,MacIntel,60,"[""a""]",[0.3450002670288086],1,0,80,32,1,79,Turkey,Ham,Bacon,Provolone cheese,Lettuce,Tomatoes,Ranch dressing,,Chicken,Cheddar cheese,Bacon,Avocado,Ranch dressing,,,,7,7,5,1000,0,1000,0,1,999,,,,,,,,,,,,,,,
,,,,,,,,,,,,,68794,2020-03-03_16h05.05.354,SandwichStudy,3.2.4,MacIntel,60,"[""a""]",[0.5429999828338623],1,0,80,11,1,79,Pork,Ham,Swiss cheese,Pickles,Mustard,,,,Chicken,Bacon,Mustard,,,,,,5,5,3,1000,0,1000,0,1,999,,,,,,,,,,,,,,,
,,,,,,,,,,,,,68794,2020-03-03_16h05.05.354,SandwichStudy,3.2.4,MacIntel,60,"[""a""]",[4.611000299453735],1,0,80,4,1,79,Provolone cheese,Swiss cheese,Cheddar cheese,Parmesan cheese,Tomatoes,,,,Chicken,Lettuce,Tomatoes,Mayonnaise,,,,,5,5,4,1000,0,1000,0,1,999,,,,,,,,,,,,,,,
,,,,,,,,,,,,,68794,2020-03-03_16h05.05.354,SandwichStudy,3.2.4,MacIntel,60,"[""l""]",[0.3710000514984131],1,0,80,14,1,79,Steak,Bacon,American cheese,Tomatoes,Onions,Pickles,,,Bell peppers,Provolone cheese,Cucumbers,Spinach,Tomatoes,Onions,Hummus,,7,6,7,1000,0,1000,0,1,999,,,,,,,,,,,,,,,
,,,,,,,,,,,,,68794,2020-03-03_16h05.05.354,SandwichStudy,3.2.4,MacIntel,60,"[""a""]",[0.5790002346038818],1,0,80,10,1,79,Turkey,Cheddar cheese,Coleslaw,Spinach,Mustard,,,,Salami,Provolone cheese,Lettuce,Tomatoes,Mayonnaise,Mustard,,,6,5,6,1000,0,1000,0,1,999,,,,,,,,,,,,,,,
,,,,,,,,,,,,,68794,2020-03-03_16h05.05.354,SandwichStudy,3.2.4,MacIntel,60,"[""a""]",[0.0560002326965332],1,0,80,21,1,79,Chicken,Ham,Cheddar cheese,Mayonnaise,,,,,Turkey,Bacon,Avocado,Provolone cheese,Lettuce,Tomatoes,Onions,Ranch dressing,8,4,8,1000,0,1000,0,1,999,,,,,,,,,,,,,,,
,,,,,,,,,,,,,68794,2020-03-03_16h05.05.354,SandwichStudy,3.2.4,MacIntel,60,"[""l""]",[0.3530001640319824],1,0,80,36,1,79,Chicken,Bell peppers,Bacon,Provolone cheese,Ranch dressing,Lettuce,Tomatoes,,Pastrami,Cheddar cheese,Mustard,Pickles,,,,,7,7,4,1000,0,1000,0,1,999,,,,,,,,,,,,,,,
,,,,,,,,,,,,,68794,2020-03-03_16h05.05.354,SandwichStudy,3.2.4,MacIntel,60,"[""a""]",[0.18400025367736816],1,0,80,8,1,79,Chicken,Ham,Swiss cheese,Mayonnaise,,,,,Pepperoni,Meatballs,Marinara sauce,Provolone cheese,Mushrooms,,,,5,4,5,1000,0,1000,0,1,999,,,,,,,,,,,,,,,
,,,,,,,,,,,,,68794,2020-03-03_16h05.05.354,SandwichStudy,3.2.4,MacIntel,60,"[""a""]",[0.19700026512145996],1,0,80,75,1,79,Ham,Swiss cheese,Mustard,,,,,,Ham,Swiss cheese,Mayonnaise,Mustard,Tomatoes,,,,5,3,5,1000,0,1000,0,1,999,,,,,,,,,,,,,,,
,,,,,,,,,,,,,68794,2020-03-03_16h05.05.354,SandwichStudy,3.2.4,MacIntel,60,"[""l""]",[0.5180001258850098],1,0,80,23,1,79,Meatballs,Provolone cheese,Marinara sauce,Parmesan cheese,,,,,Turkey,Cheddar cheese,Bacon,,,,,,4,4,3,1000,0,1000,0,1,999,,,,,,,,,,,,,,,
,,,,,,,,,,,,,68794,2020-03-03_16h05.05.354,SandwichStudy,3.2.4,MacIntel,60,"[""a""]",[1.6030001640319824],1,0,80,51,1,79,Turkey,Provolone cheese,Pesto,Bell peppers,,,,,Swiss cheese,Provolone cheese,Bell peppers,Tomatoes,Onions,,,,5,4,5,1000,0,1000,0,1,999,,,,,,,,,,,,,,,
,,,,,,,,,,,,,68794,2020-03-03_16h05.05.354,SandwichStudy,3.2.4,MacIntel,60,"[""l""]",[0.3410003185272217],1,0,80,63,1,79,Onions,Bell peppers,Mushrooms,Jalapenos,American cheese,Steak,,,Turkey,Ham,Roast beef,Provolone cheese,Spinach,Tomatoes,Mayonnaise,Mustard,8,6,8,1000,0,1000,0,1,999,,,,,,,,,,,,,,,
,,,,,,,,,,,,,68794,2020-03-03_16h05.05.354,SandwichStudy,3.2.4,MacIntel,60,"[""a""]",[0.026000261306762695],1,0,80,77,1,79,Chicken,Lettuce,Tomatoes,Mayonnaise,,,,,Pepperoni,Meatballs,Marinara sauce,Provolone cheese,Mushrooms,,,,5,4,5,1000,0,1000,0,1,999,,,,,,,,,,,,,,,
,,,,,,,,,,,,,68794,2020-03-03_16h05.05.354,SandwichStudy,3.2.4,MacIntel,60,"[""a""]",[0.14100003242492676],1,0,80,79,1,79,Salami,Roast beef,Turkey,Ham,Swiss cheese,Lettuce,Tomatoes,Mayonnaise,Turkey,Cheddar cheese,Mayonnaise,,,,,,8,8,3,1000,0,1000,0,1,999,,,,,,,,,,,,,,,
,,,,,,,,,,,,,68794,2020-03-03_16h05.05.354,SandwichStudy,3.2.4,MacIntel,60,"[""l""]",[0.30500030517578125],1,0,80,56,1,79,Turkey,Salami,Cheddar cheese,Mayonnaise,,,,,Turkey,Bacon,Avocado,Provolone cheese,Lettuce,Tomatoes,Onions,Ranch dressing,8,4,8,1000,0,1000,0,1,999,,,,,,,,,,,,,,,
,,,,,,,,,,,,,68794,2020-03-03_16h05.05.354,SandwichStudy,3.2.4,MacIntel,60,"[""l""]",[0.07500028610229492],1,0,80,16,1,79,Chicken,American cheese,Lettuce,Tomatoes,Mayonnaise,,,,Cheddar cheese,Avocado,Onions,Tomatoes,Mayonnaise,,,,5,5,5,1000,0,1000,0,1,999,,,,,,,,,,,,,,,
,,,,,,,,,,,,,68794,2020-03-03_16h05.05.354,SandwichStudy,3.2.4,MacIntel,60,"[""l""]",[0.7360000610351562],1,0,80,61,1,79,Pork,Cucumbers,Pickles,Jalapenos,Basil,Mayonnaise,,,Turkey,Cheddar cheese,Bacon,,,,,,6,6,3,1000,0,1000,0,1,999,,,,,,,,,,,,,,,
,,,,,,,,,,,,,68794,2020-03-03_16h05.05.354,SandwichStudy,3.2.4,MacIntel,60,"[""l""]",[0.06400012969970703],1,0,80,71,1,79,Bacon,Ham,Turkey,Mayonnaise,Mustard,Cheddar cheese,Tomatoes,Spinach,Bacon,Lettuce,Tomatoes,Garlic aioli,Avocado,,,,8,8,5,1000,0,1000,0,1,999,,,,,,,,,,,,,,,
,,,,,,,,,,,,,68794,2020-03-03_16h05.05.354,SandwichStudy,3.2.4,MacIntel,60,"[""l""]",[0.3080000877380371],1,0,80,70,1,79,Pastrami,Swiss cheese,Coleslaw,,,,,,Chicken,Cheddar cheese,Bacon,Avocado,Ranch dressing,,,,5,3,5,1000,0,1000,0,1,999,,,,,,,,,,,,,,,
,,,,,,,,,,,,,68794,2020-03-03_16h05.05.354,SandwichStudy,3.2.4,MacIntel,60,"[""l""]",[0.021000146865844727],1,0,80,6,1,79,Chicken,Cheddar cheese,Lettuce,Garlic aioli,Swiss cheese,Tomatoes,,,Cheddar cheese,Provolone cheese,Swiss cheese,Mushrooms,Mayonnaise,Lettuce,Tomatoes,,7,6,7,1000,0,1000,0,1,999,,,,,,,,,,,,,,,
,,,,,,,,,,,,,68794,2020-03-03_16h05.05.354,SandwichStudy,3.2.4,MacIntel,60,"[""a""]",[0.11400008201599121],1,0,80,57,1,79,Avocado,Spinach,Tomatoes,Swiss cheese,,,,,Chicken,Ham,Swiss cheese,Mayonnaise,Mustard,,,,5,4,5,1000,0,1000,0,1,999,,,,,,,,,,,,,,,
,,,,,,,,,,,,,68794,2020-03-03_16h05.05.354,SandwichStudy,3.2.4,MacIntel,60,"[""l""]",[0.14499998092651367],1,0,80,39,1,79,Chicken,Provolone cheese,Pesto,,,,,,Turkey,Bacon,Jalapenos,Lettuce,Avocado,Garlic aioli,Tomatoes,,7,3,7,1000,0,1000,0,1,999,,,,,,,,,,,,,,,
,,,,,,,,,,,,,68794,2020-03-03_16h05.05.354,SandwichStudy,3.2.4,MacIntel,60,"[""a""]",[0.05500006675720215],1,0,80,20,1,79,Pastrami,Swiss cheese,Coleslaw,,,,,,Chicken,Bacon,Feta cheese,Bell peppers,Basil,Garlic aioli,,,6,3,6,1000,0,1000,0,1,999,,,,,,,,,,,,,,,
,,,,,,,,,,,,,68794,2020-03-03_16h05.05.354,SandwichStudy,3.2.4,MacIntel,60,"[""l""]",[0.22100019454956055],1,0,80,76,1,79,Bacon,Lettuce,Tomatoes,Ranch dressing,,,,,Chicken,Bacon,Mustard,,,,,,4,4,3,1000,0,1000,0,1,999,,,,,,,,,,,,,,,
,,,,,,,,,,,,,68794,2020-03-03_16h05.05.354,SandwichStudy,3.2.4,MacIntel,60,"[""a""]",[1.4520001411437988],1,0,80,5,1,79,Chicken,Cheddar cheese,Mayonnaise,,,,,,Turkey,Provolone cheese,Pesto,Bell peppers,,,,,4,3,4,1000,0,1000,0,1,999,,,,,,,,,,,,,,,
,,,,,,,,,,,,,68794,2020-03-03_16h05.05.354,SandwichStudy,3.2.4,MacIntel,60,"[""a""]",[1.2750000953674316],1,0,80,74,1,79,Mushrooms,Swiss cheese,Provolone cheese,Cheddar cheese,Lettuce,Tomatoes,,,Roast beef,Pastrami,Swiss cheese,Mustard,,,,,6,6,4,1000,0,1000,0,1,999,,,,,,,,,,,,,,,
,,,,,,,,,,,,,68794,2020-03-03_16h05.05.354,SandwichStudy,3.2.4,MacIntel,60,"[""a""]",[2.1630003452301025],1,0,80,7,1,79,Mozzarella cheese,Bell peppers,Pesto,Spinach,,,,,Ham,Lettuce,Tomatoes,Mayonnaise,Mustard,,,,5,4,5,1000,0,1000,0,1,999,,,,,,,,,,,,,,,
,,,,,,,,,,,,,68794,2020-03-03_16h05.05.354,SandwichStudy,3.2.4,MacIntel,60,"[""l""]",[0.31800007820129395],1,0,80,2,1,79,Turkey,Provolone cheese,Spinach,Garlic aioli,,,,,Chicken,Pickles,Basil,Tomatoes,Cucumbers,,,,5,4,5,1000,0,1000,0,1,999,,,,,,,,,,,,,,,
,,,,,,,,,,,,,68794,2020-03-03_16h05.05.354,SandwichStudy,3.2.4,MacIntel,60,"[""l""]",[0.7910001277923584],1,0,80,66,1,79,Bacon,Spinach,Tomatoes,Avocado,Mayonnaise,,,,Provolone cheese,Swiss cheese,Cheddar cheese,Parmesan cheese,Tomatoes,,,,5,5,5,1000,0,1000,0,1,999,,,,,,,,,,,,,,,
,,,,,,,,,,,,,68794,2020-03-03_16h05.05.354,SandwichStudy,3.2.4,MacIntel,60,"[""a""]",[0.020000219345092773],1,0,80,18,1,79,Turkey,Bacon,Pepper jack cheese,Avocado,Ranch dressing,Spinach,Tomatoes,,Chicken,Bacon,Cheddar cheese,Swiss cheese,Spinach,Tomatoes,Mayonnaise,Mustard,8,7,8,1000,0,1000,0,1,999,,,,,,,,,,,,,,,
,,,,,,,,,,,,,68794,2020-03-03_16h05.05.354,SandwichStudy,3.2.4,MacIntel,60,"[""l""]",[0.5080001354217529],1,0,80,72,1,79,Chicken,Mozzarella cheese,Tomatoes,Onions,Basil,Mayonnaise,,,Chicken,American cheese,Coleslaw,Tomatoes,Pickles,Mayonnaise,,,6,6,6,1000,0,1000,0,1,999,,,,,,,,,,,,,,,
,,,,,,,,,,,,,68794,2020-03-03_16h05.05.354,SandwichStudy,3.2.4,MacIntel,60,"[""a""]",[0.08899998664855957],1,0,80,35,1,79,Bacon,Lettuce,Tomatoes,Ranch dressing,,,,,Turkey,Gouda cheese,Avocado,Garlic aioli,Jalapenos,Tomatoes,Lettuce,,7,4,7,1000,0,1000,0,1,999,,,,,,,,,,,,,,,
,,,,,,,,,,,,,68794,2020-03-03_16h05.05.354,SandwichStudy,3.2.4,MacIntel,60,"[""a""]",[0.35199999809265137],1,0,80,24,1,79,Steak,Onions,Bell peppers,Provolone cheese,,,,,Tuna,Lettuce,Tomatoes,Mayonnaise,,,,,4,4,4,1000,0,1000,0,1,999,,,,,,,,,,,,,,,
,,,,,,,,,,,,,68794,2020-03-03_16h05.05.354,SandwichStudy,3.2.4,MacIntel,60,"[""l""]",[0.10300016403198242],1,0,80,62,1,79,Cheddar cheese,Provolone cheese,Swiss cheese,Mushrooms,Mayonnaise,Lettuce,Tomatoes,,Bacon,Turkey,Pepper jack cheese,Mustard,,,,,7,7,4,1000,0,1000,0,1,999,,,,,,,,,,,,,,,
,,,,,,,,,,,,,68794,2020-03-03_16h05.05.354,SandwichStudy,3.2.4,MacIntel,60,"[""a""]",[0.6750001907348633],1,0,80,25,1,79,Meatballs,Provolone cheese,Onions,Marinara sauce,,,,,Chicken,Pepper jack cheese,Ranch dressing,,,,,,4,4,3,1000,0,1000,0,1,999,,,,,,,,,,,,,,,
,,,,,,,,,,,,,68794,2020-03-03_16h05.05.354,SandwichStudy,3.2.4,MacIntel,60,"[""l""]",[0.0840003490447998],1,0,80,28,1,79,Chicken,Mozzarella cheese,Tomatoes,Pesto,Spinach,,,,Roast beef,Turkey,Pastrami,Mayonnaise,Provolone cheese,,,,5,5,5,1000,0,1000,0,1,999,,,,,,,,,,,,,,,
,,,,,,,,,,,,,68794,2020-03-03_16h05.05.354,SandwichStudy,3.2.4,MacIntel,60,"[""a""]",[0.1680002212524414],1,0,80,48,1,79,Chicken,Provolone cheese,Pesto,,,,,,Ham,Lettuce,Tomatoes,Mayonnaise,Mustard,,,,5,3,5,1000,0,1000,0,1,999,,,,,,,,,,,,,,,
,,,,,,,,,,,,,68794,2020-03-03_16h05.05.354,SandwichStudy,3.2.4,MacIntel,60,,,,,,,,,,,,,,,,,,,,,,,,,,,,,,,,,,space,5.523000002,6,5.888000011,space,7.038000107,1,0,10,4,1,9,Chicken,,
,,,,,,,,,,,,,68794,2020-03-03_16h05.05.354,SandwichStudy,3.2.4,MacIntel,60,,,,,,,,,,,,,,,,,,,,,,,,,,,,,,,,,,,,4,2.286999941,space,2.565999985,1,0,10,1,1,9,Mayonnaise,,
,,,,,,,,,,,,,68794,2020-03-03_16h05.05.354,SandwichStudy,3.2.4,MacIntel,60,,,,,,,,,,,,,,,,,,,,,,,,,,,,,,,,,,,,4,1.813999891,space,2.154000044,1,0,10,5,1,9,Cheddar cheese,,
,,,,,,,,,,,,,68794,2020-03-03_16h05.05.354,SandwichStudy,3.2.4,MacIntel,60,,,,,,,,,,,,,,,,,,,,,,,,,,,,,,,,,,,,7,1.636000156,space,1.901000023,1,0,10,2,1,9,Turkey,,
,,,,,,,,,,,,,68794,2020-03-03_16h05.05.354,SandwichStudy,3.2.4,MacIntel,60,,,,,,,,,,,,,,,,,,,,,,,,,,,,,,,,,,,,4,1.777999878,space,2.072000265,1,0,10,6,1,9,Swiss cheese,,
,,,,,,,,,,,,,68794,2020-03-03_16h05.05.354,SandwichStudy,3.2.4,MacIntel,60,,,,,,,,,,,,,,,,,,,,,,,,,,,,,,,,,,,,4,0.763000011,space,1.150000334,1,0,10,8,1,9,Provolone cheese,,
,,,,,,,,,,,,,68794,2020-03-03_16h05.05.354,SandwichStudy,3.2.4,MacIntel,60,,,,,,,,,,,,,,,,,,,,,,,,,,,,,,,,,,,,5,1.603999853,space,1.782000065,1,0,10,7,1,9,Lettuce,,
,,,,,,,,,,,,,68794,2020-03-03_16h05.05.354,SandwichStudy,3.2.4,MacIntel,60,,,,,,,,,,,,,,,,,,,,,,,,,,,,,,,,,,,,5,0.861000061,space,1.1650002,1,0,10,3,1,9,Bacon,,
,,,,,,,,,,,,,68794,2020-03-03_16h05.05.354,SandwichStudy,3.2.4,MacIntel,60,,,,,,,,,,,,,,,,,,,,,,,,,,,,,,,,,,,,7,3.062000036,space,3.230000257,1,0,10,9,1,9,Spinach,,
,,,,,,,,,,,,,68794,2020-03-03_16h05.05.354,SandwichStudy,3.2.4,MacIntel,60,,,,,,,,,,,,,,,,,,,,,,,,,,,,,,,,,,,,2,2.924000025,space,3.498000145,1,0,10,0,1,9,Tomatoes,,
,,,,,,,,,,,,,68794,2020-03-03_16h05.05.354,SandwichStudy,3.2.4,MacIntel,60,,,,,,,,,,,,,,,,,,,,,,,,,,,,,,,,,,,,,,,,,,,,,,,return,9.550000191
