sequence,key_resp_4.keys,key_resp_4.rt,VegResp.keys,VegResp.rt,ConfirmResp.keys,ConfirmResp.rt,VegQuestionLoop.thisRepN,VegQuestionLoop.thisTrialN,VegQuestionLoop.thisN,VegQuestionLoop.thisIndex,VegQuestionLoop.ran,VegQuestionLoop.order,participant,date,expName,psychopyVersion,OS,frameRate,Decision.keys,Decision.rt,trials.thisRepN,trials.thisTrialN,trials.thisN,trials.thisIndex,trials.ran,trials.order,s11,s12,s13,s14,s15,s16,s17,s18,s21,s22,s23,s24,s25,s26,s27,s28,IngsInRow,IngIn1,IngIn2,Iter.thisRepN,Iter.thisTrialN,Iter.thisN,Iter.thisIndex,Iter.ran,Iter.order,key_resp_2.keys,key_resp_2.rt,slider.response,slider.rt,key_resp_3.keys,key_resp_3.rt,RatingLoop.thisRepN,RatingLoop.thisTrialN,RatingLoop.thisN,RatingLoop.thisIndex,RatingLoop.ran,RatingLoop.order,ingredientforslider,key_resp.keys,key_resp.rt
"[1,1,1,0,1,0,1,0,1,0,0,1,1,0,1,1,0,1,1,0,1,0,1,0,0,0,1,1,0,0,0,1,1,1,1,0,1,1,1,0,0,1,0,0,0,1,1,1,1,1,0,0,1,1,1,1,0,0,1,1,1,1,1,0,0,0,1,0,1,1,1,0,1,1,1,0,1,1,1,1]",space,1.31099987,n,4.414999723,p,4.806999922,100,0,100,0,1,99,68917,2020-03-07_20h41.35.543,SandwichStudy,3.2.4,MacIntel,60,,,,,,,,,,,,,,,,,,,,,,,,,,,,,,,,,,,,,,,,,,,,,,,,
,,,,,,,,,,,,,68917,2020-03-07_20h41.35.543,SandwichStudy,3.2.4,MacIntel,60,"[""l""]",[7.2779998779296875],1,0,80,59,1,79,Chicken,Ham,Cheddar cheese,Mayonnaise,,,,,Turkey,Garlic aioli,Bacon,Spinach,,,,,4,4,4,1000,0,1000,0,1,999,,,,,,,,,,,,,,,
,,,,,,,,,,,,,68917,2020-03-07_20h41.35.543,SandwichStudy,3.2.4,MacIntel,60,"[""l""]",[2.566999912261963],1,0,80,21,1,79,Chicken,Ham,Cheddar cheese,Mayonnaise,,,,,Turkey,Bacon,Avocado,Provolone cheese,Lettuce,Tomatoes,Onions,Ranch dressing,8,4,8,1000,0,1000,0,1,999,,,,,,,,,,,,,,,
,,,,,,,,,,,,,68917,2020-03-07_20h41.35.543,SandwichStudy,3.2.4,MacIntel,60,"[""space""]",[3.2170000076293945],1,0,80,5,1,79,Chicken,Cheddar cheese,Mayonnaise,,,,,,Turkey,Provolone cheese,Pesto,Bell peppers,,,,,4,3,4,1000,0,1000,0,1,999,,,,,,,,,,,,,,,
,,,,,,,,,,,,,68917,2020-03-07_20h41.35.543,SandwichStudy,3.2.4,MacIntel,60,"[""l""]",[5.913000106811523],1,0,80,5,1,79,Chicken,Cheddar cheese,Mayonnaise,,,,,,Turkey,Provolone cheese,Pesto,Bell peppers,,,,,4,3,4,1000,0,1000,0,1,999,,,,,,,,,,,,,,,
,,,,,,,,,,,,,68917,2020-03-07_20h41.35.543,SandwichStudy,3.2.4,MacIntel,60,"[""space""]",[0.934999942779541],1,0,80,17,1,79,Salami,Roast beef,Turkey,Ham,Swiss cheese,Lettuce,Tomatoes,Mayonnaise,Chicken,Gouda cheese,Avocado,Basil,Bell peppers,Mayonnaise,,,8,8,6,1000,0,1000,0,1,999,,,,,,,,,,,,,,,
,,,,,,,,,,,,,68917,2020-03-07_20h41.35.543,SandwichStudy,3.2.4,MacIntel,60,"[""a""]",[114.00699996948242],1,0,80,17,1,79,Salami,Roast beef,Turkey,Ham,Swiss cheese,Lettuce,Tomatoes,Mayonnaise,Chicken,Gouda cheese,Avocado,Basil,Bell peppers,Mayonnaise,,,8,8,6,1000,0,1000,0,1,999,,,,,,,,,,,,,,,
,,,,,,,,,,,,,68917,2020-03-07_20h41.35.543,SandwichStudy,3.2.4,MacIntel,60,"[""space""]",[0.14499998092651367],1,0,80,15,1,79,Pork,Cucumbers,Pickles,Jalapenos,Basil,Mayonnaise,,,Roast beef,Pastrami,Swiss cheese,Mustard,,,,,6,6,4,1000,0,1000,0,1,999,,,,,,,,,,,,,,,
,,,,,,,,,,,,,68917,2020-03-07_20h41.35.543,SandwichStudy,3.2.4,MacIntel,60,"[""a""]",[3.238999843597412],1,0,80,15,1,79,Pork,Cucumbers,Pickles,Jalapenos,Basil,Mayonnaise,,,Roast beef,Pastrami,Swiss cheese,Mustard,,,,,6,6,4,1000,0,1000,0,1,999,,,,,,,,,,,,,,,
,,,,,,,,,,,,,68917,2020-03-07_20h41.35.543,SandwichStudy,3.2.4,MacIntel,60,"[""space""]",[0.5659999847412109],1,0,80,10,1,79,Turkey,Cheddar cheese,Coleslaw,Spinach,Mustard,,,,Salami,Provolone cheese,Lettuce,Tomatoes,Mayonnaise,Mustard,,,6,5,6,1000,0,1000,0,1,999,,,,,,,,,,,,,,,
,,,,,,,,,,,,,68917,2020-03-07_20h41.35.543,SandwichStudy,3.2.4,MacIntel,60,"[""l""]",[2.499999761581421],1,0,80,10,1,79,Turkey,Cheddar cheese,Coleslaw,Spinach,Mustard,,,,Salami,Provolone cheese,Lettuce,Tomatoes,Mayonnaise,Mustard,,,6,5,6,1000,0,1000,0,1,999,,,,,,,,,,,,,,,
,,,,,,,,,,,,,68917,2020-03-07_20h41.35.543,SandwichStudy,3.2.4,MacIntel,60,"[""space""]",[0.4760000705718994],1,0,80,41,1,79,Bacon,Provolone cheese,Mushrooms,Parmesan cheese,,,,,Turkey,Bacon,Jalapenos,Lettuce,Avocado,Garlic aioli,Tomatoes,,7,4,7,1000,0,1000,0,1,999,,,,,,,,,,,,,,,
,,,,,,,,,,,,,68917,2020-03-07_20h41.35.543,SandwichStudy,3.2.4,MacIntel,60,"[""l""]",[1.6009998321533203],1,0,80,41,1,79,Bacon,Provolone cheese,Mushrooms,Parmesan cheese,,,,,Turkey,Bacon,Jalapenos,Lettuce,Avocado,Garlic aioli,Tomatoes,,7,4,7,1000,0,1000,0,1,999,,,,,,,,,,,,,,,
,,,,,,,,,,,,,68917,2020-03-07_20h41.35.543,SandwichStudy,3.2.4,MacIntel,60,"[""space""]",[1.128999948501587],1,0,80,2,1,79,Turkey,Provolone cheese,Spinach,Garlic aioli,,,,,Chicken,Pickles,Basil,Tomatoes,Cucumbers,,,,5,4,5,1000,0,1000,0,1,999,,,,,,,,,,,,,,,
,,,,,,,,,,,,,68917,2020-03-07_20h41.35.543,SandwichStudy,3.2.4,MacIntel,60,"[""a""]",[2.8339998722076416],1,0,80,2,1,79,Turkey,Provolone cheese,Spinach,Garlic aioli,,,,,Chicken,Pickles,Basil,Tomatoes,Cucumbers,,,,5,4,5,1000,0,1000,0,1,999,,,,,,,,,,,,,,,
,,,,,,,,,,,,,68917,2020-03-07_20h41.35.543,SandwichStudy,3.2.4,MacIntel,60,"[""space""]",[0.7519998550415039],1,0,80,65,1,79,Chicken,Pepper jack cheese,Ranch dressing,,,,,,Salami,Provolone cheese,Lettuce,Tomatoes,Mayonnaise,Mustard,,,6,3,6,1000,0,1000,0,1,999,,,,,,,,,,,,,,,
,,,,,,,,,,,,,68917,2020-03-07_20h41.35.543,SandwichStudy,3.2.4,MacIntel,60,"[""a""]",[1.247999906539917],1,0,80,65,1,79,Chicken,Pepper jack cheese,Ranch dressing,,,,,,Salami,Provolone cheese,Lettuce,Tomatoes,Mayonnaise,Mustard,,,6,3,6,1000,0,1000,0,1,999,,,,,,,,,,,,,,,
,,,,,,,,,,,,,68917,2020-03-07_20h41.35.543,SandwichStudy,3.2.4,MacIntel,60,"[""space""]",[1.0179998874664307],1,0,80,74,1,79,Mushrooms,Swiss cheese,Provolone cheese,Cheddar cheese,Lettuce,Tomatoes,,,Roast beef,Pastrami,Swiss cheese,Mustard,,,,,6,6,4,1000,0,1000,0,1,999,,,,,,,,,,,,,,,
,,,,,,,,,,,,,68917,2020-03-07_20h41.35.543,SandwichStudy,3.2.4,MacIntel,60,"[""l""]",[2.234999895095825],1,0,80,74,1,79,Mushrooms,Swiss cheese,Provolone cheese,Cheddar cheese,Lettuce,Tomatoes,,,Roast beef,Pastrami,Swiss cheese,Mustard,,,,,6,6,4,1000,0,1000,0,1,999,,,,,,,,,,,,,,,
,,,,,,,,,,,,,68917,2020-03-07_20h41.35.543,SandwichStudy,3.2.4,MacIntel,60,"[""space""]",[0.6419997215270996],1,0,80,79,1,79,Salami,Roast beef,Turkey,Ham,Swiss cheese,Lettuce,Tomatoes,Mayonnaise,Turkey,Cheddar cheese,Mayonnaise,,,,,,8,8,3,1000,0,1000,0,1,999,,,,,,,,,,,,,,,
,,,,,,,,,,,,,68917,2020-03-07_20h41.35.543,SandwichStudy,3.2.4,MacIntel,60,"[""a""]",[3.250999927520752],1,0,80,79,1,79,Salami,Roast beef,Turkey,Ham,Swiss cheese,Lettuce,Tomatoes,Mayonnaise,Turkey,Cheddar cheese,Mayonnaise,,,,,,8,8,3,1000,0,1000,0,1,999,,,,,,,,,,,,,,,
,,,,,,,,,,,,,68917,2020-03-07_20h41.35.543,SandwichStudy,3.2.4,MacIntel,60,"[""space""]",[1.2860000133514404],1,0,80,64,1,79,Tuna,Basil,Cheddar cheese,Garlic aioli,Pickles,Onions,Tomatoes,Spinach,Turkey,Ham,Bacon,Provolone cheese,Lettuce,Tomatoes,Ranch dressing,,8,8,7,1000,0,1000,0,1,999,,,,,,,,,,,,,,,
,,,,,,,,,,,,,68917,2020-03-07_20h41.35.543,SandwichStudy,3.2.4,MacIntel,60,"[""l""]",[1.2289998531341553],1,0,80,64,1,79,Tuna,Basil,Cheddar cheese,Garlic aioli,Pickles,Onions,Tomatoes,Spinach,Turkey,Ham,Bacon,Provolone cheese,Lettuce,Tomatoes,Ranch dressing,,8,8,7,1000,0,1000,0,1,999,,,,,,,,,,,,,,,
,,,,,,,,,,,,,68917,2020-03-07_20h41.35.543,SandwichStudy,3.2.4,MacIntel,60,"[""space""]",[138.66899991035461],1,0,80,4,1,79,Provolone cheese,Swiss cheese,Cheddar cheese,Parmesan cheese,Tomatoes,,,,Chicken,Lettuce,Tomatoes,Mayonnaise,,,,,5,5,4,1000,0,1000,0,1,999,,,,,,,,,,,,,,,
,,,,,,,,,,,,,68917,2020-03-07_20h41.35.543,SandwichStudy,3.2.4,MacIntel,60,"[""a""]",[2.4159998893737793],1,0,80,4,1,79,Provolone cheese,Swiss cheese,Cheddar cheese,Parmesan cheese,Tomatoes,,,,Chicken,Lettuce,Tomatoes,Mayonnaise,,,,,5,5,4,1000,0,1000,0,1,999,,,,,,,,,,,,,,,
,,,,,,,,,,,,,68917,2020-03-07_20h41.35.543,SandwichStudy,3.2.4,MacIntel,60,"[""space""]",[0.06400012969970703],1,0,80,76,1,79,Bacon,Lettuce,Tomatoes,Ranch dressing,,,,,Chicken,Bacon,Mustard,,,,,,4,4,3,1000,0,1000,0,1,999,,,,,,,,,,,,,,,
,,,,,,,,,,,,,68917,2020-03-07_20h41.35.543,SandwichStudy,3.2.4,MacIntel,60,"[""a""]",[0.5849997997283936],1,0,80,76,1,79,Bacon,Lettuce,Tomatoes,Ranch dressing,,,,,Chicken,Bacon,Mustard,,,,,,4,4,3,1000,0,1000,0,1,999,,,,,,,,,,,,,,,
,,,,,,,,,,,,,68917,2020-03-07_20h41.35.543,SandwichStudy,3.2.4,MacIntel,60,"[""space""]",[1.7969999313354492],1,0,80,52,1,79,Cheddar cheese,Avocado,Onions,Tomatoes,Mayonnaise,,,,Bacon,Ham,Turkey,Mayonnaise,Cheddar cheese,Tomatoes,Spinach,Swiss cheese,8,5,8,1000,0,1000,0,1,999,,,,,,,,,,,,,,,
,,,,,,,,,,,,,68917,2020-03-07_20h41.35.543,SandwichStudy,3.2.4,MacIntel,60,"[""l""]",[1.7920000553131104],1,0,80,52,1,79,Cheddar cheese,Avocado,Onions,Tomatoes,Mayonnaise,,,,Bacon,Ham,Turkey,Mayonnaise,Cheddar cheese,Tomatoes,Spinach,Swiss cheese,8,5,8,1000,0,1000,0,1,999,,,,,,,,,,,,,,,
,,,,,,,,,,,,,68917,2020-03-07_20h41.35.543,SandwichStudy,3.2.4,MacIntel,60,"[""space""]",[0.809999942779541],1,0,80,30,1,79,Turkey,Ham,Roast beef,Provolone cheese,Spinach,Tomatoes,Mayonnaise,Mustard,Ham,Swiss cheese,Mayonnaise,Mustard,Tomatoes,,,,8,8,5,1000,0,1000,0,1,999,,,,,,,,,,,,,,,
,,,,,,,,,,,,,68917,2020-03-07_20h41.35.543,SandwichStudy,3.2.4,MacIntel,60,"[""l""]",[11.376999855041504],1,0,80,30,1,79,Turkey,Ham,Roast beef,Provolone cheese,Spinach,Tomatoes,Mayonnaise,Mustard,Ham,Swiss cheese,Mayonnaise,Mustard,Tomatoes,,,,8,8,5,1000,0,1000,0,1,999,,,,,,,,,,,,,,,
,,,,,,,,,,,,,68917,2020-03-07_20h41.35.543,SandwichStudy,3.2.4,MacIntel,60,"[""space""]",[0.7329998016357422],1,0,80,24,1,79,Steak,Onions,Bell peppers,Provolone cheese,,,,,Tuna,Lettuce,Tomatoes,Mayonnaise,,,,,4,4,4,1000,0,1000,0,1,999,,,,,,,,,,,,,,,
,,,,,,,,,,,,,68917,2020-03-07_20h41.35.543,SandwichStudy,3.2.4,MacIntel,60,"[""l""]",[0.8779997825622559],1,0,80,24,1,79,Steak,Onions,Bell peppers,Provolone cheese,,,,,Tuna,Lettuce,Tomatoes,Mayonnaise,,,,,4,4,4,1000,0,1000,0,1,999,,,,,,,,,,,,,,,
,,,,,,,,,,,,,68917,2020-03-07_20h41.35.543,SandwichStudy,3.2.4,MacIntel,60,"[""space""]",[1.9689998626708984],1,0,80,54,1,79,Chicken,Bell peppers,Bacon,Provolone cheese,Ranch dressing,Lettuce,Tomatoes,,Turkey,Bacon,Pepper jack cheese,Avocado,Ranch dressing,Spinach,Tomatoes,,7,7,7,1000,0,1000,0,1,999,,,,,,,,,,,,,,,
,,,,,,,,,,,,,68917,2020-03-07_20h41.35.543,SandwichStudy,3.2.4,MacIntel,60,"[""l""]",[3.502999782562256],1,0,80,54,1,79,Chicken,Bell peppers,Bacon,Provolone cheese,Ranch dressing,Lettuce,Tomatoes,,Turkey,Bacon,Pepper jack cheese,Avocado,Ranch dressing,Spinach,Tomatoes,,7,7,7,1000,0,1000,0,1,999,,,,,,,,,,,,,,,
,,,,,,,,,,,,,68917,2020-03-07_20h41.35.543,SandwichStudy,3.2.4,MacIntel,60,"[""space""]",[1.1159999370574951],1,0,80,75,1,79,Ham,Swiss cheese,Mustard,,,,,,Ham,Swiss cheese,Mayonnaise,Mustard,Tomatoes,,,,5,3,5,1000,0,1000,0,1,999,,,,,,,,,,,,,,,
,,,,,,,,,,,,,68917,2020-03-07_20h41.35.543,SandwichStudy,3.2.4,MacIntel,60,"[""a""]",[19.585999965667725],1,0,80,75,1,79,Ham,Swiss cheese,Mustard,,,,,,Ham,Swiss cheese,Mayonnaise,Mustard,Tomatoes,,,,5,3,5,1000,0,1000,0,1,999,,,,,,,,,,,,,,,
,,,,,,,,,,,,,68917,2020-03-07_20h41.35.543,SandwichStudy,3.2.4,MacIntel,60,"[""space""]",[0.6019997596740723],1,0,80,61,1,79,Pork,Cucumbers,Pickles,Jalapenos,Basil,Mayonnaise,,,Turkey,Cheddar cheese,Bacon,,,,,,6,6,3,1000,0,1000,0,1,999,,,,,,,,,,,,,,,
,,,,,,,,,,,,,68917,2020-03-07_20h41.35.543,SandwichStudy,3.2.4,MacIntel,60,"[""l""]",[3.2659997940063477],1,0,80,61,1,79,Pork,Cucumbers,Pickles,Jalapenos,Basil,Mayonnaise,,,Turkey,Cheddar cheese,Bacon,,,,,,6,6,3,1000,0,1000,0,1,999,,,,,,,,,,,,,,,
,,,,,,,,,,,,,68917,2020-03-07_20h41.35.543,SandwichStudy,3.2.4,MacIntel,60,"[""space""]",[1.116999864578247],1,0,80,12,1,79,Turkey,Cheddar cheese,Mayonnaise,,,,,,Ham,Pork,Swiss cheese,Mustard,Pickles,,,,5,3,5,1000,0,1000,0,1,999,,,,,,,,,,,,,,,
,,,,,,,,,,,,,68917,2020-03-07_20h41.35.543,SandwichStudy,3.2.4,MacIntel,60,"[""l""]",[0.8350000381469727],1,0,80,12,1,79,Turkey,Cheddar cheese,Mayonnaise,,,,,,Ham,Pork,Swiss cheese,Mustard,Pickles,,,,5,3,5,1000,0,1000,0,1,999,,,,,,,,,,,,,,,
,,,,,,,,,,,,,68917,2020-03-07_20h41.35.543,SandwichStudy,3.2.4,MacIntel,60,"[""space""]",[0.4679999351501465],1,0,80,60,1,79,Chicken,Swiss cheese,Lettuce,Tomatoes,Onions,,,,Chicken,Cheddar cheese,Lettuce,Garlic aioli,Swiss cheese,Tomatoes,,,6,5,6,1000,0,1000,0,1,999,,,,,,,,,,,,,,,
,,,,,,,,,,,,,68917,2020-03-07_20h41.35.543,SandwichStudy,3.2.4,MacIntel,60,"[""l""]",[1.3819999694824219],1,0,80,60,1,79,Chicken,Swiss cheese,Lettuce,Tomatoes,Onions,,,,Chicken,Cheddar cheese,Lettuce,Garlic aioli,Swiss cheese,Tomatoes,,,6,5,6,1000,0,1000,0,1,999,,,,,,,,,,,,,,,
,,,,,,,,,,,,,68917,2020-03-07_20h41.35.543,SandwichStudy,3.2.4,MacIntel,60,"[""space""]",[2.927000045776367],1,0,80,68,1,79,Tomatoes,Mozzarella cheese,Spinach,Pesto,,,,,Steak,Bacon,American cheese,Tomatoes,Onions,Pickles,,,6,4,6,1000,0,1000,0,1,999,,,,,,,,,,,,,,,
,,,,,,,,,,,,,68917,2020-03-07_20h41.35.543,SandwichStudy,3.2.4,MacIntel,60,"[""l""]",[2.9769997596740723],1,0,80,68,1,79,Tomatoes,Mozzarella cheese,Spinach,Pesto,,,,,Steak,Bacon,American cheese,Tomatoes,Onions,Pickles,,,6,4,6,1000,0,1000,0,1,999,,,,,,,,,,,,,,,
,,,,,,,,,,,,,68917,2020-03-07_20h41.35.543,SandwichStudy,3.2.4,MacIntel,60,"[""space""]",[0.43899989128112793],1,0,80,25,1,79,Meatballs,Provolone cheese,Onions,Marinara sauce,,,,,Chicken,Pepper jack cheese,Ranch dressing,,,,,,4,4,3,1000,0,1000,0,1,999,,,,,,,,,,,,,,,
,,,,,,,,,,,,,68917,2020-03-07_20h41.35.543,SandwichStudy,3.2.4,MacIntel,60,"[""a""]",[2.2189998626708984],1,0,80,25,1,79,Meatballs,Provolone cheese,Onions,Marinara sauce,,,,,Chicken,Pepper jack cheese,Ranch dressing,,,,,,4,4,3,1000,0,1000,0,1,999,,,,,,,,,,,,,,,
,,,,,,,,,,,,,68917,2020-03-07_20h41.35.543,SandwichStudy,3.2.4,MacIntel,60,"[""space""]",[0.8959999084472656],1,0,80,40,1,79,Pork,Ham,Swiss cheese,Pickles,Mustard,,,,Steak,Turkey,Ham,Cheddar cheese,Olives,Lettuce,Tomatoes,Onions,8,5,8,1000,0,1000,0,1,999,,,,,,,,,,,,,,,
,,,,,,,,,,,,,68917,2020-03-07_20h41.35.543,SandwichStudy,3.2.4,MacIntel,60,"[""l""]",[1.3819999694824219],1,0,80,40,1,79,Pork,Ham,Swiss cheese,Pickles,Mustard,,,,Steak,Turkey,Ham,Cheddar cheese,Olives,Lettuce,Tomatoes,Onions,8,5,8,1000,0,1000,0,1,999,,,,,,,,,,,,,,,
,,,,,,,,,,,,,68917,2020-03-07_20h41.35.543,SandwichStudy,3.2.4,MacIntel,60,"[""space""]",[0.7389998435974121],1,0,80,13,1,79,Chicken,Garlic aioli,Pickles,Cucumbers,Jalapenos,Basil,,,Roast beef,Bacon,Turkey,Mayonnaise,,,,,6,6,4,1000,0,1000,0,1,999,,,,,,,,,,,,,,,
,,,,,,,,,,,,,68917,2020-03-07_20h41.35.543,SandwichStudy,3.2.4,MacIntel,60,"[""a""]",[5.851000070571899],1,0,80,13,1,79,Chicken,Garlic aioli,Pickles,Cucumbers,Jalapenos,Basil,,,Roast beef,Bacon,Turkey,Mayonnaise,,,,,6,6,4,1000,0,1000,0,1,999,,,,,,,,,,,,,,,
,,,,,,,,,,,,,68917,2020-03-07_20h41.35.543,SandwichStudy,3.2.4,MacIntel,60,"[""space""]",[1.0369999408721924],1,0,80,6,1,79,Chicken,Cheddar cheese,Lettuce,Garlic aioli,Swiss cheese,Tomatoes,,,Cheddar cheese,Provolone cheese,Swiss cheese,Mushrooms,Mayonnaise,Lettuce,Tomatoes,,7,6,7,1000,0,1000,0,1,999,,,,,,,,,,,,,,,
,,,,,,,,,,,,,68917,2020-03-07_20h41.35.543,SandwichStudy,3.2.4,MacIntel,60,"[""a""]",[3.0950000286102295],1,0,80,6,1,79,Chicken,Cheddar cheese,Lettuce,Garlic aioli,Swiss cheese,Tomatoes,,,Cheddar cheese,Provolone cheese,Swiss cheese,Mushrooms,Mayonnaise,Lettuce,Tomatoes,,7,6,7,1000,0,1000,0,1,999,,,,,,,,,,,,,,,
,,,,,,,,,,,,,68917,2020-03-07_20h41.35.543,SandwichStudy,3.2.4,MacIntel,60,"[""space""]",[0.5619997978210449],1,0,80,11,1,79,Pork,Ham,Swiss cheese,Pickles,Mustard,,,,Chicken,Bacon,Mustard,,,,,,5,5,3,1000,0,1000,0,1,999,,,,,,,,,,,,,,,
,,,,,,,,,,,,,68917,2020-03-07_20h41.35.543,SandwichStudy,3.2.4,MacIntel,60,"[""a""]",[1.366999864578247],1,0,80,11,1,79,Pork,Ham,Swiss cheese,Pickles,Mustard,,,,Chicken,Bacon,Mustard,,,,,,5,5,3,1000,0,1000,0,1,999,,,,,,,,,,,,,,,
,,,,,,,,,,,,,68917,2020-03-07_20h41.35.543,SandwichStudy,3.2.4,MacIntel,60,"[""space""]",[1.0130000114440918],1,0,80,29,1,79,Turkey,Garlic aioli,Bacon,Spinach,,,,,Chicken,Mayonnaise,Cheddar cheese,,,,,,4,4,3,1000,0,1000,0,1,999,,,,,,,,,,,,,,,
,,,,,,,,,,,,,68917,2020-03-07_20h41.35.543,SandwichStudy,3.2.4,MacIntel,60,"[""l""]",[3.8509998321533203],1,0,80,29,1,79,Turkey,Garlic aioli,Bacon,Spinach,,,,,Chicken,Mayonnaise,Cheddar cheese,,,,,,4,4,3,1000,0,1000,0,1,999,,,,,,,,,,,,,,,
,,,,,,,,,,,,,68917,2020-03-07_20h41.35.543,SandwichStudy,3.2.4,MacIntel,60,"[""space""]",[0.46399974822998047],1,0,80,33,1,79,Bacon,Ham,Turkey,Mayonnaise,Mustard,Cheddar cheese,Tomatoes,Spinach,Turkey,Avocado,Bacon,Garlic aioli,Tomatoes,Spinach,Onions,,8,8,7,1000,0,1000,0,1,999,,,,,,,,,,,,,,,
,,,,,,,,,,,,,68917,2020-03-07_20h41.35.543,SandwichStudy,3.2.4,MacIntel,60,"[""l""]",[1.0879998207092285],1,0,80,33,1,79,Bacon,Ham,Turkey,Mayonnaise,Mustard,Cheddar cheese,Tomatoes,Spinach,Turkey,Avocado,Bacon,Garlic aioli,Tomatoes,Spinach,Onions,,8,8,7,1000,0,1000,0,1,999,,,,,,,,,,,,,,,
,,,,,,,,,,,,,68917,2020-03-07_20h41.35.543,SandwichStudy,3.2.4,MacIntel,60,"[""space""]",[0.6549999713897705],1,0,80,69,1,79,Chicken,Garlic aioli,Pickles,Cucumbers,Jalapenos,Basil,,,Chicken,Bacon,Cheddar cheese,Swiss cheese,Spinach,Tomatoes,Mayonnaise,Mustard,8,6,8,1000,0,1000,0,1,999,,,,,,,,,,,,,,,
,,,,,,,,,,,,,68917,2020-03-07_20h41.35.543,SandwichStudy,3.2.4,MacIntel,60,"[""l""]",[208.31699991226196],1,0,80,69,1,79,Chicken,Garlic aioli,Pickles,Cucumbers,Jalapenos,Basil,,,Chicken,Bacon,Cheddar cheese,Swiss cheese,Spinach,Tomatoes,Mayonnaise,Mustard,8,6,8,1000,0,1000,0,1,999,,,,,,,,,,,,,,,
,,,,,,,,,,,,,68917,2020-03-07_20h41.35.543,SandwichStudy,3.2.4,MacIntel,60,"[""space""]",[0.9779999256134033],1,0,80,62,1,79,Cheddar cheese,Provolone cheese,Swiss cheese,Mushrooms,Mayonnaise,Lettuce,Tomatoes,,Bacon,Turkey,Pepper jack cheese,Mustard,,,,,7,7,4,1000,0,1000,0,1,999,,,,,,,,,,,,,,,
,,,,,,,,,,,,,68917,2020-03-07_20h41.35.543,SandwichStudy,3.2.4,MacIntel,60,"[""l""]",[0.7609999179840088],1,0,80,62,1,79,Cheddar cheese,Provolone cheese,Swiss cheese,Mushrooms,Mayonnaise,Lettuce,Tomatoes,,Bacon,Turkey,Pepper jack cheese,Mustard,,,,,7,7,4,1000,0,1000,0,1,999,,,,,,,,,,,,,,,
,,,,,,,,,,,,,68917,2020-03-07_20h41.35.543,SandwichStudy,3.2.4,MacIntel,60,"[""space""]",[1.434000015258789],1,0,80,31,1,79,Spinach,Tomatoes,Cucumbers,Onions,Bell peppers,Avocado,Mayonnaise,,Turkey,Ham,Bacon,Swiss cheese,Lettuce,Tomatoes,Onions,,7,7,7,1000,0,1000,0,1,999,,,,,,,,,,,,,,,
,,,,,,,,,,,,,68917,2020-03-07_20h41.35.543,SandwichStudy,3.2.4,MacIntel,60,"[""l""]",[1.7099997997283936],1,0,80,31,1,79,Spinach,Tomatoes,Cucumbers,Onions,Bell peppers,Avocado,Mayonnaise,,Turkey,Ham,Bacon,Swiss cheese,Lettuce,Tomatoes,Onions,,7,7,7,1000,0,1000,0,1,999,,,,,,,,,,,,,,,
,,,,,,,,,,,,,68917,2020-03-07_20h41.35.543,SandwichStudy,3.2.4,MacIntel,60,"[""space""]",[1.0820000171661377],1,0,80,28,1,79,Chicken,Mozzarella cheese,Tomatoes,Pesto,Spinach,,,,Roast beef,Turkey,Pastrami,Mayonnaise,Provolone cheese,,,,5,5,5,1000,0,1000,0,1,999,,,,,,,,,,,,,,,
,,,,,,,,,,,,,68917,2020-03-07_20h41.35.543,SandwichStudy,3.2.4,MacIntel,60,"[""l""]",[1.9169998168945312],1,0,80,28,1,79,Chicken,Mozzarella cheese,Tomatoes,Pesto,Spinach,,,,Roast beef,Turkey,Pastrami,Mayonnaise,Provolone cheese,,,,5,5,5,1000,0,1000,0,1,999,,,,,,,,,,,,,,,
,,,,,,,,,,,,,68917,2020-03-07_20h41.35.543,SandwichStudy,3.2.4,MacIntel,60,"[""space""]",[1.0789997577667236],1,0,80,66,1,79,Bacon,Spinach,Tomatoes,Avocado,Mayonnaise,,,,Provolone cheese,Swiss cheese,Cheddar cheese,Parmesan cheese,Tomatoes,,,,5,5,5,1000,0,1000,0,1,999,,,,,,,,,,,,,,,
,,,,,,,,,,,,,68917,2020-03-07_20h41.35.543,SandwichStudy,3.2.4,MacIntel,60,"[""l""]",[1.8959999084472656],1,0,80,66,1,79,Bacon,Spinach,Tomatoes,Avocado,Mayonnaise,,,,Provolone cheese,Swiss cheese,Cheddar cheese,Parmesan cheese,Tomatoes,,,,5,5,5,1000,0,1000,0,1,999,,,,,,,,,,,,,,,
,,,,,,,,,,,,,68917,2020-03-07_20h41.35.543,SandwichStudy,3.2.4,MacIntel,60,"[""space""]",[0.5590000152587891],1,0,80,32,1,79,Turkey,Ham,Bacon,Provolone cheese,Lettuce,Tomatoes,Ranch dressing,,Chicken,Cheddar cheese,Bacon,Avocado,Ranch dressing,,,,7,7,5,1000,0,1000,0,1,999,,,,,,,,,,,,,,,
,,,,,,,,,,,,,68917,2020-03-07_20h41.35.543,SandwichStudy,3.2.4,MacIntel,60,"[""l""]",[1.115999698638916],1,0,80,32,1,79,Turkey,Ham,Bacon,Provolone cheese,Lettuce,Tomatoes,Ranch dressing,,Chicken,Cheddar cheese,Bacon,Avocado,Ranch dressing,,,,7,7,5,1000,0,1000,0,1,999,,,,,,,,,,,,,,,
,,,,,,,,,,,,,68917,2020-03-07_20h41.35.543,SandwichStudy,3.2.4,MacIntel,60,"[""space""]",[0.4179999828338623],1,0,80,43,1,79,Meatballs,Provolone cheese,Onions,Marinara sauce,,,,,Chicken,Mozzarella cheese,Tomatoes,Pesto,Spinach,,,,5,4,5,1000,0,1000,0,1,999,,,,,,,,,,,,,,,
,,,,,,,,,,,,,68917,2020-03-07_20h41.35.543,SandwichStudy,3.2.4,MacIntel,60,"[""l""]",[1.7049999237060547],1,0,80,43,1,79,Meatballs,Provolone cheese,Onions,Marinara sauce,,,,,Chicken,Mozzarella cheese,Tomatoes,Pesto,Spinach,,,,5,4,5,1000,0,1000,0,1,999,,,,,,,,,,,,,,,
,,,,,,,,,,,,,68917,2020-03-07_20h41.35.543,SandwichStudy,3.2.4,MacIntel,60,"[""space""]",[0.3429999351501465],1,0,80,63,1,79,Onions,Bell peppers,Mushrooms,Jalapenos,American cheese,Steak,,,Turkey,Ham,Roast beef,Provolone cheese,Spinach,Tomatoes,Mayonnaise,Mustard,8,6,8,1000,0,1000,0,1,999,,,,,,,,,,,,,,,
,,,,,,,,,,,,,68917,2020-03-07_20h41.35.543,SandwichStudy,3.2.4,MacIntel,60,"[""l""]",[0.6549999713897705],1,0,80,63,1,79,Onions,Bell peppers,Mushrooms,Jalapenos,American cheese,Steak,,,Turkey,Ham,Roast beef,Provolone cheese,Spinach,Tomatoes,Mayonnaise,Mustard,8,6,8,1000,0,1000,0,1,999,,,,,,,,,,,,,,,
,,,,,,,,,,,,,68917,2020-03-07_20h41.35.543,SandwichStudy,3.2.4,MacIntel,60,"[""space""]",[0.6289999485015869],1,0,80,38,1,79,Steak,Turkey,Ham,Cheddar cheese,Olives,Lettuce,Tomatoes,Onions,Chicken,Swiss cheese,Lettuce,Tomatoes,Onions,,,,8,8,5,1000,0,1000,0,1,999,,,,,,,,,,,,,,,
,,,,,,,,,,,,,68917,2020-03-07_20h41.35.543,SandwichStudy,3.2.4,MacIntel,60,"[""a""]",[2.5829999446868896],1,0,80,38,1,79,Steak,Turkey,Ham,Cheddar cheese,Olives,Lettuce,Tomatoes,Onions,Chicken,Swiss cheese,Lettuce,Tomatoes,Onions,,,,8,8,5,1000,0,1000,0,1,999,,,,,,,,,,,,,,,
,,,,,,,,,,,,,68917,2020-03-07_20h41.35.543,SandwichStudy,3.2.4,MacIntel,60,"[""space""]",[0.14699983596801758],1,0,80,19,1,79,Bacon,Ham,Turkey,Mayonnaise,Cheddar cheese,Tomatoes,Spinach,Swiss cheese,Turkey,Salami,Cheddar cheese,Mayonnaise,,,,,8,8,4,1000,0,1000,0,1,999,,,,,,,,,,,,,,,
,,,,,,,,,,,,,68917,2020-03-07_20h41.35.543,SandwichStudy,3.2.4,MacIntel,60,"[""l""]",[0.9019999504089355],1,0,80,19,1,79,Bacon,Ham,Turkey,Mayonnaise,Cheddar cheese,Tomatoes,Spinach,Swiss cheese,Turkey,Salami,Cheddar cheese,Mayonnaise,,,,,8,8,4,1000,0,1000,0,1,999,,,,,,,,,,,,,,,
,,,,,,,,,,,,,68917,2020-03-07_20h41.35.543,SandwichStudy,3.2.4,MacIntel,60,"[""space""]",[1.2760000228881836],1,0,80,70,1,79,Pastrami,Swiss cheese,Coleslaw,,,,,,Chicken,Cheddar cheese,Bacon,Avocado,Ranch dressing,,,,5,3,5,1000,0,1000,0,1,999,,,,,,,,,,,,,,,
,,,,,,,,,,,,,68917,2020-03-07_20h41.35.543,SandwichStudy,3.2.4,MacIntel,60,"[""l""]",[2.2720000743865967],1,0,80,70,1,79,Pastrami,Swiss cheese,Coleslaw,,,,,,Chicken,Cheddar cheese,Bacon,Avocado,Ranch dressing,,,,5,3,5,1000,0,1000,0,1,999,,,,,,,,,,,,,,,
,,,,,,,,,,,,,68917,2020-03-07_20h41.35.543,SandwichStudy,3.2.4,MacIntel,60,"[""space""]",[0.8159999847412109],1,0,80,58,1,79,Chicken,Mayonnaise,Cheddar cheese,,,,,,Steak,Onions,Bell peppers,Provolone cheese,,,,,4,3,4,1000,0,1000,0,1,999,,,,,,,,,,,,,,,
,,,,,,,,,,,,,68917,2020-03-07_20h41.35.543,SandwichStudy,3.2.4,MacIntel,60,"[""l""]",[0.8799998760223389],1,0,80,58,1,79,Chicken,Mayonnaise,Cheddar cheese,,,,,,Steak,Onions,Bell peppers,Provolone cheese,,,,,4,3,4,1000,0,1000,0,1,999,,,,,,,,,,,,,,,
,,,,,,,,,,,,,68917,2020-03-07_20h41.35.543,SandwichStudy,3.2.4,MacIntel,60,"[""space""]",[0.4519999027252197],1,0,80,14,1,79,Steak,Bacon,American cheese,Tomatoes,Onions,Pickles,,,Bell peppers,Provolone cheese,Cucumbers,Spinach,Tomatoes,Onions,Hummus,,7,6,7,1000,0,1000,0,1,999,,,,,,,,,,,,,,,
,,,,,,,,,,,,,68917,2020-03-07_20h41.35.543,SandwichStudy,3.2.4,MacIntel,60,"[""a""]",[1.745999813079834],1,0,80,14,1,79,Steak,Bacon,American cheese,Tomatoes,Onions,Pickles,,,Bell peppers,Provolone cheese,Cucumbers,Spinach,Tomatoes,Onions,Hummus,,7,6,7,1000,0,1000,0,1,999,,,,,,,,,,,,,,,
,,,,,,,,,,,,,68917,2020-03-07_20h41.35.543,SandwichStudy,3.2.4,MacIntel,60,"[""space""]",[0.1530001163482666],1,0,80,37,1,79,Turkey,Ham,Cheddar cheese,Mayonnaise,,,,,Chicken,Ham,Swiss cheese,Mayonnaise,Mustard,,,,5,4,5,1000,0,1000,0,1,999,,,,,,,,,,,,,,,
,,,,,,,,,,,,,68917,2020-03-07_20h41.35.543,SandwichStudy,3.2.4,MacIntel,60,"[""l""]",[1.7119998931884766],1,0,80,37,1,79,Turkey,Ham,Cheddar cheese,Mayonnaise,,,,,Chicken,Ham,Swiss cheese,Mayonnaise,Mustard,,,,5,4,5,1000,0,1000,0,1,999,,,,,,,,,,,,,,,
,,,,,,,,,,,,,68917,2020-03-07_20h41.35.543,SandwichStudy,3.2.4,MacIntel,60,"[""space""]",[0.8179998397827148],1,0,80,35,1,79,Bacon,Lettuce,Tomatoes,Ranch dressing,,,,,Turkey,Gouda cheese,Avocado,Garlic aioli,Jalapenos,Tomatoes,Lettuce,,7,4,7,1000,0,1000,0,1,999,,,,,,,,,,,,,,,
,,,,,,,,,,,,,68917,2020-03-07_20h41.35.543,SandwichStudy,3.2.4,MacIntel,60,"[""a""]",[0.807999849319458],1,0,80,35,1,79,Bacon,Lettuce,Tomatoes,Ranch dressing,,,,,Turkey,Gouda cheese,Avocado,Garlic aioli,Jalapenos,Tomatoes,Lettuce,,7,4,7,1000,0,1000,0,1,999,,,,,,,,,,,,,,,
,,,,,,,,,,,,,68917,2020-03-07_20h41.35.543,SandwichStudy,3.2.4,MacIntel,60,"[""space""]",[0.10399985313415527],1,0,80,3,1,79,Chicken,American cheese,Coleslaw,Tomatoes,Pickles,Mayonnaise,,,Swiss cheese,Provolone cheese,Bell peppers,Tomatoes,Onions,,,,6,6,5,1000,0,1000,0,1,999,,,,,,,,,,,,,,,
,,,,,,,,,,,,,68917,2020-03-07_20h41.35.543,SandwichStudy,3.2.4,MacIntel,60,"[""l""]",[1.8519999980926514],1,0,80,3,1,79,Chicken,American cheese,Coleslaw,Tomatoes,Pickles,Mayonnaise,,,Swiss cheese,Provolone cheese,Bell peppers,Tomatoes,Onions,,,,6,6,5,1000,0,1000,0,1,999,,,,,,,,,,,,,,,
,,,,,,,,,,,,,68917,2020-03-07_20h41.35.543,SandwichStudy,3.2.4,MacIntel,60,"[""space""]",[0.36999988555908203],1,0,80,7,1,79,Mozzarella cheese,Bell peppers,Pesto,Spinach,,,,,Ham,Lettuce,Tomatoes,Mayonnaise,Mustard,,,,5,4,5,1000,0,1000,0,1,999,,,,,,,,,,,,,,,
,,,,,,,,,,,,,68917,2020-03-07_20h41.35.543,SandwichStudy,3.2.4,MacIntel,60,"[""l""]",[1.682999849319458],1,0,80,7,1,79,Mozzarella cheese,Bell peppers,Pesto,Spinach,,,,,Ham,Lettuce,Tomatoes,Mayonnaise,Mustard,,,,5,4,5,1000,0,1000,0,1,999,,,,,,,,,,,,,,,
,,,,,,,,,,,,,68917,2020-03-07_20h41.35.543,SandwichStudy,3.2.4,MacIntel,60,"[""space""]",[0.1380000114440918],1,0,80,49,1,79,Spinach,Tomatoes,Cucumbers,Onions,Bell peppers,Avocado,Mayonnaise,,Turkey,Provolone cheese,Spinach,Garlic aioli,,,,,7,7,4,1000,0,1000,0,1,999,,,,,,,,,,,,,,,
,,,,,,,,,,,,,68917,2020-03-07_20h41.35.543,SandwichStudy,3.2.4,MacIntel,60,"[""l""]",[0.5940001010894775],1,0,80,49,1,79,Spinach,Tomatoes,Cucumbers,Onions,Bell peppers,Avocado,Mayonnaise,,Turkey,Provolone cheese,Spinach,Garlic aioli,,,,,7,7,4,1000,0,1000,0,1,999,,,,,,,,,,,,,,,
,,,,,,,,,,,,,68917,2020-03-07_20h41.35.543,SandwichStudy,3.2.4,MacIntel,60,"[""space""]",[0.1359999179840088],1,0,80,53,1,79,Turkey,Avocado,Mayonnaise,,,,,,Ham,Pork,Swiss cheese,Mustard,Pickles,,,,5,3,5,1000,0,1000,0,1,999,,,,,,,,,,,,,,,
,,,,,,,,,,,,,68917,2020-03-07_20h41.35.543,SandwichStudy,3.2.4,MacIntel,60,"[""l""]",[0.24300003051757812],1,0,80,53,1,79,Turkey,Avocado,Mayonnaise,,,,,,Ham,Pork,Swiss cheese,Mustard,Pickles,,,,5,3,5,1000,0,1000,0,1,999,,,,,,,,,,,,,,,
,,,,,,,,,,,,,68917,2020-03-07_20h41.35.543,SandwichStudy,3.2.4,MacIntel,60,"[""space""]",[0.34599995613098145],1,0,80,20,1,79,Pastrami,Swiss cheese,Coleslaw,,,,,,Chicken,Bacon,Feta cheese,Bell peppers,Basil,Garlic aioli,,,6,3,6,1000,0,1000,0,1,999,,,,,,,,,,,,,,,
,,,,,,,,,,,,,68917,2020-03-07_20h41.35.543,SandwichStudy,3.2.4,MacIntel,60,"[""a""]",[0.6029999256134033],1,0,80,20,1,79,Pastrami,Swiss cheese,Coleslaw,,,,,,Chicken,Bacon,Feta cheese,Bell peppers,Basil,Garlic aioli,,,6,3,6,1000,0,1000,0,1,999,,,,,,,,,,,,,,,
,,,,,,,,,,,,,68917,2020-03-07_20h41.35.543,SandwichStudy,3.2.4,MacIntel,60,"[""space""]",[0.180999755859375],1,0,80,16,1,79,Chicken,American cheese,Lettuce,Tomatoes,Mayonnaise,,,,Cheddar cheese,Avocado,Onions,Tomatoes,Mayonnaise,,,,5,5,5,1000,0,1000,0,1,999,,,,,,,,,,,,,,,
,,,,,,,,,,,,,68917,2020-03-07_20h41.35.543,SandwichStudy,3.2.4,MacIntel,60,"[""l""]",[2.4620001316070557],1,0,80,16,1,79,Chicken,American cheese,Lettuce,Tomatoes,Mayonnaise,,,,Cheddar cheese,Avocado,Onions,Tomatoes,Mayonnaise,,,,5,5,5,1000,0,1000,0,1,999,,,,,,,,,,,,,,,
,,,,,,,,,,,,,68917,2020-03-07_20h41.35.543,SandwichStudy,3.2.4,MacIntel,60,"[""space""]",[0.18799996376037598],1,0,80,51,1,79,Turkey,Provolone cheese,Pesto,Bell peppers,,,,,Swiss cheese,Provolone cheese,Bell peppers,Tomatoes,Onions,,,,5,4,5,1000,0,1000,0,1,999,,,,,,,,,,,,,,,
,,,,,,,,,,,,,68917,2020-03-07_20h41.35.543,SandwichStudy,3.2.4,MacIntel,60,"[""l""]",[0.5019998550415039],1,0,80,51,1,79,Turkey,Provolone cheese,Pesto,Bell peppers,,,,,Swiss cheese,Provolone cheese,Bell peppers,Tomatoes,Onions,,,,5,4,5,1000,0,1000,0,1,999,,,,,,,,,,,,,,,
,,,,,,,,,,,,,68917,2020-03-07_20h41.35.543,SandwichStudy,3.2.4,MacIntel,60,"[""space""]",[0.42600011825561523],1,0,80,78,1,79,Chicken,American cheese,Lettuce,Tomatoes,Mayonnaise,,,,Pastrami,Cheddar cheese,Mustard,Pickles,,,,,5,5,4,1000,0,1000,0,1,999,,,,,,,,,,,,,,,
,,,,,,,,,,,,,68917,2020-03-07_20h41.35.543,SandwichStudy,3.2.4,MacIntel,60,"[""l""]",[3.2199997901916504],1,0,80,78,1,79,Chicken,American cheese,Lettuce,Tomatoes,Mayonnaise,,,,Pastrami,Cheddar cheese,Mustard,Pickles,,,,,5,5,4,1000,0,1000,0,1,999,,,,,,,,,,,,,,,
,,,,,,,,,,,,,68917,2020-03-07_20h41.35.543,SandwichStudy,3.2.4,MacIntel,60,"[""space""]",[0.44699978828430176],1,0,80,73,1,79,Turkey,Avocado,Bacon,Garlic aioli,Tomatoes,Spinach,Onions,,Tuna,Lettuce,Tomatoes,Mayonnaise,,,,,7,7,4,1000,0,1000,0,1,999,,,,,,,,,,,,,,,
,,,,,,,,,,,,,68917,2020-03-07_20h41.35.543,SandwichStudy,3.2.4,MacIntel,60,"[""space""]",[0.28099989891052246],1,0,80,73,1,79,Turkey,Avocado,Bacon,Garlic aioli,Tomatoes,Spinach,Onions,,Tuna,Lettuce,Tomatoes,Mayonnaise,,,,,7,7,4,1000,0,1000,0,1,999,,,,,,,,,,,,,,,
,,,,,,,,,,,,,68917,2020-03-07_20h41.35.543,SandwichStudy,3.2.4,MacIntel,60,"[""space""]",[0.4630000591278076],1,0,80,73,1,79,Turkey,Avocado,Bacon,Garlic aioli,Tomatoes,Spinach,Onions,,Tuna,Lettuce,Tomatoes,Mayonnaise,,,,,7,7,4,1000,0,1000,0,1,999,,,,,,,,,,,,,,,
,,,,,,,,,,,,,68917,2020-03-07_20h41.35.543,SandwichStudy,3.2.4,MacIntel,60,"[""a""]",[4.580999851226807],1,0,80,73,1,79,Turkey,Avocado,Bacon,Garlic aioli,Tomatoes,Spinach,Onions,,Tuna,Lettuce,Tomatoes,Mayonnaise,,,,,7,7,4,1000,0,1000,0,1,999,,,,,,,,,,,,,,,
,,,,,,,,,,,,,68917,2020-03-07_20h41.35.543,SandwichStudy,3.2.4,MacIntel,60,"[""space""]",[0.2969999313354492],1,0,80,27,1,79,Mushrooms,Swiss cheese,Provolone cheese,Cheddar cheese,Lettuce,Tomatoes,,,Avocado,Spinach,Tomatoes,Swiss cheese,,,,,6,6,4,1000,0,1000,0,1,999,,,,,,,,,,,,,,,
,,,,,,,,,,,,,68917,2020-03-07_20h41.35.543,SandwichStudy,3.2.4,MacIntel,60,"[""space""]",[0.5199999809265137],1,0,80,27,1,79,Mushrooms,Swiss cheese,Provolone cheese,Cheddar cheese,Lettuce,Tomatoes,,,Avocado,Spinach,Tomatoes,Swiss cheese,,,,,6,6,4,1000,0,1000,0,1,999,,,,,,,,,,,,,,,
,,,,,,,,,,,,,68917,2020-03-07_20h41.35.543,SandwichStudy,3.2.4,MacIntel,60,"[""space""]",[0.07999992370605469],1,0,80,27,1,79,Mushrooms,Swiss cheese,Provolone cheese,Cheddar cheese,Lettuce,Tomatoes,,,Avocado,Spinach,Tomatoes,Swiss cheese,,,,,6,6,4,1000,0,1000,0,1,999,,,,,,,,,,,,,,,
,,,,,,,,,,,,,68917,2020-03-07_20h41.35.543,SandwichStudy,3.2.4,MacIntel,60,"[""a""]",[9.644999980926514],1,0,80,27,1,79,Mushrooms,Swiss cheese,Provolone cheese,Cheddar cheese,Lettuce,Tomatoes,,,Avocado,Spinach,Tomatoes,Swiss cheese,,,,,6,6,4,1000,0,1000,0,1,999,,,,,,,,,,,,,,,
,,,,,,,,,,,,,68917,2020-03-07_20h41.35.543,SandwichStudy,3.2.4,MacIntel,60,"[""space""]",[0.20399999618530273],1,0,80,18,1,79,Turkey,Bacon,Pepper jack cheese,Avocado,Ranch dressing,Spinach,Tomatoes,,Chicken,Bacon,Cheddar cheese,Swiss cheese,Spinach,Tomatoes,Mayonnaise,Mustard,8,7,8,1000,0,1000,0,1,999,,,,,,,,,,,,,,,
,,,,,,,,,,,,,68917,2020-03-07_20h41.35.543,SandwichStudy,3.2.4,MacIntel,60,"[""space""]",[0.43400001525878906],1,0,80,18,1,79,Turkey,Bacon,Pepper jack cheese,Avocado,Ranch dressing,Spinach,Tomatoes,,Chicken,Bacon,Cheddar cheese,Swiss cheese,Spinach,Tomatoes,Mayonnaise,Mustard,8,7,8,1000,0,1000,0,1,999,,,,,,,,,,,,,,,
,,,,,,,,,,,,,68917,2020-03-07_20h41.35.543,SandwichStudy,3.2.4,MacIntel,60,"[""space""]",[0.29199981689453125],1,0,80,18,1,79,Turkey,Bacon,Pepper jack cheese,Avocado,Ranch dressing,Spinach,Tomatoes,,Chicken,Bacon,Cheddar cheese,Swiss cheese,Spinach,Tomatoes,Mayonnaise,Mustard,8,7,8,1000,0,1000,0,1,999,,,,,,,,,,,,,,,
,,,,,,,,,,,,,68917,2020-03-07_20h41.35.543,SandwichStudy,3.2.4,MacIntel,60,"[""space""]",[0.29600000381469727],1,0,80,18,1,79,Turkey,Bacon,Pepper jack cheese,Avocado,Ranch dressing,Spinach,Tomatoes,,Chicken,Bacon,Cheddar cheese,Swiss cheese,Spinach,Tomatoes,Mayonnaise,Mustard,8,7,8,1000,0,1000,0,1,999,,,,,,,,,,,,,,,
,,,,,,,,,,,,,68917,2020-03-07_20h41.35.543,SandwichStudy,3.2.4,MacIntel,60,"[""space""]",[0.1269998550415039],1,0,80,18,1,79,Turkey,Bacon,Pepper jack cheese,Avocado,Ranch dressing,Spinach,Tomatoes,,Chicken,Bacon,Cheddar cheese,Swiss cheese,Spinach,Tomatoes,Mayonnaise,Mustard,8,7,8,1000,0,1000,0,1,999,,,,,,,,,,,,,,,
,,,,,,,,,,,,,68917,2020-03-07_20h41.35.543,SandwichStudy,3.2.4,MacIntel,60,"[""space""]",[0.07399988174438477],1,0,80,18,1,79,Turkey,Bacon,Pepper jack cheese,Avocado,Ranch dressing,Spinach,Tomatoes,,Chicken,Bacon,Cheddar cheese,Swiss cheese,Spinach,Tomatoes,Mayonnaise,Mustard,8,7,8,1000,0,1000,0,1,999,,,,,,,,,,,,,,,
,,,,,,,,,,,,,68917,2020-03-07_20h41.35.543,SandwichStudy,3.2.4,MacIntel,60,"[""space""]",[0.07800006866455078],1,0,80,18,1,79,Turkey,Bacon,Pepper jack cheese,Avocado,Ranch dressing,Spinach,Tomatoes,,Chicken,Bacon,Cheddar cheese,Swiss cheese,Spinach,Tomatoes,Mayonnaise,Mustard,8,7,8,1000,0,1000,0,1,999,,,,,,,,,,,,,,,
,,,,,,,,,,,,,68917,2020-03-07_20h41.35.543,SandwichStudy,3.2.4,MacIntel,60,"[""space""]",[0.5469999313354492],1,0,80,18,1,79,Turkey,Bacon,Pepper jack cheese,Avocado,Ranch dressing,Spinach,Tomatoes,,Chicken,Bacon,Cheddar cheese,Swiss cheese,Spinach,Tomatoes,Mayonnaise,Mustard,8,7,8,1000,0,1000,0,1,999,,,,,,,,,,,,,,,
,,,,,,,,,,,,,68917,2020-03-07_20h41.35.543,SandwichStudy,3.2.4,MacIntel,60,"[""space""]",[4.33899998664856],1,0,80,18,1,79,Turkey,Bacon,Pepper jack cheese,Avocado,Ranch dressing,Spinach,Tomatoes,,Chicken,Bacon,Cheddar cheese,Swiss cheese,Spinach,Tomatoes,Mayonnaise,Mustard,8,7,8,1000,0,1000,0,1,999,,,,,,,,,,,,,,,
,,,,,,,,,,,,,68917,2020-03-07_20h41.35.543,SandwichStudy,3.2.4,MacIntel,60,"[""a""]",[1.9820001125335693],1,0,80,18,1,79,Turkey,Bacon,Pepper jack cheese,Avocado,Ranch dressing,Spinach,Tomatoes,,Chicken,Bacon,Cheddar cheese,Swiss cheese,Spinach,Tomatoes,Mayonnaise,Mustard,8,7,8,1000,0,1000,0,1,999,,,,,,,,,,,,,,,
,,,,,,,,,,,,,68917,2020-03-07_20h41.35.543,SandwichStudy,3.2.4,MacIntel,60,"[""space""]",[0.21899986267089844],1,0,80,45,1,79,Bell peppers,Provolone cheese,Cucumbers,Spinach,Tomatoes,Onions,Hummus,,Roast beef,Bacon,Turkey,Mayonnaise,,,,,7,7,4,1000,0,1000,0,1,999,,,,,,,,,,,,,,,
,,,,,,,,,,,,,68917,2020-03-07_20h41.35.543,SandwichStudy,3.2.4,MacIntel,60,"[""space""]",[0.15599989891052246],1,0,80,45,1,79,Bell peppers,Provolone cheese,Cucumbers,Spinach,Tomatoes,Onions,Hummus,,Roast beef,Bacon,Turkey,Mayonnaise,,,,,7,7,4,1000,0,1000,0,1,999,,,,,,,,,,,,,,,
,,,,,,,,,,,,,68917,2020-03-07_20h41.35.543,SandwichStudy,3.2.4,MacIntel,60,"[""space""]",[0.03099989891052246],1,0,80,45,1,79,Bell peppers,Provolone cheese,Cucumbers,Spinach,Tomatoes,Onions,Hummus,,Roast beef,Bacon,Turkey,Mayonnaise,,,,,7,7,4,1000,0,1000,0,1,999,,,,,,,,,,,,,,,
,,,,,,,,,,,,,68917,2020-03-07_20h41.35.543,SandwichStudy,3.2.4,MacIntel,60,"[""space""]",[0.03900003433227539],1,0,80,45,1,79,Bell peppers,Provolone cheese,Cucumbers,Spinach,Tomatoes,Onions,Hummus,,Roast beef,Bacon,Turkey,Mayonnaise,,,,,7,7,4,1000,0,1000,0,1,999,,,,,,,,,,,,,,,
,,,,,,,,,,,,,68917,2020-03-07_20h41.35.543,SandwichStudy,3.2.4,MacIntel,60,"[""space""]",[0.029999971389770508],1,0,80,45,1,79,Bell peppers,Provolone cheese,Cucumbers,Spinach,Tomatoes,Onions,Hummus,,Roast beef,Bacon,Turkey,Mayonnaise,,,,,7,7,4,1000,0,1000,0,1,999,,,,,,,,,,,,,,,
,,,,,,,,,,,,,68917,2020-03-07_20h41.35.543,SandwichStudy,3.2.4,MacIntel,60,"[""space""]",[0.2719998359680176],1,0,80,45,1,79,Bell peppers,Provolone cheese,Cucumbers,Spinach,Tomatoes,Onions,Hummus,,Roast beef,Bacon,Turkey,Mayonnaise,,,,,7,7,4,1000,0,1000,0,1,999,,,,,,,,,,,,,,,
,,,,,,,,,,,,,68917,2020-03-07_20h41.35.543,SandwichStudy,3.2.4,MacIntel,60,"[""a""]",[2.9469997882843018],1,0,80,45,1,79,Bell peppers,Provolone cheese,Cucumbers,Spinach,Tomatoes,Onions,Hummus,,Roast beef,Bacon,Turkey,Mayonnaise,,,,,7,7,4,1000,0,1000,0,1,999,,,,,,,,,,,,,,,
,,,,,,,,,,,,,68917,2020-03-07_20h41.35.543,SandwichStudy,3.2.4,MacIntel,60,"[""space""]",[0.042999982833862305],1,0,80,39,1,79,Chicken,Provolone cheese,Pesto,,,,,,Turkey,Bacon,Jalapenos,Lettuce,Avocado,Garlic aioli,Tomatoes,,7,3,7,1000,0,1000,0,1,999,,,,,,,,,,,,,,,
,,,,,,,,,,,,,68917,2020-03-07_20h41.35.543,SandwichStudy,3.2.4,MacIntel,60,"[""space""]",[0.3689999580383301],1,0,80,39,1,79,Chicken,Provolone cheese,Pesto,,,,,,Turkey,Bacon,Jalapenos,Lettuce,Avocado,Garlic aioli,Tomatoes,,7,3,7,1000,0,1000,0,1,999,,,,,,,,,,,,,,,
,,,,,,,,,,,,,68917,2020-03-07_20h41.35.543,SandwichStudy,3.2.4,MacIntel,60,"[""space""]",[0.1509997844696045],1,0,80,39,1,79,Chicken,Provolone cheese,Pesto,,,,,,Turkey,Bacon,Jalapenos,Lettuce,Avocado,Garlic aioli,Tomatoes,,7,3,7,1000,0,1000,0,1,999,,,,,,,,,,,,,,,
,,,,,,,,,,,,,68917,2020-03-07_20h41.35.543,SandwichStudy,3.2.4,MacIntel,60,"[""space""]",[0.38499999046325684],1,0,80,39,1,79,Chicken,Provolone cheese,Pesto,,,,,,Turkey,Bacon,Jalapenos,Lettuce,Avocado,Garlic aioli,Tomatoes,,7,3,7,1000,0,1000,0,1,999,,,,,,,,,,,,,,,
,,,,,,,,,,,,,68917,2020-03-07_20h41.35.543,SandwichStudy,3.2.4,MacIntel,60,"[""space""]",[0.08799982070922852],1,0,80,39,1,79,Chicken,Provolone cheese,Pesto,,,,,,Turkey,Bacon,Jalapenos,Lettuce,Avocado,Garlic aioli,Tomatoes,,7,3,7,1000,0,1000,0,1,999,,,,,,,,,,,,,,,
,,,,,,,,,,,,,68917,2020-03-07_20h41.35.543,SandwichStudy,3.2.4,MacIntel,60,"[""l""]",[7.516999959945679],1,0,80,39,1,79,Chicken,Provolone cheese,Pesto,,,,,,Turkey,Bacon,Jalapenos,Lettuce,Avocado,Garlic aioli,Tomatoes,,7,3,7,1000,0,1000,0,1,999,,,,,,,,,,,,,,,
,,,,,,,,,,,,,68917,2020-03-07_20h41.35.543,SandwichStudy,3.2.4,MacIntel,60,"[""space""]",[0.4099998474121094],1,0,80,23,1,79,Meatballs,Provolone cheese,Marinara sauce,Parmesan cheese,,,,,Turkey,Cheddar cheese,Bacon,,,,,,4,4,3,1000,0,1000,0,1,999,,,,,,,,,,,,,,,
,,,,,,,,,,,,,68917,2020-03-07_20h41.35.543,SandwichStudy,3.2.4,MacIntel,60,"[""space""]",[0.01399993896484375],1,0,80,23,1,79,Meatballs,Provolone cheese,Marinara sauce,Parmesan cheese,,,,,Turkey,Cheddar cheese,Bacon,,,,,,4,4,3,1000,0,1000,0,1,999,,,,,,,,,,,,,,,
,,,,,,,,,,,,,68917,2020-03-07_20h41.35.543,SandwichStudy,3.2.4,MacIntel,60,"[""space""]",[0.2849998474121094],1,0,80,23,1,79,Meatballs,Provolone cheese,Marinara sauce,Parmesan cheese,,,,,Turkey,Cheddar cheese,Bacon,,,,,,4,4,3,1000,0,1000,0,1,999,,,,,,,,,,,,,,,
,,,,,,,,,,,,,68917,2020-03-07_20h41.35.543,SandwichStudy,3.2.4,MacIntel,60,"[""l""]",[3.8939998149871826],1,0,80,23,1,79,Meatballs,Provolone cheese,Marinara sauce,Parmesan cheese,,,,,Turkey,Cheddar cheese,Bacon,,,,,,4,4,3,1000,0,1000,0,1,999,,,,,,,,,,,,,,,
,,,,,,,,,,,,,68917,2020-03-07_20h41.35.543,SandwichStudy,3.2.4,MacIntel,60,"[""space""]",[0.33699989318847656],1,0,80,57,1,79,Avocado,Spinach,Tomatoes,Swiss cheese,,,,,Chicken,Ham,Swiss cheese,Mayonnaise,Mustard,,,,5,4,5,1000,0,1000,0,1,999,,,,,,,,,,,,,,,
,,,,,,,,,,,,,68917,2020-03-07_20h41.35.543,SandwichStudy,3.2.4,MacIntel,60,"[""space""]",[0.2689998149871826],1,0,80,57,1,79,Avocado,Spinach,Tomatoes,Swiss cheese,,,,,Chicken,Ham,Swiss cheese,Mayonnaise,Mustard,,,,5,4,5,1000,0,1000,0,1,999,,,,,,,,,,,,,,,
,,,,,,,,,,,,,68917,2020-03-07_20h41.35.543,SandwichStudy,3.2.4,MacIntel,60,"[""space""]",[0.1699998378753662],1,0,80,57,1,79,Avocado,Spinach,Tomatoes,Swiss cheese,,,,,Chicken,Ham,Swiss cheese,Mayonnaise,Mustard,,,,5,4,5,1000,0,1000,0,1,999,,,,,,,,,,,,,,,
,,,,,,,,,,,,,68917,2020-03-07_20h41.35.543,SandwichStudy,3.2.4,MacIntel,60,"[""l""]",[0.2350001335144043],1,0,80,57,1,79,Avocado,Spinach,Tomatoes,Swiss cheese,,,,,Chicken,Ham,Swiss cheese,Mayonnaise,Mustard,,,,5,4,5,1000,0,1000,0,1,999,,,,,,,,,,,,,,,
,,,,,,,,,,,,,68917,2020-03-07_20h41.35.543,SandwichStudy,3.2.4,MacIntel,60,"[""space""]",[0.034999847412109375],1,0,80,36,1,79,Chicken,Bell peppers,Bacon,Provolone cheese,Ranch dressing,Lettuce,Tomatoes,,Pastrami,Cheddar cheese,Mustard,Pickles,,,,,7,7,4,1000,0,1000,0,1,999,,,,,,,,,,,,,,,
,,,,,,,,,,,,,68917,2020-03-07_20h41.35.543,SandwichStudy,3.2.4,MacIntel,60,"[""space""]",[0.2739999294281006],1,0,80,36,1,79,Chicken,Bell peppers,Bacon,Provolone cheese,Ranch dressing,Lettuce,Tomatoes,,Pastrami,Cheddar cheese,Mustard,Pickles,,,,,7,7,4,1000,0,1000,0,1,999,,,,,,,,,,,,,,,
,,,,,,,,,,,,,68917,2020-03-07_20h41.35.543,SandwichStudy,3.2.4,MacIntel,60,"[""space""]",[0.37999987602233887],1,0,80,36,1,79,Chicken,Bell peppers,Bacon,Provolone cheese,Ranch dressing,Lettuce,Tomatoes,,Pastrami,Cheddar cheese,Mustard,Pickles,,,,,7,7,4,1000,0,1000,0,1,999,,,,,,,,,,,,,,,
,,,,,,,,,,,,,68917,2020-03-07_20h41.35.543,SandwichStudy,3.2.4,MacIntel,60,"[""space""]",[0.004999876022338867],1,0,80,36,1,79,Chicken,Bell peppers,Bacon,Provolone cheese,Ranch dressing,Lettuce,Tomatoes,,Pastrami,Cheddar cheese,Mustard,Pickles,,,,,7,7,4,1000,0,1000,0,1,999,,,,,,,,,,,,,,,
,,,,,,,,,,,,,68917,2020-03-07_20h41.35.543,SandwichStudy,3.2.4,MacIntel,60,"[""space""]",[0.06999993324279785],1,0,80,36,1,79,Chicken,Bell peppers,Bacon,Provolone cheese,Ranch dressing,Lettuce,Tomatoes,,Pastrami,Cheddar cheese,Mustard,Pickles,,,,,7,7,4,1000,0,1000,0,1,999,,,,,,,,,,,,,,,
,,,,,,,,,,,,,68917,2020-03-07_20h41.35.543,SandwichStudy,3.2.4,MacIntel,60,"[""space""]",[0.06499981880187988],1,0,80,36,1,79,Chicken,Bell peppers,Bacon,Provolone cheese,Ranch dressing,Lettuce,Tomatoes,,Pastrami,Cheddar cheese,Mustard,Pickles,,,,,7,7,4,1000,0,1000,0,1,999,,,,,,,,,,,,,,,
,,,,,,,,,,,,,68917,2020-03-07_20h41.35.543,SandwichStudy,3.2.4,MacIntel,60,"[""l""]",[0.12999987602233887],1,0,80,36,1,79,Chicken,Bell peppers,Bacon,Provolone cheese,Ranch dressing,Lettuce,Tomatoes,,Pastrami,Cheddar cheese,Mustard,Pickles,,,,,7,7,4,1000,0,1000,0,1,999,,,,,,,,,,,,,,,
,,,,,,,,,,,,,68917,2020-03-07_20h41.35.543,SandwichStudy,3.2.4,MacIntel,60,"[""space""]",[0.1939997673034668],1,0,80,26,1,79,Turkey,Avocado,Mayonnaise,,,,,,Chicken,Mozzarella cheese,Tomatoes,Onions,Basil,Mayonnaise,,,6,3,6,1000,0,1000,0,1,999,,,,,,,,,,,,,,,
,,,,,,,,,,,,,68917,2020-03-07_20h41.35.543,SandwichStudy,3.2.4,MacIntel,60,"[""space""]",[0.4200000762939453],1,0,80,26,1,79,Turkey,Avocado,Mayonnaise,,,,,,Chicken,Mozzarella cheese,Tomatoes,Onions,Basil,Mayonnaise,,,6,3,6,1000,0,1000,0,1,999,,,,,,,,,,,,,,,
,,,,,,,,,,,,,68917,2020-03-07_20h41.35.543,SandwichStudy,3.2.4,MacIntel,60,"[""space""]",[0.38700008392333984],1,0,80,26,1,79,Turkey,Avocado,Mayonnaise,,,,,,Chicken,Mozzarella cheese,Tomatoes,Onions,Basil,Mayonnaise,,,6,3,6,1000,0,1000,0,1,999,,,,,,,,,,,,,,,
,,,,,,,,,,,,,68917,2020-03-07_20h41.35.543,SandwichStudy,3.2.4,MacIntel,60,"[""space""]",[0.43599987030029297],1,0,80,26,1,79,Turkey,Avocado,Mayonnaise,,,,,,Chicken,Mozzarella cheese,Tomatoes,Onions,Basil,Mayonnaise,,,6,3,6,1000,0,1000,0,1,999,,,,,,,,,,,,,,,
,,,,,,,,,,,,,68917,2020-03-07_20h41.35.543,SandwichStudy,3.2.4,MacIntel,60,"[""space""]",[0.2329998016357422],1,0,80,26,1,79,Turkey,Avocado,Mayonnaise,,,,,,Chicken,Mozzarella cheese,Tomatoes,Onions,Basil,Mayonnaise,,,6,3,6,1000,0,1000,0,1,999,,,,,,,,,,,,,,,
,,,,,,,,,,,,,68917,2020-03-07_20h41.35.543,SandwichStudy,3.2.4,MacIntel,60,"[""l""]",[4.552000045776367],1,0,80,26,1,79,Turkey,Avocado,Mayonnaise,,,,,,Chicken,Mozzarella cheese,Tomatoes,Onions,Basil,Mayonnaise,,,6,3,6,1000,0,1000,0,1,999,,,,,,,,,,,,,,,
,,,,,,,,,,,,,68917,2020-03-07_20h41.35.543,SandwichStudy,3.2.4,MacIntel,60,"[""space""]",[0.1530001163482666],1,0,80,1,1,79,Tomatoes,Mozzarella cheese,Spinach,Pesto,,,,,Ham,Swiss cheese,Mustard,,,,,,4,4,3,1000,0,1000,0,1,999,,,,,,,,,,,,,,,
,,,,,,,,,,,,,68917,2020-03-07_20h41.35.543,SandwichStudy,3.2.4,MacIntel,60,"[""space""]",[0.6210000514984131],1,0,80,1,1,79,Tomatoes,Mozzarella cheese,Spinach,Pesto,,,,,Ham,Swiss cheese,Mustard,,,,,,4,4,3,1000,0,1000,0,1,999,,,,,,,,,,,,,,,
,,,,,,,,,,,,,68917,2020-03-07_20h41.35.543,SandwichStudy,3.2.4,MacIntel,60,"[""space""]",[0.12199997901916504],1,0,80,1,1,79,Tomatoes,Mozzarella cheese,Spinach,Pesto,,,,,Ham,Swiss cheese,Mustard,,,,,,4,4,3,1000,0,1000,0,1,999,,,,,,,,,,,,,,,
,,,,,,,,,,,,,68917,2020-03-07_20h41.35.543,SandwichStudy,3.2.4,MacIntel,60,"[""space""]",[0.009999990463256836],1,0,80,1,1,79,Tomatoes,Mozzarella cheese,Spinach,Pesto,,,,,Ham,Swiss cheese,Mustard,,,,,,4,4,3,1000,0,1000,0,1,999,,,,,,,,,,,,,,,
,,,,,,,,,,,,,68917,2020-03-07_20h41.35.543,SandwichStudy,3.2.4,MacIntel,60,"[""l""]",[1.5789999961853027],1,0,80,1,1,79,Tomatoes,Mozzarella cheese,Spinach,Pesto,,,,,Ham,Swiss cheese,Mustard,,,,,,4,4,3,1000,0,1000,0,1,999,,,,,,,,,,,,,,,
,,,,,,,,,,,,,68917,2020-03-07_20h41.35.543,SandwichStudy,3.2.4,MacIntel,60,"[""space""]",[0.6139998435974121],1,0,80,77,1,79,Chicken,Lettuce,Tomatoes,Mayonnaise,,,,,Pepperoni,Meatballs,Marinara sauce,Provolone cheese,Mushrooms,,,,5,4,5,1000,0,1000,0,1,999,,,,,,,,,,,,,,,
,,,,,,,,,,,,,68917,2020-03-07_20h41.35.543,SandwichStudy,3.2.4,MacIntel,60,"[""space""]",[0.10800004005432129],1,0,80,77,1,79,Chicken,Lettuce,Tomatoes,Mayonnaise,,,,,Pepperoni,Meatballs,Marinara sauce,Provolone cheese,Mushrooms,,,,5,4,5,1000,0,1000,0,1,999,,,,,,,,,,,,,,,
,,,,,,,,,,,,,68917,2020-03-07_20h41.35.543,SandwichStudy,3.2.4,MacIntel,60,"[""a""]",[0.2349998950958252],1,0,80,77,1,79,Chicken,Lettuce,Tomatoes,Mayonnaise,,,,,Pepperoni,Meatballs,Marinara sauce,Provolone cheese,Mushrooms,,,,5,4,5,1000,0,1000,0,1,999,,,,,,,,,,,,,,,
,,,,,,,,,,,,,68917,2020-03-07_20h41.35.543,SandwichStudy,3.2.4,MacIntel,60,"[""space""]",[0.4440000057220459],1,0,80,72,1,79,Chicken,Mozzarella cheese,Tomatoes,Onions,Basil,Mayonnaise,,,Chicken,American cheese,Coleslaw,Tomatoes,Pickles,Mayonnaise,,,6,6,6,1000,0,1000,0,1,999,,,,,,,,,,,,,,,
,,,,,,,,,,,,,68917,2020-03-07_20h41.35.543,SandwichStudy,3.2.4,MacIntel,60,"[""space""]",[0.5639998912811279],1,0,80,72,1,79,Chicken,Mozzarella cheese,Tomatoes,Onions,Basil,Mayonnaise,,,Chicken,American cheese,Coleslaw,Tomatoes,Pickles,Mayonnaise,,,6,6,6,1000,0,1000,0,1,999,,,,,,,,,,,,,,,
,,,,,,,,,,,,,68917,2020-03-07_20h41.35.543,SandwichStudy,3.2.4,MacIntel,60,"[""space""]",[0.4459998607635498],1,0,80,72,1,79,Chicken,Mozzarella cheese,Tomatoes,Onions,Basil,Mayonnaise,,,Chicken,American cheese,Coleslaw,Tomatoes,Pickles,Mayonnaise,,,6,6,6,1000,0,1000,0,1,999,,,,,,,,,,,,,,,
,,,,,,,,,,,,,68917,2020-03-07_20h41.35.543,SandwichStudy,3.2.4,MacIntel,60,"[""space""]",[0.0839998722076416],1,0,80,72,1,79,Chicken,Mozzarella cheese,Tomatoes,Onions,Basil,Mayonnaise,,,Chicken,American cheese,Coleslaw,Tomatoes,Pickles,Mayonnaise,,,6,6,6,1000,0,1000,0,1,999,,,,,,,,,,,,,,,
,,,,,,,,,,,,,68917,2020-03-07_20h41.35.543,SandwichStudy,3.2.4,MacIntel,60,"[""space""]",[0.75],1,0,80,72,1,79,Chicken,Mozzarella cheese,Tomatoes,Onions,Basil,Mayonnaise,,,Chicken,American cheese,Coleslaw,Tomatoes,Pickles,Mayonnaise,,,6,6,6,1000,0,1000,0,1,999,,,,,,,,,,,,,,,
,,,,,,,,,,,,,68917,2020-03-07_20h41.35.543,SandwichStudy,3.2.4,MacIntel,60,"[""a""]",[7.571999788284302],1,0,80,72,1,79,Chicken,Mozzarella cheese,Tomatoes,Onions,Basil,Mayonnaise,,,Chicken,American cheese,Coleslaw,Tomatoes,Pickles,Mayonnaise,,,6,6,6,1000,0,1000,0,1,999,,,,,,,,,,,,,,,
,,,,,,,,,,,,,68917,2020-03-07_20h41.35.543,SandwichStudy,3.2.4,MacIntel,60,"[""a""]",[1.0679998397827148],1,0,80,9,1,79,Bacon,Turkey,Pepper jack cheese,Mustard,,,,,Bacon,Spinach,Tomatoes,Avocado,Mayonnaise,,,,5,4,5,1000,0,1000,0,1,999,,,,,,,,,,,,,,,
,,,,,,,,,,,,,68917,2020-03-07_20h41.35.543,SandwichStudy,3.2.4,MacIntel,60,"[""space""]",[9.23200011253357],1,0,80,67,1,79,Avocado,Onions,Cucumbers,,,,,,Meatballs,Provolone cheese,Marinara sauce,Parmesan cheese,,,,,4,3,4,1000,0,1000,0,1,999,,,,,,,,,,,,,,,
,,,,,,,,,,,,,68917,2020-03-07_20h41.35.543,SandwichStudy,3.2.4,MacIntel,60,"[""space""]",[0.11799979209899902],1,0,80,67,1,79,Avocado,Onions,Cucumbers,,,,,,Meatballs,Provolone cheese,Marinara sauce,Parmesan cheese,,,,,4,3,4,1000,0,1000,0,1,999,,,,,,,,,,,,,,,
,,,,,,,,,,,,,68917,2020-03-07_20h41.35.543,SandwichStudy,3.2.4,MacIntel,60,"[""space""]",[0.2349998950958252],1,0,80,67,1,79,Avocado,Onions,Cucumbers,,,,,,Meatballs,Provolone cheese,Marinara sauce,Parmesan cheese,,,,,4,3,4,1000,0,1000,0,1,999,,,,,,,,,,,,,,,
,,,,,,,,,,,,,68917,2020-03-07_20h41.35.543,SandwichStudy,3.2.4,MacIntel,60,"[""l""]",[1.2219998836517334],1,0,80,67,1,79,Avocado,Onions,Cucumbers,,,,,,Meatballs,Provolone cheese,Marinara sauce,Parmesan cheese,,,,,4,3,4,1000,0,1000,0,1,999,,,,,,,,,,,,,,,
,,,,,,,,,,,,,68917,2020-03-07_20h41.35.543,SandwichStudy,3.2.4,MacIntel,60,"[""space""]",[0.059999942779541016],1,0,80,8,1,79,Chicken,Ham,Swiss cheese,Mayonnaise,,,,,Pepperoni,Meatballs,Marinara sauce,Provolone cheese,Mushrooms,,,,5,4,5,1000,0,1000,0,1,999,,,,,,,,,,,,,,,
,,,,,,,,,,,,,68917,2020-03-07_20h41.35.543,SandwichStudy,3.2.4,MacIntel,60,"[""space""]",[0.41700005531311035],1,0,80,8,1,79,Chicken,Ham,Swiss cheese,Mayonnaise,,,,,Pepperoni,Meatballs,Marinara sauce,Provolone cheese,Mushrooms,,,,5,4,5,1000,0,1000,0,1,999,,,,,,,,,,,,,,,
,,,,,,,,,,,,,68917,2020-03-07_20h41.35.543,SandwichStudy,3.2.4,MacIntel,60,"[""space""]",[0.037999868392944336],1,0,80,8,1,79,Chicken,Ham,Swiss cheese,Mayonnaise,,,,,Pepperoni,Meatballs,Marinara sauce,Provolone cheese,Mushrooms,,,,5,4,5,1000,0,1000,0,1,999,,,,,,,,,,,,,,,
,,,,,,,,,,,,,68917,2020-03-07_20h41.35.543,SandwichStudy,3.2.4,MacIntel,60,"[""space""]",[0.2689998149871826],1,0,80,8,1,79,Chicken,Ham,Swiss cheese,Mayonnaise,,,,,Pepperoni,Meatballs,Marinara sauce,Provolone cheese,Mushrooms,,,,5,4,5,1000,0,1000,0,1,999,,,,,,,,,,,,,,,
,,,,,,,,,,,,,68917,2020-03-07_20h41.35.543,SandwichStudy,3.2.4,MacIntel,60,"[""a""]",[7.488999843597412],1,0,80,8,1,79,Chicken,Ham,Swiss cheese,Mayonnaise,,,,,Pepperoni,Meatballs,Marinara sauce,Provolone cheese,Mushrooms,,,,5,4,5,1000,0,1000,0,1,999,,,,,,,,,,,,,,,
,,,,,,,,,,,,,68917,2020-03-07_20h41.35.543,SandwichStudy,3.2.4,MacIntel,60,"[""space""]",[0.010999917984008789],1,0,80,34,1,79,Avocado,Onions,Cucumbers,,,,,,Tuna,Basil,Cheddar cheese,Garlic aioli,Pickles,Onions,Tomatoes,Spinach,8,3,8,1000,0,1000,0,1,999,,,,,,,,,,,,,,,
,,,,,,,,,,,,,68917,2020-03-07_20h41.35.543,SandwichStudy,3.2.4,MacIntel,60,"[""space""]",[0.2369999885559082],1,0,80,34,1,79,Avocado,Onions,Cucumbers,,,,,,Tuna,Basil,Cheddar cheese,Garlic aioli,Pickles,Onions,Tomatoes,Spinach,8,3,8,1000,0,1000,0,1,999,,,,,,,,,,,,,,,
,,,,,,,,,,,,,68917,2020-03-07_20h41.35.543,SandwichStudy,3.2.4,MacIntel,60,"[""space""]",[0.5310001373291016],1,0,80,34,1,79,Avocado,Onions,Cucumbers,,,,,,Tuna,Basil,Cheddar cheese,Garlic aioli,Pickles,Onions,Tomatoes,Spinach,8,3,8,1000,0,1000,0,1,999,,,,,,,,,,,,,,,
,,,,,,,,,,,,,68917,2020-03-07_20h41.35.543,SandwichStudy,3.2.4,MacIntel,60,"[""space""]",[0.17100000381469727],1,0,80,34,1,79,Avocado,Onions,Cucumbers,,,,,,Tuna,Basil,Cheddar cheese,Garlic aioli,Pickles,Onions,Tomatoes,Spinach,8,3,8,1000,0,1000,0,1,999,,,,,,,,,,,,,,,
,,,,,,,,,,,,,68917,2020-03-07_20h41.35.543,SandwichStudy,3.2.4,MacIntel,60,"[""space""]",[0.055999755859375],1,0,80,34,1,79,Avocado,Onions,Cucumbers,,,,,,Tuna,Basil,Cheddar cheese,Garlic aioli,Pickles,Onions,Tomatoes,Spinach,8,3,8,1000,0,1000,0,1,999,,,,,,,,,,,,,,,
,,,,,,,,,,,,,68917,2020-03-07_20h41.35.543,SandwichStudy,3.2.4,MacIntel,60,"[""space""]",[0.20799994468688965],1,0,80,34,1,79,Avocado,Onions,Cucumbers,,,,,,Tuna,Basil,Cheddar cheese,Garlic aioli,Pickles,Onions,Tomatoes,Spinach,8,3,8,1000,0,1000,0,1,999,,,,,,,,,,,,,,,
,,,,,,,,,,,,,68917,2020-03-07_20h41.35.543,SandwichStudy,3.2.4,MacIntel,60,"[""space""]",[0.0410001277923584],1,0,80,34,1,79,Avocado,Onions,Cucumbers,,,,,,Tuna,Basil,Cheddar cheese,Garlic aioli,Pickles,Onions,Tomatoes,Spinach,8,3,8,1000,0,1000,0,1,999,,,,,,,,,,,,,,,
,,,,,,,,,,,,,68917,2020-03-07_20h41.35.543,SandwichStudy,3.2.4,MacIntel,60,"[""space""]",[0.11699986457824707],1,0,80,34,1,79,Avocado,Onions,Cucumbers,,,,,,Tuna,Basil,Cheddar cheese,Garlic aioli,Pickles,Onions,Tomatoes,Spinach,8,3,8,1000,0,1000,0,1,999,,,,,,,,,,,,,,,
,,,,,,,,,,,,,68917,2020-03-07_20h41.35.543,SandwichStudy,3.2.4,MacIntel,60,"[""a""]",[1.3859999179840088],1,0,80,34,1,79,Avocado,Onions,Cucumbers,,,,,,Tuna,Basil,Cheddar cheese,Garlic aioli,Pickles,Onions,Tomatoes,Spinach,8,3,8,1000,0,1000,0,1,999,,,,,,,,,,,,,,,
,,,,,,,,,,,,,68917,2020-03-07_20h41.35.543,SandwichStudy,3.2.4,MacIntel,60,"[""space""]",[0.26399993896484375],1,0,80,55,1,79,Roast beef,Turkey,Pastrami,Mayonnaise,Provolone cheese,,,,Ham,Swiss cheese,Spinach,Mustard,,,,,5,5,4,1000,0,1000,0,1,999,,,,,,,,,,,,,,,
,,,,,,,,,,,,,68917,2020-03-07_20h41.35.543,SandwichStudy,3.2.4,MacIntel,60,"[""space""]",[0.042999982833862305],1,0,80,55,1,79,Roast beef,Turkey,Pastrami,Mayonnaise,Provolone cheese,,,,Ham,Swiss cheese,Spinach,Mustard,,,,,5,5,4,1000,0,1000,0,1,999,,,,,,,,,,,,,,,
,,,,,,,,,,,,,68917,2020-03-07_20h41.35.543,SandwichStudy,3.2.4,MacIntel,60,"[""space""]",[0.01900005340576172],1,0,80,55,1,79,Roast beef,Turkey,Pastrami,Mayonnaise,Provolone cheese,,,,Ham,Swiss cheese,Spinach,Mustard,,,,,5,5,4,1000,0,1000,0,1,999,,,,,,,,,,,,,,,
,,,,,,,,,,,,,68917,2020-03-07_20h41.35.543,SandwichStudy,3.2.4,MacIntel,60,"[""space""]",[0.25299978256225586],1,0,80,55,1,79,Roast beef,Turkey,Pastrami,Mayonnaise,Provolone cheese,,,,Ham,Swiss cheese,Spinach,Mustard,,,,,5,5,4,1000,0,1000,0,1,999,,,,,,,,,,,,,,,
,,,,,,,,,,,,,68917,2020-03-07_20h41.35.543,SandwichStudy,3.2.4,MacIntel,60,"[""l""]",[0.47300004959106445],1,0,80,55,1,79,Roast beef,Turkey,Pastrami,Mayonnaise,Provolone cheese,,,,Ham,Swiss cheese,Spinach,Mustard,,,,,5,5,4,1000,0,1000,0,1,999,,,,,,,,,,,,,,,
,,,,,,,,,,,,,68917,2020-03-07_20h41.35.543,SandwichStudy,3.2.4,MacIntel,60,"[""space""]",[0.2390000820159912],1,0,80,56,1,79,Turkey,Salami,Cheddar cheese,Mayonnaise,,,,,Turkey,Bacon,Avocado,Provolone cheese,Lettuce,Tomatoes,Onions,Ranch dressing,8,4,8,1000,0,1000,0,1,999,,,,,,,,,,,,,,,
,,,,,,,,,,,,,68917,2020-03-07_20h41.35.543,SandwichStudy,3.2.4,MacIntel,60,"[""space""]",[0.24399995803833008],1,0,80,56,1,79,Turkey,Salami,Cheddar cheese,Mayonnaise,,,,,Turkey,Bacon,Avocado,Provolone cheese,Lettuce,Tomatoes,Onions,Ranch dressing,8,4,8,1000,0,1000,0,1,999,,,,,,,,,,,,,,,
,,,,,,,,,,,,,68917,2020-03-07_20h41.35.543,SandwichStudy,3.2.4,MacIntel,60,"[""space""]",[0.4699997901916504],1,0,80,56,1,79,Turkey,Salami,Cheddar cheese,Mayonnaise,,,,,Turkey,Bacon,Avocado,Provolone cheese,Lettuce,Tomatoes,Onions,Ranch dressing,8,4,8,1000,0,1000,0,1,999,,,,,,,,,,,,,,,
,,,,,,,,,,,,,68917,2020-03-07_20h41.35.543,SandwichStudy,3.2.4,MacIntel,60,"[""space""]",[0.029000043869018555],1,0,80,56,1,79,Turkey,Salami,Cheddar cheese,Mayonnaise,,,,,Turkey,Bacon,Avocado,Provolone cheese,Lettuce,Tomatoes,Onions,Ranch dressing,8,4,8,1000,0,1000,0,1,999,,,,,,,,,,,,,,,
,,,,,,,,,,,,,68917,2020-03-07_20h41.35.543,SandwichStudy,3.2.4,MacIntel,60,"[""space""]",[0.0409998893737793],1,0,80,56,1,79,Turkey,Salami,Cheddar cheese,Mayonnaise,,,,,Turkey,Bacon,Avocado,Provolone cheese,Lettuce,Tomatoes,Onions,Ranch dressing,8,4,8,1000,0,1000,0,1,999,,,,,,,,,,,,,,,
,,,,,,,,,,,,,68917,2020-03-07_20h41.35.543,SandwichStudy,3.2.4,MacIntel,60,"[""space""]",[0.16499996185302734],1,0,80,56,1,79,Turkey,Salami,Cheddar cheese,Mayonnaise,,,,,Turkey,Bacon,Avocado,Provolone cheese,Lettuce,Tomatoes,Onions,Ranch dressing,8,4,8,1000,0,1000,0,1,999,,,,,,,,,,,,,,,
,,,,,,,,,,,,,68917,2020-03-07_20h41.35.543,SandwichStudy,3.2.4,MacIntel,60,"[""a""]",[0.5230000019073486],1,0,80,56,1,79,Turkey,Salami,Cheddar cheese,Mayonnaise,,,,,Turkey,Bacon,Avocado,Provolone cheese,Lettuce,Tomatoes,Onions,Ranch dressing,8,4,8,1000,0,1000,0,1,999,,,,,,,,,,,,,,,
,,,,,,,,,,,,,68917,2020-03-07_20h41.35.543,SandwichStudy,3.2.4,MacIntel,60,"[""space""]",[0.4589998722076416],1,0,80,48,1,79,Chicken,Provolone cheese,Pesto,,,,,,Ham,Lettuce,Tomatoes,Mayonnaise,Mustard,,,,5,3,5,1000,0,1000,0,1,999,,,,,,,,,,,,,,,
,,,,,,,,,,,,,68917,2020-03-07_20h41.35.543,SandwichStudy,3.2.4,MacIntel,60,"[""space""]",[0.03399991989135742],1,0,80,48,1,79,Chicken,Provolone cheese,Pesto,,,,,,Ham,Lettuce,Tomatoes,Mayonnaise,Mustard,,,,5,3,5,1000,0,1000,0,1,999,,,,,,,,,,,,,,,
,,,,,,,,,,,,,68917,2020-03-07_20h41.35.543,SandwichStudy,3.2.4,MacIntel,60,"[""l""]",[1.7019999027252197],1,0,80,48,1,79,Chicken,Provolone cheese,Pesto,,,,,,Ham,Lettuce,Tomatoes,Mayonnaise,Mustard,,,,5,3,5,1000,0,1000,0,1,999,,,,,,,,,,,,,,,
,,,,,,,,,,,,,68917,2020-03-07_20h41.35.543,SandwichStudy,3.2.4,MacIntel,60,"[""space""]",[0.25300002098083496],1,0,80,42,1,79,Chicken,Bacon,Feta cheese,Bell peppers,Basil,Garlic aioli,,,Turkey,Ham,Cheddar cheese,Mayonnaise,,,,,6,6,4,1000,0,1000,0,1,999,,,,,,,,,,,,,,,
,,,,,,,,,,,,,68917,2020-03-07_20h41.35.543,SandwichStudy,3.2.4,MacIntel,60,"[""space""]",[0.04999995231628418],1,0,80,42,1,79,Chicken,Bacon,Feta cheese,Bell peppers,Basil,Garlic aioli,,,Turkey,Ham,Cheddar cheese,Mayonnaise,,,,,6,6,4,1000,0,1000,0,1,999,,,,,,,,,,,,,,,
,,,,,,,,,,,,,68917,2020-03-07_20h41.35.543,SandwichStudy,3.2.4,MacIntel,60,"[""space""]",[0.012999773025512695],1,0,80,42,1,79,Chicken,Bacon,Feta cheese,Bell peppers,Basil,Garlic aioli,,,Turkey,Ham,Cheddar cheese,Mayonnaise,,,,,6,6,4,1000,0,1000,0,1,999,,,,,,,,,,,,,,,
,,,,,,,,,,,,,68917,2020-03-07_20h41.35.543,SandwichStudy,3.2.4,MacIntel,60,"[""space""]",[0.3809998035430908],1,0,80,42,1,79,Chicken,Bacon,Feta cheese,Bell peppers,Basil,Garlic aioli,,,Turkey,Ham,Cheddar cheese,Mayonnaise,,,,,6,6,4,1000,0,1000,0,1,999,,,,,,,,,,,,,,,
,,,,,,,,,,,,,68917,2020-03-07_20h41.35.543,SandwichStudy,3.2.4,MacIntel,60,"[""space""]",[0.35199999809265137],1,0,80,42,1,79,Chicken,Bacon,Feta cheese,Bell peppers,Basil,Garlic aioli,,,Turkey,Ham,Cheddar cheese,Mayonnaise,,,,,6,6,4,1000,0,1000,0,1,999,,,,,,,,,,,,,,,
,,,,,,,,,,,,,68917,2020-03-07_20h41.35.543,SandwichStudy,3.2.4,MacIntel,60,"[""space""]",[0.29799985885620117],1,0,80,42,1,79,Chicken,Bacon,Feta cheese,Bell peppers,Basil,Garlic aioli,,,Turkey,Ham,Cheddar cheese,Mayonnaise,,,,,6,6,4,1000,0,1000,0,1,999,,,,,,,,,,,,,,,
,,,,,,,,,,,,,68917,2020-03-07_20h41.35.543,SandwichStudy,3.2.4,MacIntel,60,"[""space""]",[0.6510000228881836],1,0,80,42,1,79,Chicken,Bacon,Feta cheese,Bell peppers,Basil,Garlic aioli,,,Turkey,Ham,Cheddar cheese,Mayonnaise,,,,,6,6,4,1000,0,1000,0,1,999,,,,,,,,,,,,,,,
,,,,,,,,,,,,,68917,2020-03-07_20h41.35.543,SandwichStudy,3.2.4,MacIntel,60,"[""l""]",[4.608000040054321],1,0,80,42,1,79,Chicken,Bacon,Feta cheese,Bell peppers,Basil,Garlic aioli,,,Turkey,Ham,Cheddar cheese,Mayonnaise,,,,,6,6,4,1000,0,1000,0,1,999,,,,,,,,,,,,,,,
,,,,,,,,,,,,,68917,2020-03-07_20h41.35.543,SandwichStudy,3.2.4,MacIntel,60,"[""space""]",[1.2239997386932373],1,0,80,22,1,79,Bacon,Lettuce,Tomatoes,Garlic aioli,Avocado,,,,Ham,Swiss cheese,Spinach,Mustard,,,,,5,5,4,1000,0,1000,0,1,999,,,,,,,,,,,,,,,
,,,,,,,,,,,,,68917,2020-03-07_20h41.35.543,SandwichStudy,3.2.4,MacIntel,60,"[""space""]",[0.0409998893737793],1,0,80,22,1,79,Bacon,Lettuce,Tomatoes,Garlic aioli,Avocado,,,,Ham,Swiss cheese,Spinach,Mustard,,,,,5,5,4,1000,0,1000,0,1,999,,,,,,,,,,,,,,,
,,,,,,,,,,,,,68917,2020-03-07_20h41.35.543,SandwichStudy,3.2.4,MacIntel,60,"[""space""]",[0.2609999179840088],1,0,80,22,1,79,Bacon,Lettuce,Tomatoes,Garlic aioli,Avocado,,,,Ham,Swiss cheese,Spinach,Mustard,,,,,5,5,4,1000,0,1000,0,1,999,,,,,,,,,,,,,,,
,,,,,,,,,,,,,68917,2020-03-07_20h41.35.543,SandwichStudy,3.2.4,MacIntel,60,"[""space""]",[0.4119999408721924],1,0,80,22,1,79,Bacon,Lettuce,Tomatoes,Garlic aioli,Avocado,,,,Ham,Swiss cheese,Spinach,Mustard,,,,,5,5,4,1000,0,1000,0,1,999,,,,,,,,,,,,,,,
,,,,,,,,,,,,,68917,2020-03-07_20h41.35.543,SandwichStudy,3.2.4,MacIntel,60,"[""space""]",[0.7430000305175781],1,0,80,22,1,79,Bacon,Lettuce,Tomatoes,Garlic aioli,Avocado,,,,Ham,Swiss cheese,Spinach,Mustard,,,,,5,5,4,1000,0,1000,0,1,999,,,,,,,,,,,,,,,
,,,,,,,,,,,,,68917,2020-03-07_20h41.35.543,SandwichStudy,3.2.4,MacIntel,60,"[""l""]",[2.2789998054504395],1,0,80,22,1,79,Bacon,Lettuce,Tomatoes,Garlic aioli,Avocado,,,,Ham,Swiss cheese,Spinach,Mustard,,,,,5,5,4,1000,0,1000,0,1,999,,,,,,,,,,,,,,,
,,,,,,,,,,,,,68917,2020-03-07_20h41.35.543,SandwichStudy,3.2.4,MacIntel,60,"[""space""]",[0.10500001907348633],1,0,80,47,1,79,Chicken,Cheddar cheese,Mayonnaise,,,,,,Turkey,Cheddar cheese,Coleslaw,Spinach,Mustard,,,,5,3,5,1000,0,1000,0,1,999,,,,,,,,,,,,,,,
,,,,,,,,,,,,,68917,2020-03-07_20h41.35.543,SandwichStudy,3.2.4,MacIntel,60,"[""space""]",[0.180999755859375],1,0,80,47,1,79,Chicken,Cheddar cheese,Mayonnaise,,,,,,Turkey,Cheddar cheese,Coleslaw,Spinach,Mustard,,,,5,3,5,1000,0,1000,0,1,999,,,,,,,,,,,,,,,
,,,,,,,,,,,,,68917,2020-03-07_20h41.35.543,SandwichStudy,3.2.4,MacIntel,60,"[""space""]",[127.61699986457825],1,0,80,47,1,79,Chicken,Cheddar cheese,Mayonnaise,,,,,,Turkey,Cheddar cheese,Coleslaw,Spinach,Mustard,,,,5,3,5,1000,0,1000,0,1,999,,,,,,,,,,,,,,,
,,,,,,,,,,,,,68917,2020-03-07_20h41.35.543,SandwichStudy,3.2.4,MacIntel,60,"[""space""]",[0.872999906539917],1,0,80,47,1,79,Chicken,Cheddar cheese,Mayonnaise,,,,,,Turkey,Cheddar cheese,Coleslaw,Spinach,Mustard,,,,5,3,5,1000,0,1000,0,1,999,,,,,,,,,,,,,,,
,,,,,,,,,,,,,68917,2020-03-07_20h41.35.543,SandwichStudy,3.2.4,MacIntel,60,"[""a""]",[40.56400012969971],1,0,80,47,1,79,Chicken,Cheddar cheese,Mayonnaise,,,,,,Turkey,Cheddar cheese,Coleslaw,Spinach,Mustard,,,,5,3,5,1000,0,1000,0,1,999,,,,,,,,,,,,,,,
,,,,,,,,,,,,,68917,2020-03-07_20h41.35.543,SandwichStudy,3.2.4,MacIntel,60,"[""space""]",[0.07899975776672363],1,0,80,50,1,79,Mozzarella cheese,Bell peppers,Pesto,Spinach,,,,,Chicken,Ham,Swiss cheese,Mayonnaise,,,,,4,4,4,1000,0,1000,0,1,999,,,,,,,,,,,,,,,
,,,,,,,,,,,,,68917,2020-03-07_20h41.35.543,SandwichStudy,3.2.4,MacIntel,60,"[""space""]",[0.053999900817871094],1,0,80,50,1,79,Mozzarella cheese,Bell peppers,Pesto,Spinach,,,,,Chicken,Ham,Swiss cheese,Mayonnaise,,,,,4,4,4,1000,0,1000,0,1,999,,,,,,,,,,,,,,,
,,,,,,,,,,,,,68917,2020-03-07_20h41.35.543,SandwichStudy,3.2.4,MacIntel,60,"[""space""]",[0.14599990844726562],1,0,80,50,1,79,Mozzarella cheese,Bell peppers,Pesto,Spinach,,,,,Chicken,Ham,Swiss cheese,Mayonnaise,,,,,4,4,4,1000,0,1000,0,1,999,,,,,,,,,,,,,,,
,,,,,,,,,,,,,68917,2020-03-07_20h41.35.543,SandwichStudy,3.2.4,MacIntel,60,"[""a""]",[0.37999987602233887],1,0,80,50,1,79,Mozzarella cheese,Bell peppers,Pesto,Spinach,,,,,Chicken,Ham,Swiss cheese,Mayonnaise,,,,,4,4,4,1000,0,1000,0,1,999,,,,,,,,,,,,,,,
,,,,,,,,,,,,,68917,2020-03-07_20h41.35.543,SandwichStudy,3.2.4,MacIntel,60,"[""space""]",[0.053999900817871094],1,0,80,46,1,79,Turkey,Ham,Bacon,Swiss cheese,Lettuce,Tomatoes,Onions,,Chicken,Pickles,Basil,Tomatoes,Cucumbers,,,,7,7,5,1000,0,1000,0,1,999,,,,,,,,,,,,,,,
,,,,,,,,,,,,,68917,2020-03-07_20h41.35.543,SandwichStudy,3.2.4,MacIntel,60,"[""space""]",[0.09499979019165039],1,0,80,46,1,79,Turkey,Ham,Bacon,Swiss cheese,Lettuce,Tomatoes,Onions,,Chicken,Pickles,Basil,Tomatoes,Cucumbers,,,,7,7,5,1000,0,1000,0,1,999,,,,,,,,,,,,,,,
,,,,,,,,,,,,,68917,2020-03-07_20h41.35.543,SandwichStudy,3.2.4,MacIntel,60,"[""space""]",[0.031999826431274414],1,0,80,46,1,79,Turkey,Ham,Bacon,Swiss cheese,Lettuce,Tomatoes,Onions,,Chicken,Pickles,Basil,Tomatoes,Cucumbers,,,,7,7,5,1000,0,1000,0,1,999,,,,,,,,,,,,,,,
,,,,,,,,,,,,,68917,2020-03-07_20h41.35.543,SandwichStudy,3.2.4,MacIntel,60,"[""space""]",[0.06399989128112793],1,0,80,46,1,79,Turkey,Ham,Bacon,Swiss cheese,Lettuce,Tomatoes,Onions,,Chicken,Pickles,Basil,Tomatoes,Cucumbers,,,,7,7,5,1000,0,1000,0,1,999,,,,,,,,,,,,,,,
,,,,,,,,,,,,,68917,2020-03-07_20h41.35.543,SandwichStudy,3.2.4,MacIntel,60,"[""space""]",[0.2869999408721924],1,0,80,46,1,79,Turkey,Ham,Bacon,Swiss cheese,Lettuce,Tomatoes,Onions,,Chicken,Pickles,Basil,Tomatoes,Cucumbers,,,,7,7,5,1000,0,1000,0,1,999,,,,,,,,,,,,,,,
,,,,,,,,,,,,,68917,2020-03-07_20h41.35.543,SandwichStudy,3.2.4,MacIntel,60,"[""space""]",[0.5829999446868896],1,0,80,46,1,79,Turkey,Ham,Bacon,Swiss cheese,Lettuce,Tomatoes,Onions,,Chicken,Pickles,Basil,Tomatoes,Cucumbers,,,,7,7,5,1000,0,1000,0,1,999,,,,,,,,,,,,,,,
,,,,,,,,,,,,,68917,2020-03-07_20h41.35.543,SandwichStudy,3.2.4,MacIntel,60,"[""a""]",[0.5149998664855957],1,0,80,46,1,79,Turkey,Ham,Bacon,Swiss cheese,Lettuce,Tomatoes,Onions,,Chicken,Pickles,Basil,Tomatoes,Cucumbers,,,,7,7,5,1000,0,1000,0,1,999,,,,,,,,,,,,,,,
,,,,,,,,,,,,,68917,2020-03-07_20h41.35.543,SandwichStudy,3.2.4,MacIntel,60,"[""space""]",[0.06800007820129395],1,0,80,0,1,79,Onions,Bell peppers,Mushrooms,Jalapenos,American cheese,Steak,,,Bacon,Provolone cheese,Mushrooms,Parmesan cheese,,,,,6,6,4,1000,0,1000,0,1,999,,,,,,,,,,,,,,,
,,,,,,,,,,,,,68917,2020-03-07_20h41.35.543,SandwichStudy,3.2.4,MacIntel,60,"[""space""]",[0.22699999809265137],1,0,80,0,1,79,Onions,Bell peppers,Mushrooms,Jalapenos,American cheese,Steak,,,Bacon,Provolone cheese,Mushrooms,Parmesan cheese,,,,,6,6,4,1000,0,1000,0,1,999,,,,,,,,,,,,,,,
,,,,,,,,,,,,,68917,2020-03-07_20h41.35.543,SandwichStudy,3.2.4,MacIntel,60,"[""space""]",[0.36699986457824707],1,0,80,0,1,79,Onions,Bell peppers,Mushrooms,Jalapenos,American cheese,Steak,,,Bacon,Provolone cheese,Mushrooms,Parmesan cheese,,,,,6,6,4,1000,0,1000,0,1,999,,,,,,,,,,,,,,,
,,,,,,,,,,,,,68917,2020-03-07_20h41.35.543,SandwichStudy,3.2.4,MacIntel,60,"[""space""]",[0.4649999141693115],1,0,80,0,1,79,Onions,Bell peppers,Mushrooms,Jalapenos,American cheese,Steak,,,Bacon,Provolone cheese,Mushrooms,Parmesan cheese,,,,,6,6,4,1000,0,1000,0,1,999,,,,,,,,,,,,,,,
,,,,,,,,,,,,,68917,2020-03-07_20h41.35.543,SandwichStudy,3.2.4,MacIntel,60,"[""l""]",[1.1509997844696045],1,0,80,0,1,79,Onions,Bell peppers,Mushrooms,Jalapenos,American cheese,Steak,,,Bacon,Provolone cheese,Mushrooms,Parmesan cheese,,,,,6,6,4,1000,0,1000,0,1,999,,,,,,,,,,,,,,,
,,,,,,,,,,,,,68917,2020-03-07_20h41.35.543,SandwichStudy,3.2.4,MacIntel,60,"[""space""]",[0.5499999523162842],1,0,80,44,1,79,Chicken,Gouda cheese,Avocado,Basil,Bell peppers,Mayonnaise,,,Turkey,Gouda cheese,Avocado,Garlic aioli,Jalapenos,Tomatoes,Lettuce,,7,6,7,1000,0,1000,0,1,999,,,,,,,,,,,,,,,
,,,,,,,,,,,,,68917,2020-03-07_20h41.35.543,SandwichStudy,3.2.4,MacIntel,60,"[""space""]",[0.4479997158050537],1,0,80,44,1,79,Chicken,Gouda cheese,Avocado,Basil,Bell peppers,Mayonnaise,,,Turkey,Gouda cheese,Avocado,Garlic aioli,Jalapenos,Tomatoes,Lettuce,,7,6,7,1000,0,1000,0,1,999,,,,,,,,,,,,,,,
,,,,,,,,,,,,,68917,2020-03-07_20h41.35.543,SandwichStudy,3.2.4,MacIntel,60,"[""space""]",[0.7960000038146973],1,0,80,44,1,79,Chicken,Gouda cheese,Avocado,Basil,Bell peppers,Mayonnaise,,,Turkey,Gouda cheese,Avocado,Garlic aioli,Jalapenos,Tomatoes,Lettuce,,7,6,7,1000,0,1000,0,1,999,,,,,,,,,,,,,,,
,,,,,,,,,,,,,68917,2020-03-07_20h41.35.543,SandwichStudy,3.2.4,MacIntel,60,"[""space""]",[0.500999927520752],1,0,80,44,1,79,Chicken,Gouda cheese,Avocado,Basil,Bell peppers,Mayonnaise,,,Turkey,Gouda cheese,Avocado,Garlic aioli,Jalapenos,Tomatoes,Lettuce,,7,6,7,1000,0,1000,0,1,999,,,,,,,,,,,,,,,
,,,,,,,,,,,,,68917,2020-03-07_20h41.35.543,SandwichStudy,3.2.4,MacIntel,60,"[""space""]",[0.5799999237060547],1,0,80,44,1,79,Chicken,Gouda cheese,Avocado,Basil,Bell peppers,Mayonnaise,,,Turkey,Gouda cheese,Avocado,Garlic aioli,Jalapenos,Tomatoes,Lettuce,,7,6,7,1000,0,1000,0,1,999,,,,,,,,,,,,,,,
,,,,,,,,,,,,,68917,2020-03-07_20h41.35.543,SandwichStudy,3.2.4,MacIntel,60,"[""space""]",[0.17999982833862305],1,0,80,44,1,79,Chicken,Gouda cheese,Avocado,Basil,Bell peppers,Mayonnaise,,,Turkey,Gouda cheese,Avocado,Garlic aioli,Jalapenos,Tomatoes,Lettuce,,7,6,7,1000,0,1000,0,1,999,,,,,,,,,,,,,,,
,,,,,,,,,,,,,68917,2020-03-07_20h41.35.543,SandwichStudy,3.2.4,MacIntel,60,"[""space""]",[0.25999999046325684],1,0,80,44,1,79,Chicken,Gouda cheese,Avocado,Basil,Bell peppers,Mayonnaise,,,Turkey,Gouda cheese,Avocado,Garlic aioli,Jalapenos,Tomatoes,Lettuce,,7,6,7,1000,0,1000,0,1,999,,,,,,,,,,,,,,,
,,,,,,,,,,,,,68917,2020-03-07_20h41.35.543,SandwichStudy,3.2.4,MacIntel,60,"[""space""]",[0.3299999237060547],1,0,80,44,1,79,Chicken,Gouda cheese,Avocado,Basil,Bell peppers,Mayonnaise,,,Turkey,Gouda cheese,Avocado,Garlic aioli,Jalapenos,Tomatoes,Lettuce,,7,6,7,1000,0,1000,0,1,999,,,,,,,,,,,,,,,
,,,,,,,,,,,,,68917,2020-03-07_20h41.35.543,SandwichStudy,3.2.4,MacIntel,60,"[""a""]",[0.5189998149871826],1,0,80,44,1,79,Chicken,Gouda cheese,Avocado,Basil,Bell peppers,Mayonnaise,,,Turkey,Gouda cheese,Avocado,Garlic aioli,Jalapenos,Tomatoes,Lettuce,,7,6,7,1000,0,1000,0,1,999,,,,,,,,,,,,,,,
,,,,,,,,,,,,,68917,2020-03-07_20h41.35.543,SandwichStudy,3.2.4,MacIntel,60,"[""space""]",[0.4270000457763672],1,0,80,71,1,79,Bacon,Ham,Turkey,Mayonnaise,Mustard,Cheddar cheese,Tomatoes,Spinach,Bacon,Lettuce,Tomatoes,Garlic aioli,Avocado,,,,8,8,5,1000,0,1000,0,1,999,,,,,,,,,,,,,,,
,,,,,,,,,,,,,68917,2020-03-07_20h41.35.543,SandwichStudy,3.2.4,MacIntel,60,"[""space""]",[0.0690000057220459],1,0,80,71,1,79,Bacon,Ham,Turkey,Mayonnaise,Mustard,Cheddar cheese,Tomatoes,Spinach,Bacon,Lettuce,Tomatoes,Garlic aioli,Avocado,,,,8,8,5,1000,0,1000,0,1,999,,,,,,,,,,,,,,,
,,,,,,,,,,,,,68917,2020-03-07_20h41.35.543,SandwichStudy,3.2.4,MacIntel,60,"[""a""]",[0.08699989318847656],1,0,80,71,1,79,Bacon,Ham,Turkey,Mayonnaise,Mustard,Cheddar cheese,Tomatoes,Spinach,Bacon,Lettuce,Tomatoes,Garlic aioli,Avocado,,,,8,8,5,1000,0,1000,0,1,999,,,,,,,,,,,,,,,
,,,,,,,,,,,,,68917,2020-03-07_20h41.35.543,SandwichStudy,3.2.4,MacIntel,60,,,,,,,,,,,,,,,,,,,,,,,,,,,,,,,,,,space,7.602999926,4,6.868999958,space,8.180999994,1,0,10,2,1,9,Turkey,,
,,,,,,,,,,,,,68917,2020-03-07_20h41.35.543,SandwichStudy,3.2.4,MacIntel,60,,,,,,,,,,,,,,,,,,,,,,,,,,,,,,,,,,,,5,2.394999981,space,3.874000072,1,0,10,0,1,9,Tomatoes,,
,,,,,,,,,,,,,68917,2020-03-07_20h41.35.543,SandwichStudy,3.2.4,MacIntel,60,,,,,,,,,,,,,,,,,,,,,,,,,,,,,,,,,,,,6,3.082999945,space,3.437000036,1,0,10,8,1,9,Provolone cheese,,
,,,,,,,,,,,,,68917,2020-03-07_20h41.35.543,SandwichStudy,3.2.4,MacIntel,60,,,,,,,,,,,,,,,,,,,,,,,,,,,,,,,,,,,,6,1.362999916,space,1.585999966,1,0,10,7,1,9,Lettuce,,
,,,,,,,,,,,,,68917,2020-03-07_20h41.35.543,SandwichStudy,3.2.4,MacIntel,60,,,,,,,,,,,,,,,,,,,,,,,,,,,,,,,,,,,,5,1.945000172,space,2.453999996,1,0,10,4,1,9,Chicken,,
,,,,,,,,,,,,,68917,2020-03-07_20h41.35.543,SandwichStudy,3.2.4,MacIntel,60,,,,,,,,,,,,,,,,,,,,,,,,,,,,,,,,,,,,5,1.391000032,space,2.371999741,1,0,10,5,1,9,Cheddar cheese,,
,,,,,,,,,,,,,68917,2020-03-07_20h41.35.543,SandwichStudy,3.2.4,MacIntel,60,,,,,,,,,,,,,,,,,,,,,,,,,,,,,,,,,,,,3,1.892999887,space,2.193000078,1,0,10,1,1,9,Mayonnaise,,
,,,,,,,,,,,,,68917,2020-03-07_20h41.35.543,SandwichStudy,3.2.4,MacIntel,60,,,,,,,,,,,,,,,,,,,,,,,,,,,,,,,,,,,,5,1.778000116,space,2.232999802,1,0,10,9,1,9,Spinach,,
,,,,,,,,,,,,,68917,2020-03-07_20h41.35.543,SandwichStudy,3.2.4,MacIntel,60,,,,,,,,,,,,,,,,,,,,,,,,,,,,,,,,,,,,1,1.612999916,space,2.206999779,1,0,10,6,1,9,Swiss cheese,,
,,,,,,,,,,,,,68917,2020-03-07_20h41.35.543,SandwichStudy,3.2.4,MacIntel,60,,,,,,,,,,,,,,,,,,,,,,,,,,,,,,,,,,,,6,1.696000099,space,2.34800005,1,0,10,3,1,9,Bacon,,
,,,,,,,,,,,,,68917,2020-03-07_20h41.35.543,SandwichStudy,3.2.4,MacIntel,60,,,,,,,,,,,,,,,,,,,,,,,,,,,,,,,,,,,,,,,,,,,,,,,return,10.79099989
