sequence,key_resp_4.keys,key_resp_4.rt,VegResp.keys,VegResp.rt,ConfirmResp.keys,ConfirmResp.rt,VegQuestionLoop.thisRepN,VegQuestionLoop.thisTrialN,VegQuestionLoop.thisN,VegQuestionLoop.thisIndex,VegQuestionLoop.ran,VegQuestionLoop.order,participant,date,expName,psychopyVersion,OS,frameRate,Decision.keys,Decision.rt,trials.thisRepN,trials.thisTrialN,trials.thisN,trials.thisIndex,trials.ran,trials.order,s11,s12,s13,s14,s15,s16,s17,s18,s21,s22,s23,s24,s25,s26,s27,s28,IngsInRow,IngIn1,IngIn2,Iter.thisRepN,Iter.thisTrialN,Iter.thisN,Iter.thisIndex,Iter.ran,Iter.order,key_resp_2.keys,key_resp_2.rt,slider.response,slider.rt,key_resp_3.keys,key_resp_3.rt,RatingLoop.thisRepN,RatingLoop.thisTrialN,RatingLoop.thisN,RatingLoop.thisIndex,RatingLoop.ran,RatingLoop.order,ingredientforslider,key_resp.keys,key_resp.rt
"[1,0,1,1,0,0,0,1,0,1,0,1,1,1,0,0,1,0,1,1,0,0,1,1,1,0,1,1,1,1,0,1,0,1,1,1,1,0,1,1,0,0,0,1,0,1,1,1,1,0,0,1,1,1,1,0,0,0,1,1,1,0,1,1,0,0,0,0,1,0,0,1,1,1,1,0,0,0,1,0]",space,2.517999887,n,5.292999983,p,5.654000044,100,0,100,0,1,99,69022,2020-02-28_00h36.08.788,SandwichStudy,3.2.4,Win32,60,,,,,,,,,,,,,,,,,,,,,,,,,,,,,,,,,,,,,,,,,,,,,,,,
,,,,,,,,,,,,,69022,2020-02-28_00h36.08.788,SandwichStudy,3.2.4,Win32,60,"[""a""]",[4.591000080108643],1,0,80,72,1,79,Chicken,Mozzarella cheese,Tomatoes,Onions,Basil,Mayonnaise,,,Chicken,American cheese,Coleslaw,Tomatoes,Pickles,Mayonnaise,,,6,6,6,1000,0,1000,0,1,999,,,,,,,,,,,,,,,
,,,,,,,,,,,,,69022,2020-02-28_00h36.08.788,SandwichStudy,3.2.4,Win32,60,"[""l""]",[2.0269999504089355],1,0,80,42,1,79,Chicken,Bacon,Feta cheese,Bell peppers,Basil,Garlic aioli,,,Turkey,Ham,Cheddar cheese,Mayonnaise,,,,,6,6,4,1000,0,1000,0,1,999,,,,,,,,,,,,,,,
,,,,,,,,,,,,,69022,2020-02-28_00h36.08.788,SandwichStudy,3.2.4,Win32,60,"[""space""]",[2.8580000400543213],1,0,80,4,1,79,Provolone cheese,Swiss cheese,Cheddar cheese,Parmesan cheese,Tomatoes,,,,Chicken,Lettuce,Tomatoes,Mayonnaise,,,,,5,5,4,1000,0,1000,0,1,999,,,,,,,,,,,,,,,
,,,,,,,,,,,,,69022,2020-02-28_00h36.08.788,SandwichStudy,3.2.4,Win32,60,"[""a""]",[0.5389997959136963],1,0,80,4,1,79,Provolone cheese,Swiss cheese,Cheddar cheese,Parmesan cheese,Tomatoes,,,,Chicken,Lettuce,Tomatoes,Mayonnaise,,,,,5,5,4,1000,0,1000,0,1,999,,,,,,,,,,,,,,,
,,,,,,,,,,,,,69022,2020-02-28_00h36.08.788,SandwichStudy,3.2.4,Win32,60,"[""space""]",[0.3899998664855957],1,0,80,22,1,79,Bacon,Lettuce,Tomatoes,Garlic aioli,Avocado,,,,Ham,Swiss cheese,Spinach,Mustard,,,,,5,5,4,1000,0,1000,0,1,999,,,,,,,,,,,,,,,
,,,,,,,,,,,,,69022,2020-02-28_00h36.08.788,SandwichStudy,3.2.4,Win32,60,"[""l""]",[0.25999999046325684],1,0,80,22,1,79,Bacon,Lettuce,Tomatoes,Garlic aioli,Avocado,,,,Ham,Swiss cheese,Spinach,Mustard,,,,,5,5,4,1000,0,1000,0,1,999,,,,,,,,,,,,,,,
,,,,,,,,,,,,,69022,2020-02-28_00h36.08.788,SandwichStudy,3.2.4,Win32,60,"[""l""]",[0.35199999809265137],1,0,80,3,1,79,Chicken,American cheese,Coleslaw,Tomatoes,Pickles,Mayonnaise,,,Swiss cheese,Provolone cheese,Bell peppers,Tomatoes,Onions,,,,6,6,5,1000,0,1000,0,1,999,,,,,,,,,,,,,,,
,,,,,,,,,,,,,69022,2020-02-28_00h36.08.788,SandwichStudy,3.2.4,Win32,60,"[""a""]",[0.07999992370605469],1,0,80,73,1,79,Turkey,Avocado,Bacon,Garlic aioli,Tomatoes,Spinach,Onions,,Tuna,Lettuce,Tomatoes,Mayonnaise,,,,,7,7,4,1000,0,1000,0,1,999,,,,,,,,,,,,,,,
,,,,,,,,,,,,,69022,2020-02-28_00h36.08.788,SandwichStudy,3.2.4,Win32,60,"[""l""]",[0.12100005149841309],1,0,80,2,1,79,Turkey,Provolone cheese,Spinach,Garlic aioli,,,,,Chicken,Pickles,Basil,Tomatoes,Cucumbers,,,,5,4,5,1000,0,1000,0,1,999,,,,,,,,,,,,,,,
,,,,,,,,,,,,,69022,2020-02-28_00h36.08.788,SandwichStudy,3.2.4,Win32,60,"[""l""]",[0.09199976921081543],1,0,80,32,1,79,Turkey,Ham,Bacon,Provolone cheese,Lettuce,Tomatoes,Ranch dressing,,Chicken,Cheddar cheese,Bacon,Avocado,Ranch dressing,,,,7,7,5,1000,0,1000,0,1,999,,,,,,,,,,,,,,,
,,,,,,,,,,,,,69022,2020-02-28_00h36.08.788,SandwichStudy,3.2.4,Win32,60,"[""l""]",[0.01399993896484375],1,0,80,66,1,79,Bacon,Spinach,Tomatoes,Avocado,Mayonnaise,,,,Provolone cheese,Swiss cheese,Cheddar cheese,Parmesan cheese,Tomatoes,,,,5,5,5,1000,0,1000,0,1,999,,,,,,,,,,,,,,,
,,,,,,,,,,,,,69022,2020-02-28_00h36.08.788,SandwichStudy,3.2.4,Win32,60,"[""a""]",[0.11800003051757812],1,0,80,37,1,79,Turkey,Ham,Cheddar cheese,Mayonnaise,,,,,Chicken,Ham,Swiss cheese,Mayonnaise,Mustard,,,,5,4,5,1000,0,1000,0,1,999,,,,,,,,,,,,,,,
,,,,,,,,,,,,,69022,2020-02-28_00h36.08.788,SandwichStudy,3.2.4,Win32,60,"[""a""]",[0.01399993896484375],1,0,80,61,1,79,Pork,Cucumbers,Pickles,Jalapenos,Basil,Mayonnaise,,,Turkey,Cheddar cheese,Bacon,,,,,,6,6,3,1000,0,1000,0,1,999,,,,,,,,,,,,,,,
,,,,,,,,,,,,,69022,2020-02-28_00h36.08.788,SandwichStudy,3.2.4,Win32,60,"[""l""]",[0.0689997673034668],1,0,80,16,1,79,Chicken,American cheese,Lettuce,Tomatoes,Mayonnaise,,,,Cheddar cheese,Avocado,Onions,Tomatoes,Mayonnaise,,,,5,5,5,1000,0,1000,0,1,999,,,,,,,,,,,,,,,
,,,,,,,,,,,,,69022,2020-02-28_00h36.08.788,SandwichStudy,3.2.4,Win32,60,"[""space""]",[0.003000020980834961],1,0,80,21,1,79,Chicken,Ham,Cheddar cheese,Mayonnaise,,,,,Turkey,Bacon,Avocado,Provolone cheese,Lettuce,Tomatoes,Onions,Ranch dressing,8,4,8,1000,0,1000,0,1,999,,,,,,,,,,,,,,,
,,,,,,,,,,,,,69022,2020-02-28_00h36.08.788,SandwichStudy,3.2.4,Win32,60,"[""l""]",[0.06100010871887207],1,0,80,21,1,79,Chicken,Ham,Cheddar cheese,Mayonnaise,,,,,Turkey,Bacon,Avocado,Provolone cheese,Lettuce,Tomatoes,Onions,Ranch dressing,8,4,8,1000,0,1000,0,1,999,,,,,,,,,,,,,,,
,,,,,,,,,,,,,69022,2020-02-28_00h36.08.788,SandwichStudy,3.2.4,Win32,60,"[""space""]",[0.2089998722076416],1,0,80,36,1,79,Chicken,Bell peppers,Bacon,Provolone cheese,Ranch dressing,Lettuce,Tomatoes,,Pastrami,Cheddar cheese,Mustard,Pickles,,,,,7,7,4,1000,0,1000,0,1,999,,,,,,,,,,,,,,,
,,,,,,,,,,,,,69022,2020-02-28_00h36.08.788,SandwichStudy,3.2.4,Win32,60,"[""a""]",[0.05200004577636719],1,0,80,36,1,79,Chicken,Bell peppers,Bacon,Provolone cheese,Ranch dressing,Lettuce,Tomatoes,,Pastrami,Cheddar cheese,Mustard,Pickles,,,,,7,7,4,1000,0,1000,0,1,999,,,,,,,,,,,,,,,
,,,,,,,,,,,,,69022,2020-02-28_00h36.08.788,SandwichStudy,3.2.4,Win32,60,"[""space""]",[0.08899998664855957],1,0,80,58,1,79,Chicken,Mayonnaise,Cheddar cheese,,,,,,Steak,Onions,Bell peppers,Provolone cheese,,,,,4,3,4,1000,0,1000,0,1,999,,,,,,,,,,,,,,,
,,,,,,,,,,,,,69022,2020-02-28_00h36.08.788,SandwichStudy,3.2.4,Win32,60,"[""a""]",[0.1249997615814209],1,0,80,58,1,79,Chicken,Mayonnaise,Cheddar cheese,,,,,,Steak,Onions,Bell peppers,Provolone cheese,,,,,4,3,4,1000,0,1000,0,1,999,,,,,,,,,,,,,,,
,,,,,,,,,,,,,69022,2020-02-28_00h36.08.788,SandwichStudy,3.2.4,Win32,60,"[""a""]",[0.05299997329711914],1,0,80,11,1,79,Pork,Ham,Swiss cheese,Pickles,Mustard,,,,Chicken,Bacon,Mustard,,,,,,5,5,3,1000,0,1000,0,1,999,,,,,,,,,,,,,,,
,,,,,,,,,,,,,69022,2020-02-28_00h36.08.788,SandwichStudy,3.2.4,Win32,60,"[""l""]",[0.01900005340576172],1,0,80,25,1,79,Meatballs,Provolone cheese,Onions,Marinara sauce,,,,,Chicken,Pepper jack cheese,Ranch dressing,,,,,,4,4,3,1000,0,1000,0,1,999,,,,,,,,,,,,,,,
,,,,,,,,,,,,,69022,2020-02-28_00h36.08.788,SandwichStudy,3.2.4,Win32,60,"[""l""]",[0.059999942779541016],1,0,80,24,1,79,Steak,Onions,Bell peppers,Provolone cheese,,,,,Tuna,Lettuce,Tomatoes,Mayonnaise,,,,,4,4,4,1000,0,1000,0,1,999,,,,,,,,,,,,,,,
,,,,,,,,,,,,,69022,2020-02-28_00h36.08.788,SandwichStudy,3.2.4,Win32,60,"[""l""]",[0.018999814987182617],1,0,80,57,1,79,Avocado,Spinach,Tomatoes,Swiss cheese,,,,,Chicken,Ham,Swiss cheese,Mayonnaise,Mustard,,,,5,4,5,1000,0,1000,0,1,999,,,,,,,,,,,,,,,
,,,,,,,,,,,,,69022,2020-02-28_00h36.08.788,SandwichStudy,3.2.4,Win32,60,"[""l""]",[0.03099989891052246],1,0,80,20,1,79,Pastrami,Swiss cheese,Coleslaw,,,,,,Chicken,Bacon,Feta cheese,Bell peppers,Basil,Garlic aioli,,,6,3,6,1000,0,1000,0,1,999,,,,,,,,,,,,,,,
,,,,,,,,,,,,,69022,2020-02-28_00h36.08.788,SandwichStudy,3.2.4,Win32,60,"[""a""]",[0.06699991226196289],1,0,80,44,1,79,Chicken,Gouda cheese,Avocado,Basil,Bell peppers,Mayonnaise,,,Turkey,Gouda cheese,Avocado,Garlic aioli,Jalapenos,Tomatoes,Lettuce,,7,6,7,1000,0,1000,0,1,999,,,,,,,,,,,,,,,
,,,,,,,,,,,,,69022,2020-02-28_00h36.08.788,SandwichStudy,3.2.4,Win32,60,"[""l""]",[0.125],1,0,80,50,1,79,Mozzarella cheese,Bell peppers,Pesto,Spinach,,,,,Chicken,Ham,Swiss cheese,Mayonnaise,,,,,4,4,4,1000,0,1000,0,1,999,,,,,,,,,,,,,,,
,,,,,,,,,,,,,69022,2020-02-28_00h36.08.788,SandwichStudy,3.2.4,Win32,60,"[""l""]",[0.08100008964538574],1,0,80,0,1,79,Onions,Bell peppers,Mushrooms,Jalapenos,American cheese,Steak,,,Bacon,Provolone cheese,Mushrooms,Parmesan cheese,,,,,6,6,4,1000,0,1000,0,1,999,,,,,,,,,,,,,,,
,,,,,,,,,,,,,69022,2020-02-28_00h36.08.788,SandwichStudy,3.2.4,Win32,60,"[""a""]",[0.07499980926513672],1,0,80,12,1,79,Turkey,Cheddar cheese,Mayonnaise,,,,,,Ham,Pork,Swiss cheese,Mustard,Pickles,,,,5,3,5,1000,0,1000,0,1,999,,,,,,,,,,,,,,,
,,,,,,,,,,,,,69022,2020-02-28_00h36.08.788,SandwichStudy,3.2.4,Win32,60,"[""a""]",[0.10299992561340332],1,0,80,67,1,79,Avocado,Onions,Cucumbers,,,,,,Meatballs,Provolone cheese,Marinara sauce,Parmesan cheese,,,,,4,3,4,1000,0,1000,0,1,999,,,,,,,,,,,,,,,
,,,,,,,,,,,,,69022,2020-02-28_00h36.08.788,SandwichStudy,3.2.4,Win32,60,"[""a""]",[0.1099998950958252],1,0,80,33,1,79,Bacon,Ham,Turkey,Mayonnaise,Mustard,Cheddar cheese,Tomatoes,Spinach,Turkey,Avocado,Bacon,Garlic aioli,Tomatoes,Spinach,Onions,,8,8,7,1000,0,1000,0,1,999,,,,,,,,,,,,,,,
,,,,,,,,,,,,,69022,2020-02-28_00h36.08.788,SandwichStudy,3.2.4,Win32,60,"[""a""]",[0.026999950408935547],1,0,80,54,1,79,Chicken,Bell peppers,Bacon,Provolone cheese,Ranch dressing,Lettuce,Tomatoes,,Turkey,Bacon,Pepper jack cheese,Avocado,Ranch dressing,Spinach,Tomatoes,,7,7,7,1000,0,1000,0,1,999,,,,,,,,,,,,,,,
,,,,,,,,,,,,,69022,2020-02-28_00h36.08.788,SandwichStudy,3.2.4,Win32,60,"[""a""]",[0.37399983406066895],1,0,80,69,1,79,Chicken,Garlic aioli,Pickles,Cucumbers,Jalapenos,Basil,,,Chicken,Bacon,Cheddar cheese,Swiss cheese,Spinach,Tomatoes,Mayonnaise,Mustard,8,6,8,1000,0,1000,0,1,999,,,,,,,,,,,,,,,
,,,,,,,,,,,,,69022,2020-02-28_00h36.08.788,SandwichStudy,3.2.4,Win32,60,"[""l""]",[0.03600001335144043],1,0,80,52,1,79,Cheddar cheese,Avocado,Onions,Tomatoes,Mayonnaise,,,,Bacon,Ham,Turkey,Mayonnaise,Cheddar cheese,Tomatoes,Spinach,Swiss cheese,8,5,8,1000,0,1000,0,1,999,,,,,,,,,,,,,,,
,,,,,,,,,,,,,69022,2020-02-28_00h36.08.788,SandwichStudy,3.2.4,Win32,60,"[""l""]",[0.08799982070922852],1,0,80,29,1,79,Turkey,Garlic aioli,Bacon,Spinach,,,,,Chicken,Mayonnaise,Cheddar cheese,,,,,,4,4,3,1000,0,1000,0,1,999,,,,,,,,,,,,,,,
,,,,,,,,,,,,,69022,2020-02-28_00h36.08.788,SandwichStudy,3.2.4,Win32,60,"[""a""]",[0.16499996185302734],1,0,80,47,1,79,Chicken,Cheddar cheese,Mayonnaise,,,,,,Turkey,Cheddar cheese,Coleslaw,Spinach,Mustard,,,,5,3,5,1000,0,1000,0,1,999,,,,,,,,,,,,,,,
,,,,,,,,,,,,,69022,2020-02-28_00h36.08.788,SandwichStudy,3.2.4,Win32,60,"[""a""]",[0.051999807357788086],1,0,80,71,1,79,Bacon,Ham,Turkey,Mayonnaise,Mustard,Cheddar cheese,Tomatoes,Spinach,Bacon,Lettuce,Tomatoes,Garlic aioli,Avocado,,,,8,8,5,1000,0,1000,0,1,999,,,,,,,,,,,,,,,
,,,,,,,,,,,,,69022,2020-02-28_00h36.08.788,SandwichStudy,3.2.4,Win32,60,"[""l""]",[0.0690000057220459],1,0,80,9,1,79,Bacon,Turkey,Pepper jack cheese,Mustard,,,,,Bacon,Spinach,Tomatoes,Avocado,Mayonnaise,,,,5,4,5,1000,0,1000,0,1,999,,,,,,,,,,,,,,,
,,,,,,,,,,,,,69022,2020-02-28_00h36.08.788,SandwichStudy,3.2.4,Win32,60,"[""space""]",[0.18699979782104492],1,0,80,49,1,79,Spinach,Tomatoes,Cucumbers,Onions,Bell peppers,Avocado,Mayonnaise,,Turkey,Provolone cheese,Spinach,Garlic aioli,,,,,7,7,4,1000,0,1000,0,1,999,,,,,,,,,,,,,,,
,,,,,,,,,,,,,69022,2020-02-28_00h36.08.788,SandwichStudy,3.2.4,Win32,60,"[""space""]",[0.14599990844726562],1,0,80,49,1,79,Spinach,Tomatoes,Cucumbers,Onions,Bell peppers,Avocado,Mayonnaise,,Turkey,Provolone cheese,Spinach,Garlic aioli,,,,,7,7,4,1000,0,1000,0,1,999,,,,,,,,,,,,,,,
,,,,,,,,,,,,,69022,2020-02-28_00h36.08.788,SandwichStudy,3.2.4,Win32,60,"[""space""]",[0.16300010681152344],1,0,80,49,1,79,Spinach,Tomatoes,Cucumbers,Onions,Bell peppers,Avocado,Mayonnaise,,Turkey,Provolone cheese,Spinach,Garlic aioli,,,,,7,7,4,1000,0,1000,0,1,999,,,,,,,,,,,,,,,
,,,,,,,,,,,,,69022,2020-02-28_00h36.08.788,SandwichStudy,3.2.4,Win32,60,"[""space""]",[0.009999990463256836],1,0,80,49,1,79,Spinach,Tomatoes,Cucumbers,Onions,Bell peppers,Avocado,Mayonnaise,,Turkey,Provolone cheese,Spinach,Garlic aioli,,,,,7,7,4,1000,0,1000,0,1,999,,,,,,,,,,,,,,,
,,,,,,,,,,,,,69022,2020-02-28_00h36.08.788,SandwichStudy,3.2.4,Win32,60,"[""space""]",[0.01900005340576172],1,0,80,49,1,79,Spinach,Tomatoes,Cucumbers,Onions,Bell peppers,Avocado,Mayonnaise,,Turkey,Provolone cheese,Spinach,Garlic aioli,,,,,7,7,4,1000,0,1000,0,1,999,,,,,,,,,,,,,,,
,,,,,,,,,,,,,69022,2020-02-28_00h36.08.788,SandwichStudy,3.2.4,Win32,60,"[""l""]",[0.5529999732971191],1,0,80,49,1,79,Spinach,Tomatoes,Cucumbers,Onions,Bell peppers,Avocado,Mayonnaise,,Turkey,Provolone cheese,Spinach,Garlic aioli,,,,,7,7,4,1000,0,1000,0,1,999,,,,,,,,,,,,,,,
,,,,,,,,,,,,,69022,2020-02-28_00h36.08.788,SandwichStudy,3.2.4,Win32,60,"[""space""]",[0.41299986839294434],1,0,80,74,1,79,Mushrooms,Swiss cheese,Provolone cheese,Cheddar cheese,Lettuce,Tomatoes,,,Roast beef,Pastrami,Swiss cheese,Mustard,,,,,6,6,4,1000,0,1000,0,1,999,,,,,,,,,,,,,,,
,,,,,,,,,,,,,69022,2020-02-28_00h36.08.788,SandwichStudy,3.2.4,Win32,60,"[""space""]",[0.6019997596740723],1,0,80,74,1,79,Mushrooms,Swiss cheese,Provolone cheese,Cheddar cheese,Lettuce,Tomatoes,,,Roast beef,Pastrami,Swiss cheese,Mustard,,,,,6,6,4,1000,0,1000,0,1,999,,,,,,,,,,,,,,,
,,,,,,,,,,,,,69022,2020-02-28_00h36.08.788,SandwichStudy,3.2.4,Win32,60,"[""a""]",[0.045999765396118164],1,0,80,74,1,79,Mushrooms,Swiss cheese,Provolone cheese,Cheddar cheese,Lettuce,Tomatoes,,,Roast beef,Pastrami,Swiss cheese,Mustard,,,,,6,6,4,1000,0,1000,0,1,999,,,,,,,,,,,,,,,
,,,,,,,,,,,,,69022,2020-02-28_00h36.08.788,SandwichStudy,3.2.4,Win32,60,"[""space""]",[0.3789999485015869],1,0,80,39,1,79,Chicken,Provolone cheese,Pesto,,,,,,Turkey,Bacon,Jalapenos,Lettuce,Avocado,Garlic aioli,Tomatoes,,7,3,7,1000,0,1000,0,1,999,,,,,,,,,,,,,,,
,,,,,,,,,,,,,69022,2020-02-28_00h36.08.788,SandwichStudy,3.2.4,Win32,60,"[""space""]",[0.16899991035461426],1,0,80,39,1,79,Chicken,Provolone cheese,Pesto,,,,,,Turkey,Bacon,Jalapenos,Lettuce,Avocado,Garlic aioli,Tomatoes,,7,3,7,1000,0,1000,0,1,999,,,,,,,,,,,,,,,
,,,,,,,,,,,,,69022,2020-02-28_00h36.08.788,SandwichStudy,3.2.4,Win32,60,"[""l""]",[0.10499978065490723],1,0,80,39,1,79,Chicken,Provolone cheese,Pesto,,,,,,Turkey,Bacon,Jalapenos,Lettuce,Avocado,Garlic aioli,Tomatoes,,7,3,7,1000,0,1000,0,1,999,,,,,,,,,,,,,,,
,,,,,,,,,,,,,69022,2020-02-28_00h36.08.788,SandwichStudy,3.2.4,Win32,60,"[""space""]",[0.16299986839294434],1,0,80,59,1,79,Chicken,Ham,Cheddar cheese,Mayonnaise,,,,,Turkey,Garlic aioli,Bacon,Spinach,,,,,4,4,4,1000,0,1000,0,1,999,,,,,,,,,,,,,,,
,,,,,,,,,,,,,69022,2020-02-28_00h36.08.788,SandwichStudy,3.2.4,Win32,60,"[""space""]",[0.11599993705749512],1,0,80,59,1,79,Chicken,Ham,Cheddar cheese,Mayonnaise,,,,,Turkey,Garlic aioli,Bacon,Spinach,,,,,4,4,4,1000,0,1000,0,1,999,,,,,,,,,,,,,,,
,,,,,,,,,,,,,69022,2020-02-28_00h36.08.788,SandwichStudy,3.2.4,Win32,60,"[""space""]",[0.1509997844696045],1,0,80,59,1,79,Chicken,Ham,Cheddar cheese,Mayonnaise,,,,,Turkey,Garlic aioli,Bacon,Spinach,,,,,4,4,4,1000,0,1000,0,1,999,,,,,,,,,,,,,,,
,,,,,,,,,,,,,69022,2020-02-28_00h36.08.788,SandwichStudy,3.2.4,Win32,60,"[""l""]",[0.44499993324279785],1,0,80,59,1,79,Chicken,Ham,Cheddar cheese,Mayonnaise,,,,,Turkey,Garlic aioli,Bacon,Spinach,,,,,4,4,4,1000,0,1000,0,1,999,,,,,,,,,,,,,,,
,,,,,,,,,,,,,69022,2020-02-28_00h36.08.788,SandwichStudy,3.2.4,Win32,60,"[""space""]",[0.49699997901916504],1,0,80,23,1,79,Meatballs,Provolone cheese,Marinara sauce,Parmesan cheese,,,,,Turkey,Cheddar cheese,Bacon,,,,,,4,4,3,1000,0,1000,0,1,999,,,,,,,,,,,,,,,
,,,,,,,,,,,,,69022,2020-02-28_00h36.08.788,SandwichStudy,3.2.4,Win32,60,"[""a""]",[0.20399975776672363],1,0,80,23,1,79,Meatballs,Provolone cheese,Marinara sauce,Parmesan cheese,,,,,Turkey,Cheddar cheese,Bacon,,,,,,4,4,3,1000,0,1000,0,1,999,,,,,,,,,,,,,,,
,,,,,,,,,,,,,69022,2020-02-28_00h36.08.788,SandwichStudy,3.2.4,Win32,60,"[""a""]",[0.3919999599456787],1,0,80,28,1,79,Chicken,Mozzarella cheese,Tomatoes,Pesto,Spinach,,,,Roast beef,Turkey,Pastrami,Mayonnaise,Provolone cheese,,,,5,5,5,1000,0,1000,0,1,999,,,,,,,,,,,,,,,
,,,,,,,,,,,,,69022,2020-02-28_00h36.08.788,SandwichStudy,3.2.4,Win32,60,"[""l""]",[0.0709998607635498],1,0,80,34,1,79,Avocado,Onions,Cucumbers,,,,,,Tuna,Basil,Cheddar cheese,Garlic aioli,Pickles,Onions,Tomatoes,Spinach,8,3,8,1000,0,1000,0,1,999,,,,,,,,,,,,,,,
,,,,,,,,,,,,,69022,2020-02-28_00h36.08.788,SandwichStudy,3.2.4,Win32,60,"[""space""]",[0.2519998550415039],1,0,80,60,1,79,Chicken,Swiss cheese,Lettuce,Tomatoes,Onions,,,,Chicken,Cheddar cheese,Lettuce,Garlic aioli,Swiss cheese,Tomatoes,,,6,5,6,1000,0,1000,0,1,999,,,,,,,,,,,,,,,
,,,,,,,,,,,,,69022,2020-02-28_00h36.08.788,SandwichStudy,3.2.4,Win32,60,"[""space""]",[0.0029997825622558594],1,0,80,60,1,79,Chicken,Swiss cheese,Lettuce,Tomatoes,Onions,,,,Chicken,Cheddar cheese,Lettuce,Garlic aioli,Swiss cheese,Tomatoes,,,6,5,6,1000,0,1000,0,1,999,,,,,,,,,,,,,,,
,,,,,,,,,,,,,69022,2020-02-28_00h36.08.788,SandwichStudy,3.2.4,Win32,60,"[""space""]",[0.4779999256134033],1,0,80,60,1,79,Chicken,Swiss cheese,Lettuce,Tomatoes,Onions,,,,Chicken,Cheddar cheese,Lettuce,Garlic aioli,Swiss cheese,Tomatoes,,,6,5,6,1000,0,1000,0,1,999,,,,,,,,,,,,,,,
,,,,,,,,,,,,,69022,2020-02-28_00h36.08.788,SandwichStudy,3.2.4,Win32,60,"[""a""]",[0.06999993324279785],1,0,80,60,1,79,Chicken,Swiss cheese,Lettuce,Tomatoes,Onions,,,,Chicken,Cheddar cheese,Lettuce,Garlic aioli,Swiss cheese,Tomatoes,,,6,5,6,1000,0,1000,0,1,999,,,,,,,,,,,,,,,
,,,,,,,,,,,,,69022,2020-02-28_00h36.08.788,SandwichStudy,3.2.4,Win32,60,"[""space""]",[0.018999814987182617],1,0,80,14,1,79,Steak,Bacon,American cheese,Tomatoes,Onions,Pickles,,,Bell peppers,Provolone cheese,Cucumbers,Spinach,Tomatoes,Onions,Hummus,,7,6,7,1000,0,1000,0,1,999,,,,,,,,,,,,,,,
,,,,,,,,,,,,,69022,2020-02-28_00h36.08.788,SandwichStudy,3.2.4,Win32,60,"[""space""]",[0.1529998779296875],1,0,80,14,1,79,Steak,Bacon,American cheese,Tomatoes,Onions,Pickles,,,Bell peppers,Provolone cheese,Cucumbers,Spinach,Tomatoes,Onions,Hummus,,7,6,7,1000,0,1000,0,1,999,,,,,,,,,,,,,,,
,,,,,,,,,,,,,69022,2020-02-28_00h36.08.788,SandwichStudy,3.2.4,Win32,60,"[""a""]",[0.02499985694885254],1,0,80,14,1,79,Steak,Bacon,American cheese,Tomatoes,Onions,Pickles,,,Bell peppers,Provolone cheese,Cucumbers,Spinach,Tomatoes,Onions,Hummus,,7,6,7,1000,0,1000,0,1,999,,,,,,,,,,,,,,,
,,,,,,,,,,,,,69022,2020-02-28_00h36.08.788,SandwichStudy,3.2.4,Win32,60,"[""space""]",[0.1979999542236328],1,0,80,13,1,79,Chicken,Garlic aioli,Pickles,Cucumbers,Jalapenos,Basil,,,Roast beef,Bacon,Turkey,Mayonnaise,,,,,6,6,4,1000,0,1000,0,1,999,,,,,,,,,,,,,,,
,,,,,,,,,,,,,69022,2020-02-28_00h36.08.788,SandwichStudy,3.2.4,Win32,60,"[""space""]",[0.051999807357788086],1,0,80,13,1,79,Chicken,Garlic aioli,Pickles,Cucumbers,Jalapenos,Basil,,,Roast beef,Bacon,Turkey,Mayonnaise,,,,,6,6,4,1000,0,1000,0,1,999,,,,,,,,,,,,,,,
,,,,,,,,,,,,,69022,2020-02-28_00h36.08.788,SandwichStudy,3.2.4,Win32,60,"[""space""]",[0.5290000438690186],1,0,80,13,1,79,Chicken,Garlic aioli,Pickles,Cucumbers,Jalapenos,Basil,,,Roast beef,Bacon,Turkey,Mayonnaise,,,,,6,6,4,1000,0,1000,0,1,999,,,,,,,,,,,,,,,
,,,,,,,,,,,,,69022,2020-02-28_00h36.08.788,SandwichStudy,3.2.4,Win32,60,"[""l""]",[0.21299982070922852],1,0,80,13,1,79,Chicken,Garlic aioli,Pickles,Cucumbers,Jalapenos,Basil,,,Roast beef,Bacon,Turkey,Mayonnaise,,,,,6,6,4,1000,0,1000,0,1,999,,,,,,,,,,,,,,,
,,,,,,,,,,,,,69022,2020-02-28_00h36.08.788,SandwichStudy,3.2.4,Win32,60,"[""a""]",[0.04499983787536621],1,0,80,53,1,79,Turkey,Avocado,Mayonnaise,,,,,,Ham,Pork,Swiss cheese,Mustard,Pickles,,,,5,3,5,1000,0,1000,0,1,999,,,,,,,,,,,,,,,
,,,,,,,,,,,,,69022,2020-02-28_00h36.08.788,SandwichStudy,3.2.4,Win32,60,"[""l""]",[0.05299997329711914],1,0,80,78,1,79,Chicken,American cheese,Lettuce,Tomatoes,Mayonnaise,,,,Pastrami,Cheddar cheese,Mustard,Pickles,,,,,5,5,4,1000,0,1000,0,1,999,,,,,,,,,,,,,,,
,,,,,,,,,,,,,69022,2020-02-28_00h36.08.788,SandwichStudy,3.2.4,Win32,60,"[""l""]",[0.004999876022338867],1,0,80,70,1,79,Pastrami,Swiss cheese,Coleslaw,,,,,,Chicken,Cheddar cheese,Bacon,Avocado,Ranch dressing,,,,5,3,5,1000,0,1000,0,1,999,,,,,,,,,,,,,,,
,,,,,,,,,,,,,69022,2020-02-28_00h36.08.788,SandwichStudy,3.2.4,Win32,60,"[""a""]",[0.09200000762939453],1,0,80,75,1,79,Ham,Swiss cheese,Mustard,,,,,,Ham,Swiss cheese,Mayonnaise,Mustard,Tomatoes,,,,5,3,5,1000,0,1000,0,1,999,,,,,,,,,,,,,,,
,,,,,,,,,,,,,69022,2020-02-28_00h36.08.788,SandwichStudy,3.2.4,Win32,60,"[""l""]",[0.13499999046325684],1,0,80,19,1,79,Bacon,Ham,Turkey,Mayonnaise,Cheddar cheese,Tomatoes,Spinach,Swiss cheese,Turkey,Salami,Cheddar cheese,Mayonnaise,,,,,8,8,4,1000,0,1000,0,1,999,,,,,,,,,,,,,,,
,,,,,,,,,,,,,69022,2020-02-28_00h36.08.788,SandwichStudy,3.2.4,Win32,60,"[""l""]",[0.05299997329711914],1,0,80,45,1,79,Bell peppers,Provolone cheese,Cucumbers,Spinach,Tomatoes,Onions,Hummus,,Roast beef,Bacon,Turkey,Mayonnaise,,,,,7,7,4,1000,0,1000,0,1,999,,,,,,,,,,,,,,,
,,,,,,,,,,,,,69022,2020-02-28_00h36.08.788,SandwichStudy,3.2.4,Win32,60,"[""space""]",[0.01900005340576172],1,0,80,27,1,79,Mushrooms,Swiss cheese,Provolone cheese,Cheddar cheese,Lettuce,Tomatoes,,,Avocado,Spinach,Tomatoes,Swiss cheese,,,,,6,6,4,1000,0,1000,0,1,999,,,,,,,,,,,,,,,
,,,,,,,,,,,,,69022,2020-02-28_00h36.08.788,SandwichStudy,3.2.4,Win32,60,"[""l""]",[0.0709998607635498],1,0,80,27,1,79,Mushrooms,Swiss cheese,Provolone cheese,Cheddar cheese,Lettuce,Tomatoes,,,Avocado,Spinach,Tomatoes,Swiss cheese,,,,,6,6,4,1000,0,1000,0,1,999,,,,,,,,,,,,,,,
,,,,,,,,,,,,,69022,2020-02-28_00h36.08.788,SandwichStudy,3.2.4,Win32,60,"[""space""]",[0.0019998550415039062],1,0,80,76,1,79,Bacon,Lettuce,Tomatoes,Ranch dressing,,,,,Chicken,Bacon,Mustard,,,,,,4,4,3,1000,0,1000,0,1,999,,,,,,,,,,,,,,,
,,,,,,,,,,,,,69022,2020-02-28_00h36.08.788,SandwichStudy,3.2.4,Win32,60,"[""a""]",[0.023999929428100586],1,0,80,76,1,79,Bacon,Lettuce,Tomatoes,Ranch dressing,,,,,Chicken,Bacon,Mustard,,,,,,4,4,3,1000,0,1000,0,1,999,,,,,,,,,,,,,,,
,,,,,,,,,,,,,69022,2020-02-28_00h36.08.788,SandwichStudy,3.2.4,Win32,60,"[""space""]",[0.4049999713897705],1,0,80,38,1,79,Steak,Turkey,Ham,Cheddar cheese,Olives,Lettuce,Tomatoes,Onions,Chicken,Swiss cheese,Lettuce,Tomatoes,Onions,,,,8,8,5,1000,0,1000,0,1,999,,,,,,,,,,,,,,,
,,,,,,,,,,,,,69022,2020-02-28_00h36.08.788,SandwichStudy,3.2.4,Win32,60,"[""l""]",[0.12899994850158691],1,0,80,38,1,79,Steak,Turkey,Ham,Cheddar cheese,Olives,Lettuce,Tomatoes,Onions,Chicken,Swiss cheese,Lettuce,Tomatoes,Onions,,,,8,8,5,1000,0,1000,0,1,999,,,,,,,,,,,,,,,
,,,,,,,,,,,,,69022,2020-02-28_00h36.08.788,SandwichStudy,3.2.4,Win32,60,"[""space""]",[0.36500000953674316],1,0,80,26,1,79,Turkey,Avocado,Mayonnaise,,,,,,Chicken,Mozzarella cheese,Tomatoes,Onions,Basil,Mayonnaise,,,6,3,6,1000,0,1000,0,1,999,,,,,,,,,,,,,,,
,,,,,,,,,,,,,69022,2020-02-28_00h36.08.788,SandwichStudy,3.2.4,Win32,60,"[""a""]",[0.307999849319458],1,0,80,26,1,79,Turkey,Avocado,Mayonnaise,,,,,,Chicken,Mozzarella cheese,Tomatoes,Onions,Basil,Mayonnaise,,,6,3,6,1000,0,1000,0,1,999,,,,,,,,,,,,,,,
,,,,,,,,,,,,,69022,2020-02-28_00h36.08.788,SandwichStudy,3.2.4,Win32,60,"[""space""]",[0.09299993515014648],1,0,80,63,1,79,Onions,Bell peppers,Mushrooms,Jalapenos,American cheese,Steak,,,Turkey,Ham,Roast beef,Provolone cheese,Spinach,Tomatoes,Mayonnaise,Mustard,8,6,8,1000,0,1000,0,1,999,,,,,,,,,,,,,,,
,,,,,,,,,,,,,69022,2020-02-28_00h36.08.788,SandwichStudy,3.2.4,Win32,60,"[""space""]",[0.1119999885559082],1,0,80,63,1,79,Onions,Bell peppers,Mushrooms,Jalapenos,American cheese,Steak,,,Turkey,Ham,Roast beef,Provolone cheese,Spinach,Tomatoes,Mayonnaise,Mustard,8,6,8,1000,0,1000,0,1,999,,,,,,,,,,,,,,,
,,,,,,,,,,,,,69022,2020-02-28_00h36.08.788,SandwichStudy,3.2.4,Win32,60,"[""l""]",[0.1269998550415039],1,0,80,63,1,79,Onions,Bell peppers,Mushrooms,Jalapenos,American cheese,Steak,,,Turkey,Ham,Roast beef,Provolone cheese,Spinach,Tomatoes,Mayonnaise,Mustard,8,6,8,1000,0,1000,0,1,999,,,,,,,,,,,,,,,
,,,,,,,,,,,,,69022,2020-02-28_00h36.08.788,SandwichStudy,3.2.4,Win32,60,"[""space""]",[0.2890000343322754],1,0,80,5,1,79,Chicken,Cheddar cheese,Mayonnaise,,,,,,Turkey,Provolone cheese,Pesto,Bell peppers,,,,,4,3,4,1000,0,1000,0,1,999,,,,,,,,,,,,,,,
,,,,,,,,,,,,,69022,2020-02-28_00h36.08.788,SandwichStudy,3.2.4,Win32,60,"[""space""]",[0.08999991416931152],1,0,80,5,1,79,Chicken,Cheddar cheese,Mayonnaise,,,,,,Turkey,Provolone cheese,Pesto,Bell peppers,,,,,4,3,4,1000,0,1000,0,1,999,,,,,,,,,,,,,,,
,,,,,,,,,,,,,69022,2020-02-28_00h36.08.788,SandwichStudy,3.2.4,Win32,60,"[""a""]",[0.06199979782104492],1,0,80,5,1,79,Chicken,Cheddar cheese,Mayonnaise,,,,,,Turkey,Provolone cheese,Pesto,Bell peppers,,,,,4,3,4,1000,0,1000,0,1,999,,,,,,,,,,,,,,,
,,,,,,,,,,,,,69022,2020-02-28_00h36.08.788,SandwichStudy,3.2.4,Win32,60,"[""space""]",[0.12099981307983398],1,0,80,55,1,79,Roast beef,Turkey,Pastrami,Mayonnaise,Provolone cheese,,,,Ham,Swiss cheese,Spinach,Mustard,,,,,5,5,4,1000,0,1000,0,1,999,,,,,,,,,,,,,,,
,,,,,,,,,,,,,69022,2020-02-28_00h36.08.788,SandwichStudy,3.2.4,Win32,60,"[""space""]",[0.16499996185302734],1,0,80,55,1,79,Roast beef,Turkey,Pastrami,Mayonnaise,Provolone cheese,,,,Ham,Swiss cheese,Spinach,Mustard,,,,,5,5,4,1000,0,1000,0,1,999,,,,,,,,,,,,,,,
,,,,,,,,,,,,,69022,2020-02-28_00h36.08.788,SandwichStudy,3.2.4,Win32,60,"[""l""]",[0.05899977684020996],1,0,80,55,1,79,Roast beef,Turkey,Pastrami,Mayonnaise,Provolone cheese,,,,Ham,Swiss cheese,Spinach,Mustard,,,,,5,5,4,1000,0,1000,0,1,999,,,,,,,,,,,,,,,
,,,,,,,,,,,,,69022,2020-02-28_00h36.08.788,SandwichStudy,3.2.4,Win32,60,"[""l""]",[0.06299996376037598],1,0,80,15,1,79,Pork,Cucumbers,Pickles,Jalapenos,Basil,Mayonnaise,,,Roast beef,Pastrami,Swiss cheese,Mustard,,,,,6,6,4,1000,0,1000,0,1,999,,,,,,,,,,,,,,,
,,,,,,,,,,,,,69022,2020-02-28_00h36.08.788,SandwichStudy,3.2.4,Win32,60,"[""a""]",[0.14700007438659668],1,0,80,48,1,79,Chicken,Provolone cheese,Pesto,,,,,,Ham,Lettuce,Tomatoes,Mayonnaise,Mustard,,,,5,3,5,1000,0,1000,0,1,999,,,,,,,,,,,,,,,
,,,,,,,,,,,,,69022,2020-02-28_00h36.08.788,SandwichStudy,3.2.4,Win32,60,"[""l""]",[0.026999950408935547],1,0,80,17,1,79,Salami,Roast beef,Turkey,Ham,Swiss cheese,Lettuce,Tomatoes,Mayonnaise,Chicken,Gouda cheese,Avocado,Basil,Bell peppers,Mayonnaise,,,8,8,6,1000,0,1000,0,1,999,,,,,,,,,,,,,,,
,,,,,,,,,,,,,69022,2020-02-28_00h36.08.788,SandwichStudy,3.2.4,Win32,60,"[""a""]",[0.48999977111816406],1,0,80,51,1,79,Turkey,Provolone cheese,Pesto,Bell peppers,,,,,Swiss cheese,Provolone cheese,Bell peppers,Tomatoes,Onions,,,,5,4,5,1000,0,1000,0,1,999,,,,,,,,,,,,,,,
,,,,,,,,,,,,,69022,2020-02-28_00h36.08.788,SandwichStudy,3.2.4,Win32,60,"[""a""]",[0.21199989318847656],1,0,80,77,1,79,Chicken,Lettuce,Tomatoes,Mayonnaise,,,,,Pepperoni,Meatballs,Marinara sauce,Provolone cheese,Mushrooms,,,,5,4,5,1000,0,1000,0,1,999,,,,,,,,,,,,,,,
,,,,,,,,,,,,,69022,2020-02-28_00h36.08.788,SandwichStudy,3.2.4,Win32,60,"[""l""]",[0.053999900817871094],1,0,80,56,1,79,Turkey,Salami,Cheddar cheese,Mayonnaise,,,,,Turkey,Bacon,Avocado,Provolone cheese,Lettuce,Tomatoes,Onions,Ranch dressing,8,4,8,1000,0,1000,0,1,999,,,,,,,,,,,,,,,
,,,,,,,,,,,,,69022,2020-02-28_00h36.08.788,SandwichStudy,3.2.4,Win32,60,"[""space""]",[0.0279998779296875],1,0,80,46,1,79,Turkey,Ham,Bacon,Swiss cheese,Lettuce,Tomatoes,Onions,,Chicken,Pickles,Basil,Tomatoes,Cucumbers,,,,7,7,5,1000,0,1000,0,1,999,,,,,,,,,,,,,,,
,,,,,,,,,,,,,69022,2020-02-28_00h36.08.788,SandwichStudy,3.2.4,Win32,60,"[""l""]",[0.3689999580383301],1,0,80,46,1,79,Turkey,Ham,Bacon,Swiss cheese,Lettuce,Tomatoes,Onions,,Chicken,Pickles,Basil,Tomatoes,Cucumbers,,,,7,7,5,1000,0,1000,0,1,999,,,,,,,,,,,,,,,
,,,,,,,,,,,,,69022,2020-02-28_00h36.08.788,SandwichStudy,3.2.4,Win32,60,"[""l""]",[0.15899991989135742],1,0,80,7,1,79,Mozzarella cheese,Bell peppers,Pesto,Spinach,,,,,Ham,Lettuce,Tomatoes,Mayonnaise,Mustard,,,,5,4,5,1000,0,1000,0,1,999,,,,,,,,,,,,,,,
,,,,,,,,,,,,,69022,2020-02-28_00h36.08.788,SandwichStudy,3.2.4,Win32,60,"[""a""]",[0.5099999904632568],1,0,80,35,1,79,Bacon,Lettuce,Tomatoes,Ranch dressing,,,,,Turkey,Gouda cheese,Avocado,Garlic aioli,Jalapenos,Tomatoes,Lettuce,,7,4,7,1000,0,1000,0,1,999,,,,,,,,,,,,,,,
,,,,,,,,,,,,,69022,2020-02-28_00h36.08.788,SandwichStudy,3.2.4,Win32,60,"[""l""]",[0.0690000057220459],1,0,80,6,1,79,Chicken,Cheddar cheese,Lettuce,Garlic aioli,Swiss cheese,Tomatoes,,,Cheddar cheese,Provolone cheese,Swiss cheese,Mushrooms,Mayonnaise,Lettuce,Tomatoes,,7,6,7,1000,0,1000,0,1,999,,,,,,,,,,,,,,,
,,,,,,,,,,,,,69022,2020-02-28_00h36.08.788,SandwichStudy,3.2.4,Win32,60,"[""space""]",[0.046000003814697266],1,0,80,43,1,79,Meatballs,Provolone cheese,Onions,Marinara sauce,,,,,Chicken,Mozzarella cheese,Tomatoes,Pesto,Spinach,,,,5,4,5,1000,0,1000,0,1,999,,,,,,,,,,,,,,,
,,,,,,,,,,,,,69022,2020-02-28_00h36.08.788,SandwichStudy,3.2.4,Win32,60,"[""a""]",[0.10199999809265137],1,0,80,43,1,79,Meatballs,Provolone cheese,Onions,Marinara sauce,,,,,Chicken,Mozzarella cheese,Tomatoes,Pesto,Spinach,,,,5,4,5,1000,0,1000,0,1,999,,,,,,,,,,,,,,,
,,,,,,,,,,,,,69022,2020-02-28_00h36.08.788,SandwichStudy,3.2.4,Win32,60,"[""a""]",[0.18700003623962402],1,0,80,31,1,79,Spinach,Tomatoes,Cucumbers,Onions,Bell peppers,Avocado,Mayonnaise,,Turkey,Ham,Bacon,Swiss cheese,Lettuce,Tomatoes,Onions,,7,7,7,1000,0,1000,0,1,999,,,,,,,,,,,,,,,
,,,,,,,,,,,,,69022,2020-02-28_00h36.08.788,SandwichStudy,3.2.4,Win32,60,"[""space""]",[0.04199981689453125],1,0,80,18,1,79,Turkey,Bacon,Pepper jack cheese,Avocado,Ranch dressing,Spinach,Tomatoes,,Chicken,Bacon,Cheddar cheese,Swiss cheese,Spinach,Tomatoes,Mayonnaise,Mustard,8,7,8,1000,0,1000,0,1,999,,,,,,,,,,,,,,,
,,,,,,,,,,,,,69022,2020-02-28_00h36.08.788,SandwichStudy,3.2.4,Win32,60,"[""l""]",[0.15999984741210938],1,0,80,18,1,79,Turkey,Bacon,Pepper jack cheese,Avocado,Ranch dressing,Spinach,Tomatoes,,Chicken,Bacon,Cheddar cheese,Swiss cheese,Spinach,Tomatoes,Mayonnaise,Mustard,8,7,8,1000,0,1000,0,1,999,,,,,,,,,,,,,,,
,,,,,,,,,,,,,69022,2020-02-28_00h36.08.788,SandwichStudy,3.2.4,Win32,60,"[""space""]",[0.13700008392333984],1,0,80,79,1,79,Salami,Roast beef,Turkey,Ham,Swiss cheese,Lettuce,Tomatoes,Mayonnaise,Turkey,Cheddar cheese,Mayonnaise,,,,,,8,8,3,1000,0,1000,0,1,999,,,,,,,,,,,,,,,
,,,,,,,,,,,,,69022,2020-02-28_00h36.08.788,SandwichStudy,3.2.4,Win32,60,"[""a""]",[0.3259999752044678],1,0,80,79,1,79,Salami,Roast beef,Turkey,Ham,Swiss cheese,Lettuce,Tomatoes,Mayonnaise,Turkey,Cheddar cheese,Mayonnaise,,,,,,8,8,3,1000,0,1000,0,1,999,,,,,,,,,,,,,,,
,,,,,,,,,,,,,69022,2020-02-28_00h36.08.788,SandwichStudy,3.2.4,Win32,60,"[""l""]",[0.24900007247924805],1,0,80,41,1,79,Bacon,Provolone cheese,Mushrooms,Parmesan cheese,,,,,Turkey,Bacon,Jalapenos,Lettuce,Avocado,Garlic aioli,Tomatoes,,7,4,7,1000,0,1000,0,1,999,,,,,,,,,,,,,,,
,,,,,,,,,,,,,69022,2020-02-28_00h36.08.788,SandwichStudy,3.2.4,Win32,60,"[""space""]",[0.06999993324279785],1,0,80,30,1,79,Turkey,Ham,Roast beef,Provolone cheese,Spinach,Tomatoes,Mayonnaise,Mustard,Ham,Swiss cheese,Mayonnaise,Mustard,Tomatoes,,,,8,8,5,1000,0,1000,0,1,999,,,,,,,,,,,,,,,
,,,,,,,,,,,,,69022,2020-02-28_00h36.08.788,SandwichStudy,3.2.4,Win32,60,"[""a""]",[0.2070000171661377],1,0,80,30,1,79,Turkey,Ham,Roast beef,Provolone cheese,Spinach,Tomatoes,Mayonnaise,Mustard,Ham,Swiss cheese,Mayonnaise,Mustard,Tomatoes,,,,8,8,5,1000,0,1000,0,1,999,,,,,,,,,,,,,,,
,,,,,,,,,,,,,69022,2020-02-28_00h36.08.788,SandwichStudy,3.2.4,Win32,60,"[""l""]",[0.30900001525878906],1,0,80,65,1,79,Chicken,Pepper jack cheese,Ranch dressing,,,,,,Salami,Provolone cheese,Lettuce,Tomatoes,Mayonnaise,Mustard,,,6,3,6,1000,0,1000,0,1,999,,,,,,,,,,,,,,,
,,,,,,,,,,,,,69022,2020-02-28_00h36.08.788,SandwichStudy,3.2.4,Win32,60,"[""l""]",[0.22300004959106445],1,0,80,10,1,79,Turkey,Cheddar cheese,Coleslaw,Spinach,Mustard,,,,Salami,Provolone cheese,Lettuce,Tomatoes,Mayonnaise,Mustard,,,6,5,6,1000,0,1000,0,1,999,,,,,,,,,,,,,,,
,,,,,,,,,,,,,69022,2020-02-28_00h36.08.788,SandwichStudy,3.2.4,Win32,60,"[""a""]",[0.15599989891052246],1,0,80,8,1,79,Chicken,Ham,Swiss cheese,Mayonnaise,,,,,Pepperoni,Meatballs,Marinara sauce,Provolone cheese,Mushrooms,,,,5,4,5,1000,0,1000,0,1,999,,,,,,,,,,,,,,,
,,,,,,,,,,,,,69022,2020-02-28_00h36.08.788,SandwichStudy,3.2.4,Win32,60,"[""l""]",[0.16499996185302734],1,0,80,1,1,79,Tomatoes,Mozzarella cheese,Spinach,Pesto,,,,,Ham,Swiss cheese,Mustard,,,,,,4,4,3,1000,0,1000,0,1,999,,,,,,,,,,,,,,,
,,,,,,,,,,,,,69022,2020-02-28_00h36.08.788,SandwichStudy,3.2.4,Win32,60,"[""a""]",[0.05800008773803711],1,0,80,68,1,79,Tomatoes,Mozzarella cheese,Spinach,Pesto,,,,,Steak,Bacon,American cheese,Tomatoes,Onions,Pickles,,,6,4,6,1000,0,1000,0,1,999,,,,,,,,,,,,,,,
,,,,,,,,,,,,,69022,2020-02-28_00h36.08.788,SandwichStudy,3.2.4,Win32,60,"[""space""]",[0.3580000400543213],1,0,80,64,1,79,Tuna,Basil,Cheddar cheese,Garlic aioli,Pickles,Onions,Tomatoes,Spinach,Turkey,Ham,Bacon,Provolone cheese,Lettuce,Tomatoes,Ranch dressing,,8,8,7,1000,0,1000,0,1,999,,,,,,,,,,,,,,,
,,,,,,,,,,,,,69022,2020-02-28_00h36.08.788,SandwichStudy,3.2.4,Win32,60,"[""l""]",[0.17199993133544922],1,0,80,64,1,79,Tuna,Basil,Cheddar cheese,Garlic aioli,Pickles,Onions,Tomatoes,Spinach,Turkey,Ham,Bacon,Provolone cheese,Lettuce,Tomatoes,Ranch dressing,,8,8,7,1000,0,1000,0,1,999,,,,,,,,,,,,,,,
,,,,,,,,,,,,,69022,2020-02-28_00h36.08.788,SandwichStudy,3.2.4,Win32,60,"[""l""]",[0.21399998664855957],1,0,80,62,1,79,Cheddar cheese,Provolone cheese,Swiss cheese,Mushrooms,Mayonnaise,Lettuce,Tomatoes,,Bacon,Turkey,Pepper jack cheese,Mustard,,,,,7,7,4,1000,0,1000,0,1,999,,,,,,,,,,,,,,,
,,,,,,,,,,,,,69022,2020-02-28_00h36.08.788,SandwichStudy,3.2.4,Win32,60,"[""l""]",[0.5550000667572021],1,0,80,40,1,79,Pork,Ham,Swiss cheese,Pickles,Mustard,,,,Steak,Turkey,Ham,Cheddar cheese,Olives,Lettuce,Tomatoes,Onions,8,5,8,1000,0,1000,0,1,999,,,,,,,,,,,,,,,
,,,,,,,,,,,,,69022,2020-02-28_00h36.08.788,SandwichStudy,3.2.4,Win32,60,,,,,,,,,,,,,,,,,,,,,,,,,,,,,,,,,,space,7.260999918,6,3.332999945,space,5.476000071,1,0,10,1,1,9,Mayonnaise,,
,,,,,,,,,,,,,69022,2020-02-28_00h36.08.788,SandwichStudy,3.2.4,Win32,60,,,,,,,,,,,,,,,,,,,,,,,,,,,,,,,,,,,,6,0.57400012,space,0.929999828,1,0,10,4,1,9,Chicken,,
,,,,,,,,,,,,,69022,2020-02-28_00h36.08.788,SandwichStudy,3.2.4,Win32,60,,,,,,,,,,,,,,,,,,,,,,,,,,,,,,,,,,,,6,0.569000006,space,0.930999994,1,0,10,6,1,9,Swiss cheese,,
,,,,,,,,,,,,,69022,2020-02-28_00h36.08.788,SandwichStudy,3.2.4,Win32,60,,,,,,,,,,,,,,,,,,,,,,,,,,,,,,,,,,,,3,1.575999975,space,1.902999878,1,0,10,9,1,9,Spinach,,
,,,,,,,,,,,,,69022,2020-02-28_00h36.08.788,SandwichStudy,3.2.4,Win32,60,,,,,,,,,,,,,,,,,,,,,,,,,,,,,,,,,,,,7,1.354000092,space,1.729999781,1,0,10,0,1,9,Tomatoes,,
,,,,,,,,,,,,,69022,2020-02-28_00h36.08.788,SandwichStudy,3.2.4,Win32,60,,,,,,,,,,,,,,,,,,,,,,,,,,,,,,,,,,,,6,1.036999941,space,1.417000055,1,0,10,3,1,9,Bacon,,
,,,,,,,,,,,,,69022,2020-02-28_00h36.08.788,SandwichStudy,3.2.4,Win32,60,,,,,,,,,,,,,,,,,,,,,,,,,,,,,,,,,,,,5,0.695999861,space,1.076999903,1,0,10,2,1,9,Turkey,,
,,,,,,,,,,,,,69022,2020-02-28_00h36.08.788,SandwichStudy,3.2.4,Win32,60,,,,,,,,,,,,,,,,,,,,,,,,,,,,,,,,,,,,7,1.381000042,space,1.635999918,1,0,10,5,1,9,Cheddar cheese,,
,,,,,,,,,,,,,69022,2020-02-28_00h36.08.788,SandwichStudy,3.2.4,Win32,60,,,,,,,,,,,,,,,,,,,,,,,,,,,,,,,,,,,,4,1.953999996,space,2.217000008,1,0,10,8,1,9,Provolone cheese,,
,,,,,,,,,,,,,69022,2020-02-28_00h36.08.788,SandwichStudy,3.2.4,Win32,60,,,,,,,,,,,,,,,,,,,,,,,,,,,,,,,,,,,,4,0.536999941,space,0.885999918,1,0,10,7,1,9,Lettuce,,
,,,,,,,,,,,,,69022,2020-02-28_00h36.08.788,SandwichStudy,3.2.4,Win32,60,,,,,,,,,,,,,,,,,,,,,,,,,,,,,,,,,,,,,,,,,,,,,,,return,6.305999756
